player_id,gender,time_category,n_games,avg_elo,exchange_rate,tension_duration,avg_mobility,center_control_score,advanced_pawn_push_rate,pawn_storm_indicator,castling_ply,king_shelter_score,forcing_move_rate,reactive_move_rate
P00001,female,blitz,25,1994.6,0.22153846153846155,3.059238095238095,58.931384615384616,18.14,0.12461538461538461,0.062461538461538464,15.3,3.0603076923076924,0.5458461538461539,0.5455384615384615
P00001,female,rapid,8,1970.125,0.25,3.044295634920635,60.05769230769231,18.548076923076923,0.06730769230769232,0.038461538461538464,12.375,3.2211538461538463,0.6153846153846154,0.4903846153846154
P00007,female,bullet,100,2698.48,0.28231157731157736,3.120534798534799,58.938417249417256,18.01563480963481,0.08351981351981352,0.03676573426573427,19.34090909090909,2.446109557109557,0.607950271950272,0.5559452214452214
P00008,female,blitz,14,2212.3571428571427,0.23076923076923078,3.062920016491445,58.263736263736256,17.021978021978022,0.1098901098901099,0.027472527472527476,21.846153846153847,2.901098901098901,0.5604395604395604,0.543956043956044
P00010,female,blitz,27,2465.4074074074074,0.2503956948401393,3.1987520709742934,57.517252295030076,17.57043368154479,0.10794555238999684,0.04685026907249129,14.782608695652174,3.0712250712250713,0.5561886672997784,0.53213042101931
P00010,female,bullet,73,2475.4520547945203,0.262714606550223,2.939200335433212,58.52990894189525,17.489564773126418,0.0752732807527328,0.04253280965609733,17.303030303030305,3.1053261806686465,0.563482293961746,0.5347989909633745
P00017,female,rapid,13,1764.6153846153845,0.242603550295858,3.055844155844156,61.75739644970414,18.19526627218935,0.07692307692307693,0.05325443786982249,21.0,3.1124260355029585,0.5029585798816568,0.5207100591715976
P00018,female,blitz,88,2461.5227272727275,0.2569515711561166,3.183283194078648,58.877634297520665,18.110663200435926,0.0883145263827082,0.046998834498834505,19.272727272727273,2.916433944843036,0.5373893152302244,0.5699215557170102
P00018,female,bullet,12,2479.1666666666665,0.27564102564102566,2.685119047619048,58.40384615384616,17.67948717948718,0.05769230769230769,0.025641025641025644,19.0,2.7115384615384617,0.5512820512820513,0.5576923076923077
P00019,female,blitz,100,2263.45,0.2589758852258852,3.0907268009768014,60.235284188034186,17.73147863247863,0.08123931623931624,0.03880341880341881,21.719101123595507,2.8447090964590966,0.5359459706959707,0.5291275946275946
P00026,female,blitz,42,1878.2380952380952,0.2933247308247308,2.7857924482924483,57.856291856291854,17.766918266918267,0.08753977503977504,0.04576673326673327,18.675675675675677,2.9454156954156954,0.5926295926295927,0.5635799385799386
P00026,female,bullet,53,1865.622641509434,0.2957844042749703,2.723194886874132,59.033808330034745,17.649159959537318,0.06610370761314158,0.03338171262699565,17.166666666666668,2.96587720455645,0.619967453929718,0.548898271539781
P00026,female,rapid,5,1941.4,0.37948717948717947,3.2438095238095235,58.2051282051282,17.812820512820515,0.0641025641025641,0.0,19.0,2.871794871794872,0.735897435897436,0.517948717948718
P00033,female,blitz,21,2485.8571428571427,0.2527472527472528,2.9271919879062738,59.62637362637363,18.047619047619047,0.05128205128205129,0.025641025641025644,15.7,3.0769230769230766,0.5567765567765568,0.5714285714285714
P00033,female,rapid,9,1862.888888888889,0.20512820512820515,4.218871252204585,62.199999999999996,18.785470085470088,0.06837606837606838,0.025641025641025644,16.444444444444443,3.364957264957265,0.517948717948718,0.4205128205128205
P00034,female,blitz,100,2477.44,0.2225874125874126,3.377961038961039,58.86643356643357,17.933426573426573,0.08104895104895105,0.037832167832167835,19.746987951807228,2.9455244755244756,0.4976223776223776,0.4805594405594406
P00035,female,blitz,28,1949.25,0.27160081981510553,3.326466192537621,59.55923382173382,17.666721175649748,0.07234432234432234,0.019459706959706963,17.0,2.9067896389324965,0.5365362811791383,0.5016156462585034
P00035,female,bullet,48,1911.0833333333333,0.24542540792540793,3.370784597347097,59.98263403263403,18.13362470862471,0.10125291375291375,0.05608974358974359,20.58139534883721,2.7694638694638694,0.5437645687645688,0.5030594405594405
P00035,female,rapid,2,1824.5,0.15384615384615385,4.25,59.38461538461539,18.153846153846153,0.07692307692307693,0.11538461538461539,26.5,2.8846153846153846,0.4230769230769231,0.46153846153846156
P00037,female,blitz,8,1680.625,0.21153846153846156,4.630208333333333,56.36538461538461,17.240384615384617,0.11538461538461539,0.038461538461538464,19.0,2.7980769230769234,0.5384615384615384,0.5384615384615384
P00037,female,rapid,21,1974.142857142857,0.2310744810744811,3.268218950361807,56.53021978021978,17.03174603174603,0.05128205128205129,0.04395604395604396,17.5,3.2054334554334556,0.5173992673992673,0.5143467643467643
P00039,female,blitz,94,2353.7340425531916,0.2603014597695449,2.8550450731301797,59.03084135132007,17.694321488204466,0.0810725917108896,0.03273322422258593,16.976744186046513,3.024436261138389,0.5827381838020136,0.5752492188662401
P00039,female,rapid,6,2101.5,0.2202797202797203,3.8703703703703702,59.38927738927739,17.986013986013987,0.1048951048951049,0.04079254079254079,17.8,3.3216783216783217,0.5244755244755245,0.47086247086247085
P00042,female,blitz,100,2186.1,0.26735431235431234,3.32668537018537,57.89643881118881,17.698259906759905,0.09592832167832169,0.04883216783216784,15.808510638297872,2.8662948717948717,0.5365722610722611,0.5195850815850815
P00044,female,bullet,61,2316.7704918032787,0.2376380450150942,3.1294395950133653,58.63079024800336,17.313905766364783,0.06475218770300738,0.03783102143757882,17.53448275862069,2.907042684091864,0.5167163437655241,0.5480090947304062
P00045,female,blitz,7,2097.0,0.27472527472527475,2.8976808905380333,60.285714285714285,18.560439560439562,0.07692307692307694,0.04395604395604396,19.333333333333332,2.978021978021978,0.5604395604395604,0.6813186813186813
P00045,female,bullet,13,1772.923076923077,0.31360946745562135,2.8915844838921765,57.83431952662722,17.532544378698226,0.08284023668639054,0.04142011834319527,17.46153846153846,3.0355029585798814,0.6686390532544378,0.5798816568047337
P00046,female,blitz,100,2450.34,0.24151048951048953,3.208205627705628,59.37701398601399,18.117237762237764,0.07046153846153846,0.029461538461538463,17.24468085106383,2.9379720279720276,0.513944055944056,0.5537762237762238
P00048,female,blitz,82,2386.1951219512193,0.2527131405180186,3.04933041213529,57.8200086498867,17.12366759257003,0.08330592172055587,0.03371526847136603,21.746031746031747,2.881710565856907,0.550077158613744,0.5487116541994591
P00048,female,rapid,2,2006.0,0.45833333333333337,2.708333333333333,60.39583333333333,16.75,0.10416666666666666,0.0,23.0,3.020833333333333,0.6041666666666667,0.3958333333333333
P00049,female,blitz,91,2505.4395604395604,0.22607474942639777,3.261833343701476,58.62124139596668,17.98697319164352,0.069843617920541,0.03212172442941674,16.49397590361446,2.8695809684820675,0.5062945296461779,0.5008754981282454
P00049,female,rapid,9,2092.5555555555557,0.2393162393162393,3.297687189353856,59.64957264957265,18.76923076923077,0.06837606837606838,0.03418803418803419,11.777777777777779,3.2222222222222223,0.5299145299145299,0.4786324786324786
P00050,female,blitz,100,2273.65,0.2532890442890443,3.3245559163059166,59.138776806526806,17.354669580419582,0.09796678321678322,0.05682692307692308,17.526881720430108,2.9889714452214453,0.5530891608391609,0.5159469696969697
P00051,female,blitz,1,2430.0,0.15384615384615385,4.333333333333333,63.92307692307692,19.76923076923077,0.07692307692307693,0.0,19.0,2.923076923076923,0.5384615384615384,0.46153846153846156
P00051,female,bullet,92,2437.0434782608695,0.2456476494519973,2.9387777982886676,59.036905847775415,17.73897506479028,0.0612876254180602,0.020903010033444816,16.923076923076923,2.9253197889067453,0.5511473128320954,0.5785608413325805
P00051,female,rapid,7,2374.8571428571427,0.1978021978021978,3.445124716553288,62.05494505494505,18.901098901098898,0.03296703296703297,0.02197802197802198,19.0,2.8021978021978025,0.4505494505494506,0.4835164835164835
P00054,female,blitz,22,1322.909090909091,0.2716658341658342,3.0209776334776337,56.29349816849817,16.891296203796205,0.055944055944055944,0.013986013986013986,19.6,3.0199592074592077,0.6297868797868799,0.6110764235764236
P00054,female,bullet,1,1011.0,0.0,1.0,60.666666666666664,16.666666666666668,0.0,0.0,19.0,3.3333333333333335,0.0,0.6666666666666666
P00054,female,rapid,18,1379.4444444444443,0.2689070189070189,3.3078483245149912,59.417929292929294,18.39063714063714,0.09984459984459985,0.017094017094017096,18.0625,3.168220668220668,0.6141219891219891,0.5462639212639213
P00055,female,blitz,8,2186.375,0.24912587412587414,2.837878787878788,58.63461538461539,17.897727272727273,0.06730769230769232,0.028846153846153848,18.142857142857142,2.6853146853146854,0.548951048951049,0.583041958041958
P00055,female,bullet,10,2092.9,0.2341025641025641,3.1140873015873014,60.29863247863248,18.16008547008547,0.06153846153846154,0.046153846153846156,13.5,2.6098717948717947,0.4482051282051282,0.4256410256410256
P00055,female,rapid,7,2028.0,0.29395604395604397,3.158560090702948,58.17307692307692,16.565934065934066,0.02197802197802198,0.02197802197802198,16.333333333333332,3.0467032967032965,0.5467032967032968,0.5989010989010989
P00057,female,blitz,99,2044.5353535353536,0.27177065358883545,3.1254562216683426,58.39818363454727,17.751858242767334,0.07598764871492145,0.02820512820512821,18.146067415730336,2.9924903379448833,0.596732560368924,0.5608684245047881
P00057,female,bullet,1,1367.0,0.3076923076923077,3.0,62.61538461538461,21.076923076923077,0.0,0.0,9.0,2.3846153846153846,0.6923076923076923,0.46153846153846156
P00058,female,blitz,3,1368.3333333333333,0.3076923076923077,2.4962962962962965,60.769230769230774,17.692307692307693,0.07692307692307693,0.0,20.666666666666668,3.0256410256410255,0.5897435897435898,0.5897435897435898
P00058,female,rapid,10,1815.7,0.2846153846153846,3.163809523809524,61.03076923076924,18.746153846153845,0.07692307692307693,0.007692307692307693,15.6,2.9846153846153847,0.6,0.5846153846153846
P00061,female,bullet,100,2222.18,0.29367890442890443,2.7721940836940835,55.3998817016317,16.897497086247085,0.0706474358974359,0.028653846153846155,17.68421052631579,2.7189230769230766,0.6173578088578089,0.5923951048951049
P00063,female,blitz,30,2334.6,0.26283272283272285,3.4587349687349684,60.15761904761905,18.565555555555555,0.06452991452991454,0.023076923076923075,18.413793103448278,2.9395970695970695,0.5281684981684982,0.527057387057387
P00063,female,bullet,31,2355.8387096774195,0.25483870967741934,3.250553926360378,59.725806451612904,17.978411910669973,0.06451612903225806,0.045078577336641855,16.16,3.004962779156328,0.5617866004962778,0.5703060380479735
P00063,female,rapid,39,2239.4102564102564,0.28973163588548206,3.158977133977134,58.82859362859363,18.051766182535413,0.0748789671866595,0.013806706114398425,21.857142857142858,2.77661825354133,0.6033650110573188,0.561155938079015
P00067,female,blitz,42,2015.2857142857142,0.23255910755910758,3.2733998144712433,60.71746309246309,18.414210789210788,0.08440170940170941,0.03296703296703297,17.225,3.1751581751581752,0.5119186369186369,0.5139027639027639
P00067,female,bullet,21,1986.3809523809523,0.23709623709623712,2.8976190476190475,57.80519480519481,17.393606393606394,0.08791208791208792,0.025641025641025644,18.055555555555557,3.0023310023310024,0.5627705627705628,0.5527805527805528
P00067,female,rapid,11,2081.2727272727275,0.2601398601398601,3.070887445887446,59.63776223776224,18.420979020979022,0.0993006993006993,0.04195804195804196,15.625,2.372727272727273,0.5692307692307692,0.5958041958041957
P00070,female,rapid,9,2010.3333333333333,0.1908831908831909,4.21141975308642,63.48148148148149,19.514245014245017,0.044159544159544165,0.008547008547008548,19.88888888888889,2.556980056980057,0.443019943019943,0.4914529914529915
P00071,female,blitz,65,2231.3846153846152,0.2603299264837726,3.122392052392052,57.6652160659853,17.419279182356103,0.06765285996055227,0.027218934911242606,17.224137931034484,2.8244665590819436,0.5412766720459028,0.5625138963600502
P00071,female,rapid,7,2045.142857142857,0.3296703296703297,2.5265873015873015,53.560439560439555,15.087912087912088,0.04395604395604396,0.05494505494505495,17.666666666666668,2.2747252747252746,0.6373626373626374,0.5494505494505495
P00072,female,blitz,66,1435.4242424242425,0.2989981399072308,3.1993205868205865,57.197706502251954,17.25401761538125,0.07627860355133083,0.038673447764356855,20.789473684210527,2.617531037985583,0.596996521996522,0.5647378715560534
P00072,female,rapid,34,1439.7941176470588,0.21402714932126699,3.5805385790679907,58.19796380090498,18.025113122171945,0.08144796380090498,0.03619909502262444,20.4375,2.7773755656108596,0.5237556561085972,0.5276018099547511
P00081,female,blitz,89,2455.8314606741574,0.25598290598290596,3.290868199509971,59.21818880245847,17.74437241909152,0.08945548833189283,0.029842504561605688,19.678571428571427,2.821338711226352,0.5567847882454624,0.5883559012772496
P00081,female,bullet,11,2239.909090909091,0.25990675990675993,3.4069264069264067,59.75524475524475,17.613053613053612,0.09090909090909091,0.027972027972027972,15.272727272727273,3.115384615384615,0.6276223776223776,0.5775058275058275
P00082,female,blitz,93,1903.1935483870968,0.2757728830309476,3.110561839594098,59.417215222053926,17.884622098331775,0.08233952427500815,0.02984560242624759,14.839080459770114,3.0164303438496987,0.6087323966356224,0.5706978505365602
P00082,female,bullet,7,1735.2857142857142,0.3956043956043956,2.3469387755102042,61.61538461538462,18.763736263736263,0.1098901098901099,0.07692307692307694,12.666666666666666,3.131868131868132,0.7142857142857143,0.46703296703296704
P00085,female,blitz,8,2573.625,0.23076923076923078,3.30849358974359,56.73076923076923,17.076923076923077,0.038461538461538464,0.028846153846153848,25.285714285714285,3.2403846153846154,0.4903846153846154,0.5769230769230769
P00085,female,bullet,92,2622.6195652173915,0.2508560280299411,2.9216928904428903,56.74094202898551,16.809673116738335,0.0677257525083612,0.03260869565217391,23.243589743589745,2.888875617136487,0.5458572224876572,0.5590460264373308
P00086,female,blitz,100,2159.01,0.2809055944055944,3.06079329004329,57.35583100233101,17.35684498834499,0.08308974358974358,0.03775641025641026,18.29032258064516,2.7290897435897437,0.5993752913752914,0.5782995337995338
P00090,female,blitz,58,1628.896551724138,0.2816407730200834,2.949488299057265,57.327109384868,16.992342427687255,0.04553492484526967,0.018567639257294433,16.574468085106382,2.91906656561829,0.5898951623089554,0.5720443349753694
P00090,female,rapid,7,1499.5714285714287,0.3287545787545788,2.2031746031746033,58.65201465201465,18.08699633699634,0.06684981684981685,0.0,19.0,2.4184981684981683,0.6657509157509158,0.6556776556776557
P00091,female,blitz,100,2086.75,0.24909340659340662,3.50541810966811,59.16014818514818,18.083281718281718,0.0674067599067599,0.037832167832167835,16.820224719101123,2.8422585747585747,0.5207675657675658,0.5211921411921412
P00093,female,blitz,80,2203.7125,0.24018356643356645,3.2459600468975465,58.78363709207459,17.786464160839163,0.07721663752913753,0.03635270979020979,17.352941176470587,2.555668706293706,0.5498929195804195,0.5461349067599068
P00093,female,bullet,20,2123.6,0.245267094017094,3.2982738095238098,59.03311965811965,18.109091880341882,0.029230769230769234,0.020384615384615383,17.933333333333334,2.640224358974359,0.5335149572649572,0.582457264957265
P00094,female,blitz,20,1672.8,0.30730769230769234,2.959861111111111,60.51692307692308,18.093846153846155,0.07307692307692308,0.03076923076923077,19.57894736842105,2.6826923076923075,0.6276923076923077,0.58
P00094,female,bullet,79,2034.7215189873418,0.25188134650159966,2.9870053645370103,59.876809477442386,18.095545277507302,0.09070802615106413,0.0311587147030185,15.173333333333334,2.882781564427134,0.5474243056521537,0.5347255065609495
P00094,female,rapid,1,1755.0,0.23076923076923078,4.666666666666667,62.0,16.23076923076923,0.07692307692307693,0.07692307692307693,,1.7692307692307692,0.6153846153846154,0.5384615384615384
P00095,female,blitz,100,1665.0,0.27625777000777,3.054675770308123,57.23097413697414,17.192374486624487,0.08257631257631258,0.03826495726495727,14.868131868131869,2.5975352425352423,0.5689584027084027,0.5909729437229437
P00096,female,blitz,3,1139.0,0.3397435897435897,3.0428571428571427,57.98504273504273,16.732905982905983,0.10256410256410257,0.05128205128205129,12.333333333333334,2.6153846153846154,0.6239316239316239,0.5235042735042735
P00096,female,bullet,9,1469.3333333333333,0.3076923076923077,2.348500881834215,54.44444444444444,16.63247863247863,0.05128205128205129,0.017094017094017096,17.875,3.034188034188034,0.6068376068376069,0.6581196581196581
P00096,female,rapid,88,1659.7272727272727,0.2830421472466927,2.902850873873601,58.588798512093966,17.59287606333061,0.06448759573759574,0.03920454545454546,13.1875,2.9024782036145673,0.6262449671540581,0.628737739533194
P00098,female,blitz,72,2303.4166666666665,0.25790895061728397,3.262420835337502,58.762568257359916,17.705870132953468,0.08000949667616335,0.05194978632478633,18.78688524590164,2.892346272554606,0.5195127018043685,0.5584787511870846
P00098,female,bullet,13,2496.4615384615386,0.2899408284023669,2.8114635364635365,56.91124260355029,17.130177514792898,0.09467455621301776,0.07100591715976332,16.916666666666668,2.816568047337278,0.5621301775147929,0.5029585798816568
P00098,female,rapid,15,2053.5333333333333,0.23589743589743592,3.554718614718615,59.84615384615385,18.06153846153846,0.0923076923076923,0.025641025641025644,20.071428571428573,2.9846153846153842,0.5333333333333333,0.5435897435897435
P00103,female,bullet,98,2061.2755102040815,0.25588697017268447,2.9704101170937904,56.81475667189953,17.383830455259027,0.08163265306122448,0.05180533751962324,13.175824175824175,2.8532182103610677,0.5282574568288855,0.5392464678178964
P00103,female,rapid,2,2023.0,0.34615384615384615,2.6666666666666665,47.30769230769231,14.0,0.0,0.038461538461538464,26.5,2.4615384615384617,0.5769230769230769,0.6538461538461539
P00104,female,rapid,1,2132.0,0.16666666666666666,3.25,59.5,18.083333333333332,0.08333333333333333,0.08333333333333333,15.0,3.75,0.3333333333333333,0.5
P00105,female,blitz,19,2123.7894736842104,0.28542510121457493,2.656506651243493,56.96508097165992,16.763663967611336,0.12904858299595143,0.048582995951417005,15.588235294117647,3.1305668016194335,0.6022267206477734,0.5576923076923077
P00105,female,rapid,19,1636.578947368421,0.3299595141700405,2.3364642667274245,56.27246963562752,16.96072874493927,0.10364372469635628,0.05101214574898786,16.38888888888889,3.065587044534413,0.6299595141700405,0.6044534412955466
P00109,female,blitz,92,2190.413043478261,0.28041222062961196,3.181863667733233,59.44360500610501,17.99702580028667,0.08637123745819399,0.030817009077878644,17.07792207792208,3.0165850453893936,0.5597832722832723,0.5471087487391835
P00109,female,bullet,8,1969.0,0.23776223776223776,3.1145833333333335,62.41783216783217,19.634615384615387,0.06905594405594406,0.0,16.375,3.5,0.5026223776223776,0.44143356643356646
P00110,female,blitz,15,2282.133333333333,0.24242424242424246,3.5724242424242423,61.71841491841492,18.4993006993007,0.0675990675990676,0.0317016317016317,19.785714285714285,3.0475524475524476,0.5053613053613054,0.4913752913752914
P00110,female,bullet,85,2340.3529411764707,0.23784950343773875,3.041738065855713,59.967265185794595,18.084822334528216,0.06030675207145796,0.01990950226244344,19.7012987012987,2.935893126481362,0.515442302795244,0.5218886995357584
P00111,female,blitz,95,2460.1473684210528,0.2493927125506073,3.128388774967722,58.96842105263158,17.53603238866397,0.07935222672064778,0.03805668016194332,17.695652173913043,3.110931174089069,0.5449392712550608,0.540080971659919
P00111,female,bullet,5,2493.0,0.3076923076923077,2.8202380952380954,57.83076923076923,18.2,0.15384615384615385,0.06153846153846154,10.8,3.292307692307692,0.476923076923077,0.6307692307692307
P00112,female,blitz,31,1521.258064516129,0.3082875905456551,2.9390436624307594,57.44791901646741,17.266768178058502,0.09336541594606111,0.045767852219465124,15.333333333333334,2.749069478908188,0.6173772464095044,0.5627083489986716
P00112,female,rapid,44,1588.5681818181818,0.38769418712600534,2.4733782631509906,58.90940423213151,17.475279896870806,0.10326825951825952,0.025230451366815006,18.86842105263158,2.9482511806375444,0.7132184734457462,0.6054241844014571
P00113,female,blitz,30,1520.4333333333334,0.2598941798941799,2.749988861041493,59.44506715506716,17.905250305250306,0.07589743589743589,0.03076923076923077,17.464285714285715,2.979076109076109,0.6483679283679284,0.6074236874236874
P00113,female,bullet,9,1149.4444444444443,0.2643874643874644,3.392636684303351,59.49316239316239,18.595726495726495,0.07692307692307693,0.025641025641025644,17.11111111111111,3.1002849002849002,0.5629629629629629,0.5974358974358975
P00113,female,rapid,1,1216.0,0.38461538461538464,1.8235294117647058,53.15384615384615,17.76923076923077,0.07692307692307693,0.0,25.0,2.4615384615384617,0.5384615384615384,0.6923076923076923
P00115,female,bullet,100,1648.41,0.3272897102897103,2.92156746031746,58.93131876456877,18.239148795648795,0.07603205128205129,0.018301282051282054,13.725274725274724,3.185207375957376,0.6397836330336331,0.6132509435009436
P00116,female,blitz,25,2662.48,0.22116239316239317,3.5160259740259736,58.315931623931625,17.991589743589742,0.06088888888888889,0.027829059829059827,17.304347826086957,3.1812991452991453,0.5945299145299145,0.5967179487179487
P00116,female,bullet,74,2417.054054054054,0.2578012078012078,3.2194319944319942,59.35701993201994,17.7485182985183,0.05852143352143352,0.030405405405405407,13.8,3.309309309309309,0.587041712041712,0.5513505263505263
P00116,female,rapid,1,1869.0,0.15384615384615385,3.625,53.07692307692308,14.923076923076923,0.0,0.0,14.0,3.3846153846153846,0.6923076923076923,0.5384615384615384
P00117,female,blitz,71,2130.943661971831,0.2670716607336326,3.2549689746872845,60.34987618015788,17.791322292730744,0.07827735644637054,0.025189599133261107,18.83582089552239,2.9566604756745605,0.6106872001238198,0.5900815147294021
P00118,female,blitz,80,2128.25,0.23816239316239315,3.4767252886002886,58.61054875679876,17.454253593628593,0.07746090714840716,0.05030837218337218,17.3768115942029,3.2154628010878015,0.5471629759129759,0.5463522241647242
P00118,female,bullet,19,1941.8947368421052,0.27898417372101586,3.292898913951545,57.232609495767385,17.193227824806772,0.048582995951417005,0.04048582995951417,20.647058823529413,3.1987486198012514,0.576739050423261,0.5969819654030181
P00118,female,rapid,1,1801.0,0.46153846153846156,3.0,57.23076923076923,18.384615384615383,0.07692307692307693,0.07692307692307693,,1.9230769230769231,0.9230769230769231,0.6153846153846154
P00119,female,blitz,69,1764.7246376811595,0.27585176498219977,3.0189576928707362,58.8866308811961,17.67120681251116,0.06772273620099707,0.04923820141211446,16.4,3.00992948275557,0.5946269913661218,0.5432365541061194
P00119,female,bullet,30,1787.9666666666667,0.2657407407407407,3.5253763828763827,59.60947293447293,17.94330484330484,0.05662393162393163,0.05705128205128206,14.296296296296296,3.2522079772079775,0.5511396011396011,0.5887464387464387
P00119,female,rapid,1,1412.0,0.3333333333333333,2.75,47.083333333333336,13.916666666666666,0.16666666666666666,0.0,,3.0833333333333335,0.6666666666666666,0.6666666666666666
P00122,female,blitz,57,2247.3859649122805,0.2577597840755736,3.0720854194538405,57.43589743589744,16.758434547908234,0.08097165991902835,0.033738191632928474,21.346153846153847,3.06612685560054,0.5344129554655871,0.5290148448043185
P00122,female,bullet,41,2062.512195121951,0.2281894934333959,2.8671558793510012,59.93855534709193,17.602173233270793,0.07621951219512195,0.03564727954971858,19.657894736842106,3.1105378361475924,0.5388524077548468,0.5404940587867417
P00122,female,rapid,2,1928.5,0.19230769230769232,3.4107142857142856,58.69230769230769,16.23076923076923,0.15384615384615385,0.11538461538461539,16.5,3.615384615384615,0.5,0.4230769230769231
P00123,female,blitz,90,1839.911111111111,0.28014300514300516,2.8189088072421407,56.97993087159754,16.93518025184692,0.06401191401191401,0.025796425796425795,17.024390243902438,2.886772795106128,0.5991499241499242,0.6107263107263108
P00128,female,bullet,68,1168.485294117647,0.3202488687782805,2.955386321195145,56.715742835595776,17.3193721719457,0.05090497737556561,0.015837104072398193,16.37878787878788,3.1816082202111615,0.6469268476621418,0.6060331825037708
P00131,female,blitz,61,2255.2131147540986,0.25613689589099425,3.1509130668966736,58.97678278006147,17.86779504648357,0.07539782621749835,0.036885245901639344,19.416666666666668,2.7676174917978194,0.5595539706195444,0.562545105168056
P00131,female,bullet,39,2153.2820512820513,0.24869603331141796,2.9404137173367944,57.94621959237344,17.195090948937104,0.0834319526627219,0.03944773175542406,19.7,2.8310979618671928,0.57617795310103,0.5412667104974798
P00133,female,blitz,81,2227.9135802469136,0.2570200033162996,3.3394959293107442,58.8020651502133,17.802383213494327,0.08170985393207617,0.05032710773451515,20.309859154929576,2.918352703537889,0.5256153996894737,0.5562384117939674
P00133,female,rapid,19,1901.6315789473683,0.2720875615612458,3.2812767212148017,59.42177997441155,17.833381530749953,0.13351122561648876,0.05551466077781868,18.705882352941178,2.778581068054752,0.6152093520514573,0.5942434758224232
P00134,female,blitz,37,1528.6486486486488,0.2941682941682942,3.0177381927381925,57.47688947688948,17.036015036015037,0.06381906381906383,0.03572103572103572,17.466666666666665,2.827127827127827,0.6065646065646066,0.588042588042588
P00134,female,bullet,32,1645.34375,0.3293803418803419,2.8340525793650793,55.18265224358974,16.70093482905983,0.04827724358974359,0.028846153846153848,15.366666666666667,2.98883547008547,0.6315972222222223,0.6078659188034188
P00137,female,blitz,51,2203.5882352941176,0.25181528710940476,3.398308118896354,58.830943566237686,17.30202216084569,0.08042719807425691,0.04166857108033579,17.934782608695652,3.0491515020926783,0.5522375228257581,0.5348431524902114
P00137,female,bullet,33,1804.060606060606,0.25108225108225113,3.2885179635179638,58.36985236985237,17.15739815739816,0.10256410256410257,0.04195804195804196,18.178571428571427,2.8344988344988344,0.5444555444555444,0.544899544899545
P00138,female,blitz,61,2234.1967213114754,0.2718139783713554,3.3589396861576226,59.238698460009935,17.98335626122511,0.10016622721540755,0.05443463640184952,21.551724137931036,2.8136153464022318,0.5811781115059803,0.546474836638771
P00138,female,bullet,39,2222.230769230769,0.2490138067061144,3.377849002849003,59.03566732412886,17.73126232741617,0.09319526627218935,0.05128205128205128,19.514285714285716,2.9130506245890864,0.5473372781065089,0.537146614069691
P00140,female,blitz,5,2239.4,0.3384615384615385,2.6083333333333334,60.93846153846154,19.323076923076922,0.09230769230769231,0.03076923076923077,13.75,3.0307692307692307,0.676923076923077,0.6461538461538462
P00141,female,blitz,72,1478.2777777777778,0.31390669515669517,2.840137543783377,57.767129629629636,17.10874881291548,0.05698005698005699,0.01495726495726496,18.75,2.862410968660969,0.6127730294396961,0.5699252136752136
P00141,female,rapid,19,1465.0526315789473,0.2773279352226721,3.0121156621156624,57.04622132253711,16.42341430499325,0.036774628879892045,0.012145748987854251,22.27777777777778,2.8572874493927127,0.5786099865047234,0.5738866396761133
P00142,female,blitz,100,2367.4,0.2275824175824176,3.479666278166278,59.48978021978022,17.813296703296704,0.08450549450549451,0.0421978021978022,19.432989690721648,3.035604395604395,0.49428571428571433,0.5347252747252748
P00144,female,blitz,29,2270.5862068965516,0.22929560860595344,3.5349716375578444,57.754568228706155,17.700928381962864,0.05953433539640436,0.04774535809018567,19.75,2.7033598585322722,0.535366931918656,0.5615974064249927
P00144,female,bullet,13,2315.769230769231,0.2958579881656805,3.157267732267732,57.8284023668639,17.881656804733726,0.08284023668639054,0.04142011834319527,17.75,2.4674556213017755,0.621301775147929,0.5443786982248521
P00145,female,blitz,45,2482.6444444444446,0.27996201329534665,3.2305396455396456,59.93276353276353,18.101804368471033,0.07008547008547009,0.03418803418803419,23.5,2.814434947768281,0.5737891737891738,0.5855650522317188
P00145,female,bullet,55,2469.981818181818,0.2658041958041958,2.848916739825831,57.471375291375296,17.315920745920746,0.0803030303030303,0.0382983682983683,22.046511627906977,2.984265734265734,0.5472494172494172,0.58004662004662
P00149,female,blitz,44,1206.340909090909,0.32681131999313817,2.6063533057851243,54.76265760754397,16.235666101575195,0.06858015721652086,0.03165527654164018,16.512820512820515,2.885587896951533,0.6097861103542922,0.5862187055368874
P00149,female,rapid,4,1291.75,0.3076923076923077,3.5833333333333335,59.25,17.21153846153846,0.057692307692307696,0.0,19.5,2.8846153846153846,0.5,0.5961538461538461
P00151,female,blitz,31,2067.3870967741937,0.32003283454896364,2.765821812596006,58.430094994611125,18.073644634934958,0.06352357320099256,0.02278366794495827,14.481481481481481,2.9931768052735794,0.6118191843998296,0.6125836529062336
P00151,female,rapid,17,2003.0,0.2860374919198449,2.8542483660130715,59.33758888170653,16.861021331609567,0.05429864253393665,0.022624434389140274,21.625,3.013574660633484,0.6168390433096316,0.5618939883645766
P00152,female,blitz,100,2293.53,0.24430128205128207,3.3636904206904203,59.6431824009324,17.81250641025641,0.07390034965034965,0.028832167832167833,21.87912087912088,2.7809621212121214,0.5092482517482517,0.5209982517482518
P00153,female,blitz,30,2198.0666666666666,0.27692307692307694,3.0469107744107746,59.78974358974359,17.953846153846154,0.08461538461538462,0.04615384615384615,19.555555555555557,2.7333333333333334,0.5282051282051282,0.5666666666666667
P00153,female,rapid,3,2104.3333333333335,0.35897435897435903,2.433333333333333,57.02564102564102,16.333333333333332,0.05128205128205129,0.0,18.0,2.9743589743589745,0.6666666666666666,0.6153846153846154
P00154,female,rapid,100,2601.72,0.24493084693084693,3.2161909683883367,58.94059595959596,17.849453768453767,0.054615384615384614,0.016923076923076926,18.95402298850575,2.821108003108003,0.5131577311577312,0.5147327117327117
P00155,female,bullet,79,1649.6582278481012,0.2724599942954374,2.8312606170201104,55.50234993557779,17.001567525301702,0.08147787514876123,0.03416910094125284,19.01923076923077,2.3166828951639076,0.5798203554532669,0.5756724990902207
P00155,female,rapid,21,1791.904761904762,0.22344322344322345,3.5744159279873564,59.82783882783883,17.769230769230766,0.09890109890109891,0.05494505494505495,20.941176470588236,2.6959706959706957,0.5311355311355311,0.5421245421245422
P00156,female,blitz,73,2049.3835616438355,0.27470489936243364,2.999098580262964,59.28485912869475,17.799473129610117,0.08995859543804749,0.0426179604261796,18.686567164179106,2.8870368596395997,0.5660354865834318,0.5573607518812997
P00156,female,bullet,25,1859.68,0.272991452991453,2.480809523809524,53.880170940170935,16.32273504273504,0.08641025641025642,0.050854700854700854,18.956521739130434,2.9305128205128206,0.587948717948718,0.5554700854700855
P00156,female,rapid,2,1947.5,0.34615384615384615,2.9000000000000004,55.19230769230769,16.53846153846154,0.11538461538461539,0.07692307692307693,16.0,3.5769230769230766,0.6153846153846154,0.5384615384615384
P00157,female,blitz,85,2147.329411764706,0.26181406828465653,3.2069225007979334,59.34318387494858,17.824483751542576,0.08161250514191691,0.04072398190045249,17.40506329113924,2.7656890168654873,0.5589058000822706,0.5354422048539695
P00157,female,rapid,1,2155.0,0.3076923076923077,7.333333333333333,57.84615384615385,17.615384615384617,0.07692307692307693,0.0,36.0,2.6153846153846154,0.5384615384615384,0.3076923076923077
P00158,female,blitz,9,2003.0,0.26495726495726496,3.297883597883598,57.324786324786324,18.128205128205128,0.11965811965811968,0.05982905982905984,13.5,2.709401709401709,0.5128205128205128,0.5641025641025641
P00159,female,blitz,74,2046.7972972972973,0.2808411558411558,3.076545039045039,58.03536403536403,17.5492187992188,0.0805035805035805,0.029295029295029296,18.815384615384616,2.7672698922698924,0.565579128079128,0.5598224973224973
P00160,female,blitz,100,2237.96,0.2673018648018648,2.928007575757576,56.94944988344988,16.93684906759907,0.07651282051282052,0.04253846153846154,18.0609756097561,2.6611678321678323,0.5785477855477855,0.6003479020979021
P00161,female,blitz,79,1924.7215189873418,0.2714250938934483,3.081546969205197,57.66139472342004,17.430268465711503,0.08480548986878102,0.02142161635832522,17.83823529411765,2.8504798998469885,0.6102923447860157,0.5572738442991608
P00161,female,bullet,21,1838.7619047619048,0.29523809523809524,2.5699924414210127,56.325641025641026,16.697802197802197,0.07435897435897436,0.040293040293040296,24.0,2.5604395604395602,0.6234432234432234,0.6113553113553114
P00163,female,blitz,98,2427.418367346939,0.2596371882086168,3.043287126705494,58.0555882609454,17.455433455433454,0.08617870225013083,0.038025466596895166,19.333333333333332,2.8869483690912263,0.5423425780568638,0.5218908076050933
P00163,female,rapid,2,2363.0,0.15384615384615385,3.8333333333333335,62.07692307692308,17.346153846153847,0.0,0.0,19.5,2.576923076923077,0.42307692307692313,0.5384615384615384
P00165,female,blitz,100,2434.02,0.24471825396825397,2.9781063103563103,57.750947496947504,17.526561355311355,0.06907600732600733,0.026153846153846153,16.387096774193548,2.874838217338217,0.5839184981684982,0.5539471916971918
P00169,female,blitz,50,2241.58,0.2682051282051282,3.1454992784992784,59.877307692307696,17.616923076923076,0.0758974358974359,0.04320512820512821,18.847826086956523,2.785,0.5412820512820513,0.571025641025641
P00169,female,bullet,46,2376.804347826087,0.24676193371845548,3.17411996216344,59.81719367588933,17.513833992094863,0.06521739130434782,0.043478260869565216,16.295454545454547,2.830647613256309,0.5538309516570387,0.5597141988446337
P00169,female,rapid,4,2319.5,0.3076923076923077,2.3477272727272727,53.11538461538461,16.423076923076923,0.07692307692307693,0.07692307692307693,21.0,3.2884615384615383,0.5384615384615385,0.5961538461538461
P00170,female,blitz,86,2099.046511627907,0.2530841897120967,3.525165693479647,60.03984368344834,17.995712943387364,0.0889345150973058,0.04121943947525343,17.17283950617284,2.9505619703294124,0.5909563304912142,0.5657694372810652
P00170,female,rapid,14,2374.9285714285716,0.2692307692307693,3.0042671614100187,61.395604395604394,18.923076923076923,0.09340659340659341,0.04945054945054945,18.615384615384617,2.9615384615384612,0.5274725274725275,0.5109890109890111
P00171,female,blitz,13,2507.153846153846,0.25443786982248523,2.9797008547008548,58.526627218934905,18.153846153846153,0.11242603550295859,0.06508875739644972,16.916666666666668,2.9467455621301775,0.5739644970414202,0.5798816568047337
P00171,female,bullet,78,2361.0128205128203,0.2697512601358755,2.9437092821708206,57.119986850756085,16.70981262327416,0.09327744904667981,0.037913653298268686,20.34328358208955,3.0250109577032656,0.5642395353933816,0.563088976550515
P00171,female,rapid,9,2185.222222222222,0.2820512820512821,3.0685185185185184,57.06837606837607,16.88034188034188,0.13675213675213677,0.09401709401709403,24.11111111111111,3.2820512820512824,0.5982905982905984,0.5897435897435898
P00174,female,blitz,2,2003.0,0.38461538461538464,3.2875,55.0,16.192307692307693,0.15384615384615385,0.0,16.5,3.6923076923076925,0.5769230769230769,0.5769230769230769
P00180,female,blitz,100,2335.27,0.25599009324009325,3.1049926046176046,59.2739562937063,17.872420163170162,0.08173717948717948,0.02823717948717949,19.53012048192771,2.8742290209790213,0.5381532634032634,0.5666445221445222
P00181,female,blitz,36,1156.9166666666667,0.28849121557454893,2.532532359615693,55.40417260208927,16.4414767331434,0.07721984805318138,0.0405982905982906,15.121212121212121,3.179160731244065,0.6316476733143399,0.5277184235517569
P00181,female,bullet,2,1062.0,0.38461538461538464,2.5833333333333335,53.42307692307692,16.46153846153846,0.07692307692307693,0.038461538461538464,21.0,3.0384615384615383,0.5384615384615385,0.6538461538461539
P00181,female,rapid,62,1592.8387096774193,0.30146949824369185,2.8721913838849327,56.96368147981051,17.049939845101136,0.06595179014533854,0.027490251683800072,13.741935483870968,3.4611957934538577,0.618175910111394,0.5765712781841814
P00182,female,blitz,82,1654.6829268292684,0.3040650406504065,2.8756669482279236,57.49736909432032,17.363576667235204,0.08190630507703678,0.040337711069418386,12.935064935064934,3.142282108135767,0.6460913070669169,0.5563661947808289
P00183,female,bullet,100,1942.99,0.31103807303807307,2.5161107781107783,55.679205516705515,16.5880236985237,0.06344755244755244,0.03775641025641026,16.397849462365592,3.167606837606838,0.6200407925407926,0.5848337218337218
P00184,female,blitz,39,2026.5897435897436,0.2767258382642998,2.76486013986014,58.09802761341223,17.265088757396448,0.0913214990138067,0.05384615384615385,17.5,2.9185404339250494,0.5652859960552268,0.5546351084812624
P00184,female,bullet,20,1693.05,0.2849125874125874,2.561789321789322,54.81393356643357,15.391590909090908,0.1292832167832168,0.0625,21.8125,2.7361538461538464,0.6752797202797203,0.5836188811188812
P00184,female,rapid,7,2008.2857142857142,0.3800366300366301,2.550340136054422,56.68681318681319,16.917582417582416,0.057692307692307696,0.0347985347985348,25.8,2.9075091575091574,0.6630036630036631,0.6373626373626374
P00186,female,rapid,100,1691.41,0.2888706293706294,3.2946681096681094,59.667849067599064,17.870466977466975,0.09102583527583528,0.03556060606060606,13.702127659574469,2.862992812742813,0.6024211344211344,0.5721765734265734
P00188,female,blitz,96,2593.7604166666665,0.25724269943019945,3.012484824203574,57.71708956552706,17.54007077991453,0.10349448005698007,0.05419337606837607,16.01098901098901,3.077857905982906,0.5481436965811967,0.570599626068376
P00188,female,bullet,2,2364.5,0.19230769230769232,2.975,60.11538461538461,17.884615384615387,0.07692307692307693,0.038461538461538464,12.5,3.4615384615384617,0.34615384615384615,0.5
P00188,female,rapid,2,1514.5,0.19230769230769232,3.8839285714285716,61.19230769230769,19.5,0.11538461538461539,0.07692307692307693,14.5,2.5,0.5,0.3076923076923077
P00189,female,blitz,100,2402.76,0.2430769230769231,3.454641025641026,58.39076923076923,17.463846153846156,0.06692307692307692,0.03461538461538462,17.033333333333335,2.936923076923077,0.5330769230769231,0.5061538461538462
P00190,female,blitz,1,2095.0,0.4166666666666667,1.8,41.333333333333336,14.083333333333334,0.0,0.0,,3.4166666666666665,0.75,0.8333333333333334
P00190,female,bullet,96,2169.9270833333335,0.27240051615051614,3.059458221176971,56.34717782217783,16.840963203463204,0.0878829503829504,0.03749687812187812,17.321428571428573,3.0957896270396272,0.5657082500832501,0.5784486346986347
P00190,female,rapid,3,2232.3333333333335,0.3076923076923077,3.25,62.6923076923077,18.076923076923077,0.05128205128205129,0.05128205128205129,25.333333333333332,2.6666666666666665,0.5128205128205129,0.5897435897435898
P00191,female,blitz,63,2472.063492063492,0.2642789309455976,3.2406923103351675,58.40550807217473,17.700719034052366,0.0695970695970696,0.02564102564102564,18.724137931034484,2.9336589336589336,0.5292361959028625,0.5472798806132139
P00191,female,bullet,37,2169.0810810810813,0.2556700056700057,3.3044967044967044,60.13533988533988,18.177014427014427,0.07068607068607069,0.035343035343035345,20.484848484848484,2.8934511434511436,0.558952308952309,0.5147420147420148
P00194,female,blitz,5,1903.6,0.26153846153846155,2.9916666666666663,56.83076923076923,17.52307692307692,0.046153846153846156,0.015384615384615385,15.2,3.153846153846154,0.5538461538461539,0.5384615384615385
P00194,female,rapid,44,1797.8863636363637,0.2958999333999334,3.1793470418470418,59.41003163503163,17.975029137529138,0.10643523143523144,0.022727272727272728,16.3,3.0399031524031526,0.6052447552447553,0.5917679542679543
P00200,female,blitz,20,2359.3,0.23461538461538461,3.0213888888888887,59.77307692307693,18.584615384615383,0.08846153846153847,0.026923076923076928,18.88235294117647,2.8346153846153848,0.5153846153846154,0.5692307692307692
P00200,female,bullet,80,2386.825,0.24049412393162392,3.206501658064158,59.65453792735043,17.390723824786324,0.07784455128205128,0.026455662393162393,17.67948717948718,2.8325641025641026,0.5523584401709402,0.5536805555555555
P00205,female,blitz,16,1945.0,0.3061431623931624,2.852678571428571,57.70918803418803,17.415651709401708,0.04807692307692308,0.009615384615384616,18.466666666666665,2.9066773504273504,0.6643162393162393,0.6279380341880342
P00205,female,bullet,48,1657.9791666666667,0.29734848484848486,2.8193843193843193,56.97275641025641,17.351252913752912,0.0627913752913753,0.027243589743589744,20.522727272727273,3.020104895104895,0.5661421911421912,0.5511363636363636
P00205,female,rapid,1,2011.0,0.46153846153846156,1.3333333333333333,57.84615384615385,16.23076923076923,0.07692307692307693,0.0,24.0,3.1538461538461537,0.7692307692307693,0.8461538461538461
P00206,female,blitz,100,2247.18,0.25636111111111115,3.3799812964812963,59.00144871794871,17.698675213675212,0.08053418803418805,0.03634615384615385,19.089887640449437,2.840002136752137,0.5601452991452992,0.5491794871794872
P00210,female,blitz,100,2387.21,0.24714041514041515,3.214882756132756,58.36727722277722,17.53202872127872,0.05880341880341881,0.041538461538461545,13.763440860215054,2.931594932844933,0.5319865412365412,0.53993006993007
P00211,female,bullet,100,2431.62,0.27595512820512824,3.032403096903097,57.69538461538462,17.657602564102564,0.06592948717948718,0.042852564102564106,16.0,3.064775641025641,0.6060769230769231,0.5416602564102564
P00214,female,blitz,2,1940.5,0.2692307692307693,3.2152777777777777,61.57692307692308,17.5,0.19230769230769232,0.07692307692307693,16.5,2.8076923076923075,0.7307692307692308,0.5384615384615385
P00214,female,rapid,77,2174.4285714285716,0.242338974157156,3.266688171348217,59.13313933541207,18.09144895508532,0.06318933591660865,0.03196803196803197,14.864864864864865,2.9572525958889595,0.5117609663064209,0.5327023986114896
P00215,female,blitz,14,1960.142857142857,0.34772370486656207,2.492517006802721,55.248822605965465,16.733124018838303,0.04395604395604396,0.016483516483516484,19.923076923076923,2.6648351648351647,0.6546310832025117,0.6279434850863422
P00215,female,bullet,1,1423.0,0.38461538461538464,1.4,39.76923076923077,11.538461538461538,0.0,0.0,28.0,3.3846153846153846,0.5384615384615384,0.38461538461538464
P00215,female,rapid,20,2072.0,0.30083333333333334,3.0557142857142856,56.57522435897435,17.71397435897436,0.05679487179487179,0.011538461538461539,20.133333333333333,2.638301282051282,0.6383974358974359,0.5883974358974359
P00216,female,blitz,72,2751.027777777778,0.23469848053181389,3.153042173875507,58.23871082621083,18.212464387464387,0.07403846153846155,0.05160256410256411,20.353846153846153,2.889209401709402,0.5135090218423551,0.5177113010446344
P00216,female,bullet,28,2585.8571428571427,0.22582417582417585,2.87624716553288,56.807967032967035,17.373351648351647,0.07692307692307694,0.05302197802197802,15.923076923076923,3.1214285714285714,0.5332417582417582,0.5348901098901099
P00218,female,blitz,17,2072.0588235294117,0.1611362493715435,4.117947248829601,60.05731523378582,17.567119155354447,0.05429864253393665,0.031674208144796386,16.642857142857142,3.060331825037707,0.4846656611362494,0.513826043237808
P00218,female,bullet,9,2091.777777777778,0.1965811965811966,3.406553631553632,61.05982905982906,18.196581196581196,0.05128205128205129,0.03418803418803419,16.0,3.2820512820512824,0.4102564102564103,0.4700854700854701
P00219,female,rapid,4,1723.0,0.34615384615384615,2.258928571428571,57.03846153846154,16.192307692307693,0.09615384615384616,0.038461538461538464,20.666666666666668,3.0769230769230766,0.6730769230769231,0.5576923076923077
P00220,female,blitz,47,2125.851063829787,0.26733668223029927,2.985117305861987,56.95547006185304,16.868025827600295,0.060733356478037334,0.016366612111292964,19.0,2.9075732777860437,0.5955281125493891,0.536773392092541
P00220,female,bullet,53,1988.811320754717,0.266715045960329,3.1848319919074637,57.761514271891635,16.92162554426705,0.0745041122399613,0.0328011611030479,17.854166666666668,3.2187711659409777,0.6043057571359458,0.5365989356555394
P00222,female,blitz,100,2490.04,0.22244871794871796,3.1997926085352555,60.54643589743589,18.490589743589744,0.08782051282051283,0.05253846153846154,17.5,2.905358974358974,0.5102820512820513,0.5179615384615385
P00223,female,blitz,92,2093.804347826087,0.23624961994527213,3.3705786665025794,58.827702189115236,17.90759856085943,0.07143128610519915,0.03380586804499848,20.305882352941175,3.0192662410053717,0.5468734164386339,0.5321462957332522
P00223,female,bullet,8,2007.0,0.2777777777777778,3.357142857142857,58.6741452991453,17.455128205128204,0.08974358974358974,0.009615384615384616,20.166666666666668,3.0373931623931623,0.5544871794871795,0.530982905982906
P00224,female,blitz,56,2281.1964285714284,0.25430194805194806,3.4539115646258507,59.96901848151848,17.88967907092907,0.08811188811188811,0.03966658341658342,19.36,3.0829295704295703,0.559552947052947,0.5354895104895105
P00224,female,bullet,44,1829.1363636363637,0.27197802197802196,3.230420274170274,59.93956043956044,18.205044955044954,0.08366633366633368,0.027972027972027972,17.285714285714285,3.0314685314685317,0.5581918081918082,0.5529470529470529
P00225,female,blitz,1,1024.0,0.3076923076923077,2.111111111111111,56.46153846153846,15.923076923076923,0.07692307692307693,0.0,,2.0,0.6923076923076923,0.8461538461538461
P00225,female,bullet,5,1099.0,0.3282051282051282,2.2,54.162393162393165,16.13162393162393,0.03076923076923077,0.03076923076923077,23.25,2.717948717948718,0.6564102564102564,0.6017094017094017
P00225,female,rapid,17,1508.4117647058824,0.3212669683257919,3.104821322468381,57.56108597285068,17.533936651583712,0.08597285067873305,0.03619909502262444,18.642857142857142,2.823529411764706,0.6018099547511313,0.6018099547511313
P00226,female,blitz,19,1958.3684210526317,0.20647773279352227,3.347827903091061,59.39676113360324,18.17813765182186,0.0728744939271255,0.020242914979757085,22.77777777777778,2.6437246963562755,0.5020242914979757,0.4898785425101215
P00226,female,rapid,14,1969.5,0.19963369963369965,3.1722325293753864,61.08974358974359,18.999542124542124,0.04945054945054945,0.02197802197802198,22.384615384615383,2.9729853479853476,0.48214285714285715,0.456959706959707
P00227,female,blitz,47,1410.2553191489362,0.28915835937112533,3.0865729979935237,57.06759162822993,17.18364330704756,0.08182810097703715,0.03365818578584536,19.926829268292682,3.002499628031543,0.6234662500619947,0.5493304567772653
P00227,female,bullet,23,1629.4347826086957,0.3028428093645485,2.771169772256729,56.3005016722408,18.476254180602005,0.07792642140468228,0.04013377926421405,14.5,3.039464882943144,0.5657190635451504,0.565886287625418
P00227,female,rapid,30,1664.1333333333334,0.29662975912975914,3.200780423280423,59.021987179487176,18.538533411033413,0.1034965034965035,0.04482517482517483,16.185185185185187,3.0685897435897433,0.5579390054390054,0.5683177933177934
P00229,female,blitz,4,1954.5,0.19230769230769232,3.4833333333333334,59.80769230769231,18.365384615384617,0.019230769230769232,0.038461538461538464,17.0,3.230769230769231,0.5,0.5
P00229,female,rapid,16,1742.625,0.37637362637362637,2.570082695082695,56.82142857142857,17.505494505494504,0.04807692307692308,0.023351648351648352,20.5625,2.875,0.7122252747252747,0.5542582417582418
P00230,female,blitz,4,1502.75,0.2692307692307693,2.996825396825397,58.32692307692308,18.692307692307693,0.057692307692307696,0.038461538461538464,12.0,2.5576923076923075,0.7115384615384616,0.5576923076923077
P00230,female,rapid,21,1377.2380952380952,0.26446886446886453,3.272970349756064,58.39304029304029,17.706227106227107,0.07435897435897436,0.03296703296703297,20.5,3.129670329670329,0.5717948717948718,0.5608058608058608
P00232,female,blitz,100,2586.87,0.23706293706293707,3.5039156954156954,59.37286713286713,18.265594405594406,0.06615384615384616,0.027692307692307693,14.516129032258064,3.1076923076923078,0.54993006993007,0.5348251748251748
P00233,female,bullet,100,2160.3,0.2567985347985348,3.035903346653347,58.244249084249084,17.397809523809524,0.08333333333333334,0.05989010989010989,19.175824175824175,2.870043956043956,0.5220402930402931,0.5329047619047619
P00234,female,blitz,84,2285.8690476190477,0.21112637362637363,3.2713980794337933,58.420482295482294,17.744291819291817,0.07490842490842492,0.03869047619047619,14.929577464788732,2.8237942612942613,0.5565323565323566,0.5183302808302809
P00234,female,bullet,7,2690.0,0.23076923076923078,2.828862803862804,59.03296703296703,17.13186813186813,0.0989010989010989,0.01098901098901099,18.142857142857142,3.1758241758241756,0.5604395604395604,0.5824175824175823
P00234,female,rapid,9,2124.5555555555557,0.26495726495726496,3.241591741591742,60.282051282051285,18.555555555555557,0.09401709401709403,0.05982905982905984,14.375,3.324786324786325,0.6153846153846154,0.5128205128205128
P00235,female,bullet,100,2221.07,0.3146060883560884,2.658614663114663,55.317582278832276,16.86505092130092,0.09862262737262738,0.04358766233766234,16.13186813186813,2.8357371794871797,0.6563798701298701,0.5853273115773115
P00236,female,blitz,26,2050.423076923077,0.2839967724583109,3.301645576645577,59.176633195863964,17.41763791763792,0.11426991811607196,0.05710059171597633,13.72,3.210118940888172,0.583264598649214,0.5118970772816926
P00238,female,blitz,25,1241.0,0.32369852369852375,2.6945323565323567,55.264102564102565,15.711181041181042,0.0847008547008547,0.02850815850815851,14.695652173913043,2.7025951825951826,0.6594794094794095,0.6399067599067599
P00238,female,bullet,1,1309.0,0.46153846153846156,1.5,52.0,14.538461538461538,0.15384615384615385,0.07692307692307693,19.0,3.4615384615384617,0.6153846153846154,0.6923076923076923
P00238,female,rapid,15,1440.8,0.292991452991453,3.5636291486291483,55.941965811965815,16.90034188034188,0.04615384615384615,0.04615384615384615,15.692307692307692,2.2925641025641026,0.5711965811965812,0.5703418803418804
P00240,female,blitz,2,2319.0,0.3076923076923077,3.0,59.46153846153846,18.46153846153846,0.038461538461538464,0.07692307692307693,20.5,3.1153846153846154,0.6538461538461539,0.5769230769230769
P00240,female,bullet,98,2195.2244897959185,0.2703459805500622,2.967668187821249,58.948420457093924,17.54887867234806,0.08300390086104373,0.03403739118024832,17.641304347826086,2.981193296499419,0.5745411051533501,0.5658994067157332
P00241,female,blitz,62,2482.983870967742,0.3011786600496278,2.963465879998138,56.327233250620345,17.202026468155502,0.06513647642679901,0.017369727047146406,18.0,3.0706162117452442,0.5783705541770058,0.5789909015715468
P00241,female,bullet,38,2386.3947368421054,0.2769966875230033,3.016156869446343,55.91076248313091,17.19448533922218,0.048279352226720654,0.02496626180836707,14.91891891891892,3.1798797693534535,0.5580082198503251,0.5484419089682248
P00242,female,blitz,48,1430.4166666666667,0.31194274475524475,2.791027462121212,57.93733003108003,17.490153943278944,0.07399111305361306,0.04004589160839161,20.161290322580644,2.420917103729604,0.6058614996114996,0.5930203477078477
P00242,female,bullet,9,1611.4444444444443,0.24786324786324787,2.8119047619047617,58.31623931623931,18.23361823361823,0.10256410256410257,0.03418803418803419,20.142857142857142,3.111111111111111,0.5698005698005697,0.48148148148148145
P00242,female,rapid,23,1945.391304347826,0.27161968466316294,3.3526742581090407,60.78045867176302,18.534917980570157,0.08349259436215958,0.03734671125975474,22.789473684210527,2.7828874024526202,0.559842331581462,0.6150660933269628
P00243,female,blitz,44,1795.7727272727273,0.2738442113442114,2.9567675380175378,60.126481157731156,18.353705322455323,0.10183566433566434,0.035547785547785545,19.166666666666668,3.0891365578865577,0.5909576534576535,0.6107226107226107
P00244,female,blitz,5,2211.8,0.16923076923076924,2.7134632034632036,56.0,16.646153846153844,0.06153846153846154,0.07692307692307693,14.8,2.553846153846154,0.5538461538461539,0.5076923076923078
P00244,female,bullet,95,2268.5157894736844,0.25762483130904185,3.161259617575407,55.81982841719684,17.428928089454406,0.0978118372855215,0.05026990553306342,15.045454545454545,2.8953923269712742,0.5614709851551957,0.5632060921534605
P00245,female,blitz,26,1723.5384615384614,0.2588757396449704,3.4437881562881563,58.49556213017752,17.40828402366864,0.05621301775147929,0.03550295857988166,13.25,3.393491124260355,0.5310650887573964,0.5532544378698225
P00245,female,bullet,17,1787.4705882352941,0.26179702650290887,2.720320855614973,60.00646412411118,18.38978668390433,0.10493428140486964,0.0497737556561086,9.125,2.7498383968972204,0.5371687136393019,0.5916828269769446
P00245,female,rapid,23,1576.695652173913,0.2642140468227425,2.9037016123972643,58.798662207357864,17.206688963210702,0.06354515050167224,0.026755852842809368,12.91304347826087,3.40133779264214,0.6220735785953178,0.5698996655518395
P00246,female,blitz,100,2318.41,0.259465811965812,3.147544927294927,59.51512820512821,17.813589743589745,0.07237179487179488,0.02230769230769231,19.642857142857142,3.063141025641025,0.5742094017094017,0.5429700854700854
P00247,female,blitz,78,1915.5384615384614,0.27494620763851535,3.0846824827594057,58.5967321140398,16.991682356105432,0.058839878070647306,0.049594315940469785,17.92,3.0898915187376725,0.5635086067778375,0.5559956069571454
P00247,female,rapid,1,1718.0,0.23076923076923078,3.125,61.23076923076923,19.23076923076923,0.0,0.07692307692307693,15.0,3.076923076923077,0.46153846153846156,0.46153846153846156
P00248,female,bullet,2,2166.5,0.38461538461538464,2.4166666666666665,46.65384615384615,15.461538461538463,0.0,0.0,7.0,2.4615384615384617,0.6538461538461539,0.7692307692307693
P00249,female,blitz,69,1963.463768115942,0.2647869441347702,3.2981711525189787,59.72016288864115,17.843475164127337,0.08235785953177259,0.04751950947603122,21.360655737704917,2.795785333828812,0.5586213303604608,0.5554316858664684
P00249,female,rapid,2,1790.5,0.21666666666666667,4.5,55.4,15.933333333333334,0.05,0.0,19.0,3.6166666666666667,0.4833333333333333,0.5333333333333333
P00250,female,blitz,100,2460.56,0.2537027972027972,3.0585353535353534,59.0461317016317,18.07441142191142,0.06544871794871795,0.040973193473193475,11.737373737373737,3.0422668997668993,0.5487342657342658,0.5145710955710956
P00252,female,blitz,14,1682.9285714285713,0.2692307692307693,2.7617636123275218,55.60989010989011,16.78021978021978,0.03296703296703297,0.027472527472527476,18.5,2.8351648351648353,0.5934065934065934,0.6153846153846153
P00254,female,blitz,98,2048.612244897959,0.24632708561279992,3.2697304679447536,59.40158531944246,18.06216600859458,0.08784231641374499,0.04105180533751962,15.516129032258064,2.866818498961356,0.5759764045478332,0.5356116106116106
P00254,female,bullet,1,1768.0,0.3076923076923077,2.75,53.92307692307692,15.076923076923077,0.07692307692307693,0.0,7.0,3.8461538461538463,0.6153846153846154,0.5384615384615384
P00254,female,rapid,1,1782.0,0.2222222222222222,2.5,64.55555555555556,17.666666666666668,0.0,0.1111111111111111,16.0,3.6666666666666665,0.7777777777777778,0.5555555555555556
P00256,female,blitz,70,1467.0142857142857,0.28950049950049955,2.822456194599052,56.211473526473526,16.517943722943723,0.07754245754245755,0.038461538461538464,22.912280701754387,2.6385964035964036,0.6408608058608058,0.6053146853146854
P00256,female,bullet,30,1526.0666666666666,0.29400932400932406,3.1912698412698415,53.42080808080809,15.707622377622378,0.0337995337995338,0.023076923076923075,22.44,2.53471250971251,0.6141608391608391,0.5990753690753691
P00257,female,blitz,90,2282.3777777777777,0.2505223171889839,3.1443274009940674,58.885683760683754,17.39883665716999,0.0726258309591643,0.040170940170940174,17.6144578313253,2.957264957264957,0.5124881291547958,0.554653371320038
P00257,female,bullet,10,2142.0,0.3307692307692308,2.5184126984126984,57.66923076923077,16.53846153846154,0.12307692307692308,0.06153846153846154,15.2,3.146153846153846,0.6076923076923076,0.5307692307692308
P00259,female,blitz,38,1953.7894736842106,0.23178137651821865,3.132408673198147,59.42368421052631,17.658704453441295,0.0708502024291498,0.05465587044534413,13.783783783783784,3.191497975708502,0.5550607287449393,0.48866396761133607
P00259,female,bullet,25,2128.36,0.2721794871794872,2.6913968253968257,58.14717948717949,16.910641025641027,0.06371794871794872,0.040256410256410254,15.142857142857142,3.199871794871795,0.5541025641025642,0.5483333333333333
P00259,female,rapid,37,1842.918918918919,0.26932526932526935,3.188784563784564,58.29446229446229,17.428652428652427,0.08731808731808732,0.05197505197505198,15.90625,2.865242865242865,0.5806085806085807,0.53997353997354
P00260,female,blitz,11,1935.1818181818182,0.24378399378399376,2.905194805194805,59.20765345765346,17.5990675990676,0.036130536130536135,0.014568764568764568,27.0,2.767094017094017,0.6033411033411034,0.5516705516705517
P00260,female,rapid,14,1715.642857142857,0.19930069930069932,4.142171717171718,60.15384615384615,17.195804195804197,0.055944055944055944,0.027472527472527476,21.785714285714285,2.885114885114885,0.46503496503496505,0.4325674325674326
P00269,female,blitz,51,2411.294117647059,0.2595885595885596,3.41250247573777,58.212655808244044,17.480489717254425,0.11483396777514425,0.045081280375398027,20.358974358974358,2.92975172975173,0.5742967816497229,0.5938525526760821
P00269,female,bullet,1,2220.0,0.1,2.5,62.9,15.3,0.2,0.1,,2.5,0.6,0.7
P00270,female,blitz,59,1823.9661016949153,0.29243496616377973,2.928494951376307,56.685669791601995,17.04019991308127,0.08590467912501812,0.03969288715051427,14.448275862068966,3.218000455288591,0.6401254113118521,0.5576043542145238
P00270,female,bullet,41,1693.8292682926829,0.29051680027289783,2.831068524970964,55.3504008186935,16.57943032577179,0.09061913696060038,0.06191369606003753,12.717948717948717,3.2946102677809996,0.5877878219341633,0.5891864233327648
P00272,female,blitz,54,1970.1296296296296,0.2781339031339031,2.9964910513113128,60.32692307692308,18.360873694207026,0.0868945868945869,0.041310541310541314,19.26,3.0218423551756888,0.549264007597341,0.5267094017094017
P00272,female,bullet,2,1645.5,0.23076923076923078,2.071428571428571,58.26923076923077,16.03846153846154,0.11538461538461539,0.038461538461538464,15.0,2.9615384615384617,0.5384615384615384,0.5
P00272,female,rapid,1,2179.0,0.3076923076923077,2.8,62.84615384615385,17.384615384615383,0.0,0.07692307692307693,18.0,3.230769230769231,0.46153846153846156,0.6153846153846154
P00276,female,blitz,46,2193.891304347826,0.2628243133677916,3.183283141978794,60.2188127090301,18.34655163676903,0.0811986926117361,0.025362318840579712,15.953488372093023,3.039642241816155,0.5710892368501065,0.5815546772068511
P00276,female,bullet,42,2071.0,0.2635822510822511,2.9924860192717335,59.01271645021645,18.038802863802864,0.0633949383949384,0.01945970695970696,16.73170731707317,3.0405427905427906,0.5900974025974026,0.5479811854811855
P00276,female,rapid,12,2055.3333333333335,0.31672494172494176,3.5305555555555554,60.39121989121989,18.098824786324787,0.06410256410256411,0.03321678321678322,17.75,3.340544871794872,0.5922202797202797,0.5720911033411034
P00277,female,blitz,52,2189.980769230769,0.24319937541091388,3.2628767066267064,57.75221893491125,17.471071663379355,0.06989644970414202,0.02459319526627219,18.431818181818183,3.1881985535831694,0.5269764957264957,0.49258300460223536
P00277,female,rapid,48,2140.3541666666665,0.2679843304843305,3.053939636752137,59.616631054131055,17.861155626780626,0.08987713675213675,0.03365384615384615,15.386363636363637,3.2438568376068377,0.5627225783475783,0.5391292735042735
P00278,female,blitz,37,1794.7837837837837,0.24284949284949287,3.1721354471354473,60.20504945504946,17.66710766710767,0.07366282366282367,0.03361053361053361,22.766666666666666,2.6892364392364394,0.5565268065268065,0.5404775404775405
P00278,female,bullet,2,1474.0,0.20192307692307693,3.75,59.766025641025635,15.772435897435898,0.0,0.038461538461538464,19.5,2.125,0.641025641025641,0.5544871794871795
P00278,female,rapid,61,2102.4918032786886,0.26124722272263257,3.053660137676531,58.66906313176805,16.889243179407114,0.07473478252166778,0.029021797874256895,19.865384615384617,2.922417382253448,0.5705768730358894,0.5786404851978623
P00279,female,blitz,1,1745.0,0.3076923076923077,2.2857142857142856,56.15384615384615,18.923076923076923,0.07692307692307693,0.0,19.0,2.6923076923076925,0.5384615384615384,0.6923076923076923
P00279,female,rapid,23,1970.304347826087,0.3407867494824017,2.5498180563397956,55.139740935393114,15.992681955725434,0.057387057387057384,0.03296703296703297,21.571428571428573,2.9612969156447413,0.6705659075224293,0.5991214099909752
P00281,female,blitz,79,2365.5696202531644,0.21855612741688693,3.4193510427687643,59.5205452775073,18.075309500625956,0.07322297955209349,0.034664070107108085,18.88888888888889,2.756711642787592,0.5081096119070803,0.5054945054945055
P00281,female,bullet,10,2229.5,0.2230769230769231,3.4241558441558437,60.15384615384615,18.03076923076923,0.08461538461538462,0.015384615384615385,16.7,2.7,0.5769230769230769,0.5076923076923077
P00281,female,rapid,11,1944.5454545454545,0.24475524475524477,3.1224908929454385,59.26573426573427,18.174825174825177,0.08391608391608392,0.03496503496503497,19.1,2.734265734265734,0.6083916083916084,0.6013986013986015
P00283,female,blitz,41,2017.9024390243903,0.2654002501563477,3.049905243807683,60.21959036898061,18.154237023139462,0.06035021888680425,0.00969355847404628,16.692307692307693,2.9566916823014386,0.5795809881175735,0.5574577861163227
P00283,female,bullet,2,2036.5,0.2692307692307693,3.1454545454545455,54.57692307692308,15.23076923076923,0.038461538461538464,0.07692307692307693,,2.230769230769231,0.6153846153846154,0.46153846153846156
P00284,female,blitz,19,2502.5789473684213,0.291497975708502,3.115367965367965,57.51012145748987,18.012145748987855,0.10526315789473684,0.05263157894736842,18.058823529411764,3.080971659919028,0.5951417004048584,0.6032388663967612
P00284,female,bullet,77,2434.103896103896,0.26182151182151187,2.7439799738501036,57.75945165945166,17.626762126762127,0.091991341991342,0.05694305694305695,20.041666666666668,2.6132090132090133,0.5611277611277612,0.5542402042402043
P00284,female,rapid,4,2291.75,0.3269230769230769,3.293154761904762,59.51923076923077,18.71153846153846,0.11538461538461539,0.038461538461538464,17.5,2.730769230769231,0.5576923076923077,0.6153846153846154
P00286,female,blitz,100,2086.32,0.24213461538461542,3.2548612776112775,58.313655982905985,17.465752136752137,0.06182905982905983,0.03500854700854701,21.346666666666668,2.7987820512820516,0.5675192307692307,0.5057542735042735
P00287,female,blitz,12,1908.8333333333333,0.3428127428127428,2.765277777777778,58.181636881636884,18.28918673918674,0.10325692825692827,0.0349002849002849,11.181818181818182,3.242877492877493,0.6469308469308469,0.5527195027195028
P00287,female,rapid,1,2402.0,0.375,1.25,60.625,14.875,0.0,0.0,16.0,4.0,0.875,0.875
P00288,female,bullet,100,1708.47,0.3293956043956044,2.7482237762237762,56.94620879120879,17.436785714285712,0.07384615384615385,0.026153846153846153,16.666666666666668,3.03728021978022,0.6379120879120879,0.5759065934065934
P00289,female,blitz,38,2205.5789473684213,0.2148560503823662,3.205944786207944,58.40755735492578,17.509334233018443,0.0465587044534413,0.032388663967611336,20.129032258064516,2.952485380116959,0.5068038686459739,0.5470085470085471
P00290,female,blitz,36,1793.388888888889,0.28345034595034596,2.8853064373897706,58.02516619183286,16.842618030118032,0.06030389363722698,0.02533577533577534,19.53125,3.141873558540225,0.5850206891873558,0.5841218966218966
P00290,female,bullet,10,1808.3,0.2076923076923077,2.938257575757576,60.70940170940171,17.80940170940171,0.08461538461538462,0.05726495726495726,22.0,2.9863247863247864,0.49572649572649574,0.47264957264957264
P00291,female,blitz,96,1718.9791666666667,0.295263474950975,2.894495174963925,56.69183825433825,17.42251036001036,0.08003108003108003,0.03313179875679876,17.80952380952381,2.866708812021312,0.6054414335664335,0.562536421911422
P00291,female,bullet,1,1007.0,0.38461538461538464,1.8333333333333333,53.15384615384615,14.461538461538462,0.07692307692307693,0.07692307692307693,14.0,2.6923076923076925,0.6923076923076923,0.6923076923076923
P00291,female,rapid,3,1556.3333333333333,0.2820512820512821,3.8523809523809525,60.897435897435905,19.71794871794872,0.10256410256410257,0.10256410256410257,12.0,3.2820512820512824,0.6923076923076924,0.5384615384615384
P00293,female,blitz,11,2345.909090909091,0.18181818181818182,2.865017053653417,60.58391608391608,18.784615384615385,0.06993006993006994,0.04895104895104896,18.09090909090909,2.6713286713286712,0.47062937062937066,0.4629370629370629
P00293,female,bullet,84,2584.8809523809523,0.26443556443556443,2.8985105172605174,58.744425019425016,17.144033744033745,0.060514485514485516,0.04503829503829504,12.535714285714286,3.428846153846154,0.5878593628593629,0.5398407148407148
P00293,female,rapid,5,1742.4,0.3302097902097902,3.2435064935064934,63.05818181818182,19.0786013986014,0.08433566433566433,0.046153846153846156,14.8,3.0330069930069934,0.6327272727272727,0.44783216783216784
P00294,female,blitz,9,2065.1111111111113,0.3264957264957265,2.58994708994709,59.65213675213675,17.363247863247864,0.18461538461538463,0.10256410256410257,17.666666666666668,3.103418803418803,0.6136752136752137,0.5683760683760685
P00294,female,bullet,3,1886.0,0.35897435897435903,3.4583333333333335,56.43589743589743,17.0,0.10256410256410257,0.025641025641025644,16.333333333333332,3.256410256410257,0.6923076923076922,0.5897435897435898
P00294,female,rapid,88,1912.284090909091,0.2820733559369923,2.868730669582942,59.235291539268815,17.605913341708796,0.12288229447320358,0.05423421275694003,16.655172413793103,2.9828869993642724,0.6289686954459682,0.5505710829574466
P00295,female,blitz,88,2284.3863636363635,0.2618735431235431,3.0642453468990904,59.691287878787875,17.855696386946388,0.09717365967365967,0.03409090909090909,21.666666666666668,2.718240093240093,0.5684731934731935,0.5641754079254079
P00295,female,bullet,12,2297.3333333333335,0.25,2.908267195767196,58.78205128205128,16.705128205128204,0.07692307692307693,0.032051282051282055,20.4,2.871794871794872,0.608974358974359,0.5576923076923077
P00296,female,blitz,69,1856.0289855072465,0.2425334729682556,3.555087987696683,58.656875612310394,17.56090391090391,0.062012263099219624,0.032329988851727984,19.921875,2.9097913358782925,0.5322748105356802,0.5507344909518823
P00296,female,bullet,17,1562.0588235294117,0.31108597285067874,3.0727591036414563,56.04524886877828,16.976244343891405,0.07352941176470588,0.022624434389140274,20.142857142857142,2.499547511312217,0.635972850678733,0.6036199095022625
P00296,female,rapid,14,1809.142857142857,0.22403786689500976,3.548611111111111,58.08655630084201,17.239891061319632,0.0736406450692165,0.03396603396603397,27.77777777777778,2.485740450026164,0.5340730697873555,0.5733195376052519
P00297,female,blitz,52,2423.5384615384614,0.21338757396449706,3.2757194194694197,59.842455621301774,18.16826923076923,0.06897189349112426,0.03550295857988166,20.302325581395348,2.6764053254437874,0.5386464497041421,0.5051775147928994
P00297,female,bullet,47,2298.191489361702,0.22228197334580313,3.1424388259494638,60.251391162029456,18.0018315018315,0.08865248226950355,0.04822695035460993,20.795454545454547,2.960720130932897,0.5283454134517964,0.49160626607435115
P00297,female,rapid,1,2203.0,0.38461538461538464,2.0,60.46153846153846,16.307692307692307,0.23076923076923078,0.15384615384615385,,1.7692307692307692,0.5384615384615384,0.6923076923076923
P00298,female,blitz,39,2599.051282051282,0.25784471938318093,3.0393083412314184,59.64891518737673,18.0299444145598,0.09072978303747535,0.02761341222879685,18.2,3.0026896180742333,0.5775506544737313,0.5535233996772458
P00298,female,bullet,61,2566.934426229508,0.28453131567885664,2.9961979277553046,60.31124422026062,17.997498949138294,0.09457755359394704,0.033270281630937364,20.462962962962962,2.8046448087431695,0.6042875157629255,0.6024379991593106
P00299,female,rapid,67,2325.6417910447763,0.2693148476730567,2.9799137429734444,58.330751545303784,17.738663906574356,0.08617460483132125,0.040392443377518,18.508474576271187,2.821887068155725,0.6033396537127881,0.5613685650999084
P00300,female,blitz,6,2599.1666666666665,0.3076923076923077,3.891756854256854,58.08974358974359,17.461538461538463,0.07692307692307693,0.05128205128205129,12.6,3.1025641025641026,0.576923076923077,0.5897435897435898
P00300,female,bullet,94,2608.9893617021276,0.2961147894658533,2.6729929940036325,56.96772863661162,17.039245771958537,0.08361850915042406,0.04828150572831424,10.908045977011493,3.1443330605564648,0.6397826464315826,0.6073810940832217
P00301,female,blitz,13,2618.923076923077,0.2984878369493754,3.0415144684375455,60.53846153846154,18.166337935568706,0.08875739644970415,0.0440499671268902,10.153846153846153,3.1242603550295858,0.6219592373438527,0.5930309007232084
P00301,female,bullet,87,2666.574712643678,0.2786830028209339,2.984708554536141,58.879794534966955,17.81037640520399,0.07699675803124079,0.03632478632478633,10.764705882352942,3.258368068712896,0.5846806450254726,0.5603553534588017
P00302,female,blitz,46,2324.7391304347825,0.2536430960344004,3.13648899409769,57.95494903647078,17.17626214365345,0.059961777353081704,0.033444816053511704,13.4,2.9396002548176465,0.5807652492435101,0.5235706322662844
P00302,female,bullet,13,1949.1538461538462,0.2692307692307692,2.7691391941391945,59.11760355029586,18.04215976331361,0.09837278106508876,0.01183431952662722,15.9,2.9090236686390534,0.5569526627218935,0.4940828402366864
P00302,female,rapid,15,2183.6,0.2435897435897436,3.3641678691678694,60.45192307692308,17.64294871794872,0.0935897435897436,0.025641025641025644,15.714285714285714,3.0397435897435896,0.5557692307692308,0.5
P00303,female,blitz,97,2380.6701030927834,0.2006344171292625,3.4930955137443918,58.37747819191118,17.598731165741476,0.06423473433782712,0.034099920697858846,19.38372093023256,2.8413957176843776,0.49325931800158607,0.5035685963521015
P00303,female,rapid,3,2242.3333333333335,0.305982905982906,3.0,56.76666666666667,18.384615384615383,0.18888888888888888,0.0,15.0,3.267521367521368,0.6940170940170941,0.6940170940170941
P00304,female,blitz,1,1878.0,0.07692307692307693,6.25,63.61538461538461,18.692307692307693,0.0,0.07692307692307693,14.0,4.0,0.6153846153846154,0.3076923076923077
P00304,female,bullet,99,1600.5454545454545,0.2692030192030192,2.9212012734740007,58.499181374181376,16.93944943944944,0.06826506826506827,0.02553002553002553,16.694736842105264,3.472902097902098,0.6226134976134976,0.5735791985791986
P00305,female,blitz,1,1374.0,0.38461538461538464,4.166666666666667,64.46153846153847,19.0,0.07692307692307693,0.0,18.0,2.3846153846153846,0.6923076923076923,0.6153846153846154
P00314,female,bullet,99,1847.9292929292928,0.27594072594072594,2.8523634614543707,57.07456617456617,17.35649535649536,0.07274577274577275,0.03664853664853665,15.242105263157894,3.1752969252969256,0.558937358937359,0.4952029452029452
P00314,female,rapid,1,1669.0,0.42857142857142855,2.6666666666666665,55.285714285714285,19.142857142857142,0.14285714285714285,0.14285714285714285,13.0,3.0,0.8571428571428571,0.5714285714285714
P00318,female,blitz,33,2281.6969696969695,0.2304778554778555,3.6042227974046157,60.14335664335665,18.014568764568764,0.06293706293706294,0.024766899766899768,19.15625,2.924825174825175,0.5256410256410257,0.5099067599067599
P00318,female,bullet,56,2165.9464285714284,0.30471611721611724,3.025619717584003,56.37717490842491,17.510645604395602,0.07715201465201467,0.03296703296703297,15.185185185185185,3.2233287545787546,0.5927197802197802,0.5305631868131868
P00320,female,rapid,100,2239.97,0.26173737373737377,2.9385190087690085,58.86858469308469,17.657583333333335,0.09105011655011655,0.04102564102564103,13.957894736842105,3.16978243978244,0.601012432012432,0.5357917637917639
P00321,female,blitz,100,2107.56,0.2757477522477523,3.489873015873016,57.76509274059274,17.286132034632036,0.07724791874791875,0.026153846153846153,18.032258064516128,3.0718967698967696,0.6013836163836164,0.554935064935065
P00322,female,blitz,97,2270.453608247423,0.24405233941316415,3.468783594950969,62.037205921226544,18.491408934707906,0.07613005551149882,0.04374834787205921,20.318681318681318,3.199246629659001,0.5425588157546921,0.5346286016389109
P00322,female,rapid,2,2080.5,0.34615384615384615,2.75,57.46153846153846,16.192307692307693,0.07692307692307693,0.038461538461538464,18.0,3.5769230769230766,0.7307692307692308,0.7307692307692308
P00323,female,blitz,3,1162.3333333333333,0.297008547008547,2.8333333333333335,57.45940170940171,17.17735042735043,0.1346153846153846,0.025641025641025644,,2.0876068376068377,0.4252136752136752,0.8141025641025642
P00323,female,bullet,12,1072.8333333333333,0.3644408831908832,2.4208333333333334,55.813639601139606,15.864227207977208,0.09615384615384616,0.04246794871794871,16.666666666666668,3.006410256410257,0.6488247863247864,0.6919337606837607
P00323,female,rapid,15,1010.0,0.42065268065268063,2.3265127465127464,56.93369852369852,16.236371406371408,0.08708624708624708,0.018461538461538463,21.75,2.9966122766122765,0.7528360528360528,0.6601087801087802
P00324,female,blitz,2,1665.0,0.2692307692307693,2.6777777777777776,50.15384615384616,14.615384615384615,0.0,0.038461538461538464,8.0,3.1153846153846154,0.42307692307692313,0.6923076923076923
P00324,female,bullet,1,1767.0,0.3076923076923077,4.0,59.38461538461539,19.076923076923077,0.0,0.0,14.0,3.230769230769231,0.6923076923076923,0.6153846153846154
P00324,female,rapid,8,1793.875,0.2884615384615385,3.201041666666667,60.27884615384615,17.375,0.09615384615384616,0.057692307692307696,17.0,2.9903846153846154,0.5384615384615384,0.5
P00325,female,bullet,100,1913.89,0.2590811965811966,3.0045666000666,57.94504273504273,17.30344017094017,0.07591880341880343,0.04034188034188034,14.242105263157894,3.1587820512820515,0.5585897435897436,0.51241452991453
P00326,female,blitz,93,2377.3870967741937,0.2549615856067469,2.604400318916448,57.589873626970395,17.26658323755098,0.07706099157712061,0.03890732922990988,21.984375,2.5055480361931974,0.5326167261651132,0.5595674934384611
P00326,female,bullet,5,2220.0,0.24615384615384617,2.3333333333333335,56.27692307692307,16.93846153846154,0.046153846153846156,0.046153846153846156,24.6,1.8615384615384616,0.5384615384615385,0.5538461538461539
P00326,female,rapid,2,2013.0,0.3076923076923077,2.6571428571428575,58.11538461538461,18.730769230769234,0.038461538461538464,0.0,18.0,2.9230769230769234,0.6153846153846154,0.46153846153846156
P00328,female,blitz,28,1707.0714285714287,0.2916541791541792,3.043452380952381,58.69822261072261,17.37155760905761,0.06291208791208791,0.020375457875457876,15.0,3.0057442557442555,0.5785880785880787,0.6167748917748918
P00328,female,bullet,5,1106.2,0.3769230769230769,2.8899999999999997,57.52692307692307,16.919230769230772,0.06282051282051282,0.046153846153846156,14.75,3.1333333333333333,0.5948717948717949,0.6564102564102564
P00328,female,rapid,67,1640.8208955223881,0.29037765716870195,2.9975894337834634,57.369622458801565,17.42471123403959,0.06901854364540931,0.02496491899476974,16.576271186440678,2.894183511347691,0.6232610258729662,0.5724237205580489
P00331,female,blitz,100,2241.03,0.2946498501498501,2.7822194472194473,56.68983891108891,16.996094655344656,0.07936738261738262,0.04238986013986014,22.955223880597014,2.2907644855144853,0.6200744255744256,0.611751998001998
P00332,female,blitz,11,2174.4545454545455,0.23776223776223776,3.344011544011544,59.31468531468531,18.272727272727273,0.04895104895104896,0.006993006993006993,18.1,3.0,0.46853146853146854,0.4965034965034965
P00332,female,bullet,89,2005.3370786516855,0.27234706616729093,2.8388990223259887,57.75858542206856,17.85402861807356,0.07447421492365314,0.043503313166234514,17.987654320987655,2.8272687986171134,0.583554211082301,0.555512340343801
P00333,female,blitz,23,1906.8260869565217,0.2537585602802994,3.3816572316572318,57.735762064022936,17.44895684026119,0.07873068960025482,0.03907469342251951,14.045454545454545,2.7242395285873546,0.5453575410097149,0.5662844401974837
P00333,female,bullet,17,1680.1176470588234,0.29944695827048773,2.5321895424836605,57.266314731020614,17.163599798893916,0.058823529411764705,0.022624434389140274,14.666666666666666,2.809502262443439,0.5968828557063851,0.5670688788335847
P00333,female,rapid,3,1669.3333333333333,0.23076923076923075,2.8777777777777778,60.84615384615385,17.41025641025641,0.07692307692307693,0.05128205128205129,11.5,3.0256410256410255,0.5641025641025641,0.48717948717948717
P00334,female,blitz,24,1982.125,0.24145299145299148,3.274652777777778,58.81837606837607,17.298076923076923,0.1071937321937322,0.0462962962962963,18.318181818181817,3.0498575498575495,0.5822649572649573,0.5584045584045584
P00334,female,bullet,26,1949.6923076923076,0.25190514613591536,2.809791597291597,58.414514972207286,17.364801864801866,0.0621301775147929,0.04142011834319527,16.625,3.1151380670611437,0.5173256230948539,0.5481889904966828
P00339,female,rapid,23,1432.0,0.24749163879598662,3.2460239036325995,59.976588628762535,17.71571906354515,0.04013377926421405,0.016722408026755852,19.681818181818183,2.7759197324414715,0.5484949832775919,0.5150501672240803
P00340,female,blitz,30,2528.133333333333,0.2569444444444445,3.1040921115921116,57.77382478632479,17.32532051282051,0.09294871794871797,0.04358974358974359,22.0,2.8866452991452993,0.5758547008547008,0.5736111111111111
P00340,female,bullet,68,2649.75,0.26430367018602313,2.9229739623121977,56.84802978883861,17.401555429864256,0.088829185520362,0.031674208144796386,14.836065573770492,3.1216943187531423,0.6097505027652086,0.5544746103569632
P00340,female,rapid,2,2271.0,0.23076923076923078,2.157142857142857,56.84615384615385,15.0,0.2692307692307693,0.15384615384615385,15.0,3.9230769230769234,0.6923076923076923,0.5384615384615384
P00343,female,blitz,100,2275.29,0.24763986013986017,3.241811396936397,59.60530594405594,18.18591491841492,0.08746794871794872,0.043910256410256414,15.936170212765957,3.0131526806526807,0.5620775058275058,0.5199125874125874
P00344,female,blitz,50,2566.44,0.2485800310800311,3.5964415584415583,59.2020878010878,17.888840714840715,0.07716006216006216,0.04081196581196582,17.102564102564102,2.7610967365967367,0.558487567987568,0.513026418026418
P00344,female,bullet,26,2470.423076923077,0.19911242603550297,3.198056537479615,59.005029585798816,17.94733727810651,0.092603550295858,0.08254437869822485,11.92,2.7671597633136096,0.47396449704142013,0.491715976331361
P00344,female,rapid,5,2229.6,0.15384615384615385,2.651969696969697,62.46153846153847,18.338461538461537,0.07692307692307693,0.07692307692307693,25.0,2.846153846153846,0.5846153846153845,0.4769230769230769
P00346,female,blitz,9,1752.2222222222222,0.3076923076923077,2.838511488511488,54.495726495726494,15.811965811965813,0.07692307692307693,0.03418803418803419,18.142857142857142,2.752136752136752,0.6239316239316239,0.6153846153846154
P00346,female,bullet,7,1627.857142857143,0.3726273726273726,2.6956349206349204,59.91908091908092,17.466533466533466,0.058941058941058944,0.023976023976023976,23.571428571428573,2.827172827172827,0.6753246753246753,0.6753246753246753
P00346,female,rapid,4,1692.25,0.3076923076923077,2.796401515151515,60.5,17.846153846153847,0.057692307692307696,0.019230769230769232,17.333333333333332,3.1538461538461537,0.5769230769230769,0.5961538461538461
P00347,female,blitz,100,1816.65,0.2723699078699079,3.1802919025419025,58.75452353202353,17.48788378288378,0.0751954156954157,0.0352991452991453,19.536082474226806,2.878054723054723,0.5678664668664669,0.5555778665778666
P00348,female,blitz,58,2062.948275862069,0.2630562923666372,3.1122757989137297,57.37066018272915,17.346360153256704,0.0768788682581786,0.03016504568228706,13.648148148148149,3.0978043029767166,0.5575449454759799,0.593368700265252
P00348,female,bullet,15,1509.3333333333333,0.34683094683094684,2.3220187220187216,57.02443852443853,17.163036963036962,0.057342657342657345,0.005128205128205128,15.307692307692308,3.0664409664409664,0.6713175713175713,0.5773522773522773
P00351,female,blitz,30,1405.4666666666667,0.27357549857549857,2.7555074555074555,58.63839031339032,17.459871794871795,0.09009971509971511,0.018162393162393164,18.692307692307693,3.185042735042735,0.548034188034188,0.5874501424501425
P00351,female,rapid,70,1852.4142857142858,0.2725896325896326,3.095082179725037,58.859178876678875,17.613993506493504,0.05669219669219669,0.02588050838050838,19.737704918032787,3.019992784992785,0.5690268065268066,0.58999111999112
P00352,female,blitz,64,2348.28125,0.22746394230769232,3.062283781883966,57.80709134615385,17.124098557692307,0.07341746794871795,0.03615785256410257,19.016129032258064,2.8568709935897436,0.5246394230769231,0.5341546474358975
P00352,female,bullet,36,2224.1944444444443,0.27179487179487183,2.9683802308802307,60.258974358974356,18.317307692307693,0.09102564102564104,0.05405982905982906,16.485714285714284,2.9305555555555554,0.6305555555555555,0.5807692307692308
P00353,female,blitz,80,2307.85,0.27568108974358974,3.0216326381951384,59.204767628205126,17.862540064102564,0.075,0.02403846153846154,17.2987012987013,3.0176282051282053,0.6092948717948719,0.5412660256410257
P00353,female,bullet,20,2218.0,0.24205128205128207,3.058333333333333,58.85294871794872,17.409551282051282,0.05,0.028397435897435895,14.25,3.2564743589743594,0.5291025641025641,0.4912179487179487
P00355,female,blitz,85,2584.9411764705883,0.24499618029029796,3.273510476451653,58.76036610448375,17.512787212787213,0.08710407239819005,0.044343891402714934,14.451219512195122,3.1493183287300934,0.5496003996003996,0.5566551095962861
P00355,female,bullet,13,2424.230769230769,0.3076923076923077,2.907631257631258,60.591715976331365,18.50887573964497,0.06508875739644972,0.02366863905325444,12.833333333333334,3.0946745562130173,0.6331360946745561,0.5384615384615384
P00355,female,rapid,2,2003.0,0.19230769230769232,3.0,65.42307692307692,21.46153846153846,0.0,0.038461538461538464,12.5,3.0769230769230766,0.5,0.3076923076923077
P00356,female,blitz,83,2044.566265060241,0.28402420872300393,3.0896078486439933,58.79825876934311,17.56681832224001,0.0707213469261662,0.04043095458758109,18.727272727272727,3.038861038559834,0.6103315359339456,0.5540834667340692
P00356,female,bullet,1,2017.0,0.25,2.0,63.25,18.25,0.25,0.0,,3.5,0.5,0.5
P00356,female,rapid,6,2247.0,0.2435897435897436,2.884920634920635,58.94871794871795,17.333333333333332,0.11538461538461538,0.06410256410256411,15.166666666666666,2.807692307692308,0.5512820512820513,0.576923076923077
P00357,female,blitz,100,2256.16,0.23977688977688977,3.544489177489177,58.83483516483517,17.711247086247084,0.07621378621378622,0.036813186813186814,18.853932584269664,2.895815850815851,0.5338378288378288,0.5284865134865135
P00360,female,blitz,19,2162.5263157894738,0.24777327935222673,3.4192982456140353,59.36761133603239,17.744534412955463,0.09716599190283401,0.06072874493927126,14.263157894736842,2.8615384615384616,0.576923076923077,0.4595141700404859
P00360,female,bullet,65,1951.4769230769232,0.28802462494770187,2.732738372738373,56.27819616281155,16.43596796366027,0.07033650110573188,0.03795349949196103,16.8,3.0097561412946026,0.6155184985954217,0.5547964855657164
P00360,female,rapid,16,1931.9375,0.23164335664335664,3.3524753024753027,56.302010489510494,16.937062937062937,0.08173076923076923,0.04326923076923077,15.615384615384615,3.098339160839161,0.6245629370629371,0.5747377622377623
P00361,female,bullet,100,1746.01,0.27694211344211345,2.9358329725829724,61.09717948717948,18.36872999222999,0.1073888888888889,0.041470085470085474,16.48421052631579,2.985320512820513,0.5906487956487957,0.5555400155400155
P00362,female,blitz,49,1206.530612244898,0.3159883200699527,2.808515860556677,58.90403021015266,17.827257096644853,0.06016047444618874,0.03133374561945991,19.02173913043478,2.8616961270022494,0.6324931870850239,0.5904987302946486
P00362,female,bullet,3,1062.6666666666667,0.2435897435897436,3.1666666666666665,57.68910256410256,17.012820512820515,0.025641025641025644,0.0673076923076923,11.0,2.576923076923077,0.5801282051282052,0.7564102564102564
P00362,female,rapid,22,1164.4545454545455,0.3128417037507947,2.815112160566706,57.612841703750796,18.04480822208095,0.04195804195804196,0.03175990675990676,16.15,2.8585929222292856,0.610415342233524,0.6163541004450095
P00364,female,blitz,52,2094.3653846153848,0.26264120494889726,3.6409163752913756,60.29254975793437,17.966971490048415,0.07840236686390534,0.02514792899408284,16.145833333333332,3.126062399139322,0.5657880580957504,0.551533082302313
P00364,female,rapid,38,2017.7368421052631,0.19939271255060728,3.646684419381788,61.42898110661269,18.63641475483581,0.07191857849752586,0.040654520917678814,15.052631578947368,3.190114709851552,0.471097615834458,0.48138776428250113
P00365,female,blitz,99,2381.4949494949497,0.23711473711473713,3.226996151996152,58.58090226272044,17.70339761248852,0.06482658755386028,0.03891478891478892,19.27173913043478,3.112653339926067,0.5491394127757765,0.5520649384285748
P00365,female,bullet,1,2090.0,0.38461538461538464,2.5,49.30769230769231,16.692307692307693,0.07692307692307693,0.0,,3.3846153846153846,0.8461538461538461,0.46153846153846156
P00367,female,blitz,7,1242.857142857143,0.2527472527472528,2.5579365079365077,54.85164835164835,15.217032967032967,0.08791208791208792,0.04395604395604396,21.571428571428573,2.7692307692307696,0.5192307692307693,0.6236263736263735
P00367,female,rapid,3,1280.0,0.20512820512820515,5.5,62.07692307692307,18.74358974358974,0.05128205128205129,0.025641025641025644,12.666666666666666,3.0256410256410255,0.4358974358974359,0.5128205128205129
P00373,female,blitz,99,2015.0707070707072,0.2580549080549081,3.5973217018671564,58.358689458689454,17.991340758007425,0.082318915652249,0.05549080549080549,17.933333333333334,2.8006216006216005,0.559652076318743,0.5171674005007338
P00373,female,rapid,1,1909.0,0.07692307692307693,3.8333333333333335,61.53846153846154,20.153846153846153,0.0,0.0,33.0,2.076923076923077,0.38461538461538464,0.46153846153846156
P00374,female,blitz,15,2298.133333333333,0.2757834757834758,2.8853439153439155,57.97549857549858,17.245014245014247,0.0717948717948718,0.041025641025641026,21.615384615384617,2.6940170940170938,0.5857549857549859,0.5293447293447293
P00374,female,bullet,22,2173.681818181818,0.2963869463869464,2.676588941361669,56.70984848484848,16.518181818181816,0.09545454545454546,0.038461538461538464,25.0625,3.1319347319347317,0.5828088578088578,0.6260489510489511
P00375,female,blitz,19,2006.7894736842106,0.2442645074224022,3.4325187969924813,57.90418353576248,17.243589743589745,0.08130904183535763,0.03643724696356275,17.333333333333332,2.7719298245614032,0.5715249662618084,0.5475708502024291
P00375,female,bullet,19,1784.8947368421052,0.24206027890238418,3.0033416875522136,61.87800269905534,18.77809266756635,0.07647323436797122,0.04453441295546559,20.157894736842106,2.897165991902834,0.5292397660818713,0.5164642375168691
P00375,female,rapid,39,1599.1025641025642,0.2741438049130357,3.3754116965655427,59.15847229693384,18.03630984400215,0.0611439842209073,0.02994441455979918,19.483870967741936,2.711350188273265,0.5983145060068137,0.6038730500268962
P00376,female,blitz,100,1713.42,0.23387898212898214,3.046727272727273,57.70964005439006,17.011836441336442,0.07417832167832168,0.05250641025641026,19.083333333333332,2.957011655011655,0.5558710178710179,0.5092515540015541
P00377,female,blitz,10,2516.0,0.23076923076923078,3.016742424242424,62.01538461538462,18.884615384615383,0.06923076923076923,0.015384615384615385,16.1,3.276923076923077,0.5461538461538462,0.5769230769230769
P00377,female,bullet,78,2278.0128205128203,0.2774725274725275,2.6989523297215605,57.61087630318399,17.073283554052786,0.08990795529257067,0.036653517422748194,14.56578947368421,2.986122851507467,0.59230299614915,0.571616417770264
P00377,female,rapid,12,2354.8333333333335,0.31752136752136756,3.0469024031524032,59.60405982905983,17.84679487179487,0.07692307692307693,0.025641025641025644,18.3,2.986965811965812,0.6032051282051282,0.5882478632478633
P00380,female,blitz,12,2477.25,0.2371794871794872,3.389516733266733,58.9423076923077,16.99358974358974,0.05769230769230769,0.05769230769230769,16.916666666666668,2.6858974358974357,0.4935897435897436,0.5448717948717948
P00380,female,bullet,81,2463.9753086419755,0.28512865735087956,2.6731802148468815,56.52135395468729,17.251652873875095,0.07970876859765749,0.037321937321937323,17.466666666666665,2.8290756568534343,0.5829105051327274,0.5812078867634424
P00380,female,rapid,7,2244.714285714286,0.3882783882783883,2.3915275200989483,53.19291819291819,16.056166056166056,0.0866910866910867,0.02197802197802198,22.666666666666668,2.4786324786324783,0.6837606837606838,0.5201465201465202
P00381,female,blitz,57,2014.8245614035088,0.2788454722665249,2.9805270752639172,59.20022526206737,17.68930499325236,0.08702749492223177,0.03396311291048133,18.096153846153847,2.8918851129377448,0.5849459507354244,0.5816133671396829
P00381,female,rapid,2,2007.0,0.19230769230769232,2.9571428571428573,57.15384615384615,15.23076923076923,0.0,0.0,19.5,3.0384615384615383,0.6153846153846154,0.6538461538461539
P00383,female,bullet,100,2232.71,0.245,2.8432193362193363,57.27621794871795,17.438846153846153,0.09698717948717948,0.07,11.673684210526316,2.9460897435897437,0.5775641025641025,0.5271794871794873
P00384,female,blitz,97,2546.134020618557,0.23684150900645745,3.337034357395182,59.22007477059024,18.302641516559042,0.06063970393867302,0.03728333522147955,16.761363636363637,2.9776566217287868,0.5172180053623353,0.5172444394093879
P00384,female,bullet,3,2408.6666666666665,0.23076923076923075,2.6,56.51282051282052,17.76923076923077,0.025641025641025644,0.05128205128205129,13.0,2.7692307692307696,0.5641025641025641,0.5641025641025641
P00391,female,blitz,31,2320.9032258064517,0.2492417976288944,3.217563887725178,58.96829335539013,18.105045492142267,0.05817480011028398,0.027295285359801493,14.833333333333334,3.194099807003033,0.6145574855252275,0.5365315687896334
P00391,female,bullet,69,2352.304347826087,0.27369993130862696,2.8046359035489474,57.972122563426915,17.54169819713298,0.07136442462529419,0.038462946071641725,14.075757575757576,3.1903691316734792,0.6023104512234947,0.5685517381169555
P00393,female,blitz,35,2337.3142857142857,0.2745873967302539,3.162420119562977,58.41286832215403,17.368960563246276,0.07972265829408687,0.030952380952380957,18.82758620689655,2.95223815866673,0.5875608518465661,0.5839929118500548
P00393,female,bullet,60,2481.9666666666667,0.2708903133903134,2.685496494246494,58.441627492877494,17.60843660968661,0.0660434472934473,0.02629985754985755,15.5,2.9607122507122505,0.601937321937322,0.5594301994301994
P00393,female,rapid,5,2371.0,0.3230769230769231,2.5644444444444447,55.72307692307693,17.53846153846154,0.046153846153846156,0.0,14.4,2.5384615384615383,0.6461538461538462,0.6461538461538462
P00395,female,blitz,45,1854.2888888888888,0.30616506949840283,2.6943077293077295,58.243773633773635,17.21200034533368,0.07953897953897954,0.026400759734093067,18.951219512195124,2.824354657687991,0.6129344729344729,0.557302080635414
P00398,female,blitz,40,2547.5,0.23076923076923078,3.1177290764790766,57.894230769230774,17.286538461538463,0.08076923076923077,0.026923076923076928,13.552631578947368,3.0903846153846155,0.575,0.5326923076923077
P00399,female,blitz,24,1924.2916666666667,0.2647829022829023,3.3751488095238096,58.89639041514042,17.126555389055387,0.10406491656491657,0.04610042735042735,18.63157894736842,2.7667728105228107,0.5880032005032005,0.5226817164317165
P00399,female,bullet,26,1831.2307692307693,0.29881656804733725,2.7876068376068375,59.92307692307692,17.72485207100592,0.11538461538461539,0.05621301775147929,15.958333333333334,2.9437869822485205,0.6005917159763313,0.5295857988165681
P00399,female,rapid,50,1953.0,0.22771128871128873,3.3710808080808077,59.34134976134977,17.24779997779998,0.08853235653235654,0.048056166056166055,19.73913043478261,3.0182415362415362,0.5112233322233323,0.5517773337773337
P00404,female,bullet,100,2027.28,0.27692307692307694,2.8351727994227995,57.4165064102564,17.044839743589744,0.08096153846153847,0.027051282051282054,14.742268041237113,3.265288461538461,0.6133653846153846,0.5503525641025641
P00406,female,blitz,60,1958.3833333333334,0.24831326081326083,3.4502657527657528,60.2963480963481,17.88236531986532,0.0754985754985755,0.03518518518518519,20.916666666666668,2.96987826987827,0.5362632737632738,0.5400964775964776
P00406,female,bullet,1,1634.0,0.38461538461538464,2.6,60.0,19.153846153846153,0.07692307692307693,0.0,13.0,3.0,0.9230769230769231,0.6153846153846154
P00406,female,rapid,4,2043.75,0.38461538461538464,2.8625,55.82692307692308,16.692307692307693,0.019230769230769232,0.019230769230769232,18.333333333333332,3.0769230769230766,0.6153846153846154,0.5961538461538461
P00407,female,bullet,100,1975.34,0.2522187257187257,3.083261904761905,60.175824009324,17.978162198912198,0.10359498834498834,0.0516462703962704,17.54945054945055,2.8870454545454542,0.5355827505827506,0.507469696969697
P00408,female,blitz,100,2275.72,0.2530734265734266,3.0408639138639137,59.00271153846153,17.91997902097902,0.08041958041958042,0.03538461538461539,19.232558139534884,2.8838566433566433,0.5452762237762238,0.583006993006993
P00411,female,blitz,3,1926.3333333333333,0.3333333333333333,3.216666666666667,60.3076923076923,17.307692307692307,0.15384615384615385,0.07692307692307693,9.333333333333334,3.7179487179487176,0.6410256410256411,0.5897435897435898
P00415,female,blitz,3,2130.6666666666665,0.25641025641025644,2.0677248677248676,55.692307692307686,15.461538461538462,0.10256410256410257,0.0,23.0,2.5128205128205128,0.5128205128205128,0.5641025641025642
P00415,female,bullet,97,1752.639175257732,0.27157558935909454,3.044942428705315,58.20387799485738,17.2319942085406,0.07419376156489559,0.03971715569653714,20.012345679012345,2.7435266623410954,0.5750006007737967,0.5826610674548819
P00416,female,blitz,22,2405.318181818182,0.2118881118881119,3.621663059163059,59.76048951048951,18.227272727272727,0.07447552447552448,0.03601398601398602,18.38095238095238,2.9566433566433563,0.5031468531468531,0.4993006993006993
P00416,female,rapid,1,1717.0,0.38461538461538464,2.9,59.0,18.153846153846153,0.0,0.0,10.0,2.3846153846153846,0.8461538461538461,0.6923076923076923
P00419,female,blitz,69,2407.913043478261,0.2642140468227425,3.1627192488765377,59.07079152731326,17.25975473801561,0.09587513935340022,0.03344481605351171,18.19047619047619,3.009197324414716,0.5588071348940914,0.5693979933110368
P00419,female,bullet,30,2221.5333333333333,0.24935897435897436,2.823970658970659,57.93589743589744,17.149358974358975,0.05897435897435898,0.041666666666666664,18.0,2.9709401709401706,0.5319444444444444,0.5564102564102564
P00419,female,rapid,1,2103.0,0.38461538461538464,1.6,67.84615384615384,17.53846153846154,0.15384615384615385,0.07692307692307693,23.0,3.0,0.7692307692307693,0.6923076923076923
P00421,female,blitz,52,2134.6923076923076,0.25228617536309844,3.146375846375846,58.97015644611799,17.764411870181103,0.07592007351622737,0.03938609467455622,17.444444444444443,2.894298009682625,0.5930439752555137,0.5383718845257307
P00421,female,rapid,48,1643.5416666666667,0.29682921245421245,3.007397637085137,58.35599816849817,17.859900284900284,0.07475579975579975,0.029861111111111113,17.761904761904763,2.7421067358567357,0.6531097374847376,0.5945296601546601
P00423,female,blitz,76,2636.7368421052633,0.2212381916329285,3.189441260493892,61.83839406207828,18.81317476383266,0.09126180836707153,0.04967948717948718,14.605633802816902,3.0239541160593792,0.5123144399460189,0.4757085020242915
P00423,female,bullet,24,2468.0416666666665,0.2654532967032967,3.0207341269841272,57.795825702075696,17.25175518925519,0.08314255189255189,0.025641025641025644,17.736842105263158,3.097985347985348,0.6056166056166056,0.5567384004884005
P00427,female,blitz,99,2545.4343434343436,0.23941336441336442,3.191078001684062,59.877849002849004,18.244560994560995,0.09880859880859881,0.04843304843304843,16.741573033707866,2.7856772856772856,0.5553613053613053,0.528943278943279
P00427,female,bullet,1,2585.0,0.15384615384615385,3.0,66.3076923076923,19.692307692307693,0.07692307692307693,0.07692307692307693,35.0,1.7692307692307692,0.6153846153846154,0.46153846153846156
P00429,female,bullet,100,2285.17,0.31520143745143747,2.7392139249639254,57.279938034188035,16.90438442113442,0.07454700854700855,0.032435897435897434,16.26595744680851,2.9736394716394714,0.6643442113442113,0.6011371406371406
P00431,female,rapid,6,1474.1666666666667,0.25641025641025644,3.4195868945868946,64.37179487179488,19.23076923076923,0.11538461538461538,0.08974358974358976,17.333333333333332,2.9871794871794872,0.5128205128205128,0.5
P00434,female,blitz,16,2014.75,0.24754273504273505,3.396329365079365,60.93007478632479,18.407852564102566,0.0625,0.028846153846153848,21.4,2.752938034188034,0.5577991452991453,0.5352029914529914
P00434,female,bullet,1,2004.0,0.38461538461538464,2.3333333333333335,50.61538461538461,15.23076923076923,0.0,0.0,19.0,2.230769230769231,0.6923076923076923,0.6923076923076923
P00434,female,rapid,1,2112.0,0.38461538461538464,2.5,51.30769230769231,14.0,0.15384615384615385,0.07692307692307693,,1.5384615384615385,0.6153846153846154,0.5384615384615384
P00437,female,blitz,98,2059.612244897959,0.22886297376093295,3.5229657830498167,58.880690737833596,17.711258129625477,0.06514913657770802,0.04552590266875981,17.978947368421053,3.1355685131195337,0.5276967930029155,0.4979816102265082
P00437,female,rapid,2,2062.5,0.11538461538461539,4.166666666666667,61.11538461538461,17.03846153846154,0.038461538461538464,0.038461538461538464,15.5,3.9230769230769234,0.46153846153846156,0.34615384615384615
P00438,female,blitz,10,1822.4,0.3087801087801088,2.9383333333333335,56.71204351204351,16.6975912975913,0.09370629370629371,0.04755244755244755,18.555555555555557,2.8892773892773893,0.6058275058275058,0.5714063714063714
P00438,female,bullet,90,1609.7555555555555,0.2683566433566434,3.0083165599832267,59.3363625571959,17.578338945005612,0.07451437451437452,0.03176638176638177,16.470588235294116,3.2770050936717605,0.5552188552188552,0.5693969610636277
P00444,female,blitz,82,1420.5365853658536,0.3139526124282222,2.607388343363953,56.49427151439347,16.912584806792125,0.07444994030359885,0.036585365853658534,18.51388888888889,2.7818942236625164,0.6397352985767619,0.5861883374078496
P00444,female,rapid,1,1890.0,0.4,3.0,46.8,14.6,0.2,0.0,,1.8,1.0,1.0
P00449,female,blitz,57,2699.2982456140353,0.21970310391363024,3.118714716083137,60.212415654520925,18.01174089068826,0.09217273954116059,0.04318488529014845,17.24074074074074,2.8257759784075573,0.5002699055330634,0.5116059379217274
P00449,female,bullet,32,2384.59375,0.22896634615384617,3.2293610035797538,59.909334935897434,18.666546474358974,0.07712339743589744,0.03385416666666667,17.15625,3.02724358974359,0.5209134615384615,0.5137019230769231
P00449,female,rapid,11,2309.4545454545455,0.22377622377622378,3.1949330972058245,59.95104895104895,18.496503496503497,0.06993006993006994,0.03496503496503497,13.5,3.104895104895105,0.5384615384615384,0.5034965034965034
P00451,female,blitz,54,2218.3703703703704,0.2501780626780627,3.244510582010582,58.77285137701805,17.67497625830959,0.06885090218423552,0.03418803418803419,14.866666666666667,3.2142687559354224,0.5732431149097815,0.5705128205128205
P00451,female,bullet,1,1958.0,0.23076923076923078,2.6666666666666665,59.07692307692308,17.846153846153847,0.0,0.0,,2.3076923076923075,0.6153846153846154,0.46153846153846156
P00452,female,bullet,99,1987.7171717171718,0.271667389849208,2.860398215701246,58.459575637605944,16.908672107914533,0.09386797265585145,0.04621741894469167,24.12162162162162,2.691117552481189,0.5710284384526809,0.5444434914131884
P00452,female,rapid,1,1255.0,0.38461538461538464,2.25,59.15384615384615,18.307692307692307,0.3076923076923077,0.23076923076923078,11.0,3.3846153846153846,0.6153846153846154,0.5384615384615384
P00455,female,blitz,4,2114.0,0.25,3.053571428571429,62.40384615384615,18.423076923076923,0.019230769230769232,0.019230769230769232,14.666666666666666,2.9423076923076925,0.5192307692307693,0.46153846153846156
P00455,female,bullet,5,1974.4,0.23076923076923078,2.327777777777778,54.0,15.507692307692306,0.046153846153846156,0.015384615384615385,18.0,3.2615384615384615,0.5076923076923077,0.5230769230769231
P00456,female,blitz,100,2220.45,0.25117540792540793,2.9927150072150073,57.73885023310023,17.170177156177157,0.07446445221445222,0.03558857808857809,16.27659574468085,3.007103146853147,0.5726555944055944,0.5638041958041958
P00457,female,blitz,25,2608.64,0.24,3.0613429903429905,58.96,17.963076923076922,0.10153846153846155,0.04,16.08,2.9630769230769234,0.5446153846153847,0.4553846153846154
P00457,female,bullet,75,2426.866666666667,0.24555555555555558,3.312051948051948,58.71410256410257,17.886153846153846,0.08923076923076924,0.05230769230769231,11.783783783783784,3.1694871794871795,0.5741025641025641,0.49675213675213675
P00459,female,bullet,100,2357.09,0.30849145299145303,2.6599873737373736,57.53013034188034,17.41548717948718,0.08142094017094018,0.03314102564102564,19.01123595505618,2.667641025641026,0.626059829059829,0.574232905982906
P00460,female,blitz,6,2440.1666666666665,0.3333333333333333,3.0944444444444446,59.96153846153846,18.205128205128204,0.07692307692307693,0.05128205128205129,15.166666666666666,3.1025641025641026,0.6282051282051282,0.5384615384615384
P00460,female,rapid,12,2041.9166666666667,0.33867521367521364,3.4516534391534393,58.97435897435897,17.91746794871795,0.0750534188034188,0.025641025641025644,20.181818181818183,3.215277777777778,0.6324786324786325,0.5972222222222222
P00462,female,blitz,81,1906.9012345679012,0.26823745527449233,3.2721800832911945,58.314908342686124,17.366363540437614,0.09062467025429989,0.052031233512715,20.123287671232877,2.900808656364212,0.6079474709104339,0.5831270923863516
P00462,female,bullet,17,1562.0588235294117,0.28054298642533937,2.5190048513577925,57.14932126696833,16.248868778280542,0.058823529411764705,0.03619909502262444,15.266666666666667,3.4162895927601813,0.6108597285067874,0.5882352941176471
P00462,female,rapid,2,1403.5,0.3076923076923077,3.1,55.730769230769226,17.03846153846154,0.038461538461538464,0.038461538461538464,28.5,2.5769230769230766,0.8461538461538463,0.7692307692307693
P00463,female,blitz,42,2413.6428571428573,0.24129204129204132,2.881291658077372,59.77504162504163,17.746986346986347,0.060989010989010994,0.027472527472527476,17.405405405405407,2.8331002331002333,0.5230602730602731,0.5282717282717283
P00463,female,rapid,24,2056.5416666666665,0.27297008547008544,2.7392320642320644,58.760149572649574,17.51388888888889,0.08707264957264958,0.028846153846153844,19.272727272727273,2.8349358974358974,0.548611111111111,0.49412393162393164
P00464,female,blitz,96,2169.71875,0.25641025641025644,2.9982245185370187,57.725160256410255,17.159455128205128,0.09294871794871795,0.043269230769230775,15.433333333333334,3.0496794871794872,0.5528846153846154,0.5376602564102564
P00464,female,rapid,4,1988.25,0.19230769230769232,3.2732267732267735,59.26923076923077,18.307692307692307,0.07692307692307693,0.019230769230769232,13.5,3.0576923076923075,0.46153846153846156,0.38461538461538464
P00468,female,blitz,61,2421.0163934426228,0.27220848368389355,3.2939484013254505,57.20192762610795,17.04705358393883,0.08983252630793616,0.054651905471577604,17.634615384615383,2.8576260715604977,0.5354882822095937,0.5613924327039082
P00468,female,bullet,37,2379.9189189189187,0.2785984285984286,2.709292734292734,58.53683298683299,17.663545463545464,0.08641223641223642,0.04786654786654787,16.17142857142857,3.131816831816832,0.57010827010827,0.5388368388368387
P00468,female,rapid,2,2155.0,0.3076923076923077,2.7045454545454546,58.38461538461539,19.846153846153847,0.0,0.0,18.5,3.6538461538461537,0.5,0.5384615384615384
P00470,female,blitz,100,2476.34,0.23878205128205132,3.6256559967809965,58.995726495726494,18.218311965811964,0.06307692307692309,0.02544871794871795,17.242105263157896,2.870576923076923,0.5077991452991453,0.5319871794871794
P00471,female,blitz,6,1483.6666666666667,0.28632478632478636,4.053571428571428,60.05982905982906,17.735042735042736,0.16666666666666666,0.05128205128205129,14.0,3.051282051282051,0.594017094017094,0.5726495726495727
P00471,female,bullet,12,1832.6666666666667,0.2644230769230769,3.0398809523809525,57.4951923076923,17.852564102564102,0.08333333333333333,0.032051282051282055,15.090909090909092,3.171474358974359,0.5737179487179487,0.5608974358974359
P00477,female,blitz,38,2061.184210526316,0.2797524113313587,2.7186156679577733,54.907669231353445,15.918665544981335,0.0657465341675868,0.04251012145748988,15.538461538461538,2.659449030501662,0.6447888368941,0.5808177202914045
P00477,female,bullet,6,1767.5,0.3058608058608059,2.3822751322751325,55.527472527472526,16.604395604395606,0.11355311355311355,0.025641025641025644,18.4,2.836996336996337,0.7216117216117216,0.695970695970696
P00479,female,blitz,9,2611.8888888888887,0.2820512820512821,3.222053872053872,56.04273504273504,18.384615384615383,0.1111111111111111,0.008547008547008548,15.5,2.769230769230769,0.5982905982905984,0.5726495726495727
P00479,female,bullet,91,2434.010989010989,0.2562130177514793,2.8990600669172095,59.56043956043956,17.95316990701606,0.09180050718512257,0.03888419273034658,15.746835443037975,3.0716821639898564,0.5528317836010144,0.5408284023668639
P00485,female,blitz,100,2152.02,0.20897435897435898,3.5548133320927437,59.71177350427351,17.76741452991453,0.04957264957264958,0.03188034188034188,16.404255319148938,3.0819658119658118,0.5078632478632479,0.49401709401709404
P00486,female,blitz,44,2315.5454545454545,0.3162680122907396,3.116522897037603,57.43979789150244,17.704863318499683,0.07131410256410256,0.04045481034117398,15.159090909090908,2.7462187433778342,0.5963856219538038,0.5993192413646959
P00486,female,bullet,56,2449.3571428571427,0.2737931711145997,3.0486413883735315,59.14900575614861,18.11813186813187,0.08488683935112507,0.03720238095238095,13.833333333333334,3.1171180010465727,0.5805206698063842,0.5563350340136054
P00487,female,bullet,100,2735.0,0.2638482905982906,2.85794325849589,56.8886688034188,16.52534188034188,0.07493589743589743,0.04397435897435898,16.25,3.0697222222222225,0.5569615384615385,0.5251217948717949
P00488,female,blitz,10,1994.6,0.2230769230769231,3.324007936507937,61.10769230769231,18.115384615384617,0.11538461538461539,0.046153846153846156,15.8,2.9692307692307693,0.5615384615384615,0.45384615384615384
P00488,female,bullet,3,1150.6666666666667,0.33589743589743587,2.1666666666666665,54.389743589743595,16.056410256410256,0.05128205128205129,0.05897435897435898,9.5,2.605128205128205,0.6974358974358973,0.8333333333333334
P00488,female,rapid,22,1763.1818181818182,0.26427738927738925,2.9832479686089313,58.79428904428904,17.781177156177158,0.07022144522144523,0.028554778554778556,16.157894736842106,2.8706293706293704,0.5203962703962705,0.5069930069930071
P00489,female,blitz,21,2357.4761904761904,0.23443223443223443,3.8396103896103893,57.95970695970696,16.934065934065934,0.09523809523809523,0.05128205128205129,14.052631578947368,3.164835164835165,0.5567765567765568,0.5128205128205129
P00489,female,bullet,47,2135.553191489362,0.26586445469424197,2.977830739000952,59.17101249814016,17.468773248028565,0.07588156524326738,0.03764320785597382,13.148936170212766,3.291083916083916,0.5647597083767296,0.5239919654813272
P00489,female,rapid,1,1956.0,0.46153846153846156,1.7142857142857142,49.38461538461539,13.76923076923077,0.07692307692307693,0.0,27.0,2.923076923076923,0.6153846153846154,0.6153846153846154
P00490,female,blitz,34,1736.1176470588234,0.27439553910142145,3.1228646353646354,59.91305304172951,17.79053830156771,0.06576797385620915,0.02136752136752137,18.3125,3.149789752730929,0.5661393345216874,0.5411410484939897
P00490,female,bullet,1,1012.0,0.5384615384615384,2.0,56.38461538461539,18.76923076923077,0.15384615384615385,0.0,29.0,2.0,0.7692307692307693,0.5384615384615384
P00490,female,rapid,23,1974.2173913043478,0.271950271950272,2.9248400150574065,60.74526198439242,18.141160771595555,0.08110367892976589,0.04013377926421405,19.227272727272727,2.8015776494037365,0.6136363636363636,0.5225499138542616
P00496,female,blitz,91,2324.6703296703295,0.26338725377186917,3.172438641944136,59.91652898383667,17.81978598324752,0.06699070160608622,0.03486897717666949,18.5,3.1087822433976275,0.5651624017008633,0.5547657470734394
P00496,female,bullet,9,2210.777777777778,0.25213675213675213,2.9223544973544975,58.68376068376069,17.126495726495726,0.07948717948717948,0.008547008547008548,12.875,3.5846153846153848,0.6333333333333333,0.5957264957264958
P00501,female,blitz,94,1335.2659574468084,0.3005510446999809,2.828285987062583,57.301910146591,17.064292533707427,0.08136588588716248,0.02749466845211526,22.095890410958905,2.7832813463132613,0.6502487760466484,0.5903318312892781
P00501,female,rapid,2,1641.0,0.38461538461538464,2.85,58.03846153846153,17.653846153846153,0.038461538461538464,0.0,13.0,2.4230769230769234,0.6923076923076923,0.6538461538461539
P00502,female,blitz,85,1938.7411764705882,0.27225741578682755,3.1093012543012546,57.79827048768226,17.082493715434893,0.06153846153846154,0.025741578682755156,18.070422535211268,2.6778883861236804,0.6001005530417296,0.6048265460030166
P00502,female,bullet,13,1931.5384615384614,0.25443786982248523,3.278968253968254,55.35502958579882,18.142011834319526,0.03550295857988166,0.02366863905325444,16.4,2.6923076923076925,0.562130177514793,0.591715976331361
P00502,female,rapid,2,1980.0,0.34615384615384615,2.375,59.03846153846154,19.192307692307693,0.07692307692307693,0.07692307692307693,20.0,3.3461538461538463,0.6153846153846154,0.6538461538461539
P00503,female,blitz,11,2233.7272727272725,0.20202020202020202,3.3818345795618523,59.71095571095571,18.3989898989899,0.09611499611499612,0.03706293706293706,16.2,2.8545454545454545,0.5357420357420358,0.47746697746697747
P00503,female,bullet,88,2336.7954545454545,0.23819267853358764,2.88818857909767,58.60906044712863,17.334296858444585,0.06881754609027337,0.03440877304513668,16.3855421686747,3.0687877463445643,0.5597782898919262,0.5077644892985802
P00503,female,rapid,1,2123.0,0.15384615384615385,4.25,64.23076923076923,22.23076923076923,0.07692307692307693,0.0,15.0,3.1538461538461537,0.46153846153846156,0.5384615384615384
P00505,female,blitz,20,1937.55,0.2533799533799534,2.9591468253968256,60.60282634032634,18.400291375291374,0.07864219114219115,0.019230769230769232,19.31578947368421,2.728263403263403,0.5878496503496503,0.5581585081585081
P00505,female,bullet,20,2225.9,0.33098290598290603,2.53470695970696,54.85747863247864,16.477350427350427,0.05,0.03461538461538462,24.27777777777778,2.9884615384615385,0.6335470085470085,0.5814102564102563
P00505,female,rapid,1,1966.0,0.23076923076923078,1.9166666666666667,63.30769230769231,18.0,0.0,0.0,20.0,2.3076923076923075,0.5384615384615384,0.6153846153846154
P00506,female,blitz,26,2378.6153846153848,0.22781065088757396,3.731992175615657,61.68343195266272,18.95562130177515,0.07988165680473373,0.014792899408284025,16.076923076923077,2.8076923076923075,0.5059171597633136,0.47633136094674555
P00506,female,bullet,74,2280.7702702702704,0.22875480375480375,3.003666903666904,57.879776979776985,17.59110281610282,0.08527216027216027,0.04441976941976942,15.458333333333334,2.994427644427644,0.5211207711207712,0.4902649152649152
P00507,female,blitz,72,1398.388888888889,0.26632399236565907,3.1181126743626746,57.7994005608589,17.27848513369347,0.0553122032288699,0.03206018518518519,21.31578947368421,2.7157859501609503,0.5612482039565373,0.5686273602940269
P00507,female,bullet,5,1197.6,0.16307692307692306,3.35,57.99076923076923,17.66,0.10769230769230771,0.09230769230769231,21.75,2.8046153846153845,0.5969230769230769,0.5707692307692308
P00507,female,rapid,23,1647.3478260869565,0.24578947622425887,3.603726708074534,57.68831530788053,17.481049988658686,0.08151269020834238,0.04830917874396135,21.45,2.5310146375363765,0.5678373558808342,0.5388434029738377
P00508,female,blitz,10,2267.8,0.24743589743589745,3.1867216117216115,59.87692307692307,17.888461538461538,0.09358974358974359,0.038461538461538464,18.4,3.0256410256410255,0.55,0.5346153846153847
P00508,female,bullet,90,2164.7555555555555,0.2568398268398268,3.1382331248997914,60.664382284382285,18.11186258186258,0.08613830613830614,0.038119658119658124,18.72093023255814,2.8365367965367967,0.5405683205683206,0.5532334332334332
P00509,female,blitz,5,1862.6,0.3076923076923077,2.7515873015873016,59.8,18.2,0.07692307692307693,0.03076923076923077,14.666666666666666,2.9692307692307693,0.5538461538461539,0.5846153846153845
P00511,female,blitz,100,2622.6,0.2721709401709402,3.097351773226773,57.536547008547004,17.145085470085473,0.10264957264957265,0.05,17.02173913043478,3.0213076923076922,0.5735470085470086,0.5494786324786325
P00518,female,blitz,22,2033.0454545454545,0.3216783216783217,2.8768922996195725,57.74125874125875,17.807692307692307,0.07692307692307693,0.031468531468531465,17.05,2.944055944055944,0.5874125874125874,0.6223776223776224
P00518,female,bullet,40,2097.65,0.26135531135531137,2.8017804417804415,58.36863553113553,17.731272893772893,0.07371794871794872,0.02532051282051282,16.44736842105263,2.9134615384615383,0.5915750915750916,0.548992673992674
P00518,female,rapid,11,2270.7272727272725,0.27972027972027974,3.705335825790371,58.78088578088579,17.654428904428904,0.10489510489510491,0.013986013986013986,15.5,3.255244755244755,0.5751748251748251,0.5332167832167832
P00519,female,rapid,11,2033.6363636363637,0.3578643578643579,2.689935064935065,58.01698301698302,17.424131424131424,0.08391608391608392,0.02097902097902098,21.22222222222222,2.7996447996447995,0.748140748140748,0.573981573981574
P00521,female,blitz,82,2056.451219512195,0.2598475034450644,3.0724263202921738,58.28422356776015,17.183026289428728,0.1038172532074971,0.04158849280800501,17.513157894736842,2.9895976652074214,0.5961290064948602,0.547734717856669
P00521,female,bullet,5,2513.0,0.37142857142857144,2.9047619047619047,57.51868131868132,17.454945054945053,0.03076923076923077,0.015384615384615385,14.0,2.586813186813187,0.6637362637362638,0.6043956043956044
P00522,female,bullet,100,2073.73,0.2556025641025641,3.0617619047619047,59.84967521367521,17.873978632478632,0.08631196581196582,0.03473290598290599,20.819277108433734,2.704935897435897,0.5761047008547009,0.5479380341880342
P00523,female,blitz,100,2573.36,0.22692307692307692,3.0918540626040625,59.20307692307692,17.644615384615385,0.07076923076923078,0.039230769230769236,19.68041237113402,2.920769230769231,0.5053846153846154,0.5184615384615384
P00524,female,blitz,16,2127.5,0.24975024975024976,3.46663961038961,61.15802947052947,18.676386113886114,0.05288461538461539,0.004807692307692308,18.0,3.007992007992008,0.6191308691308691,0.5383991008991009
P00524,female,bullet,83,2112.879518072289,0.27876119864071675,2.8472248300561556,56.981824734836785,16.91050870147256,0.08248378127896201,0.047845227062094535,17.293333333333333,2.877582123365256,0.6016604881062713,0.5703815261044177
P00524,female,rapid,1,1865.0,0.46153846153846156,2.7777777777777777,57.92307692307692,19.46153846153846,0.0,0.0,7.0,2.3076923076923075,0.6923076923076923,0.6153846153846154
P00530,female,bullet,87,1749.2528735632184,0.2788563288563289,2.6749212154384567,57.51855114872357,17.255739056601126,0.07858616479306135,0.028719843375015788,16.29268292682927,2.954659102072895,0.6211892832582487,0.5616223176568005
P00530,female,rapid,13,2139.923076923077,0.2800788954635109,2.8776223776223775,59.8310322156476,17.953977646285338,0.10782380013149243,0.04142011834319527,17.363636363636363,2.6495726495726495,0.6101249178172256,0.5752794214332676
P00531,female,blitz,39,1837.8974358974358,0.3182501259424336,2.7641253082429555,53.85823407361868,15.990017674633059,0.04470458316612163,0.03163503163503164,21.586206896551722,2.5500496654342806,0.6126863165324704,0.6339831109061879
P00531,female,bullet,12,1809.25,0.3038461538461539,2.667361111111111,56.469764957264964,16.78963675213675,0.006410256410256411,0.02115384615384615,22.0,2.5080128205128207,0.636431623931624,0.628525641025641
P00531,female,rapid,8,2137.75,0.2848901098901099,2.8395833333333336,56.66387362637363,16.77445054945055,0.06634615384615385,0.04134615384615385,17.166666666666668,2.461813186813187,0.5947802197802198,0.6380494505494505
P00533,female,blitz,54,1751.611111111111,0.27775234025234025,3.322147502703058,58.50624437291104,17.21881081881082,0.06429249762583096,0.0379612671279338,15.7,3.098975869809203,0.5889459306125973,0.5291902541902542
P00533,female,rapid,32,1931.75,0.28665865384615385,3.256472086940837,60.27764423076923,18.713942307692307,0.05588942307692308,0.0218349358974359,16.5,2.9579326923076925,0.5370592948717949,0.5576923076923077
P00535,female,blitz,92,1917.2173913043478,0.31531403379229467,2.8506818664427356,57.31487317030795,16.934257047300527,0.07542946184250533,0.02923380966859228,18.44,2.72296399252921,0.6543679146940017,0.5919873604656213
P00535,female,bullet,8,1827.875,0.2914835164835165,3.421212121212121,59.440934065934066,17.372664835164834,0.06730769230769232,0.06730769230769232,23.0,2.502884615384615,0.6298076923076923,0.5392857142857143
P00537,female,blitz,38,1508.3947368421052,0.25023003312476993,3.4536830859199283,58.23283952889216,17.11582167832168,0.06781376518218624,0.04085388295914612,20.11111111111111,2.940482762851184,0.5338838792786161,0.599205618942461
P00537,female,rapid,7,1156.5714285714287,0.34920634920634924,2.4549319727891157,55.289377289377285,15.75946275946276,0.07692307692307694,0.02197802197802198,19.571428571428573,3.2087912087912085,0.6178266178266177,0.6324786324786326
P00538,female,blitz,55,2547.672727272727,0.22657342657342658,3.1589266289266287,58.97762237762238,17.92027972027972,0.08111888111888112,0.05174825174825175,17.604166666666668,2.9104895104895103,0.5230769230769231,0.5272727272727272
P00538,female,bullet,45,2657.822222222222,0.232983682983683,3.2396929613596277,60.746840196840196,18.515345765345767,0.09382931882931883,0.045966070966070964,19.804878048780488,2.8309634809634807,0.5311383061383061,0.5519619269619269
P00539,female,blitz,70,2302.157142857143,0.24545121545121548,3.456583327969883,59.31027972027972,18.158791208791207,0.08384615384615385,0.026373626373626374,15.818181818181818,2.953846153846154,0.5447086247086247,0.5670029970029971
P00539,female,bullet,30,2030.3666666666666,0.2902564102564103,3.0173577348577347,57.617435897435904,17.60153846153846,0.05717948717948718,0.03076923076923077,14.0,3.0817948717948718,0.5738461538461538,0.5671794871794872
P00543,female,blitz,67,2058.89552238806,0.2624718150837554,3.2865741638129697,58.62994944524795,17.60158332546392,0.07505748811718962,0.03690173839427571,17.152542372881356,2.8925915709497803,0.5893640356326925,0.5674610215654992
P00543,female,bullet,28,2002.107142857143,0.2756056443556444,2.863608018965162,56.38582042957042,17.043331668331668,0.05216658341658342,0.04995004995004996,17.5,2.9623626373626375,0.5191745754245755,0.54498001998002
P00543,female,rapid,5,2297.8,0.25,2.6533333333333333,54.50192307692307,16.446153846153845,0.046153846153846156,0.015384615384615385,18.25,2.8192307692307694,0.5365384615384615,0.5653846153846154
P00544,female,bullet,100,2461.6,0.2893006993006993,2.754212148962149,57.0506993006993,17.022657342657343,0.07090909090909092,0.039230769230769236,12.677083333333334,2.9297902097902098,0.608041958041958,0.5937062937062937
P00547,female,blitz,20,2490.5,0.25641025641025644,3.394534632034632,59.14038461538462,18.19871794871795,0.08461538461538462,0.03076923076923077,18.36842105263158,3.0506410256410255,0.5487179487179488,0.5493589743589744
P00547,female,bullet,80,2369.6875,0.27509858197358195,2.837829219391719,59.07312791375291,18.488965617715618,0.09431089743589745,0.03775495337995338,19.36231884057971,2.885839160839161,0.5394769813519813,0.5371959984459984
P00548,female,blitz,95,2452.7473684210527,0.2435357624831309,3.048823077507288,58.9502024291498,17.24430499325236,0.07174089068825912,0.04129554655870445,17.767441860465116,3.111889338731444,0.5473144399460189,0.5313765182186235
P00548,female,bullet,5,2186.8,0.23076923076923078,3.140151515151515,55.630769230769225,17.723076923076924,0.0,0.015384615384615385,8.4,3.1692307692307695,0.5230769230769231,0.43076923076923085
P00549,female,bullet,100,2003.2,0.27502564102564103,2.94547582972583,59.35876282051282,18.31824358974359,0.07557692307692308,0.02391025641025641,16.642105263157895,3.280769230769231,0.5463076923076923,0.5537435897435897
P00550,female,blitz,45,1820.111111111111,0.2513675213675214,3.2935858585858586,59.713499525166185,17.705075973409308,0.08705603038936373,0.03574548907882241,20.026315789473685,2.9489553656220324,0.5268708452041786,0.5189411206077873
P00550,female,rapid,9,1633.111111111111,0.26495726495726496,2.5373977873977873,58.24786324786325,17.641025641025642,0.05128205128205129,0.017094017094017096,19.571428571428573,2.8803418803418803,0.5213675213675214,0.6239316239316239
P00551,female,blitz,5,1483.6,0.39358974358974363,2.4433333333333334,55.71538461538462,16.15128205128205,0.07692307692307693,0.015384615384615385,24.5,2.6025641025641026,0.6743589743589744,0.6576923076923077
P00551,female,bullet,1,1479.0,0.3076923076923077,3.0,60.15384615384615,16.846153846153847,0.07692307692307693,0.07692307692307693,23.0,2.8461538461538463,0.5384615384615384,0.6923076923076923
P00551,female,rapid,94,1588.8191489361702,0.3058132175153452,3.0060493289216694,58.27564864213801,17.13544124315401,0.08801558961133431,0.04054828150572832,27.060606060606062,2.6869965141241736,0.6244183712268818,0.6111068600430303
P00557,female,blitz,61,2108.44262295082,0.22068095838587642,3.3604996096799375,57.974779319041616,17.456073980664144,0.06809583858764187,0.02648171500630517,17.16949152542373,3.0752416981925177,0.5069356872635561,0.4817150063051703
P00557,female,bullet,22,1690.3636363636363,0.2822177822177822,2.8335497835497834,58.960039960039964,17.721278721278722,0.10089910089910091,0.06193806193806194,15.772727272727273,3.0974025974025974,0.6268731268731269,0.5439560439560439
P00558,female,blitz,28,2262.0714285714284,0.23076923076923078,3.1663020511234796,59.34615384615385,17.505494505494504,0.07692307692307694,0.024725274725274724,15.5,3.043956043956044,0.5302197802197802,0.5274725274725275
P00558,female,bullet,65,2226.9846153846156,0.26003893542355083,3.1710866910866913,59.04112041804349,17.770179051717513,0.07236148466917698,0.03690155997848306,17.557377049180328,2.9402136325213246,0.5427234304157381,0.5457147980224903
P00558,female,rapid,7,2221.285714285714,0.1978021978021978,3.0138682745825602,57.791208791208796,17.131868131868135,0.03296703296703297,0.05494505494505495,14.666666666666666,2.7472527472527473,0.5384615384615384,0.4395604395604395
P00560,female,blitz,64,2266.484375,0.2620764652014652,2.93762589279593,59.807949862637365,18.16776842948718,0.08766884157509158,0.03708791208791209,17.396551724137932,2.8730969551282053,0.5516254578754579,0.5341117216117216
P00560,female,bullet,36,2041.361111111111,0.23361823361823364,3.179093514510181,59.745370370370374,18.125534188034187,0.06445868945868946,0.060007122507122514,15.972222222222221,2.98735754985755,0.5008903133903133,0.5183404558404558
P00561,female,blitz,5,2085.4,0.24615384615384617,3.356666666666667,60.84615384615385,18.43076923076923,0.07692307692307693,0.046153846153846156,16.0,3.3692307692307693,0.5538461538461539,0.41538461538461535
P00561,female,rapid,6,2121.6666666666665,0.3153263403263403,3.2731481481481484,60.17872960372961,19.007284382284382,0.08245920745920747,0.025641025641025644,14.8,3.245745920745921,0.6284382284382285,0.5056526806526807
P00562,female,blitz,29,1547.6896551724137,0.22970420384213489,3.204022988505747,58.842396109637484,17.428984808295155,0.05570291777188329,0.026525198938992044,20.392857142857142,2.878607025158749,0.5483482035206173,0.5037376416686762
P00562,female,bullet,69,1605.8695652173913,0.30397114962332356,2.5309581320450887,56.945536468362555,16.82190719908111,0.11098104793756969,0.03610182088442958,18.636363636363637,2.7465592378635857,0.6227306509915206,0.5958835850140197
P00562,female,rapid,2,1809.5,0.23076923076923078,2.9625,53.0,13.461538461538462,0.0,0.038461538461538464,31.5,3.1153846153846154,0.6538461538461539,0.5
P00564,female,blitz,8,1107.0,0.30170940170940175,2.5571428571428574,51.87660256410256,15.377991452991452,0.04700854700854701,0.03311965811965812,37.666666666666664,3.0206196581196583,0.6322649572649572,0.5795940170940171
P00564,female,rapid,3,1311.0,0.27106227106227104,2.6666666666666665,51.40659340659341,14.586080586080586,0.12087912087912088,0.0989010989010989,25.0,2.9194139194139197,0.5860805860805861,0.6117216117216117
P00566,female,blitz,100,2157.57,0.26284149184149186,3.1230357142857144,58.537814629814626,17.726363469863472,0.07590909090909091,0.03328088578088578,23.746478873239436,2.462503219003219,0.5432417582417582,0.5810369075369075
P00569,female,blitz,12,2191.3333333333335,0.21153846153846156,3.0964045214045215,59.916666666666664,18.307692307692307,0.08974358974358976,0.032051282051282055,16.90909090909091,3.2243589743589745,0.5512820512820513,0.4615384615384615
P00569,female,bullet,34,2231.0,0.2476118652589241,3.2487394957983193,59.851684263448966,17.546254399195576,0.059829059829059825,0.020361990950226245,20.181818181818183,3.1138763197586727,0.5030165912518854,0.5455002513826044
P00569,female,rapid,28,2189.214285714286,0.2052947052947053,3.5266130694702125,60.405094905094906,18.369130869130867,0.06593406593406594,0.05494505494505495,19.074074074074073,3.0906593406593403,0.49075924075924077,0.4677822177822178
P00570,female,blitz,8,1999.125,0.2980769230769231,2.9943452380952382,58.07692307692308,18.192307692307693,0.04807692307692308,0.009615384615384616,20.5,3.048076923076923,0.5480769230769231,0.5192307692307693
P00570,female,rapid,2,1172.0,0.34615384615384615,3.4375,59.07692307692308,19.307692307692307,0.0,0.038461538461538464,24.5,2.730769230769231,0.5769230769230769,0.6153846153846154
P00571,female,blitz,82,2368.670731707317,0.23334375651448824,3.425409634403537,59.61608818011257,17.684875964144258,0.07178966020429435,0.0300187617260788,17.61842105263158,3.01468105065666,0.5119032728788826,0.5303679382947676
P00571,female,bullet,18,2304.3888888888887,0.28010878010878015,2.8298072932876854,58.87218337218337,17.484848484848484,0.05205905205905206,0.017094017094017096,20.058823529411764,2.888888888888889,0.5365190365190364,0.526029526029526
P00574,female,blitz,48,2361.375,0.26220134032634035,3.255494678932179,56.592074592074596,17.047542735042736,0.07211538461538462,0.04807692307692308,16.027027027027028,2.812354312354312,0.5811844405594405,0.5433056526806527
P00574,female,bullet,1,2096.0,0.23076923076923078,2.4,48.61538461538461,16.384615384615383,0.0,0.0,,1.8461538461538463,0.7692307692307693,0.6153846153846154
P00574,female,rapid,9,2211.4444444444443,0.2606837606837607,2.857712657712658,54.91025641025641,16.873931623931625,0.05982905982905984,0.05982905982905984,24.2,2.8333333333333335,0.6047008547008548,0.5448717948717949
P00575,female,blitz,99,2455.979797979798,0.2503885003885004,3.1115119349522202,57.983294483294486,17.504921004921005,0.06138306138306139,0.022533022533022532,20.364583333333332,2.925472675472675,0.5224035224035224,0.5
P00575,female,rapid,1,1838.0,0.23076923076923078,3.0,61.61538461538461,20.46153846153846,0.0,0.0,,3.0,0.46153846153846156,0.38461538461538464
P00576,female,blitz,98,2152.6632653061224,0.2496501231195109,3.4552728450687633,58.69009853525159,17.791630450048817,0.07917974882260596,0.04779446743732458,17.231578947368423,2.9379345144651268,0.5718366384182711,0.5259532134532134
P00576,female,bullet,2,1916.0,0.42307692307692313,2.5,57.96153846153846,17.92307692307692,0.07692307692307693,0.038461538461538464,15.0,2.6538461538461537,0.6538461538461539,0.6153846153846154
P00579,female,blitz,6,1473.3333333333333,0.28797591297591296,3.1736111111111107,64.16995273245273,19.30048886298886,0.08624708624708625,0.015151515151515152,17.0,2.7661713286713288,0.5772468272468273,0.6237049987049987
P00579,female,bullet,1,1368.0,0.4,3.0,63.2,20.2,0.2,0.2,22.0,3.2,0.4,0.4
P00579,female,rapid,8,1218.5,0.29615384615384616,4.535714285714286,59.87019230769231,18.03942307692308,0.028846153846153848,0.028846153846153848,13.571428571428571,3.1634615384615383,0.5927884615384615,0.5423076923076923
P00580,female,blitz,62,1805.1612903225807,0.27479661915145787,3.177639296187683,60.50882142051497,18.387779738182964,0.05534049284049284,0.03244761510890543,12.672131147540984,3.1155838784871044,0.5892939050197115,0.5413876446134511
P00586,female,blitz,46,2329.086956521739,0.2578705111313807,3.1414453300322864,59.88584760649978,18.097028816594037,0.08054626532887403,0.04180602006688963,19.125,3.061882199925678,0.5489814533292794,0.5616811932029323
P00586,female,bullet,2,2392.0,0.27564102564102566,2.75,60.05769230769231,18.858974358974358,0.038461538461538464,0.0,16.0,2.9551282051282053,0.641025641025641,0.6025641025641025
P00586,female,rapid,15,2159.266666666667,0.2490842490842491,2.508523328523329,57.888003663003666,17.388919413919414,0.0717948717948718,0.05054945054945055,23.5,3.0016483516483516,0.5354395604395604,0.5342490842490842
P00587,female,blitz,64,1882.84375,0.24366258741258742,3.2398303417375107,58.84932255244755,17.930397727272727,0.0777972027972028,0.04447115384615385,17.913793103448278,2.8382867132867133,0.5029501748251748,0.526333041958042
P00587,female,rapid,36,2000.1944444444443,0.23480531813865146,3.6816971064520083,58.77089268755935,17.813627730294396,0.04154795821462488,0.01495726495726496,19.735294117647058,2.680436847103514,0.501661918328585,0.5242165242165242
P00594,female,blitz,63,1977.984126984127,0.26559525130953704,3.1056723259104215,58.471177764034906,17.490122179407894,0.07765382765382767,0.032934657934657934,16.51851851851852,2.8619044976187835,0.5921111956826243,0.5892520178234464
P00594,female,bullet,22,1983.7727272727273,0.24937310164582893,3.019245148790603,59.009469696969695,17.80250935932754,0.12650985378258106,0.06512237762237762,16.1,2.943495267358904,0.5498075157166066,0.5771526453344635
P00594,female,rapid,15,1940.4666666666667,0.35085470085470083,2.9269312169312167,56.43589743589744,17.460897435897436,0.05448717948717949,0.020512820512820513,14.923076923076923,2.714031339031339,0.690883190883191,0.6712250712250712
P00599,female,blitz,43,2482.3488372093025,0.22201635573728598,4.013716064297459,59.90173779708664,17.68182979810887,0.07334525939177103,0.046511627906976744,17.86111111111111,3.110337337081523,0.5373754152823921,0.5383337592639919
P00599,female,bullet,57,2536.719298245614,0.20181864918707024,3.4398008911166804,58.60420281472913,17.38093631514684,0.07001478054109633,0.06337960285328706,17.46,3.08219266114003,0.5427029111239637,0.5045144913565967
P00600,female,blitz,100,1945.54,0.2718305860805861,2.9851893939393936,58.18075815850816,17.651972527472527,0.08758333333333333,0.043358974358974366,14.136842105263158,2.9312675657675658,0.5998529803529804,0.599205710955711
P00603,female,blitz,45,2191.1555555555556,0.24774928774928778,3.0784303350970017,60.747996201329535,18.521405508072174,0.09511870845204179,0.03418803418803419,18.30952380952381,2.8967521367521365,0.5495156695156695,0.5190883190883191
P00603,female,bullet,55,1917.8909090909092,0.2745609945609946,2.824744851108487,60.85476301476301,18.13880341880342,0.09292929292929294,0.03636363636363636,19.148936170212767,2.8112820512820513,0.5278632478632479,0.5534731934731935
P00606,female,blitz,95,2235.5684210526315,0.27509180877601935,3.134248284802301,57.26087923772135,17.19950599108494,0.06027890238416554,0.0340080971659919,14.114942528735632,3.0285110211426,0.5793931214983846,0.5691874207663682
P00606,female,bullet,5,2148.2,0.2923076923076923,2.8132828282828286,55.969230769230776,15.461538461538462,0.07692307692307693,0.03076923076923077,14.0,3.2615384615384615,0.5846153846153846,0.6153846153846154
P00614,female,blitz,62,2606.4193548387098,0.26177183032021745,2.933639917166957,57.470060853125375,17.28699929103155,0.04973118279569893,0.027295285359801493,16.089285714285715,2.9992762613730357,0.5532907952262791,0.5632458938910552
P00614,female,bullet,26,2563.923076923077,0.2412886259040105,2.9634768009768013,58.50830046022354,17.267011834319526,0.07716962524654833,0.04487179487179487,18.75,3.042735042735043,0.5487343852728468,0.5484878369493754
P00614,female,rapid,12,2066.0833333333335,0.25213675213675213,3.925836894586894,59.37606837606838,17.394764957264957,0.07051282051282053,0.04487179487179488,17.363636363636363,2.8205128205128207,0.6212606837606838,0.5202991452991453
P00615,female,blitz,25,2008.32,0.29160439560439566,2.942070263070263,58.48931868131868,17.220483516483515,0.09415384615384616,0.048791208791208796,16.0,2.778285714285714,0.62610989010989,0.6090549450549451
P00615,female,rapid,4,1881.75,0.33333333333333337,2.560714285714286,59.26495726495726,18.536324786324787,0.04700854700854701,0.019230769230769232,16.333333333333332,2.5448717948717947,0.7051282051282051,0.561965811965812
P00616,female,blitz,66,2222.439393939394,0.2940947940947941,2.9843270365997636,56.782634032634036,17.183566433566433,0.08041958041958043,0.039627039627039624,17.272727272727273,2.708916083916084,0.5586635586635588,0.5540986790986792
P00616,female,bullet,28,2101.75,0.2889194139194139,2.580612244897959,59.16208791208792,17.90705128205128,0.07967032967032968,0.03571428571428571,16.653846153846153,2.853021978021978,0.5805860805860805,0.5673076923076923
P00616,female,rapid,6,2009.0,0.20512820512820515,2.6654761904761908,59.31282051282051,18.002564102564104,0.025641025641025644,0.038461538461538464,19.0,2.882051282051282,0.4743589743589744,0.5538461538461538
P00626,female,blitz,32,1945.40625,0.19191979895104896,3.3361379072316573,60.22974213286713,17.955244755244756,0.10380244755244755,0.06490384615384616,16.903225806451612,2.9704326923076922,0.5117733828671329,0.4859921328671329
P00626,female,rapid,5,2206.4,0.4769230769230769,2.663333333333333,60.381538461538454,17.51076923076923,0.10153846153846154,0.06615384615384616,10.0,3.2600000000000002,0.7661538461538462,0.6
P00627,female,blitz,70,2670.5,0.2496703296703297,3.3321967373625934,58.87274725274726,17.54725274725275,0.08131868131868132,0.03406593406593406,18.766666666666666,2.927912087912088,0.5564835164835166,0.5314285714285715
P00627,female,bullet,30,2512.766666666667,0.2646486846486847,2.904057239057239,59.55062937062937,17.404602064602063,0.0815917415917416,0.03892773892773893,16.035714285714285,3.138827838827839,0.5636297036297037,0.5676123876123876
P00628,female,blitz,63,2017.5396825396826,0.2787397787397788,2.5627736901546427,58.224684574684574,17.387688237688238,0.06466866466866467,0.03258038258038259,16.98181818181818,2.6032319532319534,0.5472083472083472,0.579013579013579
P00628,female,bullet,35,1970.2857142857142,0.2945054945054945,2.592046921332636,56.83516483516484,17.23076923076923,0.06153846153846155,0.026373626373626374,14.212121212121213,2.841758241758242,0.578021978021978,0.5406593406593406
P00628,female,rapid,2,2018.0,0.23076923076923078,3.5357142857142856,58.30769230769231,16.384615384615383,0.07692307692307693,0.0,22.5,3.0384615384615383,0.5384615384615385,0.38461538461538464
P00632,female,blitz,17,2180.5882352941176,0.24434389140271495,3.488620040090628,60.84162895927602,18.009049773755656,0.04524886877828055,0.013574660633484163,21.133333333333333,2.8552036199095023,0.574660633484163,0.5067873303167421
P00632,female,bullet,83,2364.9156626506024,0.2919145111916196,2.5940715241920063,57.19962166347709,17.210364434762027,0.06632574253056181,0.02402687673772011,16.83116883116883,2.809352695497274,0.6275741326946146,0.6096692464162344
P00633,female,bullet,100,2104.88,0.31572435897435897,2.549758991008991,56.97769230769231,16.859023504273505,0.06841025641025641,0.027692307692307693,17.967032967032967,2.9837905982905983,0.6290491452991452,0.5831047008547009
P00634,female,bullet,8,1602.75,0.2711538461538462,2.689583333333333,56.44423076923077,16.942307692307693,0.07692307692307693,0.009615384615384616,22.0,2.9634615384615386,0.5557692307692308,0.5807692307692308
P00636,female,blitz,45,1696.3555555555556,0.2902930402930403,2.9297851531184866,59.68799348799349,18.048371998371998,0.09273504273504274,0.03418803418803419,17.813953488372093,3.174989824989825,0.6048026048026048,0.586100936100936
P00636,female,bullet,9,1514.7777777777778,0.3835901752568419,2.144003527336861,60.0532893032893,18.826696451696453,0.07217473884140552,0.03798670465337132,19.25,2.731405939739273,0.6912069412069413,0.6300397133730468
P00636,female,rapid,38,2020.4736842105262,0.2860538584222795,3.4288486367433735,60.697501329080275,18.423593219645852,0.0875506072874494,0.04085388295914612,15.54054054054054,3.060529382897804,0.6087136547662864,0.5801997709892447
P00639,female,blitz,23,2237.8695652173915,0.24973396169048345,3.169685990338164,58.59735735279214,17.26204773487382,0.06020066889632107,0.03678929765886288,18.8,2.8132411067193677,0.5554499847978108,0.5343949528732138
P00639,female,bullet,30,2058.5,0.22789987789987792,3.345833333333333,58.35461945461945,17.3996743996744,0.07435897435897436,0.03333333333333333,18.16,3.107305657305657,0.5498778998778999,0.46776556776556777
P00640,female,blitz,67,1905.134328358209,0.28205708056454326,2.9800992125618992,58.47946282573148,17.361291444873537,0.11394774379849008,0.047072330654420215,17.25,3.026140277632815,0.6069402405223301,0.5343788052743277
P00640,female,bullet,33,2171.787878787879,0.3067599067599068,2.4515512265512265,55.71421911421911,16.472027972027973,0.06993006993006994,0.039627039627039624,15.870967741935484,3.1025641025641026,0.6736596736596736,0.5752913752913753
P00642,female,bullet,100,2642.72,0.21535547785547787,3.4449364246864245,59.10553613053613,17.94703962703963,0.06251165501165501,0.03153846153846154,18.333333333333332,2.851515151515151,0.4905710955710956,0.5037237762237762
P00646,female,blitz,7,1766.142857142857,0.26373626373626374,3.171825396825397,57.197802197802204,16.46153846153846,0.06593406593406594,0.06593406593406594,22.5,2.956043956043956,0.5714285714285714,0.5384615384615384
P00648,female,blitz,72,1810.861111111111,0.26230077792577794,3.1172105672105674,58.422083510625185,16.94585025314192,0.07372854768688103,0.039886039886039885,18.791044776119403,2.882240830157497,0.5687797927381261,0.5792976313809647
P00648,female,bullet,17,1418.2941176470588,0.26523150052561817,2.8452380952380953,58.38178161707574,16.688925453631335,0.13273001508295626,0.04273504273504274,20.5,2.4717765894236483,0.6031811325928973,0.5884638237579415
P00648,female,rapid,11,1860.0,0.30069930069930073,2.6314246359700904,56.66433566433566,16.88811188811189,0.06993006993006994,0.027972027972027972,26.555555555555557,2.6013986013986017,0.6363636363636364,0.6713286713286714
P00649,female,blitz,58,2238.7758620689656,0.21382066209652417,3.655507662835249,58.07454614351166,17.612564159977953,0.07540735126942025,0.04666023631540873,16.98076923076923,3.1134727341623893,0.5043447931378966,0.49263667367115643
P00649,female,bullet,6,1897.8333333333333,0.21794871794871795,3.383134920634921,58.76923076923077,16.871794871794872,0.06410256410256411,0.05128205128205129,11.8,3.5384615384615383,0.6025641025641025,0.4615384615384615
P00649,female,rapid,17,1923.235294117647,0.2579185520361991,2.758424246891739,57.796380090497735,17.144796380090497,0.08144796380090498,0.05429864253393665,14.625,2.9683257918552037,0.574660633484163,0.5203619909502263
P00653,female,blitz,13,1671.1538461538462,0.2682445759368836,3.232187257187257,57.50756081525313,17.194608809993426,0.07692307692307693,0.04733727810650888,16.416666666666668,3.356344510190664,0.5450361604207757,0.5811965811965811
P00653,female,bullet,20,1619.4,0.2796703296703297,3.1555357142857146,58.396153846153844,17.93131868131868,0.07692307692307693,0.019230769230769232,15.263157894736842,3.0373626373626372,0.5478021978021979,0.5791208791208791
P00653,female,rapid,5,1887.6,0.35862470862470863,2.821904761904762,57.00559440559441,18.548368298368295,0.046153846153846156,0.015384615384615385,22.4,2.6560606060606062,0.6841491841491842,0.5501165501165501
P00654,female,blitz,100,2344.84,0.2385192307692308,3.357118131868132,58.92088461538461,17.65905769230769,0.05863461538461538,0.03461538461538462,15.774193548387096,3.0061538461538464,0.5585769230769231,0.5273269230769231
P00655,female,blitz,79,2190.8481012658226,0.24362220058422593,3.181349768375085,59.365725413826674,17.63300876338851,0.062317429406037,0.02921129503407985,18.35135135135135,3.018987341772152,0.5702044790652386,0.5426484907497565
P00655,female,bullet,21,2109.9523809523807,0.2979242979242979,3.107048374905518,59.151709401709404,18.16117216117216,0.08180708180708181,0.040293040293040296,18.0,3.116605616605617,0.5760073260073261,0.565018315018315
P00657,female,blitz,55,2265.0545454545454,0.27132867132867133,2.9935320235320235,58.65361305361305,17.17925407925408,0.11328671328671329,0.04195804195804196,18.11627906976744,3.096270396270396,0.5808857808857809,0.5363636363636364
P00657,female,bullet,38,2058.3947368421054,0.2694838056680162,3.097834548492443,58.25860323886639,16.980263157894736,0.061993927125506075,0.0465587044534413,16.6,3.2163461538461537,0.5270748987854251,0.5756578947368421
P00657,female,rapid,7,1938.7142857142858,0.2107892107892108,4.10969387755102,58.5984015984016,17.800199800199803,0.05694305694305695,0.02197802197802198,16.857142857142858,3.240759240759241,0.4455544455544455,0.4675324675324676
P00658,female,blitz,30,2521.5333333333333,0.26666666666666666,3.002693695193695,60.151282051282045,17.638461538461538,0.08461538461538462,0.025641025641025644,18.428571428571427,2.974358974358974,0.5897435897435898,0.5538461538461539
P00658,female,bullet,70,2418.4142857142856,0.25384615384615383,3.1648162295221116,57.9967032967033,16.951648351648352,0.07142857142857142,0.03626373626373627,20.50793650793651,2.7285714285714286,0.5417582417582418,0.5318681318681319
P00661,female,blitz,100,2457.8,0.2768632478632479,3.0502819435466493,60.07646153846154,17.965641025641027,0.07441880341880341,0.027264957264957267,19.46153846153846,2.7073418803418803,0.56691452991453,0.5641538461538462
P00662,female,blitz,8,2071.25,0.23557692307692307,2.8339330808080807,61.806089743589745,18.177083333333332,0.10657051282051283,0.028846153846153848,17.5,2.90625,0.5400641025641025,0.49919871794871795
P00662,female,bullet,90,2097.4444444444443,0.27411292411292415,2.687790234456901,57.64353794353794,17.221361046361046,0.10585340585340587,0.0671069671069671,11.213483146067416,3.233145558145558,0.5828736078736079,0.5189523439523439
P00662,female,rapid,2,1423.5,0.19230769230769232,2.75,62.42307692307692,19.807692307692307,0.11538461538461539,0.038461538461538464,19.5,2.769230769230769,0.5384615384615385,0.5769230769230769
P00663,female,blitz,57,2222.2982456140353,0.24373784110626218,3.352759569864833,62.16579736053421,18.92218541692226,0.08137651821862349,0.03643724696356276,18.53846153846154,2.900943062785168,0.545707362812626,0.5133146093672409
P00663,female,bullet,41,2309.8536585365855,0.26995565410199557,2.9308582339070144,60.590027858320546,18.035021888680426,0.0791119449656035,0.024390243902439025,16.05263157894737,2.783216783216783,0.6152709079538349,0.5722894991187675
P00663,female,rapid,2,2164.0,0.15384615384615385,3.8125,67.11538461538461,21.57692307692308,0.11538461538461539,0.038461538461538464,15.5,2.6923076923076925,0.6153846153846154,0.3076923076923077
P00664,female,blitz,94,2021.340425531915,0.2636641727067259,3.0844634679741065,59.170494635388245,18.25090243680669,0.07434533551554828,0.03297872340425532,20.390243902439025,2.5463788870703765,0.5665299534980386,0.5641304912581508
P00664,female,bullet,6,1716.5,0.2820512820512821,3.142956349206349,61.230769230769226,18.461538461538463,0.10256410256410257,0.025641025641025644,19.333333333333332,2.6666666666666665,0.576923076923077,0.5128205128205129
P00665,female,blitz,100,2035.94,0.2357051282051282,3.1551449383949386,60.72660256410257,18.186410256410255,0.10076923076923076,0.03461538461538462,17.94736842105263,3.197820512820513,0.5426282051282051,0.5341666666666667
P00666,female,blitz,34,2257.735294117647,0.23392636774989717,3.7500574588809883,58.327049910873434,17.427022487316606,0.06847319347319347,0.029411764705882353,19.87878787878788,3.012762237762238,0.5277320718497189,0.5153297682709448
P00666,female,bullet,23,2278.478260869565,0.29088303001346477,2.6082988267770877,58.90526864439908,17.680232810667594,0.12448421144073318,0.06080875646093038,21.666666666666668,2.856578204404291,0.6105633496937845,0.5491465056682447
P00668,female,rapid,1,1081.0,0.5,3.5,60.25,17.5,0.0,0.0,20.0,3.5,0.75,0.75
P00669,female,blitz,96,2754.4375,0.2615565857753358,3.1202375893782146,57.85267857142858,17.347079136141634,0.07675614316239317,0.03452190170940171,18.06896551724138,2.9705671932234434,0.5601915445665445,0.5712091727716727
P00669,female,rapid,4,2552.25,0.19230769230769232,4.052083333333334,54.94230769230769,16.596153846153847,0.09615384615384616,0.038461538461538464,23.333333333333332,2.6538461538461537,0.40384615384615385,0.44230769230769235
P00671,female,blitz,6,2273.0,0.2724358974358974,3.8611111111111107,56.88247863247864,17.772435897435898,0.07905982905982906,0.012820512820512822,24.5,2.8087606837606836,0.5993589743589743,0.6367521367521367
P00671,female,bullet,94,2173.6702127659573,0.2892973752016305,2.7624749364111065,55.54911114299412,16.59660268809205,0.07647760041377064,0.0435521924883627,17.825,2.9742431917963836,0.6068370164114845,0.5846376436801969
P00672,female,blitz,46,2304.108695652174,0.2630992196209588,3.039577994469299,60.22185061315496,18.056577480490525,0.10535117056856189,0.04515050167224081,17.945945945945947,3.1973244147157187,0.544593088071349,0.4972129319955407
P00673,female,blitz,7,1943.0,0.23076923076923078,3.195779220779221,58.560439560439555,17.46153846153846,0.1208791208791209,0.06593406593406594,15.833333333333334,3.0659340659340657,0.6043956043956044,0.4395604395604396
P00673,female,bullet,17,1882.1176470588234,0.25622171945701355,3.355765639589169,60.277149321266975,18.584276018099548,0.07239819004524888,0.04072398190045249,20.866666666666667,3.021493212669683,0.5559954751131222,0.5735294117647058
P00673,female,rapid,5,1364.6,0.23076923076923078,3.611904761904762,57.58461538461538,16.46153846153846,0.07692307692307693,0.046153846153846156,23.6,2.7846153846153845,0.5230769230769231,0.6615384615384616
P00674,female,blitz,11,1923.0,0.35454545454545455,3.4402794175521447,56.8020979020979,17.486713286713286,0.0993006993006993,0.04195804195804196,15.777777777777779,2.715384615384615,0.6629370629370629,0.6195804195804195
P00674,female,bullet,89,2001.6179775280898,0.31196581196581197,3.1005444617804168,58.306669547680784,17.725669835782195,0.09326803034668205,0.027657735522904063,15.211764705882352,3.0058628637280327,0.6475991549025256,0.5784740228560453
P00675,female,blitz,29,1906.6896551724137,0.27430002947244325,3.322617995031788,60.73460064839376,18.531270262304744,0.10424403183023874,0.04854111405835544,20.125,2.97438844680224,0.5594459180666077,0.5291777188328912
P00676,female,blitz,100,2151.7,0.27052991452991454,3.130397408147408,58.41643772893772,17.296513736263737,0.06686538461538462,0.025384615384615387,18.651162790697676,2.8943559218559223,0.5800039682539683,0.5578766788766789
P00677,female,bullet,100,2299.28,0.2714629814629815,2.9748652736152734,59.393664113664116,18.12659618159618,0.08916749916749918,0.02989010989010989,17.31111111111111,3.141746031746032,0.5591713841713841,0.53992895992896
P00678,female,blitz,100,2212.93,0.2529940892440893,3.1531620185370186,59.31174883449883,17.77020337995338,0.08894338994338995,0.0414005994005994,14.989583333333334,3.1560278055278053,0.5725381285381286,0.5376294538794538
P00681,female,blitz,22,2384.590909090909,0.25524475524475526,2.7910107569198477,57.58741258741259,16.944055944055943,0.08041958041958043,0.031468531468531465,16.61111111111111,3.1223776223776225,0.548951048951049,0.5664335664335665
P00684,female,blitz,93,2170.52688172043,0.24772476627315337,3.1818513624965234,58.896998521192074,17.502289645838033,0.061345464571271026,0.020747173972980426,17.31111111111111,3.078398751785848,0.5444206331303105,0.5580902072837557
P00684,female,bullet,1,1971.0,0.3076923076923077,2.6666666666666665,60.53846153846154,16.23076923076923,0.07692307692307693,0.0,16.0,2.8461538461538463,0.5384615384615384,0.5384615384615384
P00684,female,rapid,6,2078.5,0.2820512820512821,3.0287444037444033,57.756410256410255,17.41025641025641,0.10256410256410257,0.038461538461538464,24.2,2.8846153846153846,0.5512820512820512,0.42307692307692313
P00685,female,blitz,100,2533.52,0.22456410256410259,3.31395527511704,59.89208974358974,18.135602564102566,0.07012820512820513,0.045384615384615384,19.47826086956522,2.833038461538462,0.5342051282051282,0.47852564102564105
P00690,female,blitz,6,2016.3333333333333,0.2820512820512821,2.8666971916971917,59.52564102564102,17.91025641025641,0.08974358974358976,0.025641025641025644,11.333333333333334,3.4871794871794872,0.5897435897435898,0.5897435897435898
P00690,female,bullet,89,2215.2808988764045,0.2670071501532176,2.8534097924547366,56.37948456038344,16.820645085251826,0.06015557476231634,0.032843560933448576,14.073170731707316,3.211377386658285,0.5623949084623242,0.5531468531468532
P00690,female,rapid,5,2077.4,0.23076923076923078,2.6226190476190476,57.55384615384615,15.938461538461539,0.046153846153846156,0.0,17.0,3.8307692307692305,0.5384615384615385,0.5846153846153846
P00692,female,blitz,67,1939.641791044776,0.24273781773781777,3.4775119159447514,60.48175046346688,18.574495239420614,0.07157171187021934,0.028883057241266198,18.81967213114754,3.0171300092941884,0.5495494969375566,0.5348056172683038
P00692,female,bullet,33,2095.090909090909,0.23125485625485626,3.0812125584852854,59.968790468790466,18.268356643356643,0.07925407925407925,0.03496503496503497,14.129032258064516,3.0955710955710956,0.5043058793058793,0.5479797979797979
P00701,female,blitz,77,1912.1948051948052,0.2671474989656808,3.0984941465460945,58.51303418803419,17.786375493193674,0.07281733418097056,0.03296703296703297,20.907692307692308,2.49738443374807,0.5629332788423698,0.5701164996619542
P00701,female,bullet,17,1893.0,0.2579185520361991,3.392337237925473,55.873303167420815,16.638009049773757,0.12669683257918554,0.04524886877828055,20.933333333333334,2.6470588235294117,0.5656108597285068,0.5520361990950227
P00701,female,rapid,6,1775.8333333333333,0.2435897435897436,2.7738603988603985,57.03846153846155,17.0,0.05128205128205129,0.025641025641025644,20.2,2.5641025641025643,0.4358974358974359,0.4871794871794872
P00702,female,blitz,97,1683.319587628866,0.2841287864483741,3.0705241207818528,59.11250668003245,17.828128286375712,0.06636519265385245,0.03588421887390959,21.0,2.9282016093871763,0.5661469401160123,0.5694827223177739
P00702,female,rapid,3,1989.0,0.20512820512820515,3.4583333333333335,59.333333333333336,16.94871794871795,0.025641025641025644,0.0,20.0,3.2820512820512824,0.5641025641025641,0.4871794871794872
P00704,female,blitz,29,1782.1724137931035,0.26694665487768937,3.165525949146639,59.78219864426761,18.073312702623046,0.07714412024756853,0.032051282051282055,18.5,2.9185823754789273,0.550913645741232,0.5601237842617153
P00704,female,bullet,4,1876.5,0.25,2.6107142857142858,58.88461538461539,17.192307692307693,0.09615384615384616,0.038461538461538464,14.5,3.5,0.6538461538461539,0.5576923076923077
P00704,female,rapid,67,1847.089552238806,0.2877144000278329,3.0406511813228234,58.91876862772385,17.456563047234688,0.0608017604286261,0.024205893608878683,21.90566037735849,2.858468438692319,0.58002064270721,0.5809904440501455
P00708,female,blitz,42,2296.214285714286,0.24302364302364304,3.4518017035874182,58.719180819180814,17.920013320013318,0.08491508491508493,0.04212454212454213,18.486486486486488,2.8351648351648353,0.5928737928737929,0.5024975024975026
P00708,female,bullet,43,2262.186046511628,0.26699463327370304,3.019790093627303,57.36091234347049,17.235539654144304,0.09302325581395349,0.046511627906976744,13.552631578947368,3.21824686940966,0.5825879546809779,0.5216159809183065
P00708,female,rapid,15,2183.133333333333,0.15384615384615385,3.8253703703703708,59.52307692307692,17.56923076923077,0.0923076923076923,0.041025641025641026,22.142857142857142,2.9846153846153842,0.48717948717948717,0.4512820512820513
P00709,female,blitz,62,1603.1129032258063,0.2876682457327619,3.290503090099864,58.18582224227386,18.121316139058074,0.08926109732561345,0.0461864300573978,18.410714285714285,2.442777652455072,0.552577888061759,0.5342607213574955
P00709,female,bullet,24,1210.4166666666667,0.33993783993783994,2.5424603174603173,57.230315980315986,17.734848484848484,0.0775058275058275,0.016025641025641028,18.136363636363637,2.6353276353276356,0.6200789950789951,0.5525123025123025
P00709,female,rapid,14,1887.7857142857142,0.26587301587301587,3.1932256235827663,57.38186813186813,18.113247863247864,0.11080586080586081,0.022435897435897436,23.083333333333332,2.5563186813186816,0.5523504273504274,0.5038156288156288
P00710,female,bullet,100,1575.31,0.2731905594405595,2.837238095238095,58.17775174825175,17.12034906759907,0.10232342657342658,0.06219522144522145,18.763440860215052,3.076157925407925,0.5845419580419581,0.565939393939394
P00711,female,blitz,100,1692.42,0.2903048618048618,3.13464010989011,58.15299067599068,18.322109640359642,0.07778205128205128,0.034435897435897436,21.271604938271604,2.5201665834165836,0.569441724941725,0.5565864135864136
P00712,female,blitz,100,1361.42,0.2833797313797314,2.9389732212232214,57.85908638583639,17.191050172050172,0.064490342990343,0.023666666666666666,19.253012048192772,2.768258991008991,0.5415081862581863,0.5844291264291265
P00715,female,blitz,100,1904.85,0.2544928404928405,3.1878752913752915,58.975576645576645,17.881192585192583,0.06704395604395605,0.028034188034188036,20.40449438202247,2.8865256965256965,0.5332537462537463,0.5154141414141414
P00716,female,blitz,3,1182.6666666666667,0.4102564102564103,2.8095238095238098,63.794871794871796,19.94871794871795,0.05128205128205129,0.025641025641025644,20.333333333333332,2.58974358974359,0.6666666666666666,0.5128205128205128
P00718,female,blitz,22,1620.0454545454545,0.2780885780885781,3.3810966810966807,58.25920745920746,17.61095571095571,0.08496503496503496,0.05,19.11764705882353,2.7385780885780884,0.5250582750582751,0.5322843822843824
P00718,female,bullet,27,1703.962962962963,0.3046058879392213,2.457110790444124,56.55531813865147,16.72673314339981,0.08515352959797405,0.045584045584045586,16.19047619047619,2.7040202595758154,0.6117442228553339,0.5550015827793606
P00718,female,rapid,3,2003.0,0.22344322344322345,3.685185185185185,60.934065934065934,17.684981684981683,0.05128205128205129,0.07692307692307693,14.666666666666666,2.937728937728938,0.5494505494505494,0.47985347985347987
P00719,female,bullet,13,2003.3846153846155,0.31360946745562135,2.8868131868131863,58.72781065088758,17.62130177514793,0.09467455621301776,0.0,12.333333333333334,3.289940828402367,0.5088757396449703,0.5384615384615384
P00719,female,rapid,1,1946.0,0.36363636363636365,3.3333333333333335,69.18181818181819,19.09090909090909,0.0,0.0,9.0,3.090909090909091,0.6363636363636364,0.5454545454545454
P00721,female,blitz,54,1883.1851851851852,0.26058231891565226,3.3521814091258535,60.10232884399551,17.660618291173847,0.09216524216524216,0.03810109643442977,24.0,2.576969121413566,0.5581477164810499,0.5974344585455696
P00721,female,bullet,46,1845.391304347826,0.26198439241917504,3.004505458309806,60.50167224080267,17.95819397993311,0.10033444816053513,0.048494983277591976,23.264705882352942,2.644370122630992,0.5529542920847269,0.5429208472686734
P00722,female,blitz,13,1964.1538461538462,0.2800788954635109,3.435497835497835,57.81656804733727,17.715976331360945,0.15384615384615385,0.07363576594345825,18.846153846153847,2.679815910585141,0.5575279421433268,0.5154503616042078
P00725,female,blitz,25,1943.96,0.26513153513153515,3.4211904761904766,58.17396603396603,17.574892884892886,0.06735042735042734,0.04752136752136752,19.17391304347826,2.8578410478410476,0.597037407037407,0.5805538905538906
P00725,female,bullet,16,1826.25,0.27403846153846156,3.0442956349206347,55.54807692307693,16.408653846153847,0.06730769230769232,0.03365384615384616,17.125,3.125,0.6057692307692308,0.5240384615384616
P00725,female,rapid,3,1847.6666666666667,0.2717948717948718,2.515873015873016,54.938461538461546,15.035897435897434,0.11794871794871796,0.09230769230769231,13.5,2.8871794871794876,0.7538461538461538,0.7435897435897436
P00729,female,blitz,82,2638.182926829268,0.24279683730903245,3.3451525777745292,59.27956088626821,17.708713034932547,0.08638211382113822,0.0450281425891182,18.256756756756758,2.990674975431073,0.5598365049584562,0.551337889752524
P00729,female,bullet,18,2628.0555555555557,0.2760683760683761,3.1950040700040696,59.831196581196586,17.754273504273506,0.042735042735042736,0.03418803418803419,17.529411764705884,3.2756410256410255,0.6085470085470086,0.5594017094017094
P00731,female,blitz,3,1371.0,0.19088319088319086,3.3703703703703702,61.72079772079772,18.35897435897436,0.025641025641025644,0.025641025641025644,14.5,2.1481481481481484,0.49572649572649574,0.5726495726495726
P00731,female,bullet,58,1482.4655172413793,0.2876657824933687,3.0141774891774893,58.73882257589154,17.31929708222812,0.05141467727674624,0.0302534630120837,18.50943396226415,2.7257589154140875,0.5618037135278514,0.5617226643088713
P00731,female,rapid,39,1772.0,0.28507560815253125,3.127939652939653,59.21685294762218,17.612535612535613,0.06627218934911243,0.030462415077799693,18.02857142857143,2.827525750602674,0.5767258382642998,0.5942581634889327
P00734,female,blitz,51,2058.0,0.26860231271995977,3.379683497330556,60.42760180995475,18.23340874811463,0.07151835093011565,0.022624434389140274,17.14,2.9790095525389644,0.5832076420311715,0.5403469079939668
P00734,female,bullet,33,1950.5757575757575,0.31524031524031526,2.8643644234553327,60.00643800643801,18.076812076812075,0.07858807858807859,0.025641025641025644,17.129032258064516,2.9696969696969697,0.658008658008658,0.5693195693195694
P00734,female,rapid,16,2152.4375,0.24381868131868134,3.251618867243867,61.24381868131868,18.35576923076923,0.08104395604395605,0.019230769230769232,16.466666666666665,3.061813186813187,0.6071428571428572,0.4752747252747253
P00736,female,rapid,4,1633.25,0.2857142857142857,2.761904761904762,56.472527472527474,16.043956043956044,0.057692307692307696,0.019230769230769232,26.333333333333332,2.771978021978022,0.6401098901098901,0.6208791208791209
P00739,female,blitz,20,1967.8,0.25,2.6368470418470418,57.86538461538462,17.39230769230769,0.08076923076923077,0.026923076923076928,16.6,3.103846153846154,0.5307692307692308,0.5076923076923077
P00739,female,bullet,13,1797.076923076923,0.29500414115798734,2.837301587301587,61.60972360972361,18.484959484959486,0.07100591715976332,0.0381328073635766,14.0,3.0784856169471553,0.5498006267237037,0.5620960236344852
P00739,female,rapid,1,1477.0,0.5384615384615384,2.0,55.69230769230769,16.923076923076923,0.15384615384615385,0.07692307692307693,14.0,3.3076923076923075,1.0,0.5384615384615384
P00740,female,blitz,86,2743.4302325581393,0.2652944923293761,2.9959131364911116,58.70170827234781,17.8286482896948,0.08923876511085814,0.041544695614463056,18.835616438356166,2.7409402612890985,0.589650078603567,0.6240161001788909
P00740,female,bullet,14,2686.3571428571427,0.2252747252747253,2.6971088435374146,60.21585557299843,18.42778649921507,0.09340659340659341,0.043171114599686033,17.916666666666668,2.8131868131868134,0.5156985871271585,0.6106750392464678
P00742,female,blitz,18,2304.8333333333335,0.26495726495726496,3.3535433702100366,59.92307692307692,17.61111111111111,0.07692307692307693,0.017094017094017096,20.11764705882353,3.094017094017094,0.5555555555555556,0.5427350427350428
P00742,female,bullet,82,2156.4024390243903,0.26258700648944555,3.4803906459394263,60.81260284431016,18.470531501019305,0.08017368810051737,0.04613679003922907,21.318840579710145,2.8123699471260446,0.534452133232621,0.5195885415397611
P00743,female,blitz,54,2163.685185185185,0.31956315289648624,2.9338427086234105,57.658507439062994,16.94675925925926,0.08586973725862615,0.03858024691358025,19.27659574468085,3.217695473251029,0.6254194365305475,0.5683206710984489
P00743,female,bullet,42,2265.5,0.25395252895252896,2.826727505298934,57.86346708846709,17.012078662078665,0.11368261368261369,0.04477004477004477,14.228571428571428,3.3518703518703523,0.6103701853701854,0.5685647685647686
P00743,female,rapid,4,1956.5,0.3653846153846154,2.7714285714285714,58.55769230769231,16.884615384615387,0.15384615384615385,0.09615384615384616,14.666666666666666,2.9423076923076925,0.7115384615384616,0.5961538461538461
P00745,female,blitz,54,2132.722222222222,0.23884078884078885,3.032547288102844,56.9971583971584,17.055668405668406,0.05293040293040293,0.018518518518518517,16.66,2.921726421726422,0.5713046213046213,0.5772264772264772
P00745,female,bullet,23,1897.1304347826087,0.24617411573933315,3.089370412196499,57.532954967737574,16.982703287051113,0.06898415594067768,0.026755852842809368,17.434782608695652,3.0724637681159424,0.6045403871490828,0.5713996148778758
P00749,female,blitz,39,1790.179487179487,0.27175253521407366,3.38959003959004,60.17233827426135,17.98162741816588,0.08407297830374755,0.04265285996055227,19.032258064516128,2.8294712410097023,0.6037709441555595,0.5822913553682785
P00749,female,bullet,51,1831.450980392157,0.3090330149153679,2.838953258070905,57.02622758505112,16.855832076420313,0.07893413775766717,0.04700854700854701,23.58139534883721,2.723981900452489,0.6176889559242501,0.5873973521032344
P00749,female,rapid,10,1868.1,0.3887820512820513,2.859423558897243,59.681089743589745,17.110576923076923,0.09711538461538463,0.058653846153846154,25.125,2.7442307692307693,0.7067307692307693,0.628525641025641
P00754,female,blitz,23,2407.7391304347825,0.2845849802371542,2.8102409667627057,59.13529948312557,17.38096685922773,0.09030100334448161,0.030100334448160536,14.652173913043478,2.833079963514746,0.5767710550319246,0.5579203405290362
P00754,female,bullet,39,1955.4358974358975,0.30717658409966103,2.5083916083916082,56.59495803341957,16.970206716360565,0.095767480382865,0.02958579881656805,15.35135135135135,3.2190211497903807,0.6343033035340728,0.5408369408369408
P00754,female,rapid,3,1742.0,0.20512820512820515,2.46031746031746,57.07692307692307,16.076923076923077,0.12820512820512822,0.07692307692307693,18.0,3.0,0.5897435897435898,0.6153846153846154
P00756,female,blitz,63,2003.1746031746031,0.30504680504680504,2.781959839102696,57.70658662325329,17.06990231990232,0.1100936100936101,0.04151404151404151,18.942307692307693,2.844458011124678,0.6134004884004883,0.6107889024555692
P00756,female,bullet,37,1852.081081081081,0.30435105435105436,2.783611208611209,56.088431838431845,16.55858330858331,0.10365310365310365,0.04930204930204931,16.38235294117647,2.9584199584199586,0.6368428868428868,0.594074844074844
P00759,female,blitz,50,2333.02,0.25744405594405595,3.0453852813852813,57.645280885780885,17.39397668997669,0.08175407925407926,0.027523310023310023,16.5,2.723121212121212,0.5993578088578089,0.5678986013986014
P00759,female,bullet,50,2040.64,0.253974358974359,2.9222222222222225,56.525897435897434,17.194871794871794,0.07256410256410256,0.04807692307692309,15.068181818181818,3.079102564102564,0.5911538461538461,0.5608974358974359
P00761,female,rapid,26,1319.076923076923,0.32938856015779094,2.717750305250305,55.93565088757396,16.007642998027613,0.08062130177514794,0.03279092702169625,15.954545454545455,3.4943998309382924,0.6616300366300366,0.5764652014652015
P00762,female,blitz,10,2039.3,0.3021367521367521,3.2179761904761905,58.90021367521367,18.137820512820515,0.08153846153846153,0.05076923076923077,19.0,2.723717948717949,0.5782478632478633,0.5986324786324786
P00762,female,bullet,38,1142.421052631579,0.3695456590193432,2.7434656717551453,58.91115609536662,17.667116509221774,0.0931174089068826,0.03036437246963563,18.45945945945946,3.086144849302744,0.6522717049032839,0.5739991003148898
P00762,female,rapid,50,1621.52,0.27370629370629374,3.305808080808081,59.606307692307695,18.37967365967366,0.088993006993007,0.03258741258741259,18.952380952380953,2.799268065268065,0.5795944055944056,0.5864662004662005
P00763,female,blitz,36,1410.7777777777778,0.290752072002072,2.7347302388969057,56.4468401968402,16.288607226107228,0.04326923076923077,0.026976495726495728,15.705882352941176,2.840998661831995,0.6355337563670898,0.5967398342398342
P00763,female,bullet,48,1031.4583333333333,0.3225936679061679,2.8229948292448293,56.74892896455396,16.011756935194434,0.06244276556776557,0.016450563325563328,16.08695652173913,2.879785839160839,0.6337778540903541,0.5637545903170903
P00764,female,blitz,11,1749.8181818181818,0.3146853146853147,3.142568542568543,62.16550116550116,18.652680652680655,0.04895104895104896,0.027972027972027972,18.2,2.951048951048951,0.6153846153846154,0.5734265734265734
P00764,female,rapid,89,1908.9550561797753,0.2579243166321818,3.0085976133728938,59.60024990614879,17.926315663113414,0.06897737094366307,0.03754921732449822,18.038961038961038,2.942005622342701,0.5947240337689776,0.5614088159031979
P00765,female,blitz,100,2289.4,0.27623776223776225,2.764349761349761,57.104060994560996,17.026400155400157,0.09347435897435898,0.05859712509712509,20.294871794871796,2.742228826728827,0.5829063714063715,0.5727909867909868
P00767,female,blitz,33,2267.4242424242425,0.2634032634032634,2.847203638112729,58.79254079254079,17.76923076923077,0.09324009324009325,0.037296037296037296,17.178571428571427,3.0466200466200464,0.5710955710955711,0.5734265734265734
P00767,female,bullet,19,2086.7894736842104,0.3410931174089069,2.508093952830795,59.79554655870445,18.34716599190283,0.10526315789473684,0.04048582995951417,14.11111111111111,3.0738866396761133,0.6467611336032388,0.541497975708502
P00768,female,blitz,5,1712.8,0.24615384615384617,2.550793650793651,53.92307692307693,16.96923076923077,0.03076923076923077,0.0,19.8,3.3230769230769233,0.5230769230769231,0.4769230769230769
P00768,female,bullet,87,1896.1494252873563,0.2627186032358446,2.978875052150914,58.59767020973917,17.661759696242456,0.10183064062374408,0.029730327144120248,17.31645569620253,3.0049910179220523,0.6011936658488383,0.557769816390506
P00768,female,rapid,8,1993.5,0.1826923076923077,3.279491341991342,58.88461538461539,18.038461538461537,0.07692307692307693,0.04807692307692308,15.5,3.144230769230769,0.47115384615384615,0.4903846153846154
P00769,female,blitz,78,2607.1794871794873,0.24946004849851006,3.2024225774225776,58.25218798295722,17.356372473680164,0.08347891424814502,0.039694280078895465,18.138461538461538,2.815264649880034,0.5597298001144154,0.5438438698054083
P00769,female,bullet,22,2538.5454545454545,0.24329836829836832,2.9386626000262366,58.29341491841492,18.18385780885781,0.0777972027972028,0.04924242424242425,16.761904761904763,3.0142773892773893,0.5372960372960374,0.5416666666666666
P00770,female,blitz,100,1983.39,0.28392540792540794,2.9367004384504383,58.42093473193473,17.470763403263405,0.09769114219114221,0.05842307692307693,15.43157894736842,3.2647435897435897,0.6043566433566433,0.5440710955710956
P00772,female,blitz,65,1597.9076923076923,0.2904632120016736,3.321442446442447,58.62809873886797,17.29595122825892,0.0693491124260355,0.031339429800968266,14.049180327868852,3.1733751718367103,0.5850481142788835,0.5533751718367103
P00772,female,bullet,1,1464.0,0.23076923076923078,3.25,63.15384615384615,19.615384615384617,0.07692307692307693,0.0,9.0,2.923076923076923,0.46153846153846156,0.6153846153846154
P00772,female,rapid,34,1738.8529411764705,0.30240527446409804,3.5735440213381393,57.712193198957905,17.607761437908497,0.04159125188536954,0.020361990950226245,18.0,2.6438536953242835,0.5921591480415009,0.587694821518351
P00773,female,blitz,5,2546.4,0.31153846153846154,2.3184615384615386,54.87307692307693,16.1,0.046153846153846156,0.05,14.5,2.6884615384615382,0.5423076923076924,0.6423076923076924
P00773,female,bullet,95,2640.4736842105262,0.24686623318202267,3.1160028860028857,55.91345151924099,16.779130168077536,0.08192409929252034,0.045204678362573095,16.34090909090909,2.8157469431153643,0.5524495971864393,0.5524283319020161
P00774,female,blitz,100,2388.2,0.23902991452991454,3.225624584565761,57.96258547008547,17.23169658119658,0.0708974358974359,0.03035897435897436,11.846938775510203,3.2060726495726493,0.5485854700854701,0.5574316239316239
P00777,female,blitz,68,1975.6617647058824,0.27004404908816676,3.105615932270344,59.8452677224736,18.08877176744824,0.09511346496640616,0.03979843685726039,21.694915254237287,2.744458727546963,0.5261475044563281,0.5487976484300013
P00777,female,bullet,8,1885.75,0.2403846153846154,2.963541666666667,59.54807692307693,17.846153846153847,0.07692307692307693,0.04807692307692308,21.625,3.019230769230769,0.4903846153846154,0.5192307692307693
P00777,female,rapid,24,1984.6666666666667,0.2926240426240426,3.088916060791061,59.56156343656344,17.69459706959707,0.09411421911421912,0.028846153846153844,20.42105263157895,2.720154845154845,0.5921162171162171,0.6011488511488511
P00778,female,blitz,43,1803.2325581395348,0.26114002276792975,3.0479407866035775,59.1226486691603,17.862759979039048,0.07493540051679587,0.04551778970383622,15.651162790697674,3.093271715364738,0.617295495202472,0.5596438445275655
P00778,female,bullet,7,1654.0,0.2967032967032967,2.5569727891156466,56.417582417582416,16.153846153846153,0.05494505494505495,0.02197802197802198,15.833333333333334,3.087912087912088,0.6593406593406594,0.5494505494505495
P00778,female,rapid,1,1785.0,0.46153846153846156,4.0,56.69230769230769,14.692307692307692,0.07692307692307693,0.0,14.0,2.769230769230769,0.6153846153846154,0.7692307692307693
P00779,female,blitz,90,1644.4888888888888,0.273307001640335,2.957752525252525,55.37239877406544,16.648996805663472,0.06353146853146853,0.0407964257964258,18.829268292682926,2.814908486575153,0.5628127428127427,0.5092074592074591
P00779,female,bullet,10,1587.2,0.24871794871794872,3.8975,58.16752136752136,18.397435897435898,0.09572649572649573,0.05726495726495726,21.7,2.7333333333333334,0.47948717948717945,0.4752136752136752
P00781,female,blitz,56,2098.910714285714,0.2805966355073498,3.0207271894771894,59.075346082488934,17.5626291862899,0.08893859117073402,0.03296703296703297,18.48,2.886687271062271,0.6098022513201086,0.5657562675419818
P00781,female,bullet,12,2137.0833333333335,0.2948717948717949,2.8368235930735928,61.205128205128204,18.80128205128205,0.09615384615384616,0.025641025641025644,15.0,3.0769230769230766,0.5576923076923077,0.5641025641025641
P00781,female,rapid,6,1607.5,0.2435897435897436,2.7113095238095237,55.03846153846154,16.46794871794872,0.038461538461538464,0.0405982905982906,21.666666666666668,2.8952991452991452,0.702991452991453,0.5576923076923077
P00783,female,bullet,100,2314.93,0.2727895437895438,2.8808287545787543,57.2748305028305,17.237088744588746,0.08334265734265735,0.032742424242424246,22.17283950617284,2.9119720279720283,0.5540479520479521,0.5473961038961039
P00785,female,blitz,100,2224.98,0.24129137529137532,3.2223692696192696,59.56932575757576,18.708638111888114,0.08605769230769232,0.041538461538461545,16.440860215053764,2.7432237762237763,0.5395996503496504,0.5266491841491842
P00787,female,blitz,40,2189.925,0.26346153846153847,2.8441799173049174,59.77692307692307,17.838461538461537,0.09423076923076924,0.028846153846153848,15.84375,3.0153846153846153,0.5807692307692307,0.5596153846153846
P00787,female,rapid,3,2011.0,0.17948717948717952,2.692255892255892,60.641025641025635,17.128205128205128,0.10256410256410257,0.05128205128205129,13.0,3.4615384615384612,0.5641025641025641,0.5641025641025641
P00788,female,blitz,35,2383.5142857142855,0.1956959706959707,3.5610918446632733,60.05888278388279,18.162271062271063,0.059340659340659345,0.04835164835164836,17.15625,2.941300366300366,0.44981684981684983,0.4951465201465201
P00788,female,bullet,59,2269.64406779661,0.23424598000869187,2.7352410301562844,58.81431986093003,17.29019991308127,0.09256844850065189,0.056062581486310305,17.545454545454547,2.831703607127336,0.5220556279878313,0.5386788352890048
P00788,female,rapid,6,2080.6666666666665,0.32112332112332115,2.5714285714285716,52.1062271062271,16.387667887667888,0.038461538461538464,0.13247863247863248,27.0,1.8131868131868132,0.6941391941391942,0.6056166056166056
P00789,female,blitz,100,2654.61,0.2698119658119658,2.8501095571095574,57.35459615384615,17.18763247863248,0.09771367521367522,0.04006410256410256,16.5531914893617,2.9336068376068374,0.5627414529914531,0.5736111111111112
P00790,female,blitz,100,2084.18,0.2744832944832945,2.9742554112554114,58.73842074592075,17.789978632478633,0.0872465034965035,0.04796037296037296,17.46987951807229,2.9701787101787103,0.5840938228438228,0.5638354700854701
P00793,female,blitz,100,2784.72,0.25910714285714287,3.1288239538239537,59.649780219780226,17.794381868131868,0.08326923076923076,0.02125,18.66315789473684,2.9724038461538465,0.5670467032967033,0.5678983516483517
P00795,female,blitz,37,2246.0810810810813,0.2730752730752731,3.0910621660621658,58.47708147708148,17.41919941919942,0.07962907962907964,0.03389103389103389,17.84375,2.993069993069993,0.5918225918225918,0.551991551991552
P00798,female,blitz,76,1388.3947368421052,0.30675461234671764,2.6737558859269384,57.18644327164064,17.2611503627951,0.08612235717498877,0.042701304543409806,15.0,2.950574717679981,0.6490025690683585,0.5614854078669868
P00798,female,rapid,10,1542.0,0.24523809523809526,2.5210317460317464,57.385897435897434,16.98406593406593,0.09184981684981686,0.053846153846153856,14.5,3.1025641025641026,0.5895604395604396,0.4715201465201465
P00799,female,blitz,82,2071.5243902439024,0.27437413534974514,2.7168618377058684,56.20705033448936,17.033505789603353,0.05996835143176607,0.03298936835522202,15.287671232876713,2.7232853867000206,0.5907683779634999,0.568310212822408
P00799,female,bullet,16,1891.625,0.2419871794871795,2.7979145854145853,56.265491452991455,16.737713675213676,0.03365384615384616,0.03579059829059829,15.4,2.918269230769231,0.48664529914529914,0.5080128205128205
P00799,female,rapid,2,2206.5,0.3076923076923077,2.246153846153846,54.19230769230769,17.384615384615387,0.0,0.0,16.5,2.576923076923077,0.6153846153846154,0.5769230769230769
P00802,female,blitz,53,1961.5471698113208,0.2510659152168586,3.1410092528017057,59.934280813526094,17.622999641867565,0.09605488850771869,0.053493676135185575,18.08,3.173057131547697,0.5971274009009858,0.533470303281624
P00802,female,bullet,25,1943.52,0.28615384615384615,2.8944239028944914,57.37230769230769,16.843076923076925,0.11692307692307694,0.04,14.173913043478262,3.28,0.6738461538461539,0.5323076923076924
P00802,female,rapid,22,1983.409090909091,0.2508644133644134,3.1137265512265513,58.03499417249417,17.061421911421913,0.11745337995337995,0.06034382284382284,16.68421052631579,3.045843045843046,0.602573815073815,0.5575854700854701
P00806,female,rapid,1,2210.0,0.3076923076923077,2.6,61.23076923076923,19.692307692307693,0.07692307692307693,0.0,28.0,3.0,0.8461538461538461,0.6923076923076923
P00809,female,bullet,95,2452.021052631579,0.241209667525457,3.0026879793752856,57.908067721751934,17.344558949822108,0.07072751809593915,0.06006624953993375,14.362637362637363,3.3996466691203535,0.514781008465219,0.5162532204637468
P00809,female,rapid,5,2290.6,0.14102564102564102,4.322857142857143,64.51410256410256,20.097435897435897,0.06282051282051282,0.03076923076923077,18.6,3.08974358974359,0.4576923076923077,0.43717948717948724
P00810,female,blitz,100,2353.96,0.254010989010989,3.0022843413896045,57.65,17.281007326007327,0.08296703296703298,0.036923076923076927,20.066666666666666,2.7565476190476192,0.5609432234432234,0.5645421245421245
P00814,female,blitz,93,2349.8817204301076,0.2573728541470477,3.2257262749198232,60.21563397773075,17.959442439281148,0.08653517927711478,0.03893254296480103,20.734939759036145,2.874009950622854,0.5310783899493577,0.525214182472247
P00814,female,rapid,7,2385.714285714286,0.2087912087912088,3.6582663368377655,61.53846153846154,18.23076923076923,0.0989010989010989,0.0989010989010989,24.142857142857142,2.857142857142857,0.4395604395604396,0.4945054945054945
P00815,female,blitz,88,2427.693181818182,0.25095911033411034,3.4952164628300992,59.75858343045843,18.322006118881117,0.09079982517482518,0.055130633255633256,17.8875,2.8666836635586637,0.546571484071484,0.5712048368298368
P00815,female,bullet,12,2004.5,0.27913752913752915,2.8139880952380953,54.981351981351985,16.702797202797203,0.08333333333333333,0.05128205128205129,18.0,2.645104895104895,0.6002331002331002,0.5763403263403263
P00817,female,blitz,97,2311.979381443299,0.2560798308220989,3.1521454490526657,58.34770684641819,17.510329103885805,0.07302405498281787,0.034661644197726674,14.089887640449438,3.063263283108644,0.5656621728786677,0.5687681734073486
P00817,female,bullet,3,2117.0,0.25641025641025644,2.9007936507936507,62.256410256410255,19.076923076923077,0.025641025641025644,0.0,8.666666666666666,3.051282051282051,0.5641025641025641,0.5128205128205129
P00819,female,blitz,26,2517.846153846154,0.2366863905325444,3.710694967425737,60.78402366863906,18.547337278106507,0.10059171597633136,0.0621301775147929,15.115384615384615,3.1420118343195265,0.5502958579881657,0.5473372781065089
P00819,female,rapid,1,2385.0,0.0,10.0,61.75,18.75,0.0,0.0,16.0,4.0,0.25,0.5
P00820,female,blitz,100,2553.91,0.24263997113997113,3.220720418470419,58.48400693750694,17.469495421245423,0.07657081807081807,0.05065934065934066,15.849462365591398,2.9929816849816846,0.5418780386280386,0.5283475968475969
P00827,female,blitz,43,2329.186046511628,0.28264371287627105,3.217502265176684,58.2902833600508,17.41223117967304,0.07006559332140727,0.025193798449612406,19.536585365853657,2.9681055378729795,0.5957976132394738,0.5748321445995864
P00827,female,bullet,57,2217.6666666666665,0.3033169072642757,2.7957507404875828,57.61273361141782,17.592237830395725,0.10439687018634389,0.04477978162188689,17.20754716981132,3.106365953734375,0.6004300767458662,0.6166653035074088
P00828,female,blitz,51,1691.8039215686274,0.3029266485148838,3.098479897009309,59.40032761356291,17.779483588307116,0.07457683928272164,0.03167420814479638,22.227272727272727,2.7593854946796124,0.6187317584376408,0.5889358462887875
P00828,female,bullet,1,1333.0,0.23076923076923078,3.6666666666666665,59.61538461538461,18.384615384615383,0.07692307692307693,0.07692307692307693,11.0,4.0,0.6153846153846154,0.6923076923076923
P00828,female,rapid,22,1655.1818181818182,0.262937062937063,3.0025599400599403,59.526923076923076,18.808041958041958,0.06993006993006994,0.04650349650349651,20.095238095238095,2.744755244755245,0.5751748251748251,0.5388111888111888
P00829,female,blitz,79,1965.3544303797469,0.27489008881413945,3.172336559361876,59.61720220707562,17.747432946800036,0.0945715676728335,0.04655808326694403,18.80821917808219,2.8416747809152874,0.561693369921218,0.5313283762650852
P00829,female,bullet,21,1843.0,0.24936914936914936,3.1564683993255422,57.079242979242984,17.348962148962148,0.07326007326007326,0.04395604395604396,17.88888888888889,3.0771265771265774,0.5286121286121286,0.583964183964184
P00832,female,blitz,92,2509.5978260869565,0.2533898468681077,3.279067068197503,58.66519772498034,17.64666191296626,0.08760557075774467,0.03794593088071349,19.703703703703702,2.856575067444633,0.5259301688649515,0.5253579753579753
P00832,female,bullet,7,2296.714285714286,0.1547619047619048,4.144897959183673,60.985347985347985,18.786630036630036,0.1675824175824176,0.07875457875457877,15.714285714285714,2.901098901098901,0.543956043956044,0.45329670329670335
P00832,female,rapid,1,2000.0,0.23076923076923078,2.727272727272727,60.53846153846154,20.153846153846153,0.07692307692307693,0.07692307692307693,10.0,3.0,0.6923076923076923,0.46153846153846156
P00833,female,blitz,42,1897.8095238095239,0.2501831501831502,3.164589775304061,60.47985347985348,18.136263736263736,0.0902930402930403,0.056776556776556776,20.642857142857142,2.9575091575091577,0.5386446886446886,0.5166666666666666
P00833,female,bullet,4,2217.5,0.17307692307692307,4.050054112554113,59.11538461538461,18.46153846153846,0.057692307692307696,0.057692307692307696,24.5,2.769230769230769,0.5192307692307692,0.46153846153846156
P00836,female,blitz,11,2513.4545454545455,0.23706293706293707,3.212004662004662,58.66503496503496,17.525174825174826,0.07692307692307693,0.04895104895104896,20.545454545454547,2.772727272727273,0.5209790209790209,0.5328671328671329
P00836,female,rapid,89,2343.561797752809,0.2672467981456746,3.2408218186308075,58.92476624499096,17.358941620177575,0.08560540583012494,0.038343678793117,18.011904761904763,2.9346468138602972,0.5553940441580891,0.5616209633063566
P00837,female,blitz,44,1894.7954545454545,0.22256216006216006,3.7864628427128424,58.561383061383054,17.605914918414918,0.08386752136752137,0.022727272727272728,22.852941176470587,2.9405594405594404,0.5671620046620046,0.5583721833721834
P00837,female,bullet,13,1735.4615384615386,0.35207100591715973,2.4731990231990233,56.825443786982255,17.43491124260355,0.04142011834319527,0.01183431952662722,18.8,3.0532544378698225,0.5532544378698225,0.5857988165680473
P00838,female,blitz,100,1998.03,0.24890870240870241,3.189764346764347,59.79661954711955,18.176284715284716,0.06715700965700966,0.03328088578088578,17.615384615384617,2.7621130536130534,0.5229893994893995,0.5184656454656456
P00839,female,blitz,30,2410.0333333333333,0.2438644688644689,2.9894444444444446,56.41996336996337,16.73021978021978,0.09706959706959709,0.0684981684981685,17.2,2.851602564102564,0.5430402930402931,0.4949633699633699
P00840,female,blitz,8,2157.875,0.23076923076923078,3.306547619047619,61.67307692307692,18.98076923076923,0.09615384615384616,0.04807692307692308,17.714285714285715,2.3461538461538463,0.6442307692307693,0.5384615384615384
P00840,female,bullet,92,2284.9565217391305,0.2329798824364042,2.9149183545922677,58.10553486368703,17.569340985101856,0.07386997060910104,0.029333890746934228,21.88,2.650048773690078,0.5270662308705788,0.5144547481504003
P00842,female,blitz,3,2245.0,0.25641025641025644,2.8382936507936507,54.51282051282052,16.28205128205128,0.12820512820512822,0.025641025641025644,19.0,3.256410256410257,0.5128205128205129,0.5128205128205129
P00842,female,bullet,74,2126.337837837838,0.23967923967923968,3.086451836451836,57.46965646965647,16.98943173943174,0.08405108405108405,0.06462231462231462,14.686567164179104,3.1695624195624195,0.5283635283635284,0.535986535986536
P00842,female,rapid,11,1989.0,0.3100233100233101,3.186188811188811,60.706293706293714,18.171717171717173,0.121989121989122,0.027972027972027972,18.1,2.761460761460761,0.6192696192696192,0.5508935508935509
P00843,female,blitz,100,2545.71,0.24060683760683763,3.3173961038961037,59.424521367521365,17.770726495726496,0.08538461538461538,0.03384615384615385,20.53488372093023,2.9512820512820515,0.5294786324786325,0.517940170940171
P00844,female,blitz,97,1422.8247422680413,0.279124483763659,3.073466310321981,58.73507346033119,17.555414802837483,0.08142092729721596,0.03376005437861108,15.411111111111111,3.040481969347949,0.5971005512242626,0.5484417072045938
P00844,female,bullet,1,2131.0,0.46153846153846156,5.0,57.76923076923077,16.53846153846154,0.15384615384615385,0.0,20.0,3.6153846153846154,0.6153846153846154,0.6153846153846154
P00850,female,blitz,100,2408.88,0.24992216117216118,2.980858669108669,57.49603632478633,17.561675824175826,0.06278846153846154,0.039230769230769236,18.21978021978022,2.9039590964590962,0.5484096459096459,0.5446489621489622
P00852,female,blitz,80,2519.55,0.2615370046620047,3.2787173590298595,58.3770979020979,17.927159090909093,0.07660256410256411,0.040080128205128206,16.944444444444443,3.0652185314685316,0.5551850233100233,0.5308275058275058
P00852,female,bullet,19,2284.4210526315787,0.27845254161043637,2.5893939393939394,57.084120557804766,17.5353126405758,0.060278902384165535,0.032388663967611336,12.944444444444445,3.2010796221322537,0.5492577597840755,0.5695006747638327
P00852,female,rapid,1,2059.0,0.23076923076923078,2.6666666666666665,57.53846153846154,18.53846153846154,0.07692307692307693,0.0,16.0,3.076923076923077,0.46153846153846156,0.7692307692307693
P00854,female,blitz,100,2133.94,0.29179312354312353,2.8105880230880227,57.98477972027972,17.595843822843825,0.10658216783216784,0.03461538461538462,17.096774193548388,3.1420250582750584,0.6416002331002331,0.5641689976689976
P00855,female,blitz,54,1536.0555555555557,0.2539322817100595,2.8711473197584305,56.01375219430775,16.792226292226292,0.08933658933658935,0.037037037037037035,18.195652173913043,2.855458841569953,0.5539609567387346,0.5923299951077728
P00855,female,bullet,28,1528.5357142857142,0.31026116740402454,3.1216952690166977,54.6575567289853,15.956079634651063,0.08527187098615671,0.024725274725274724,20.583333333333332,2.8761238761238763,0.5820964749536178,0.5615812758669901
P00855,female,rapid,18,2111.722222222222,0.23504273504273504,3.5817941317941315,60.188034188034194,18.538461538461537,0.08974358974358974,0.05128205128205129,19.0625,2.5213675213675213,0.5128205128205128,0.38461538461538464
P00859,female,blitz,100,1293.41,0.2837791375291376,3.0144404761904764,57.64639568764569,17.62569055944056,0.05816433566433567,0.030064102564102566,17.166666666666668,3.102287296037296,0.5795600233100233,0.5247610722610723
P00861,female,blitz,95,1695.6,0.2841295546558705,3.1334316852737905,59.4651012145749,17.34174089068826,0.10842105263157896,0.04234817813765182,17.633333333333333,3.2751417004048586,0.6101619433198381,0.5581376518218624
P00861,female,rapid,5,2102.4,0.2948717948717949,2.8033333333333332,57.120512820512815,16.171794871794873,0.07692307692307693,0.03076923076923077,19.25,3.6807692307692306,0.5897435897435898,0.6423076923076924
P00863,female,blitz,94,2121.2659574468084,0.2561374795417349,3.202213035191759,59.64939079832697,17.534483542462265,0.06501182033096928,0.03600654664484452,17.46511627906977,2.9039598108747047,0.5558737952354974,0.5301873067830515
P00863,female,bullet,6,2158.3333333333335,0.24216524216524218,3.1648809523809525,62.76638176638176,17.55982905982906,0.07692307692307693,0.03133903133903134,18.6,2.668091168091168,0.5612535612535613,0.5413105413105413
P00865,female,blitz,90,2360.7555555555555,0.2612637362637363,3.0486414511414512,58.27155067155067,17.568437118437117,0.07924297924297925,0.03577533577533577,17.705128205128204,2.986568986568987,0.5468253968253969,0.5501678876678877
P00865,female,bullet,10,1965.4,0.2846153846153846,2.5303030303030303,57.96153846153847,17.246153846153845,0.10769230769230771,0.023076923076923078,19.0,2.684615384615385,0.6153846153846154,0.6153846153846154
P00866,female,bullet,100,2192.47,0.3043811188811189,2.734826118326118,56.8795369075369,16.81413014763015,0.09794638694638697,0.04043473193473193,20.471910112359552,2.6397876845376844,0.617052836052836,0.597607226107226
P00869,female,blitz,23,2334.2608695652175,0.313570487483531,2.9746690507560074,57.23255971082058,16.768884497145365,0.06591838113577245,0.033444816053511704,11.428571428571429,3.107530151008412,0.6240752001621567,0.5612225938312895
P00869,female,bullet,77,2459.5064935064934,0.303355735173917,2.831260045870436,57.44862713044532,17.199739654285107,0.05810855810855811,0.03904428904428904,11.069444444444445,3.331002331002331,0.6016710562165107,0.5633230405957679
P00870,female,blitz,5,2412.6,0.2,2.7676190476190476,59.41538461538462,17.63076923076923,0.12307692307692308,0.046153846153846156,19.0,3.246153846153846,0.5846153846153846,0.4461538461538462
P00870,female,bullet,93,2400.2150537634407,0.27345497990659284,2.8643845103522523,58.58794896859413,17.8907419939678,0.08375107568655957,0.033154121863799284,16.136363636363637,2.9767100283229313,0.5816970365357462,0.5517503404600179
P00870,female,rapid,2,2461.5,0.3076923076923077,3.4,59.34615384615385,18.307692307692307,0.038461538461538464,0.038461538461538464,17.0,2.9615384615384617,0.5384615384615384,0.6538461538461539
P00871,female,blitz,6,1192.5,0.3087606837606838,2.9057539682539684,65.30341880341881,19.928418803418804,0.012820512820512822,0.012820512820512822,14.833333333333334,3.335470085470085,0.6474358974358975,0.6079059829059829
P00871,female,bullet,93,1601.6021505376343,0.2839806251096574,3.2589983493209296,58.90250478314994,17.77843091794705,0.09439243552146778,0.04502218211895632,16.168539325842698,3.0234624992689505,0.6031019458438813,0.5327603996958835
P00871,female,rapid,1,1175.0,0.3333333333333333,4.5,59.5,18.166666666666668,0.0,0.0,20.0,2.3333333333333335,0.5,0.8333333333333334
P00872,female,blitz,20,2320.55,0.26538461538461544,3.0668608597285067,58.62692307692307,18.365384615384617,0.12307692307692308,0.05,12.444444444444445,2.7615384615384615,0.5461538461538462,0.5269230769230769
P00872,female,bullet,47,2045.9787234042553,0.2711583924349882,2.871242823370483,58.36757592289507,17.85004546281142,0.0779050736497545,0.050318239679941805,14.840909090909092,2.573413347881433,0.5894708128750682,0.5564284415348245
P00873,female,blitz,17,2154.529411764706,0.29433311786252964,3.1308823529411764,57.276287438052144,17.00118508942038,0.0773001508295626,0.0497737556561086,16.6875,2.8183581124757597,0.605472958414135,0.5303813833225598
P00873,female,rapid,11,2075.4545454545455,0.415034965034965,1.9963203463203463,58.08613053613053,17.30862470862471,0.07692307692307693,0.006993006993006993,19.125,2.728554778554779,0.7998834498834498,0.593006993006993
P00874,female,blitz,100,2108.64,0.2691678321678322,3.2723412698412697,59.340074592074586,17.96350815850816,0.07649766899766901,0.03570512820512821,18.01123595505618,2.9628076923076923,0.5305221445221445,0.5387738927738928
P00875,female,bullet,3,2067.3333333333335,0.20512820512820515,2.6613756613756614,54.53846153846154,15.794871794871796,0.10256410256410257,0.07692307692307693,19.333333333333332,3.1794871794871793,0.4871794871794872,0.5384615384615384
P00875,female,rapid,7,1825.142857142857,0.2857142857142857,2.958843537414966,60.285714285714285,18.274725274725274,0.06593406593406594,0.04395604395604396,14.714285714285714,3.7252747252747254,0.5604395604395604,0.4945054945054945
P00876,female,blitz,37,2571.135135135135,0.26798336798336797,3.0265339015339014,59.43721413721414,17.261330561330563,0.08087318087318088,0.04490644490644491,16.852941176470587,2.7521829521829524,0.5351351351351351,0.5276507276507276
P00876,female,bullet,3,2532.0,0.18803418803418803,2.357142857142857,59.0576923076923,18.113247863247864,0.05555555555555555,0.025641025641025644,18.0,2.794871794871795,0.6752136752136751,0.4807692307692308
P00876,female,rapid,24,2411.1666666666665,0.296875,3.062226430976431,57.35136217948718,17.12860576923077,0.08333333333333333,0.038461538461538464,17.65,2.6770833333333335,0.6181891025641025,0.5893429487179488
P00880,female,blitz,25,1775.48,0.23076923076923075,3.319786435786436,57.612307692307695,18.08615384615385,0.09846153846153846,0.04,24.476190476190474,2.9661538461538464,0.563076923076923,0.5076923076923078
P00880,female,bullet,11,1734.4545454545455,0.27972027972027974,3.1026334776334776,57.83916083916085,17.188811188811187,0.04195804195804196,0.04895104895104896,22.181818181818183,2.6923076923076925,0.5524475524475524,0.5664335664335665
P00885,female,blitz,1,2418.0,0.3076923076923077,4.555555555555555,61.61538461538461,18.23076923076923,0.0,0.0,14.0,3.6923076923076925,0.6923076923076923,0.7692307692307693
P00885,female,bullet,99,2454.5656565656564,0.2722995298752875,2.761326496174981,58.04392958332352,17.191764184188425,0.06784825724219663,0.022766122766122766,19.67032967032967,2.8553016568168084,0.6104282922464741,0.5561594970685879
P00888,female,bullet,100,2252.93,0.2887785547785548,2.855705627705628,56.699245337995336,16.954258158508157,0.0792948717948718,0.029923076923076924,21.759036144578314,2.8976824009324007,0.5965635198135198,0.5692599067599068
P00891,female,blitz,78,2203.3076923076924,0.2738842709996556,3.208005669544131,59.07854481700635,18.06058435866128,0.08349495945649792,0.03703155818540434,16.779411764705884,3.2066450643373723,0.587869431138662,0.5661704392473623
P00891,female,bullet,22,2260.681818181818,0.2307692307692308,3.1548591559955197,58.37412587412587,17.604895104895107,0.06643356643356645,0.03496503496503497,18.38095238095238,3.1573426573426575,0.5209790209790209,0.5384615384615384
P00894,female,blitz,77,2241.285714285714,0.23332576514394698,3.2308604369910707,60.04645354645354,17.90218190900009,0.09169012805376442,0.04925074925074925,15.986301369863014,2.981861320497684,0.55307646898556,0.502844882390337
P00894,female,bullet,2,2112.0,0.358974358974359,2.6333333333333333,55.83333333333333,14.508547008547009,0.20512820512820512,0.16666666666666666,17.5,3.02991452991453,0.6025641025641025,0.641025641025641
P00894,female,rapid,18,2335.8333333333335,0.22606837606837604,3.0916576479076476,59.674358974358974,18.352136752136754,0.11239316239316238,0.0782051282051282,19.25,2.7064102564102566,0.532051282051282,0.49743589743589745
P00895,female,blitz,100,2453.89,0.25263636363636366,3.189679885474003,58.88458216783217,17.56250407925408,0.0815448717948718,0.025615384615384616,18.4,2.927230769230769,0.5472202797202798,0.5633595571095571
P00896,female,blitz,71,1813.380281690141,0.2531681933090384,3.235993427542723,59.24798089234709,17.734996224432845,0.06508749466495946,0.025312715453560525,15.376811594202898,2.8544108473685936,0.5534242752552612,0.5142322466266128
P00896,female,rapid,29,1740.5172413793102,0.25187226566536913,3.5261494252873566,58.29161183643942,17.75283681835406,0.058875607151469216,0.026628543869923183,15.333333333333334,2.8450928381962863,0.5229494643287746,0.531968031968032
P00898,female,blitz,95,2308.547368421053,0.2560555234239445,3.1860625047467153,57.53512049354154,17.405305571621362,0.08777135145556197,0.047692307692307694,14.835164835164836,2.889676113360324,0.5928475033738192,0.5839965297860035
P00898,female,bullet,5,1652.6,0.35384615384615387,3.4,55.30769230769231,16.630769230769232,0.09230769230769231,0.03076923076923077,11.8,3.1230769230769235,0.6461538461538462,0.5846153846153846
P00899,female,blitz,11,1715.5454545454545,0.344988344988345,3.4006132756132756,60.93240093240093,18.43939393939394,0.06993006993006994,0.04195804195804196,21.444444444444443,3.0419580419580416,0.6258741258741259,0.5104895104895105
P00899,female,rapid,9,2073.4444444444443,0.25641025641025644,3.2761904761904765,57.410256410256416,17.23931623931624,0.05982905982905984,0.017094017094017096,22.875,2.8632478632478633,0.5555555555555556,0.5726495726495727
P00900,female,blitz,6,2132.3333333333335,0.3076923076923077,3.3073593073593073,59.55128205128205,17.525641025641026,0.10256410256410257,0.038461538461538464,14.166666666666666,3.051282051282051,0.576923076923077,0.5256410256410257
P00900,female,bullet,6,2413.0,0.25641025641025644,2.910714285714286,60.256410256410255,18.64102564102564,0.07692307692307693,0.025641025641025644,24.166666666666668,2.9615384615384617,0.6282051282051282,0.6410256410256411
P00900,female,rapid,9,1910.4444444444443,0.30952380952380953,2.5541005291005288,57.78510378510378,17.416361416361415,0.08547008547008547,0.04487179487179487,19.625,2.884920634920635,0.6657509157509157,0.5741758241758242
P00901,female,blitz,17,1865.764705882353,0.2277526395173454,3.0829131652661066,57.8054298642534,17.076546003016592,0.058823529411764705,0.04524886877828055,17.0,2.7771493212669682,0.5135746606334842,0.5554298642533937
P00901,female,bullet,82,1990.5,0.2950177194079633,2.64449777864412,57.11888680425266,16.890243902439025,0.06209089013967063,0.02925786950177194,20.266666666666666,2.849270377319158,0.5955284552845529,0.587387950802585
P00901,female,rapid,1,2107.0,0.23076923076923078,2.4285714285714284,63.76923076923077,18.615384615384617,0.0,0.0,15.0,3.230769230769231,0.38461538461538464,0.38461538461538464
P00903,female,bullet,22,1792.3181818181818,0.2657342657342658,2.535963531418077,56.75524475524475,16.61888111888112,0.09090909090909091,0.06993006993006994,18.833333333333332,2.86013986013986,0.5174825174825175,0.5524475524475524
P00905,female,blitz,7,1776.7142857142858,0.30769230769230776,3.0430839002267573,58.791208791208796,17.142857142857142,0.06593406593406594,0.05494505494505495,22.285714285714285,2.9450549450549453,0.6373626373626374,0.6153846153846153
P00905,female,rapid,37,1747.8108108108108,0.3488729738729739,2.3331763581763583,57.40164377664378,17.092629217629216,0.0816060816060816,0.04042504042504043,19.114285714285714,3.0863558363558363,0.6652739152739153,0.5713723213723214
P00907,female,blitz,61,1923.377049180328,0.27937636134357446,3.19917191187683,57.45981886965494,17.41946578012152,0.09331651954602775,0.03783102143757882,12.474576271186441,3.2957698039665253,0.5808781382551874,0.5431617562765104
P00907,female,bullet,39,2008.6923076923076,0.2540125117048194,2.863014763014763,58.66061901061901,17.200214173291094,0.08816169585400355,0.04632916940609248,13.91891891891892,3.238365907596677,0.5782220628374475,0.5096686788994481
P00908,female,blitz,100,1921.2,0.299781635031635,3.0061331168831167,58.47635897435897,17.837884587634587,0.08845071595071595,0.03336111111111111,14.645833333333334,3.1550635475635476,0.5930041625041624,0.5708883893883894
P00910,female,bullet,100,2231.78,0.2584965034965035,3.0443964923964923,59.25170745920745,17.80265734265734,0.06398601398601399,0.041538461538461545,14.13265306122449,2.899959207459207,0.547465034965035,0.5464918414918415
P00911,female,blitz,100,2503.67,0.23938686313686314,3.3454023476523473,58.96898934398934,17.897544955044953,0.07333333333333333,0.03852564102564102,17.71264367816092,2.981479353979354,0.5409494671994672,0.5342640692640692
P00913,female,blitz,38,2318.9473684210525,0.2550607287449393,2.8868878197825567,57.71457489878543,17.062753036437247,0.08502024291497975,0.048582995951417005,15.818181818181818,2.993927125506073,0.5668016194331984,0.5728744939271255
P00913,female,bullet,62,2404.9032258064517,0.24812418764031668,2.8579632732858538,57.833732128086965,16.93159931466383,0.08498759305210918,0.04363110008271299,15.491525423728813,3.050735554767813,0.6100525818267754,0.5835548859742409
P00915,female,blitz,84,2277.2738095238096,0.25078483024911596,3.139043066721638,59.097691528048664,17.911400966758112,0.07872302961588676,0.039784289784289786,18.4,2.9511500074000074,0.532092081199224,0.5328396471253614
P00915,female,rapid,16,2083.9375,0.2512019230769231,2.9485042735042732,58.70432692307692,17.913060897435898,0.054086538461538464,0.0625,16.214285714285715,3.3213141025641026,0.5408653846153846,0.4967948717948718
P00919,female,blitz,86,2266.9767441860463,0.24846451997614788,3.051772452353848,59.45676803816339,17.92993440667859,0.06171735241502684,0.03041144901610018,19.50632911392405,2.6225551580202744,0.5236285032796661,0.5161896243291593
P00919,female,bullet,14,1865.2142857142858,0.28296703296703296,2.7037208822923113,58.89972527472527,17.23901098901099,0.04395604395604396,0.016483516483516484,19.53846153846154,2.927197802197802,0.5247252747252747,0.618131868131868
P00920,female,bullet,12,1593.4166666666667,0.2934472934472934,2.678373015873016,59.61894586894587,17.336182336182336,0.032051282051282055,0.0349002849002849,17.0,2.626780626780627,0.5847578347578347,0.5719373219373219
P00920,female,rapid,20,1451.2,0.32956043956043957,3.250694444444444,56.63346153846154,17.158498168498166,0.08848901098901099,0.03493589743589744,17.0,2.861996336996337,0.6073443223443223,0.587445054945055
P00925,female,bullet,99,2076.4646464646466,0.25293749460416126,2.914506278365458,58.559254942588275,17.252913752913752,0.0382025382025382,0.026126651126651128,20.759036144578314,2.958827592160926,0.5488344988344989,0.5636967970301304
P00925,female,rapid,1,1807.0,0.38461538461538464,3.4,61.92307692307692,18.692307692307693,0.23076923076923078,0.15384615384615385,23.0,3.3846153846153846,0.5384615384615384,0.5384615384615384
P00928,female,blitz,4,1915.75,0.3332167832167832,3.3125,60.49650349650349,16.877272727272725,0.06468531468531469,0.0,16.0,3.3982517482517482,0.6052447552447553,0.544055944055944
P00928,female,bullet,96,1786.1041666666667,0.2862290776353276,2.9381741522366522,59.7668202457265,18.057736823361825,0.07526709401709401,0.022676282051282054,14.494623655913978,3.2915331196581197,0.5827279202279202,0.5590144230769231
P00930,female,blitz,69,2010.2028985507247,0.2635975135975136,2.9991990296338122,59.78295074490727,18.07126026147765,0.058559395515917254,0.03616994921342748,21.210526315789473,2.789581996103735,0.5176260937130502,0.5459823992432689
P00930,female,bullet,31,1898.1290322580646,0.26302729528535984,2.8598493800106706,58.89578163771712,17.92803970223325,0.05955334987593052,0.027295285359801493,21.11111111111111,2.947890818858561,0.543424317617866,0.5409429280397022
P00931,female,blitz,100,2388.64,0.23443589743589743,3.2006824286824287,56.88676923076923,16.905589743589744,0.0753846153846154,0.039230769230769236,21.95402298850575,2.9078461538461537,0.5261282051282051,0.5281025641025642
P00932,female,blitz,60,2278.5333333333333,0.2361908461908462,3.227103775853776,57.41733608983609,16.73992784992785,0.08886372886372887,0.05111120361120361,18.024390243902438,3.145217745217745,0.5123144448144449,0.539988344988345
P00932,female,rapid,3,2078.3333333333335,0.23076923076923075,2.7751322751322753,56.205128205128204,16.897435897435898,0.12820512820512822,0.025641025641025644,23.666666666666668,3.102564102564102,0.5641025641025641,0.4871794871794872
P00934,female,blitz,66,2303.0757575757575,0.2482233254960528,3.2633306176368375,57.33644966144966,17.195615916070462,0.06536544263816992,0.03422335240517059,23.666666666666668,2.798700710064346,0.5291880678244315,0.5272379976925432
P00935,female,blitz,5,1732.6,0.27692307692307694,3.667094017094017,59.49230769230769,16.96923076923077,0.09230769230769231,0.0,16.6,3.2615384615384615,0.7384615384615385,0.5846153846153845
P00935,female,rapid,7,1956.7142857142858,0.23076923076923078,2.7728715728715727,58.73626373626373,17.43956043956044,0.06593406593406594,0.03296703296703297,18.0,2.494505494505494,0.5714285714285714,0.6373626373626374
P00937,female,blitz,36,2448.5,0.2314814814814815,3.6517576559243228,60.81873219373219,18.600605413105413,0.09223646723646724,0.04718660968660969,18.323529411764707,2.907763532763533,0.49715099715099714,0.4864672364672365
P00937,female,bullet,64,2312.53125,0.2532575931013431,3.1508595571095572,60.31833314255189,17.900755494505493,0.08850351037851038,0.030248397435897436,16.60655737704918,2.8653846153846154,0.5301530067155067,0.536873282967033
P00938,female,bullet,100,2562.06,0.2263052503052503,3.1175028305028305,56.35969780219781,17.020081196581195,0.04980769230769231,0.057428571428571426,18.456521739130434,2.7305720390720394,0.44282905982905985,0.4794041514041514
P00939,female,blitz,66,2014.3636363636363,0.2756136119772483,3.007279210688302,57.743193338647885,17.88555821283094,0.05772291681382591,0.04072779072779073,16.982456140350877,2.9298376707467617,0.5938798575162212,0.5519310655674292
P00939,female,rapid,1,2100.0,0.2222222222222222,3.5,52.55555555555556,17.11111111111111,0.1111111111111111,0.1111111111111111,22.0,1.3333333333333333,0.4444444444444444,0.4444444444444444
P00943,female,blitz,2,2226.0,0.3076923076923077,2.729166666666667,55.269230769230774,16.46153846153846,0.0,0.038461538461538464,17.5,3.3076923076923075,0.576923076923077,0.5
P00943,female,bullet,97,2221.680412371134,0.28296666105944457,2.849991503342019,56.88731806566858,16.97003059941204,0.09722983202364646,0.038504193401100624,18.95505617977528,2.842836974022541,0.6170429513213018,0.5611591730148431
P00943,female,rapid,1,2141.0,0.5555555555555556,6.0,63.77777777777778,18.88888888888889,0.2222222222222222,0.2222222222222222,16.0,3.0,0.6666666666666666,0.7777777777777778
P00951,female,blitz,11,1694.1818181818182,0.2027972027972028,3.6722287813196903,57.66433566433566,17.44055944055944,0.04195804195804196,0.03496503496503497,20.1,3.0979020979020984,0.4965034965034965,0.6013986013986015
P00951,female,bullet,89,1451.2247191011236,0.2855955841910898,3.0054684079964984,58.84922932872371,17.92192844608575,0.06617558471491057,0.03929703255545952,21.1625,2.8826870694848226,0.6001774442785678,0.5642682224142898
P00955,female,blitz,100,2089.71,0.22906959706959706,3.4310108225108222,60.43363186813187,18.276813186813186,0.07384615384615385,0.027923076923076925,17.17391304347826,2.8510842490842494,0.5088809523809524,0.5152655677655678
P00958,female,blitz,78,2557.0897435897436,0.22721893491124262,3.400414862914863,60.01000986193294,18.335716633793556,0.07495069033530573,0.03648915187376726,20.0327868852459,2.8668474687705454,0.5332511505588429,0.5201183431952663
P00958,female,bullet,22,2442.681818181818,0.27505827505827507,3.3004689754689753,56.91919191919192,17.721736596736598,0.09498834498834499,0.03681041181041181,14.619047619047619,3.0173853923853926,0.5803224553224553,0.581002331002331
P00959,female,rapid,83,1989.7951807228915,0.26782982746838174,3.206093805792601,57.8540010859288,17.288641746473072,0.06751200606622294,0.02594995366079704,20.25423728813559,2.5661286170322315,0.5826031398320556,0.5328053472631785
P00960,female,blitz,72,2384.8333333333335,0.20940170940170943,3.3083014139999434,58.794871794871796,17.446581196581196,0.07158119658119659,0.03525641025641026,18.8,2.967948717948718,0.5032051282051282,0.48931623931623935
P00960,female,bullet,8,1951.375,0.19230769230769232,3.317460317460317,59.61538461538461,17.932692307692307,0.057692307692307696,0.07692307692307693,13.5,2.7788461538461537,0.5480769230769231,0.5288461538461539
P00963,female,blitz,99,2407.10101010101,0.25934158434158433,3.538955152591516,60.0764171014171,18.49720187220187,0.08612868612868613,0.029720279720279724,17.608695652173914,3.091023791023791,0.5495754245754246,0.5382460132460133
P00963,female,bullet,1,2098.0,0.15384615384615385,2.6,55.76923076923077,18.46153846153846,0.07692307692307693,0.0,34.0,2.3076923076923075,0.3076923076923077,0.46153846153846156
P00965,female,blitz,91,2160.296703296703,0.2799849417981286,3.222982755949789,57.9234704855584,17.459402593743253,0.0939618074233459,0.03679205409974641,18.92207792207792,2.7580619014684946,0.578183355106432,0.5777533821489865
P00965,female,bullet,9,2114.0,0.3190883190883191,3.017857142857143,56.62464387464387,17.21153846153846,0.04344729344729345,0.0349002849002849,16.444444444444443,3.02991452991453,0.576923076923077,0.5327635327635327
P00966,female,blitz,5,2166.2,0.2923076923076923,3.5178571428571432,55.830769230769235,17.323076923076922,0.09230769230769231,0.046153846153846156,21.5,2.553846153846154,0.5384615384615385,0.5230769230769231
P00966,female,bullet,95,2185.5789473684213,0.2765555497134445,2.7711289587605377,56.699581646423745,17.065258075258075,0.08483008219850326,0.03962791594370542,15.347826086956522,2.9258962090541036,0.5485987696514012,0.5544429254955571
P00967,female,blitz,14,1633.7857142857142,0.2417582417582418,3.3308956916099777,57.989010989010985,16.736263736263737,0.06593406593406594,0.05494505494505495,16.23076923076923,2.972527472527472,0.6263736263736265,0.5659340659340659
P00967,female,bullet,7,1517.0,0.2087912087912088,3.604761904761905,60.88186813186813,17.453296703296704,0.15384615384615388,0.07692307692307694,14.428571428571429,2.4505494505494503,0.4835164835164835,0.5247252747252747
P00967,female,rapid,63,1735.079365079365,0.21912901912901914,3.2864115161734206,58.01705331705332,17.23947903947904,0.05860805860805861,0.03296703296703297,15.508474576271187,2.9047619047619047,0.5164835164835165,0.5512006512006512
P00968,female,blitz,17,1800.764705882353,0.24962292609351433,2.6357609710550887,58.14253393665158,16.854449472096533,0.10407239819004525,0.03619909502262444,18.058823529411764,3.057315233785822,0.55052790346908,0.5452488687782806
P00968,female,bullet,72,1948.4027777777778,0.26761814574314574,2.5527998236331566,54.77956545769046,15.607951886076885,0.05381528194028194,0.024462574462574462,16.803571428571427,2.8814554658304656,0.5799782393532393,0.6265947015947017
P00968,female,rapid,11,1992.8181818181818,0.2744755244755245,3.349203574203574,58.63111888111889,17.937062937062937,0.06993006993006994,0.027972027972027972,19.0,2.8881118881118883,0.6695804195804196,0.5262237762237763
P00970,female,blitz,87,2227.137931034483,0.24543272819134887,3.3629026465233363,59.84999004826591,17.967516200274822,0.10780311642380608,0.05322551012206185,18.15277777777778,2.832944832944833,0.5460009339319685,0.5389734786286511
P00970,female,rapid,13,2052.4615384615386,0.348597556289864,2.651037851037851,58.17945131791286,17.733243679397525,0.06709444401752095,0.03573349727195881,14.2,2.5469684161991855,0.6574886651809729,0.6078921078921079
P00975,female,blitz,12,1812.75,0.27763209013209017,3.1452741702741704,56.81342268842269,17.104700854700855,0.09953703703703703,0.05885780885780886,14.666666666666666,2.7997118622118626,0.6151903651903652,0.639584952084952
P00975,female,bullet,85,1971.6235294117646,0.26409342291695237,3.0600588953530132,57.47140408610996,17.677293294940352,0.05972850678733033,0.02631975867269985,12.759036144578314,3.0620160884866765,0.5740527446409799,0.5743155537273185
P00975,female,rapid,3,1762.0,0.4153846153846154,2.1,54.99230769230769,16.346153846153843,0.1358974358974359,0.05128205128205129,9.0,2.8153846153846156,0.6692307692307692,0.6692307692307692
P00976,female,blitz,21,1908.3333333333333,0.2500261643118786,3.185222978080121,56.39872667015524,16.851447758590616,0.0808913308913309,0.05494505494505495,24.6875,2.618916797488226,0.5476713762428048,0.5928135356706785
P00976,female,bullet,2,2298.0,0.42307692307692313,3.1777777777777776,50.84615384615385,16.115384615384613,0.038461538461538464,0.038461538461538464,12.5,3.1538461538461537,0.6538461538461539,0.7692307692307692
P00976,female,rapid,28,1904.1785714285713,0.271978021978022,3.1147830344258916,58.612637362637365,17.543956043956044,0.09065934065934067,0.0631868131868132,19.916666666666668,2.8461538461538463,0.5659340659340659,0.5054945054945056
P00987,female,blitz,25,2826.32,0.2430769230769231,3.536994227994228,58.84923076923077,17.8,0.09230769230769231,0.04,15.818181818181818,3.049230769230769,0.5323076923076924,0.47384615384615386
P00987,female,bullet,75,2546.2933333333335,0.27693162393162396,2.894485329485329,57.90623931623931,17.149504273504274,0.08843589743589743,0.05458974358974359,17.666666666666668,2.955675213675214,0.6146495726495727,0.559034188034188
P00988,female,blitz,34,2841.294117647059,0.23604826546003016,3.2067375435022494,59.82579185520362,18.120412267471092,0.09602815485168426,0.029411764705882353,13.941176470588236,3.275012569130216,0.5806938159879337,0.5658622423328306
P00988,female,bullet,66,2882.8333333333335,0.26504467754467753,2.975039484431196,58.77001748251748,17.538480963480964,0.09346995596995598,0.039189976689976695,16.815384615384616,3.2036583786583788,0.6050828800828801,0.5995402745402746
P00989,female,blitz,90,2108.688888888889,0.25565268065268065,3.184562752062752,58.28200595700595,17.50346089096089,0.054144004144004144,0.029914529914529916,16.435294117647057,3.0808177933177934,0.5103923853923854,0.5388241388241388
P00989,female,rapid,10,2020.8,0.25480769230769235,3.610952380952381,57.34679487179487,17.245512820512822,0.10192307692307692,0.023076923076923078,14.3,3.0807692307692305,0.5810897435897436,0.5516025641025641
P00991,female,blitz,84,2367.25,0.23853230103230103,3.17108978983979,59.388958263958266,18.00550838050838,0.07242063492063493,0.03771228771228771,16.7875,2.915188977688978,0.5326756576756577,0.5281107781107781
P00991,female,bullet,15,2249.133333333333,0.22051282051282053,3.187227217227217,59.241025641025644,18.01025641025641,0.09743589743589745,0.0358974358974359,16.666666666666668,3.3794871794871795,0.5384615384615384,0.49230769230769234
P00991,female,rapid,1,2000.0,0.23076923076923078,3.3333333333333335,60.69230769230769,19.46153846153846,0.07692307692307693,0.07692307692307693,16.0,3.076923076923077,0.46153846153846156,0.6153846153846154
P00992,female,blitz,19,2146.2631578947367,0.2550607287449393,3.162092731829574,59.90688259109312,17.785425101214575,0.08502024291497975,0.06072874493927126,20.055555555555557,2.7732793522267207,0.5748987854251012,0.5263157894736842
P00996,female,blitz,100,2408.63,0.27395354645354647,3.044422327672328,58.86521503496503,17.708693806193807,0.09132867132867134,0.04230769230769231,17.679012345679013,2.988099400599401,0.6339350649350649,0.6094527972027972
P00997,female,blitz,95,2099.0947368421052,0.2346764346764347,3.5103869522290574,59.930390077758496,18.16804189962085,0.07566351776878093,0.03956043956043956,18.802197802197803,2.947792558318874,0.5332080200501254,0.5437761069340017
P00998,female,blitz,30,2076.4666666666667,0.24774928774928776,3.254010341510342,59.96233618233619,17.89168091168091,0.08831908831908833,0.041025641025641026,15.083333333333334,2.9739601139601137,0.5862108262108262,0.5378917378917378
P00998,female,bullet,62,2003.1451612903227,0.2528063334514948,3.0251495368430854,60.64616566229469,18.140907479617155,0.07550514002126905,0.03349875930521092,18.928571428571427,3.0696561503013116,0.575268817204301,0.5630391114262082
P00998,female,rapid,8,2367.375,0.21875,4.707589285714286,63.114423076923075,19.228365384615383,0.08653846153846154,0.038461538461538464,12.833333333333334,2.991826923076923,0.5019230769230769,0.5052884615384615
P01000,female,blitz,99,2521.969696969697,0.2572425890607709,3.134462421623506,60.4447446492901,18.45408867227049,0.08076805349532623,0.028178050905323635,14.48936170212766,3.243577970850698,0.5594664594664595,0.5676355630901085
P01000,female,rapid,1,2418.0,0.46153846153846156,1.5,49.23076923076923,14.23076923076923,0.0,0.0,22.0,2.1538461538461537,0.6923076923076923,0.6153846153846154
P01002,female,blitz,70,2548.057142857143,0.275970695970696,3.220784632034632,58.78820512820513,17.982637362637362,0.08014652014652016,0.03626373626373627,18.35,3.0457142857142854,0.5457875457875457,0.5229670329670331
P01002,female,bullet,5,2269.0,0.29982905982905983,2.308333333333333,57.39589743589744,17.244273504273504,0.046153846153846156,0.03538461538461539,23.25,2.5401709401709405,0.5381196581196581,0.6157264957264957
P01002,female,rapid,25,2413.2,0.36398989898989903,2.517766233766234,57.32418414918415,17.698473193473195,0.07735819735819736,0.029059829059829064,16.6,2.7813519813519814,0.6341336441336441,0.5969036519036519
P01004,female,blitz,2,2104.5,0.23076923076923078,3.588888888888889,51.769230769230774,15.653846153846153,0.0,0.0,17.5,2.9615384615384617,0.5,0.6153846153846154
P01004,female,bullet,98,2069.0510204081634,0.2774265983449657,2.831968258498871,57.72703509642285,17.170685776808224,0.0775086591413122,0.03218210361067504,16.107526881720432,3.1203280846137993,0.5926464691770814,0.5480941394206701
P01006,female,blitz,6,2433.1666666666665,0.20512820512820515,3.483994708994709,58.38461538461539,18.192307692307693,0.06410256410256411,0.012820512820512822,20.5,2.794871794871795,0.4615384615384616,0.576923076923077
P01006,female,bullet,94,2595.0425531914893,0.2775669956521021,2.856451497674902,57.77630436938947,17.71021177404156,0.08523243895584322,0.037188579741771234,20.40506329113924,2.6820578948238523,0.6022313974441634,0.5896733290350311
P01007,female,blitz,95,2218.294736842105,0.29181020733652313,2.997920179235969,58.80957881299987,18.25162837162837,0.06741115609536662,0.032085020242914986,16.9875,2.5836327999485893,0.6210881808250229,0.6141578596841755
P01007,female,rapid,5,2116.6,0.3010989010989011,2.3323809523809524,61.026373626373626,19.263736263736263,0.06153846153846154,0.015384615384615385,16.8,2.912087912087912,0.6065934065934065,0.6351648351648352
P01012,female,blitz,100,2051.8,0.274201492951493,2.9175890498390498,58.38322219447219,17.643280192030193,0.1033119658119658,0.04216769341769342,20.15730337078652,2.8807194194694192,0.565529193029193,0.5482455044955045
P01014,female,blitz,37,1909.2972972972973,0.27680967680967683,2.8168307580072285,57.91527121527122,17.054148554148554,0.08183708183708185,0.031185031185031187,18.0,2.9037044037044035,0.5438480438480439,0.5621054621054622
P01014,female,bullet,8,1393.0,0.3653846153846154,3.3003472222222223,55.04807692307692,16.365384615384617,0.09615384615384616,0.04807692307692308,19.428571428571427,2.6346153846153846,0.5961538461538461,0.5865384615384616
P01014,female,rapid,3,1543.0,0.2247863247863248,2.4166666666666665,55.345299145299144,15.766666666666666,0.05897435897435898,0.025641025641025644,24.5,2.4393162393162395,0.40170940170940167,0.7717948717948717
P01015,female,rapid,3,1423.3333333333333,0.2282051282051282,3.511111111111111,60.641025641025635,19.038461538461537,0.07692307692307693,0.0846153846153846,17.0,3.151282051282051,0.5256410256410257,0.382051282051282
P01020,female,blitz,28,2161.9285714285716,0.24835164835164836,3.4793344552273124,57.760439560439565,17.96565934065934,0.0848901098901099,0.046703296703296704,18.0,2.792857142857143,0.5689560439560439,0.5255494505494506
P01020,female,bullet,41,2180.9024390243903,0.26729205753595997,3.5421001762465174,58.34715447154472,17.877048155096936,0.08067542213883677,0.020637898686679177,18.444444444444443,2.6923076923076925,0.5731081926203878,0.5470293933708568
P01020,female,rapid,1,1775.0,0.25,3.5,64.5,19.0,0.0,0.0,,1.5,0.75,0.25
P01021,female,blitz,91,1682.076923076923,0.31684066848902015,2.94062247276533,58.036280142324095,17.20354261123492,0.055465322223563984,0.01600450831220062,15.056818181818182,3.024597411135873,0.6847114119092141,0.6207268616609276
P01021,female,rapid,9,1689.0,0.28632478632478636,2.8283068783068783,58.223076923076924,16.815384615384616,0.08717948717948719,0.017094017094017096,21.88888888888889,3.209401709401709,0.6358974358974359,0.5307692307692308
P01022,female,blitz,1,1670.0,0.3076923076923077,2.2857142857142856,63.23076923076923,17.384615384615383,0.15384615384615385,0.0,19.0,2.6153846153846154,0.6153846153846154,0.23076923076923078
P01022,female,rapid,21,1459.6190476190477,0.33186813186813185,2.2500566893424034,54.79304029304029,15.654945054945054,0.06556776556776557,0.054578754578754586,19.0,3.0893772893772895,0.6177045177045177,0.6368742368742369
P01024,female,blitz,23,1776.608695652174,0.2897807506503159,3.3141967935446197,59.41129691564474,18.11267186919361,0.07692307692307693,0.030100334448160536,19.80952380952381,2.978818283166109,0.6121144555927165,0.5694537346711259
P01024,female,bullet,3,1893.0,0.3076923076923077,2.365079365079365,55.87179487179487,17.153846153846153,0.025641025641025644,0.025641025641025644,31.0,3.4871794871794872,0.5897435897435898,0.6153846153846154
P01024,female,rapid,74,2084.6486486486488,0.306973881973882,2.6909221507905716,56.236337198837205,16.731028656028656,0.08441457191457193,0.040159390159390164,19.688524590163933,2.850755438255438,0.6012542637542637,0.5985853110853111
P01025,female,blitz,74,1654.581081081081,0.2767671517671518,3.1540083415083413,58.6975051975052,17.410343035343033,0.07094594594594594,0.04054054054054054,18.6231884057971,2.9102130977130978,0.5695166320166319,0.5784823284823285
P01025,female,bullet,20,1484.7,0.2576923076923077,3.0022835497835496,60.53461538461538,17.77307692307692,0.08846153846153847,0.03461538461538462,19.526315789473685,2.957692307692308,0.55,0.5692307692307692
P01025,female,rapid,6,1685.1666666666667,0.19230769230769232,3.621212121212121,61.60256410256411,19.538461538461537,0.05128205128205129,0.038461538461538464,19.833333333333332,2.6794871794871793,0.4615384615384615,0.44871794871794873
P01026,female,blitz,20,1702.45,0.2586538461538462,2.8485119047619047,58.10769230769231,17.366666666666667,0.0733974358974359,0.04262820512820513,19.055555555555557,2.655448717948718,0.5525641025641026,0.5365384615384616
P01026,female,bullet,28,1465.5714285714287,0.2824175824175824,2.911523199023199,59.63372252747253,18.629281135531134,0.10139652014652015,0.0282967032967033,13.64,2.748054029304029,0.6040979853479854,0.5984661172161172
P01026,female,rapid,13,1374.5384615384614,0.263905325443787,3.1814102564102567,54.97633136094674,17.205917159763313,0.10650887573964497,0.02366863905325444,17.454545454545453,2.437869822485207,0.5881656804733728,0.6532544378698225
P01027,female,blitz,54,1658.9074074074074,0.30064698675809787,2.9045852038907594,58.592384981273874,17.33839113561336,0.0795346628679962,0.021486229819563156,17.108695652173914,2.611751828418495,0.6287789371122705,0.5986823875712765
P01027,female,bullet,46,1355.7826086956522,0.3241233404276883,2.6984989648033126,57.984981504003244,16.932318587209892,0.07627698388567954,0.016722408026755852,17.711111111111112,2.9867550927333535,0.6480883247187595,0.5848978919631094
P01030,female,blitz,100,2350.58,0.26991175491175495,2.889850824012589,57.45849456099456,17.022269785769787,0.09510811410811412,0.05268498168498168,19.093023255813954,2.9554260184260186,0.549996336996337,0.5502840492840493
P01031,female,blitz,90,1733.1444444444444,0.27869118535785203,3.031807050973718,59.144095564928904,17.483309159975825,0.06692788692788693,0.03362535612535613,21.71641791044776,2.611667838334505,0.6149047865714533,0.5961792836792837
P01031,female,bullet,10,1735.6,0.2686713286713287,2.957142857142857,59.33741258741259,18.09839160839161,0.07202797202797204,0.053846153846153856,26.833333333333332,2.243846153846154,0.5353146853146853,0.601048951048951
P01033,female,blitz,49,1652.5102040816328,0.22817794450447512,3.7302964042759963,59.10307158827567,18.118824259640586,0.08007400762502803,0.03610675039246468,18.545454545454547,2.829564653034041,0.5372242836528551,0.5201611880183309
P01033,female,bullet,51,1431.5882352941176,0.2931228901817137,2.8825120957473898,59.125709258062194,18.044614426967367,0.08029160382101559,0.027853192559074914,18.477272727272727,2.8909478321243025,0.5655881155881156,0.5934257463669228
P01036,female,blitz,47,2481.6382978723404,0.2614194316321976,3.1469521022712517,58.54500818330606,18.01904478500223,0.06710310965630115,0.04285076625502158,15.097560975609756,2.893617021276596,0.5749144472548727,0.5542330010415117
P01036,female,rapid,19,1824.5263157894738,0.22402159244264508,3.3617633828160143,58.988866396761125,17.820850202429153,0.06140350877192983,0.028340080971659923,19.0,3.1015519568151144,0.5539811066126855,0.4925775978407558
P01042,female,blitz,100,2255.64,0.2648397435897436,3.0690347014097012,57.890256410256406,17.238205128205127,0.08432692307692308,0.039230769230769236,19.560439560439562,2.8449679487179487,0.5793589743589744,0.5640064102564103
P01047,female,blitz,65,2554.4153846153845,0.2554522400676247,3.1978868353868353,58.32087912087912,18.172612003381232,0.07455621301775149,0.03431952662721893,19.086206896551722,2.8461538461538463,0.5553677092138631,0.5342349957734573
P01047,female,bullet,35,2580.114285714286,0.22075702075702075,3.469880357737501,60.339682539682535,18.68131868131868,0.06373626373626373,0.03296703296703297,14.65625,3.1570207570207574,0.5455433455433455,0.4986568986568986
P01048,female,blitz,41,2264.2926829268295,0.2792370231394622,3.0589862034983986,58.07848655409631,16.964352720450282,0.09631019387116949,0.050969355847404633,20.62857142857143,2.6910569105691056,0.535334584115072,0.5553470919324578
P01048,female,bullet,59,2103.762711864407,0.22357999815626933,2.999559150830337,55.58109254210949,16.370962559098153,0.07205365256212715,0.03969288715051427,20.653061224489797,2.9866487561402817,0.5245387380980602,0.5542366296603585
P01052,female,blitz,100,2377.2,0.24881318681318682,3.148150072150072,57.87797802197802,17.23853846153846,0.05923076923076923,0.028351648351648353,20.098765432098766,2.7094725274725273,0.5259780219780219,0.5734505494505495
P01054,female,blitz,99,2293.3232323232323,0.25429508762842096,3.37813381904291,60.2648709315376,18.00071225071225,0.08262108262108263,0.0545627212293879,18.93258426966292,2.9962660795994127,0.5634550634550635,0.5683544850211517
P01054,female,rapid,1,2063.0,0.3076923076923077,4.833333333333333,61.0,17.76923076923077,0.07692307692307693,0.07692307692307693,16.0,4.0,0.6923076923076923,0.5384615384615384
P01066,female,rapid,6,1756.0,0.3461538461538462,3.3019841269841272,56.14102564102564,17.166666666666668,0.10256410256410257,0.038461538461538464,13.4,2.743589743589743,0.5512820512820513,0.6153846153846154
P01070,female,bullet,1,1331.0,0.6,2.5,65.2,21.0,0.0,0.0,21.0,2.0,0.8,0.4
P01071,female,blitz,13,1848.2307692307693,0.30309007232084156,2.70485347985348,58.34582511505588,17.490466798159105,0.0591715976331361,0.03550295857988166,17.90909090909091,3.1012491781722553,0.5772518080210388,0.5516107823800132
P01071,female,bullet,87,1580.7931034482758,0.3171282740248258,2.6241690302035128,57.85147754544306,17.267728918590986,0.09298890764408006,0.04476127320954908,15.666666666666666,2.8012485598692494,0.6301543284301905,0.5784249275628586
P01076,female,bullet,10,1665.3,0.2538461538461539,2.6566666666666667,55.030769230769224,16.407692307692308,0.038461538461538464,0.03076923076923077,15.9,2.9,0.5076923076923077,0.6153846153846154
P01076,female,rapid,90,1819.7,0.2942437192437192,3.00354990688324,57.35356557023224,16.876983510316844,0.06151471984805318,0.03434343434343435,17.125,3.0583268583268586,0.6173789173789174,0.5518971768971769
P01077,female,blitz,10,1774.1,0.2811188811188811,3.3419444444444446,58.91118881118881,18.73146853146853,0.08601398601398602,0.038461538461538464,23.77777777777778,2.883916083916084,0.5496503496503496,0.5517482517482517
P01077,female,bullet,60,1772.2666666666667,0.2756831131831132,2.826321595071595,56.17725977725978,17.53139083139083,0.06723970473970474,0.04277389277389278,19.714285714285715,2.8365902615902616,0.5486564361564362,0.5532504532504532
P01078,female,blitz,12,2601.5,0.2692307692307692,3.199750712250712,58.35897435897436,18.01923076923077,0.025641025641025644,0.032051282051282055,17.818181818181817,2.2628205128205128,0.6089743589743589,0.5705128205128206
P01078,female,bullet,88,2596.931818181818,0.2847080949353677,2.879971354403173,58.991444161898706,17.930520678816134,0.06397012078830261,0.03092948717948718,19.444444444444443,2.7337169774669774,0.6050429999293635,0.5928586564950201
P01079,female,blitz,96,1467.1979166666667,0.2596139682077182,2.9302955146705147,55.58018911065786,17.178269068894068,0.04566862535612536,0.018871204027454028,19.8125,2.574427366614867,0.5532413477725978,0.573297477984978
P01079,female,rapid,4,1570.5,0.23717948717948717,2.971230158730159,55.39102564102564,17.44871794871795,0.0,0.038461538461538464,17.0,2.3141025641025643,0.4294871794871795,0.5961538461538461
P01080,female,blitz,82,2489.7073170731705,0.2735772357723577,3.020258332453454,58.179721701063166,17.732715759849906,0.09862414008755471,0.04437148217636023,15.32,2.9838805503439647,0.584068167604753,0.536139774859287
P01080,female,bullet,9,2255.222222222222,0.29154795821462487,3.284656084656085,58.740028490028486,17.547008547008545,0.10303893637226971,0.0698005698005698,12.444444444444445,3.1457739791073127,0.5576923076923077,0.5541310541310541
P01080,female,rapid,9,1882.111111111111,0.23931623931623935,3.5984447651114317,60.495726495726494,18.17094017094017,0.07692307692307693,0.008547008547008548,15.125,3.094017094017094,0.5299145299145299,0.5555555555555556
P01081,female,blitz,4,1420.75,0.3076923076923077,3.2107954545454547,58.80769230769231,17.134615384615387,0.15384615384615385,0.057692307692307696,27.0,2.3269230769230766,0.7115384615384616,0.5192307692307693
P01081,female,bullet,60,1518.3666666666666,0.3159965034965035,2.7158784733784733,58.18298368298368,17.57644716394716,0.09391025641025642,0.04358974358974359,17.37037037037037,3.0708430458430462,0.5866744366744368,0.5457556332556333
P01084,female,blitz,45,1610.7333333333333,0.3091707675041009,3.1340320173653504,57.16825735992403,17.18439307605974,0.07785547785547786,0.017094017094017096,14.386363636363637,2.8856772856772857,0.6484934818268152,0.5759388759388759
P01084,female,bullet,18,1324.111111111111,0.3174695674695675,2.4861471861471864,57.553343261676595,16.53043253043253,0.10043814210480878,0.02987136320469654,15.444444444444445,3.086754295087628,0.6230035396702064,0.5565699732366399
P01084,female,rapid,37,1897.081081081081,0.2623502623502624,3.5091042723395667,56.847704847704854,16.989901989901988,0.06953106953106954,0.031185031185031187,15.64864864864865,2.8856548856548856,0.5906345906345907,0.5487245487245487
P01086,female,blitz,100,2158.7,0.24066433566433568,3.177549811299811,59.41759324009324,18.2549358974359,0.07475524475524475,0.04461538461538462,15.322222222222223,3.12,0.5539801864801865,0.5277505827505827
P01090,female,bullet,51,2111.450980392157,0.29984231454819693,2.8469923322864497,56.34711367064308,17.19900361076832,0.07692307692307693,0.024132730015082957,14.208333333333334,2.8368641162758808,0.6502353855295032,0.5951140362905069
P01091,female,blitz,100,1931.73,0.23517735042735044,3.3195035046652692,57.22222863247864,17.34377564102564,0.08272008547008548,0.04814957264957265,19.615384615384617,2.739651709401709,0.5289188034188035,0.5226837606837607
P01094,female,blitz,65,1471.7384615384615,0.30340006147698456,3.038118548118548,59.592260047644665,17.987394315086622,0.061432669894208355,0.026990317374932758,15.306451612903226,2.91248729902576,0.6081380585226739,0.617337619645312
P01094,female,rapid,6,1611.5,0.3269230769230769,3.022244422244422,60.0,18.136752136752136,0.038461538461538464,0.012820512820512822,14.833333333333334,2.8482905982905984,0.7521367521367521,0.5534188034188033
P01095,female,blitz,86,2056.1511627906975,0.23911569696453416,3.4310996174368267,59.42468126189056,17.61148380043729,0.06759342079109522,0.029094613396938977,16.772151898734176,3.101336002498793,0.5740977368884346,0.5542529176250106
P01095,female,bullet,1,1322.0,0.23076923076923078,4.0,65.23076923076923,17.307692307692307,0.3076923076923077,0.07692307692307693,,1.6153846153846154,0.8461538461538461,0.6153846153846154
P01096,female,rapid,4,2046.75,0.3076923076923077,2.8958333333333335,55.53846153846154,17.73076923076923,0.038461538461538464,0.0,28.5,2.6153846153846154,0.6153846153846154,0.6153846153846154
P01101,female,blitz,54,2224.574074074074,0.27386039886039887,3.0524317246539465,57.975071225071225,17.268874643874643,0.08831908831908832,0.03988603988603989,19.347826086956523,2.906339031339031,0.5648148148148148,0.6025641025641026
P01101,female,bullet,46,1957.6304347826087,0.28316900490813535,2.7137094789268703,55.74198627459497,16.443439169526126,0.06932632584806499,0.029861442904921164,18.944444444444443,2.7823437432133082,0.6188224818659601,0.5866655084046389
P01102,female,blitz,5,2286.4,0.3230769230769231,2.8207142857142857,58.21538461538462,16.784615384615385,0.015384615384615385,0.03076923076923077,11.8,3.5230769230769234,0.6153846153846154,0.6307692307692307
P01103,female,blitz,17,2092.294117647059,0.22837456660986072,3.5307677616501145,59.780494015788136,18.19953575835929,0.0766537384184443,0.032051282051282055,17.0,3.3723629311864607,0.5059450353568,0.5257634522340405
P01104,female,blitz,99,2003.2929292929293,0.2663982762467611,3.1535771747892962,58.321239675027556,17.704330686148868,0.09990200596261202,0.041854497915103976,21.129411764705882,2.6462122893941076,0.5620256567226265,0.5899514346484044
P01104,female,rapid,1,1529.0,0.3076923076923077,2.625,58.84615384615385,15.846153846153847,0.07692307692307693,0.0,16.0,3.1538461538461537,0.6923076923076923,0.6153846153846154
P01106,female,blitz,100,2498.57,0.2593846153846154,2.943588023088023,58.40292307692308,17.29640170940171,0.08076923076923076,0.0376923076923077,22.84722222222222,2.821384615384615,0.5685128205128206,0.5806153846153846
P01107,female,blitz,7,1089.2857142857142,0.2293956043956044,2.829478458049887,57.52884615384615,16.899725274725274,0.11950549450549451,0.02197802197802198,18.5,2.619505494505494,0.6414835164835164,0.48901098901098905
P01108,female,blitz,52,2207.769230769231,0.2744755244755245,3.4321111047072583,59.085899677245834,18.185516406670253,0.08727810650887574,0.038461538461538464,18.375,2.862313968083199,0.5626120674197598,0.5630267168728708
P01108,female,bullet,48,2108.8125,0.31375291375291375,2.5767300986050987,56.428948135198134,16.860096153846154,0.08589743589743591,0.03685897435897436,13.541666666666666,2.9251602564102566,0.63254662004662,0.5654283216783217
P01109,female,blitz,3,2021.0,0.25641025641025644,3.7777777777777772,60.666666666666664,19.435897435897434,0.20512820512820515,0.07692307692307693,15.0,3.051282051282051,0.5384615384615384,0.4102564102564103
P01109,female,rapid,50,2071.88,0.2954102564102564,2.8976984551396314,59.134410256410256,18.076615384615383,0.10487179487179488,0.04012820512820513,19.52173913043478,2.903179487179487,0.6342564102564103,0.5849230769230769
P01110,female,blitz,32,2036.28125,0.2938155594405595,2.869354777167277,57.22525131118881,17.224814248251747,0.07602163461538462,0.04520869755244755,17.862068965517242,2.707905375874126,0.6390406468531469,0.5951431381118881
P01110,female,bullet,68,2253.470588235294,0.30656210619445917,2.6794478397419574,55.60977360058242,16.973092879342882,0.08835200746965453,0.035352107043283516,18.640625,2.930610443478091,0.6250393805540864,0.5589922740658035
P01115,female,blitz,38,2078.7105263157896,0.2718173639226271,2.9780359990886307,58.39304993252362,17.533738191632928,0.06072874493927126,0.018218623481781375,13.882352941176471,2.8535762483130904,0.6140913180386864,0.5540935672514621
P01115,female,bullet,46,2175.6521739130435,0.28407824059997977,2.592743672922701,56.23102260058782,16.816129522651263,0.0568561872909699,0.030379041248606468,12.822222222222223,3.1199706091010437,0.5979527718658153,0.5392216479173001
P01115,female,rapid,1,1096.0,0.38461538461538464,2.857142857142857,54.0,18.076923076923077,0.15384615384615385,0.0,9.0,3.076923076923077,0.7692307692307693,0.6923076923076923
P01116,female,blitz,10,2481.0,0.40352564102564104,2.208333333333333,55.89551282051282,17.15576923076923,0.09358974358974359,0.007692307692307693,20.428571428571427,2.650961538461538,0.7641025641025642,0.4756410256410256
P01116,female,bullet,64,2134.765625,0.4266341297591298,2.148307291666667,54.98167613636364,16.278179025835275,0.05007648601398602,0.00841346153846154,22.08,2.8146385732323234,0.710212096930847,0.5986942744755245
P01116,female,rapid,15,2103.3333333333335,0.34945609945609946,2.455925925925926,55.07288267288267,15.933644133644133,0.0675990675990676,0.0358974358974359,20.307692307692307,2.9326728826728825,0.6966200466200466,0.5735431235431235
P01117,female,blitz,31,1800.967741935484,0.29395067298293104,3.3060035842293907,60.467215580118804,17.613166403488986,0.11752763365666591,0.03787878787878788,15.066666666666666,3.222779908263779,0.6526618542747575,0.5082900969997745
P01117,female,bullet,69,1529.144927536232,0.2796048556918122,3.25310924984838,61.250495478756356,18.081537222841572,0.09785705437879351,0.047504025764895326,13.867647058823529,3.210919113093026,0.6108943391552087,0.5348383500557413
P01118,female,blitz,5,2640.2,0.2,3.5095238095238095,59.01538461538462,16.615384615384617,0.03076923076923077,0.015384615384615385,22.4,3.2153846153846155,0.5384615384615385,0.5538461538461539
P01118,female,bullet,95,2816.2736842105264,0.2583921341816079,3.2162577627051308,58.630093502988245,17.56120493541546,0.06184788895315211,0.024534412955465587,12.771739130434783,3.1295826103720836,0.5720348949296318,0.5707701947175632
P01119,female,blitz,7,2235.8571428571427,0.2197802197802198,3.652597402597403,63.010989010989015,20.263736263736263,0.08791208791208792,0.03296703296703297,14.833333333333334,3.043956043956044,0.5164835164835165,0.6043956043956044
P01119,female,rapid,5,1724.2,0.26153846153846155,2.9200000000000004,58.87692307692307,17.907692307692308,0.06153846153846154,0.015384615384615385,17.4,3.1076923076923078,0.5846153846153845,0.5230769230769231
P01120,female,blitz,93,2482.032258064516,0.2741287983223467,2.9919693508403187,59.46163036485617,17.821995805866774,0.07609594706368901,0.03225806451612903,18.91025641025641,2.796177239725627,0.5779214811472876,0.5542354897193608
P01120,female,rapid,5,2061.2,0.3452991452991453,3.248095238095238,59.95213675213675,18.09059829059829,0.07692307692307693,0.015384615384615385,19.5,2.5264957264957264,0.5743589743589743,0.5504273504273505
P01121,female,blitz,44,2057.25,0.2723339160839161,3.1356710208982936,56.50665306915307,16.857269813519814,0.06651126651126651,0.03399378399378399,16.0,3.0016802641802642,0.5655205905205906,0.5583187645687646
P01121,female,bullet,53,2034.2075471698113,0.24758260607317212,2.6830568278681484,56.92283816812118,17.318920073637056,0.09996921317676036,0.05494505494505495,13.54,2.84432548583492,0.5160374216977991,0.484961579301202
P01121,female,rapid,3,2045.6666666666667,0.17948717948717952,3.3111111111111113,59.6923076923077,17.538461538461537,0.0,0.025641025641025644,14.333333333333334,2.5128205128205128,0.48717948717948717,0.5128205128205128
P01124,female,blitz,100,2327.65,0.279469696969697,2.9943505850874272,58.064248251748246,17.81572843822844,0.0941899766899767,0.061678321678321685,19.91358024691358,2.7536538461538465,0.5619405594405594,0.554032634032634
P01125,female,blitz,91,2461.6923076923076,0.2649828803674958,2.8380435803512727,58.836855452240066,17.59889682966606,0.09805579036348268,0.051000281769512545,19.795180722891565,3.036433651818267,0.5812734274272736,0.543388235695928
P01125,female,bullet,8,2601.75,0.3473557692307692,3.559090909090909,57.191105769230774,16.670673076923077,0.09855769230769232,0.028846153846153848,15.25,3.625,0.5552884615384616,0.578125
P01125,female,rapid,1,2224.0,0.38461538461538464,2.7777777777777777,56.84615384615385,17.384615384615383,0.0,0.0,26.0,3.076923076923077,0.6153846153846154,0.6153846153846154
P01131,female,blitz,70,1463.357142857143,0.2920486656200942,2.8287106544249405,56.174870486656204,16.715804552590267,0.0578021978021978,0.026373626373626374,23.479166666666668,2.651432496075353,0.5679827315541601,0.590616169544741
P01131,female,rapid,30,1313.8,0.2941849816849817,2.676047378547379,54.18182234432234,15.789972527472527,0.05054945054945055,0.023076923076923075,23.92,2.859203296703297,0.6111263736263736,0.5868589743589744
P01132,female,blitz,59,2236.3898305084745,0.28691082928371064,2.77144044749977,56.18835684089921,16.74899253289084,0.056062581486310305,0.026184267709691438,16.48,3.065663150408913,0.5558057761447591,0.5843408004424954
P01132,female,bullet,2,1990.0,0.19230769230769232,2.5,51.88461538461539,14.192307692307693,0.0,0.038461538461538464,12.0,3.5,0.5769230769230769,0.5769230769230769
P01132,female,rapid,39,1888.2051282051282,0.22911362142131375,2.9296703296703295,53.55616520231904,15.796117984579523,0.07566792182176799,0.038192576654115115,17.566666666666666,2.6965782081166694,0.5682625067240452,0.6158896658896659
P01136,female,blitz,54,2273.4444444444443,0.24222074222074225,3.131510207899097,57.645243645243646,16.91047841047841,0.07886557886557888,0.038461538461538464,20.42222222222222,3.0212750212750215,0.5557775557775558,0.5518185518185518
P01136,female,bullet,45,2292.711111111111,0.2547008547008547,2.8555387205387204,56.56581196581197,16.803418803418804,0.07692307692307693,0.041025641025641026,17.02777777777778,3.047863247863248,0.5572649572649573,0.5982905982905983
P01136,female,rapid,1,2013.0,0.2727272727272727,3.3333333333333335,61.0,17.545454545454547,0.09090909090909091,0.0,31.0,3.090909090909091,0.6363636363636364,0.8181818181818182
P01138,female,blitz,52,2133.153846153846,0.23662555393324627,3.4213848651348653,58.317052338686956,17.332917883398654,0.07948541842772612,0.048605240912933216,20.813953488372093,2.7322725351571506,0.5250710827633905,0.5732504674812368
P01142,female,blitz,2,2397.5,0.2692307692307693,2.2714285714285714,60.53846153846154,18.76923076923077,0.038461538461538464,0.0,18.5,2.8846153846153846,0.5769230769230769,0.6923076923076923
P01142,female,bullet,98,2364.4897959183672,0.24423076923076925,3.1402577297985457,58.006253270538984,16.97611198325484,0.05753532182103611,0.029892726321297754,17.225806451612904,3.0309131344845635,0.5489665096807954,0.5367085295656725
P01144,female,blitz,5,1694.6,0.28615384615384615,2.789285714285714,53.27692307692307,17.206153846153846,0.03076923076923077,0.03076923076923077,21.5,2.707692307692308,0.5876923076923077,0.5107692307692308
P01144,female,bullet,4,1734.0,0.3653846153846154,3.0833333333333335,55.019230769230774,15.98076923076923,0.07692307692307693,0.038461538461538464,25.5,2.692307692307692,0.5,0.4807692307692308
P01145,female,blitz,1,2200.0,0.6666666666666666,1.0,57.666666666666664,16.833333333333332,0.3333333333333333,0.0,,1.3333333333333333,0.8333333333333334,0.3333333333333333
P01146,female,blitz,10,2173.7,0.24102564102564106,2.6566666666666667,59.04615384615384,18.145299145299145,0.053846153846153856,0.04957264957264958,20.0,2.6324786324786325,0.5273504273504274,0.45042735042735044
P01146,female,bullet,45,2250.4444444444443,0.2763817663817664,3.2022486772486776,58.77055555555556,17.59273029439696,0.06626780626780628,0.033789173789173794,22.333333333333332,2.747397910731244,0.6227350427350428,0.5535565052231719
P01146,female,rapid,1,2069.0,0.23076923076923078,2.5,56.07692307692308,18.153846153846153,0.15384615384615385,0.07692307692307693,24.0,2.5384615384615383,0.6923076923076923,0.38461538461538464
P01148,female,rapid,100,1343.96,0.2799260461760462,3.147978465978466,58.76566502941503,17.117963564213564,0.07825219225219225,0.030094072594072596,17.627659574468087,3.0885654623154624,0.5740351870351871,0.577268759018759
P01149,female,blitz,44,2646.909090909091,0.2501589319771138,3.5230069803933444,58.315076022462385,17.448241152786608,0.06971816062725154,0.03574645051917779,16.897435897435898,3.0243232146641237,0.5102643568552659,0.5463948929858021
P01149,female,bullet,56,2551.2678571428573,0.23676977784120642,3.020716238126952,59.61180753770039,18.050945780410068,0.08680010465724752,0.03846153846153847,17.49019607843137,2.858241758241758,0.5478007111935683,0.4950225369868227
P01152,female,blitz,25,2552.56,0.23790598290598294,3.5134896214896214,59.76316239316239,17.98957264957265,0.04,0.03576923076923077,17.52173913043478,2.9428632478632477,0.5197008547008547,0.49414529914529914
P01152,female,bullet,16,2503.25,0.21875,3.2571924603174605,57.986057692307696,17.497115384615384,0.038461538461538464,0.028846153846153848,13.0,3.050480769230769,0.4461538461538462,0.4735576923076923
P01153,female,blitz,94,2460.446808510638,0.23203144373357143,3.1577297111871583,58.04313594207211,17.1893691414968,0.05743192977235531,0.02806873977086743,20.5,2.9005505133164706,0.5207087239002133,0.5557878291920845
P01153,female,bullet,6,2248.5,0.20512820512820515,3.08234126984127,60.551282051282044,17.74358974358974,0.08974358974358976,0.038461538461538464,22.25,2.5512820512820515,0.5384615384615384,0.4102564102564103
P01157,female,bullet,100,2445.17,0.2649145299145299,3.2966050616050615,59.09839743589743,18.505876068376068,0.08096153846153847,0.05467948717948718,12.938144329896907,3.325940170940171,0.5696153846153846,0.5550213675213675
P01160,female,blitz,12,2529.1666666666665,0.1987179487179487,3.1158068783068784,58.205128205128204,17.307692307692307,0.07051282051282053,0.06410256410256411,17.88888888888889,2.807692307692308,0.4679487179487179,0.4358974358974359
P01160,female,bullet,88,2737.375,0.2797374658170113,2.992330491478219,60.29409006397643,17.869692964863418,0.12708582452900635,0.05560411810411811,21.0,2.862628690753691,0.5807000764387128,0.5397522300931392
P01163,female,bullet,100,2127.48,0.2342113442113442,3.065764763014763,58.14254856254856,17.12135975135975,0.08376068376068377,0.05894327894327895,17.247191011235955,2.878267288267288,0.5085625485625486,0.5205205905205905
P01164,female,blitz,2,2091.5,0.2692307692307693,3.4571428571428573,63.07692307692308,19.307692307692307,0.11538461538461539,0.07692307692307693,14.0,3.4615384615384617,0.5,0.5384615384615384
P01164,female,rapid,18,2006.611111111111,0.29560562893896225,2.511429773929774,59.07493740827075,17.572951739618404,0.13247863247863248,0.0617283950617284,17.125,2.9526892860226193,0.6502201502201502,0.5941034274367607
P01169,female,blitz,5,2505.4,0.18461538461538463,3.432121212121212,60.861538461538466,20.153846153846153,0.10769230769230771,0.06153846153846154,11.2,3.4153846153846152,0.5692307692307692,0.4461538461538462
P01169,female,bullet,95,2645.536842105263,0.27575564786091106,2.9699301541252003,57.355666175929336,17.456794346004873,0.08501410869831924,0.04789903079376764,12.392857142857142,3.3270570657412764,0.5541891441891442,0.5643043798306956
P01173,female,blitz,87,2040.5172413793102,0.2774872636941602,3.060869175524348,58.21929497705359,17.673865310934275,0.09558544903372489,0.032714412024756855,15.860759493670885,3.0395193886573195,0.5974601069428656,0.5710464822533788
P01173,female,rapid,13,1929.6153846153845,0.23076923076923078,3.9560939060939058,60.15976331360947,18.792899408284025,0.0591715976331361,0.02366863905325444,19.846153846153847,3.059171597633136,0.4437869822485207,0.4378698224852071
P01175,female,blitz,99,2433.252525252525,0.26273888849646426,2.945135756499393,57.3630184910488,17.268188881825246,0.06996460329793663,0.03969924575985182,19.22222222222222,2.871316898589626,0.5541428268700996,0.5613114438872014
P01175,female,rapid,1,2194.0,0.3076923076923077,3.142857142857143,65.6923076923077,21.46153846153846,0.0,0.0,13.0,4.0,0.6923076923076923,0.7692307692307693
P01176,female,blitz,60,1654.3333333333333,0.2585227272727273,3.041194083694084,57.39612470862471,17.204419191919193,0.09979118104118105,0.05042735042735043,15.574074074074074,2.9243201243201242,0.5655642968142968,0.5477806915306915
P01176,female,bullet,19,1670.5263157894738,0.2631578947368421,3.0045454545454544,57.91497975708503,17.700404858299596,0.08097165991902834,0.048582995951417005,17.88888888888889,2.906882591093117,0.5303643724696356,0.5303643724696356
P01176,female,rapid,21,1772.0,0.23015873015873017,3.206541606541607,59.444240944240946,18.141839641839642,0.09523809523809523,0.040293040293040296,18.4375,2.84981684981685,0.5551485551485551,0.5238095238095238
P01182,female,blitz,8,1556.25,0.2547008547008547,3.3133928571428575,63.24059829059829,17.998504273504274,0.10865384615384616,0.03173076923076923,17.375,3.079059829059829,0.6473290598290599,0.4733974358974359
P01182,female,rapid,92,1774.804347826087,0.2996591572678529,2.9098889335302376,58.963936214751435,17.6161043063217,0.06849551414768806,0.022607826955653044,16.261904761904763,2.8421739794022405,0.6269597250575512,0.5756955906412429
P01183,female,blitz,14,2733.0,0.25674325674325676,3.170663265306122,59.58541458541458,17.704795204795204,0.05494505494505495,0.01098901098901099,15.857142857142858,3.0634365634365635,0.5994005994005994,0.5094905094905096
P01183,female,bullet,86,2615.2441860465115,0.25171330607377124,3.0368401624215577,60.156578499020355,18.019041939972173,0.08732110912343471,0.03488372093023256,17.79746835443038,2.967263679472982,0.565355510122952,0.5519447283982167
P01186,female,blitz,39,2296.769230769231,0.22961867192636426,3.066244154705693,57.30243261012491,16.683925049309664,0.08300460223537147,0.0591715976331361,20.34375,2.8450032873109796,0.5220249835634451,0.5262984878369493
P01186,female,bullet,2,2010.0,0.038461538461538464,3.178571428571429,57.84615384615384,15.807692307692307,0.07692307692307693,0.0,22.5,3.1153846153846154,0.38461538461538464,0.3846153846153846
P01187,female,bullet,100,2348.95,0.2678846153846154,2.7004994172494174,56.81025641025641,17.35173076923077,0.12307692307692308,0.07923076923076923,11.866666666666667,2.839871794871795,0.5981410256410257,0.5366025641025641
P01188,female,blitz,9,2364.1111111111113,0.23931623931623935,4.023484848484848,61.017094017094024,18.931623931623932,0.09401709401709403,0.042735042735042736,23.11111111111111,2.948717948717949,0.49572649572649574,0.4358974358974359
P01188,female,bullet,91,2376.6923076923076,0.25130083591622054,2.9768621183456347,59.605701136470365,17.958598666290975,0.07640180332488025,0.02451394759087067,19.14814814814815,2.917934629473091,0.5174603174603175,0.559124636047713
P01193,female,blitz,53,1789.2264150943397,0.30864549496624966,3.055812426567144,58.54048367774783,17.68208871840947,0.08329301725528142,0.03263989679084019,19.666666666666668,3.0454506185638257,0.5914328334139655,0.5704068468219412
P01193,female,rapid,47,1724.531914893617,0.32699097592714615,3.067572380338338,58.94623225474289,18.091691405521193,0.09483046504323102,0.04004116450924962,18.8,3.0357759262014583,0.5771209877592856,0.594767407533365
P01198,female,blitz,60,2135.1666666666665,0.2910839160839161,3.1033211695711693,57.41171328671329,17.473232323232324,0.0555944055944056,0.025874125874125874,18.03846153846154,3.1011655011655015,0.5826340326340327,0.5272144522144522
P01198,female,rapid,1,2202.0,0.3076923076923077,3.0,59.53846153846154,18.46153846153846,0.07692307692307693,0.0,28.0,2.076923076923077,0.6153846153846154,0.6923076923076923
P01199,female,blitz,78,2237.025641025641,0.23355810855810857,3.2923775654544887,59.21476226764689,17.76402817268202,0.07870494889725659,0.0436539955770725,17.555555555555557,2.9634089201396896,0.5462171375632915,0.5049240289624906
P01199,female,bullet,16,2200.5625,0.33653846153846156,2.614669184981685,55.85576923076923,16.216346153846153,0.06730769230769232,0.014423076923076924,12.625,3.317307692307692,0.6538461538461539,0.5913461538461539
P01202,female,blitz,11,2395.5454545454545,0.20979020979020982,3.1845959595959594,57.64335664335665,17.307692307692307,0.06993006993006994,0.04195804195804196,22.0,3.111888111888112,0.48951048951048953,0.46853146853146854
P01202,female,bullet,38,2161.315789473684,0.23481781376518218,3.221283248914828,57.0425101214575,17.020242914979757,0.06477732793522267,0.032388663967611336,16.058823529411764,3.054655870445344,0.520242914979757,0.51417004048583
P01202,female,rapid,15,2410.733333333333,0.20641025641025643,3.5655459355459356,59.68076923076923,18.582478632478633,0.10256410256410257,0.05641025641025642,17.857142857142858,3.0119658119658124,0.5927350427350427,0.4713675213675214
P01203,female,blitz,100,1703.56,0.2792983682983683,3.1583012265512265,59.73620182595183,18.32968861693862,0.0912839937839938,0.025011655011655014,17.92391304347826,3.057012432012432,0.5736536519036519,0.5535648795648795
P01205,female,blitz,21,2384.285714285714,0.30369352869352867,2.7791884702598986,58.5935286935287,17.238675213675215,0.0815018315018315,0.014652014652014652,16.61111111111111,2.836416361416361,0.6206959706959707,0.6016788766788767
P01205,female,bullet,43,2380.6279069767443,0.2924865831842576,2.932360013847162,57.46037567084079,17.00044722719141,0.09253130590339893,0.03506261180679785,14.775,3.1353756708407867,0.6291144901610018,0.5392665474060823
P01207,female,rapid,5,2003.4,0.12307692307692308,4.011666666666667,61.53846153846153,18.93846153846154,0.03076923076923077,0.0,17.8,3.2615384615384615,0.41538461538461535,0.4
P01208,female,rapid,3,2193.6666666666665,0.2948717948717949,2.241025641025641,57.28205128205128,16.961538461538463,0.12820512820512822,0.025641025641025644,21.0,2.794871794871795,0.4743589743589744,0.5705128205128206
P01209,female,blitz,1,1283.0,0.23076923076923078,2.1818181818181817,63.38461538461539,18.46153846153846,0.15384615384615385,0.07692307692307693,13.0,2.3076923076923075,0.5384615384615384,0.3076923076923077
P01209,female,bullet,77,1995.2597402597403,0.2739533194078649,2.6656910910157663,56.76243756243756,17.513795295613477,0.08409772046135683,0.05612569248932885,16.147058823529413,2.996848605939515,0.6221687403505585,0.557478884751612
P01209,female,rapid,1,1690.0,0.46153846153846156,2.0,55.0,17.46153846153846,0.15384615384615385,0.0,19.0,3.3076923076923075,0.6153846153846154,0.5384615384615384
P01210,female,blitz,3,2058.3333333333335,0.20512820512820515,3.4338624338624335,58.794871794871796,18.025641025641026,0.07692307692307693,0.05128205128205129,13.333333333333334,2.4871794871794872,0.5128205128205128,0.5641025641025641
P01210,female,bullet,97,2227.783505154639,0.28020450340037967,2.7089701249495066,58.9064598631609,17.844072594072593,0.0893302573714945,0.04005959676062769,19.07608695652174,2.9880907752041774,0.5787120096398447,0.5754741821752131
P01211,female,blitz,5,1284.2,0.3180652680652681,2.9833333333333334,53.94032634032634,16.441258741258743,0.04895104895104895,0.06713286713286713,15.25,3.5508158508158507,0.6743589743589744,0.7082750582750583
P01211,female,rapid,52,1141.5384615384614,0.29245946361330977,3.0073372674334213,56.765664357010515,16.800722247837633,0.06983892176199868,0.028994082840236687,21.595238095238095,2.9736238120853504,0.6427793360485669,0.6023523485061947
P01217,female,blitz,2,2026.0,0.19230769230769232,4.175,57.38461538461539,17.76923076923077,0.0,0.0,21.0,2.615384615384615,0.5384615384615385,0.3846153846153846
P01217,female,bullet,8,1753.25,0.2980769230769231,3.242948717948718,58.05769230769231,18.21153846153846,0.06730769230769232,0.019230769230769232,16.875,2.7980769230769234,0.5480769230769231,0.5288461538461539
P01217,female,rapid,16,2063.0,0.3632565351315351,2.384571158008658,58.47913024475525,17.739234723609723,0.12113927738927739,0.06184440559440559,18.285714285714285,2.899267399267399,0.6573322510822511,0.5693004911754912
P01218,female,blitz,46,2099.5,0.2393772893772894,3.3810990338164255,59.90973084886128,18.06959706959707,0.08550326485109094,0.030880713489409142,20.317073170731707,2.780179964962574,0.5279264214046823,0.5179526994744387
P01218,female,bullet,54,2116.8333333333335,0.29675098563987456,2.666891287724621,56.44864636392414,17.294625384903163,0.08191063052174163,0.03792735042735043,17.708333333333332,2.801532418199085,0.5779551210106766,0.5635514691070247
P01219,female,blitz,38,2404.3947368421054,0.2522773279352227,2.9768141945773525,58.69028340080971,17.566042510121456,0.08704453441295547,0.05060728744939271,20.142857142857142,2.819838056680162,0.5457995951417004,0.5366902834008097
P01219,female,bullet,62,2605.0967741935483,0.28376784505816766,2.9952179211092624,58.52587734845799,17.18569495021108,0.10037220843672456,0.04218362282878412,17.533333333333335,2.9690390254906385,0.5752586123553866,0.5855386548934937
P01220,female,rapid,4,1246.5,0.20384615384615384,3.7738095238095237,59.003846153846155,16.715384615384615,0.057692307692307696,0.057692307692307696,22.75,3.042307692307692,0.41923076923076924,0.41923076923076924
P01222,female,blitz,93,2503.5913978494623,0.24459232523748653,3.1989511981447465,58.11754643206256,17.46064867032609,0.09444319121738477,0.04714640198511167,19.951807228915662,3.0660638644509612,0.5420520339875179,0.5149635310925633
P01222,female,rapid,7,2039.0,0.39377289377289376,2.381746031746032,56.938644688644686,16.82417582417582,0.09157509157509157,0.022893772893772892,27.5,2.1062271062271063,0.7435897435897436,0.5604395604395604
P01230,female,blitz,94,2332.8829787234044,0.2619135297326787,3.246101401553529,57.30488952536825,17.197858701582106,0.07133115111838516,0.03443807965084561,18.3855421686747,2.958428805237316,0.5596222040370976,0.5549781778505183
P01230,female,rapid,6,1854.8333333333333,0.23076923076923075,3.3166666666666664,55.52564102564103,17.076923076923077,0.16666666666666666,0.025641025641025644,24.333333333333332,2.8461538461538463,0.5128205128205129,0.5512820512820512
P01234,female,blitz,7,2067.714285714286,0.3021978021978022,2.774886621315193,58.479395604395606,17.464285714285715,0.09065934065934066,0.05494505494505495,22.2,2.78021978021978,0.6016483516483516,0.6936813186813187
P01234,female,bullet,1,1637.0,0.38461538461538464,2.0,52.46153846153846,14.538461538461538,0.0,0.07692307692307693,,2.076923076923077,0.6153846153846154,0.8461538461538461
P01235,female,blitz,44,2240.7272727272725,0.24245073108709472,3.454698773448774,58.22122006781098,17.45910150455605,0.07342657342657342,0.04416984530620894,16.609756097560975,2.965988556897648,0.5212306632761178,0.5324486119940666
P01235,female,bullet,30,1434.5,0.2792372442372442,2.7025661375661376,58.18227402227402,17.514770784770786,0.0682905982905983,0.03431623931623932,17.5,2.9783190883190884,0.5786415436415436,0.5598018648018648
P01242,female,blitz,40,2032.6,0.3214597902097902,2.656342374945316,58.347350566100566,17.44207042957043,0.06538461538461539,0.03862179487179487,14.135135135135135,3.282921245421245,0.6373501498501499,0.5660693473193473
P01242,female,bullet,35,2116.8285714285716,0.31032967032967035,2.722225314368172,57.9810989010989,17.52,0.08351648351648353,0.02417582417582418,12.696969696969697,3.230769230769231,0.6294505494505495,0.560879120879121
P01242,female,rapid,25,1947.68,0.27076923076923076,3.3143175713175714,58.08,17.787692307692307,0.05846153846153847,0.03384615384615385,14.72,3.190769230769231,0.5353846153846153,0.52
P01243,female,blitz,66,2211.7272727272725,0.24461397188669917,3.113708513708514,59.93563254926892,18.030250052977326,0.0815850815850816,0.03282828282828283,19.266666666666666,2.8061206470297377,0.5410574274210639,0.4939959030868122
P01243,female,rapid,34,2222.794117647059,0.23529411764705882,3.3303382891618187,59.970588235294116,17.929864253393667,0.07692307692307693,0.022624434389140274,21.0625,2.805429864253394,0.5475113122171946,0.5316742081447964
P01244,female,blitz,68,2303.235294117647,0.24905731523378585,3.0534272508537215,58.533559577677224,17.65686274509804,0.09276018099547512,0.038461538461538464,19.032258064516128,3.0016968325791855,0.552790346907994,0.564291101055807
P01244,female,bullet,32,2052.65625,0.2451923076923077,2.897499549062049,58.35576923076923,17.658653846153847,0.09134615384615385,0.05288461538461539,17.967741935483872,2.9663461538461537,0.5721153846153846,0.5480769230769231
P01245,female,blitz,70,1895.2571428571428,0.29084249084249086,2.9446679510965224,58.61547619047619,17.90891330891331,0.08131868131868132,0.03296703296703297,16.892307692307693,2.9795787545787547,0.5842185592185593,0.5284798534798535
P01245,female,rapid,30,1956.5,0.23589743589743592,3.4298292448292447,60.36923076923077,18.474358974358974,0.08205128205128205,0.038461538461538464,17.703703703703702,2.871794871794872,0.541025641025641,0.49230769230769234
P01248,female,blitz,61,2137.72131147541,0.23035616478239432,3.2293325526932084,58.95887172936353,17.051422166176266,0.051001821493624776,0.03334734482275466,18.41509433962264,2.861311730164189,0.5160467947353193,0.5515595515595516
P01250,female,blitz,77,2485.5454545454545,0.24875124875124874,3.2839953999467086,59.34265734265734,17.60939060939061,0.06593406593406594,0.03396603396603397,16.98611111111111,3.076923076923077,0.5494505494505494,0.5314685314685316
P01250,female,bullet,23,2598.5652173913045,0.2560656734569778,3.4932805117587726,60.78643964730921,18.570963818789906,0.08422012769838857,0.041137123745819404,16.227272727272727,3.167528124049863,0.5284584980237154,0.5446640316205533
P01251,female,blitz,50,1721.8,0.23244599844599848,3.780589466089466,60.67582517482518,17.992886557886557,0.06776068376068377,0.03230769230769231,17.891304347826086,2.647403263403264,0.48459673659673663,0.5027466977466978
P01251,female,rapid,50,2000.04,0.2622027972027972,3.1794639249639247,59.180160839160834,17.653708624708624,0.07230769230769231,0.04012820512820513,20.340425531914892,2.6723846153846154,0.5298158508158508,0.5441585081585082
P01252,female,blitz,87,2144.5862068965516,0.2449160035366932,3.035701064580375,59.07578101974653,17.548850574712645,0.06027114647804303,0.034482758620689655,19.962025316455698,2.872863247863248,0.5363616268788682,0.5531977600943119
P01252,female,bullet,8,1860.0,0.27884615384615385,3.091815476190476,59.09615384615385,18.096153846153847,0.038461538461538464,0.028846153846153848,18.142857142857142,2.826923076923077,0.5480769230769231,0.4903846153846154
P01252,female,rapid,5,1821.6,0.21794871794871798,4.4811538461538465,57.56923076923077,17.80769230769231,0.09487179487179487,0.03333333333333333,18.6,2.758974358974359,0.5,0.5615384615384615
P01253,female,blitz,100,2290.26,0.26463492063492067,3.2830462168550407,58.99616178266179,17.450277777777778,0.11579059829059829,0.061341880341880345,15.305263157894737,3.0590042735042737,0.5538284493284493,0.5554078144078144
P01254,female,blitz,96,1846.6354166666667,0.2588210978835979,3.172047483766234,58.115293676231175,17.18533908221408,0.08191996082621082,0.045138888888888895,18.30952380952381,2.9336287265974765,0.554081768925519,0.5460066264753765
P01255,female,blitz,79,1867.240506329114,0.27698205451370006,3.2136254041317334,58.028837056052254,17.42264799195179,0.06974319632547481,0.04202407999876354,22.571428571428573,2.694467838771636,0.5903297124816113,0.5514158134411299
P01255,female,bullet,17,1616.1176470588234,0.2643611290670114,3.047135217723453,59.19429002370179,17.927881921999568,0.10135746606334842,0.04245852187028658,22.583333333333332,2.668810601163542,0.5467787114845939,0.5526933850463261
P01255,female,rapid,4,2026.5,0.17307692307692307,4.8625,61.43589743589743,19.53205128205128,0.14102564102564102,0.038461538461538464,18.0,2.8076923076923075,0.5705128205128205,0.5512820512820513
P01256,female,blitz,63,2284.7619047619046,0.254008954008954,3.377155373934085,59.259625559625555,18.5017501017501,0.08131868131868132,0.028083028083028084,17.32758620689655,3.0341880341880345,0.5242572242572243,0.522995522995523
P01256,female,bullet,26,2498.0,0.2964497041420118,2.70833504945347,57.60364891518737,17.49723865877712,0.06597633136094674,0.026627218934911243,19.208333333333332,3.183333333333333,0.5488165680473374,0.5635108481262328
P01258,female,blitz,11,2051.4545454545455,0.2727272727272727,2.6984848484848487,57.30769230769231,16.81118881118881,0.12587412587412586,0.055944055944055944,23.555555555555557,2.874125874125874,0.5734265734265734,0.5944055944055944
P01258,female,bullet,50,1969.52,0.2807673992673993,2.557152958152958,55.86365934065934,16.640776556776558,0.09015384615384615,0.04246153846153846,21.3,3.037701465201465,0.5863241758241758,0.5639945054945055
P01260,female,blitz,89,2034.2921348314608,0.2675348995573715,3.059313844707103,60.00773945155967,18.55130824231948,0.08944894057253608,0.02608627327728451,16.86904761904762,3.0272779654802124,0.5567690736230062,0.526073177758571
P01260,female,bullet,1,1324.0,0.46153846153846156,2.0,50.38461538461539,15.0,0.0,0.0,25.0,2.923076923076923,0.7692307692307693,0.6153846153846154
P01261,female,bullet,100,2352.04,0.24992074592074595,3.189800505050505,59.2459764957265,17.7774222999223,0.07396153846153847,0.0373471250971251,14.108695652173912,3.1916025641025643,0.5481171328671328,0.5573038073038074
P01263,female,blitz,87,2637.712643678161,0.2805945012841565,3.0385820756510413,58.669723380068206,17.445572817986612,0.09045092838196286,0.028293545534924847,18.746987951807228,3.068839206770241,0.5693865521451729,0.5830701865184623
P01263,female,bullet,13,2429.846153846154,0.27218934911242604,2.8666666666666667,56.603550295857985,16.49112426035503,0.06508875739644972,0.04733727810650888,16.818181818181817,3.2011834319526624,0.5798816568047337,0.5976331360946745
P01264,female,blitz,85,2454.5176470588235,0.23172905525846704,3.106600033952975,57.44604415192651,17.02102472690708,0.06860459801636272,0.037268613739201976,23.583333333333332,2.732135838018191,0.5248320307143837,0.5494309611956671
P01264,female,bullet,15,2147.6,0.2553846153846154,2.948011063011063,58.46153846153846,17.732307692307693,0.05128205128205129,0.025641025641025644,22.083333333333332,2.7835897435897436,0.558974358974359,0.5456410256410256
P01265,female,blitz,74,2196.7837837837837,0.2541658791658792,3.0787098787098786,58.10556448056448,17.70638033138033,0.062370062370062374,0.03135828135828136,15.82089552238806,2.7563630063630065,0.5486360486360486,0.5582671832671833
P01265,female,bullet,6,1911.6666666666667,0.3275058275058275,2.8194444444444446,55.28438228438228,17.149184149184148,0.05128205128205129,0.04079254079254079,16.166666666666668,2.67016317016317,0.6853146853146853,0.6118881118881119
P01270,female,blitz,98,2238.5204081632655,0.24220957613814756,3.1800822417229506,58.051347462061756,17.75455913134485,0.07275641025641026,0.03814756671899529,17.67058823529412,2.7485544217687075,0.5498037676609105,0.5630298273155416
P01270,female,bullet,2,2349.0,0.34615384615384615,4.2,57.92307692307692,17.769230769230766,0.11538461538461539,0.0,18.0,1.8461538461538463,0.6923076923076923,0.6923076923076923
P01274,female,blitz,50,2309.66,0.24717948717948718,3.122525641025641,58.45147435897436,17.4675,0.08025641025641025,0.018461538461538463,21.204545454545453,3.0241025641025643,0.5428205128205128,0.5560897435897436
P01274,female,bullet,45,2230.2,0.24608262108262108,3.346141574474908,59.51616809116809,17.86403133903134,0.07998575498575498,0.025641025641025644,15.15,2.9997150997150994,0.5056267806267806,0.5116809116809117
P01274,female,rapid,5,1798.0,0.3230769230769231,3.144047619047619,56.38461538461538,16.984615384615385,0.03076923076923077,0.0,22.6,3.153846153846154,0.6615384615384615,0.5230769230769231
P01275,female,blitz,46,1806.0,0.23118729096989968,3.1852037455298325,59.23648272017837,18.073021181716832,0.068561872909699,0.01839464882943144,15.372093023255815,2.6191471571906355,0.5301003344481605,0.5355351170568562
P01275,female,bullet,2,1429.5,0.38461538461538464,1.8611111111111112,53.92307692307692,15.192307692307692,0.07692307692307693,0.038461538461538464,15.0,2.8076923076923075,0.6923076923076923,0.6923076923076923
P01276,female,bullet,100,2419.78,0.2546081696081696,3.0419517165840695,58.446489066489065,17.346804861804863,0.09461538461538462,0.03076923076923077,19.122222222222224,2.906723276723277,0.5811377511377511,0.5180985680985681
P01278,female,blitz,100,2521.5,0.2421730769230769,3.084707625707626,59.90703846153846,17.716076923076923,0.11632692307692308,0.055576923076923086,17.258064516129032,3.2359423076923077,0.5373461538461539,0.5208076923076923
P01279,female,blitz,39,1691.6666666666667,0.27379116609885845,3.291180614257537,58.55619807542885,17.524272308887696,0.089773474388859,0.021696252465483238,20.0,2.9082093120554657,0.5648018648018648,0.5422628653397884
P01279,female,bullet,1,1501.0,0.38461538461538464,2.6666666666666665,53.46153846153846,16.384615384615383,0.0,0.0,19.0,2.923076923076923,0.46153846153846156,0.5384615384615384
P01279,female,rapid,1,1971.0,0.38461538461538464,2.6666666666666665,58.0,17.153846153846153,0.0,0.0,27.0,3.4615384615384617,0.5384615384615384,0.6153846153846154
P01280,female,blitz,94,2344.563829787234,0.27195006530112914,3.0911509294488018,58.125418936855105,17.239751471932323,0.07440759595014915,0.03405371224520161,20.012820512820515,2.779690374637183,0.5926553942511389,0.5372165954612763
P01280,female,bullet,6,2317.0,0.21794871794871795,2.6065527065527068,57.551282051282044,17.038461538461537,0.038461538461538464,0.025641025641025644,15.666666666666666,2.4358974358974357,0.5512820512820512,0.5512820512820512
P01281,female,blitz,3,2030.3333333333333,0.25641025641025644,2.785714285714286,56.0,15.076923076923078,0.025641025641025644,0.05128205128205129,18.333333333333332,3.3333333333333335,0.5897435897435898,0.6410256410256411
P01284,female,blitz,3,1872.3333333333333,0.17948717948717952,4.1350427350427355,60.07692307692307,15.794871794871796,0.07692307692307693,0.05128205128205129,17.666666666666668,3.41025641025641,0.5384615384615384,0.6153846153846154
P01284,female,bullet,97,1674.721649484536,0.2682987688142327,3.374095892652594,60.23162533342946,18.052682455002042,0.0782601991364878,0.022794959908361973,17.882978723404257,3.1203333894055545,0.568577127340014,0.5506205993319395
P01285,female,blitz,5,2000.6,0.31608391608391606,2.6085714285714285,59.43076923076923,17.019580419580418,0.046153846153846156,0.015384615384615385,17.0,3.443356643356643,0.6041958041958042,0.5944055944055944
P01285,female,bullet,39,1868.2051282051282,0.3069765704381089,2.9033531283531286,57.95021452906069,16.896896052665284,0.08763672225210686,0.015779092702169626,18.86111111111111,3.023138613523229,0.6708545727776497,0.6396887300733455
P01286,female,blitz,6,1936.3333333333333,0.32051282051282054,3.111111111111111,58.53846153846154,17.461538461538463,0.025641025641025644,0.0,21.0,2.423076923076923,0.576923076923077,0.5512820512820512
P01286,female,bullet,7,1610.7142857142858,0.2857142857142857,2.813095238095238,55.61538461538462,16.10989010989011,0.02197802197802198,0.0,17.571428571428573,2.89010989010989,0.5494505494505494,0.6043956043956044
P01288,female,blitz,4,2029.5,0.23076923076923078,2.782142857142857,61.21153846153846,18.384615384615383,0.15384615384615385,0.057692307692307696,18.75,3.0,0.5961538461538461,0.6346153846153846
P01288,female,bullet,85,2095.9764705882353,0.25802736479207067,2.617968763262881,55.81621741004094,16.75730984701573,0.057088989441930624,0.024147812971342386,20.5,2.9461807800043096,0.579027149321267,0.5603630683042448
P01288,female,rapid,11,2063.0,0.23776223776223776,2.3863636363636362,55.748251748251754,16.46853146853147,0.06993006993006994,0.06293706293706293,15.375,2.5454545454545454,0.5384615384615384,0.5594405594405595
P01290,female,blitz,1,1895.0,0.15384615384615385,2.25,45.53846153846154,13.153846153846153,0.0,0.0,26.0,3.1538461538461537,0.46153846153846156,0.6153846153846154
P01290,female,rapid,99,1914.79797979798,0.25643677310343976,3.30516339638443,59.273113306446646,17.97242325575659,0.08720477053810388,0.029590779590779593,17.945652173913043,3.13978983978984,0.5833805083805084,0.5212592962592962
P01294,female,blitz,34,2189.470588235294,0.25353078294254766,3.479029793735676,60.05421294391883,18.265648567119154,0.06375976964212259,0.027149321266968326,17.545454545454547,3.1494069655834362,0.5428493075551899,0.5856129164952694
P01294,female,bullet,2,1639.0,0.34615384615384615,1.875,58.46153846153846,16.692307692307693,0.038461538461538464,0.038461538461538464,11.5,2.9230769230769234,0.5769230769230769,0.6923076923076923
P01294,female,rapid,24,2268.5,0.21025641025641026,3.3953899110149113,60.5948717948718,18.518589743589743,0.05544871794871795,0.025641025641025644,18.05,3.207371794871795,0.5612179487179487,0.4996794871794872
P01297,female,blitz,2,2499.5,0.19230769230769232,3.208333333333333,50.269230769230774,15.538461538461538,0.038461538461538464,0.038461538461538464,16.5,2.269230769230769,0.4230769230769231,0.46153846153846156
P01297,female,bullet,5,2164.2,0.26153846153846155,2.798809523809524,57.969230769230776,17.815384615384616,0.07692307692307693,0.03076923076923077,15.8,3.507692307692308,0.5538461538461539,0.6461538461538462
P01298,female,blitz,95,2405.978947368421,0.24396393080603607,3.3147287507813825,57.88213102686787,17.65872899030794,0.06997300944669366,0.04482885535517115,12.988505747126437,3.145663108821003,0.524677953625322,0.5074408048092258
P01298,female,bullet,3,2084.0,0.25641025641025644,3.323809523809524,55.28205128205128,16.71794871794872,0.0,0.05128205128205129,12.333333333333334,2.692307692307692,0.5128205128205129,0.5128205128205129
P01298,female,rapid,2,2037.5,0.34615384615384615,4.25,51.84615384615385,16.115384615384613,0.038461538461538464,0.038461538461538464,11.0,3.1153846153846154,0.5769230769230769,0.6538461538461539
P01302,female,blitz,36,1729.75,0.25311016144349474,3.0720238095238095,59.51779439696107,17.703074548907882,0.05637464387464387,0.03222934472934473,18.78787878787879,3.0033119658119656,0.5772079772079772,0.5313271604938271
P01302,female,bullet,4,1830.5,0.2692307692307693,3.225595238095238,57.40384615384615,15.846153846153847,0.11538461538461539,0.07692307692307693,18.5,2.8653846153846154,0.5576923076923077,0.6538461538461539
P01302,female,rapid,11,1530.090909090909,0.3286713286713287,2.4258461235733964,57.04195804195804,16.86013986013986,0.027972027972027972,0.027972027972027972,18.636363636363637,3.076923076923077,0.5804195804195804,0.5104895104895105
P01304,female,blitz,99,1792.888888888889,0.26083487219850854,3.088797425918638,57.12749080324838,17.050771843196085,0.08557898330625603,0.05291905064632338,21.34722222222222,2.878417794326885,0.5731431867795505,0.6096533937443028
P01304,female,bullet,1,1559.0,0.3076923076923077,2.75,61.46153846153846,20.0,0.15384615384615385,0.07692307692307693,33.0,3.076923076923077,0.46153846153846156,0.46153846153846156
P01305,female,bullet,100,2596.73,0.24763986013986017,3.0872994782994785,57.03378205128205,17.41701048951049,0.06558857808857808,0.035524475524475525,18.579545454545453,2.6408857808857804,0.5892715617715618,0.5944114219114219
P01306,female,blitz,40,2169.875,0.23216783216783216,2.880902777777778,58.12913752913753,17.191724941724942,0.06153846153846154,0.04842657342657343,13.571428571428571,2.934615384615385,0.5918414918414918,0.571037296037296
P01306,female,bullet,29,1942.9310344827586,0.2964338343648688,2.5754092650644376,57.67934718538167,17.249778956675506,0.06675508399646331,0.037135278514588865,12.708333333333334,2.7479885057471263,0.5971927497789566,0.5526893604479812
P01306,female,rapid,18,1974.4444444444443,0.24786324786324787,3.626697530864197,56.085470085470085,16.88034188034188,0.08974358974358974,0.05555555555555555,13.882352941176471,2.6666666666666665,0.5555555555555556,0.5384615384615385
P01311,female,blitz,73,2275.205479452055,0.22655426765015807,3.4187187241981762,59.74604847207586,17.675447839831403,0.07060063224446786,0.043203371970495265,19.66176470588235,3.0326659641728133,0.5047418335089568,0.5226554267650158
P01311,female,bullet,27,2285.1481481481483,0.2283864283864284,3.0268717907606795,58.68484848484849,17.97984977984978,0.06923076923076923,0.04036087369420703,17.523809523809526,2.931088664421998,0.5689631356298023,0.543978243978244
P01312,female,blitz,5,2091.4,0.2923076923076923,3.1333333333333333,63.03461538461538,19.596153846153847,0.046153846153846156,0.015384615384615385,15.5,2.8846153846153846,0.5576923076923077,0.5461538461538462
P01313,female,blitz,62,1223.983870967742,0.274941903974162,2.9768537913699205,55.823676323676324,16.604996258222066,0.06460385492643557,0.044630548662806725,17.103448275862068,3.2737307495372012,0.6123321123321124,0.5640296083844472
P01313,female,bullet,25,1216.72,0.2972820512820513,3.036714285714286,56.29794871794872,16.549128205128206,0.0974871794871795,0.053230769230769234,15.608695652173912,3.263025641025641,0.5898974358974359,0.587948717948718
P01313,female,rapid,13,1378.7692307692307,0.31558185404339256,2.8353979353979355,54.41222879684418,16.218934911242602,0.04142011834319527,0.02958579881656805,24.75,2.77120315581854,0.6124260355029586,0.5877712031558185
P01314,female,blitz,100,2339.3,0.2485979020979021,3.370579614829615,60.67304370629371,18.00264160839161,0.06484615384615385,0.03407692307692308,23.719101123595507,2.9198409090909094,0.5487762237762238,0.5711748251748252
P01316,female,blitz,80,2215.5375,0.2702564102564103,3.0322545469236646,58.097884615384615,17.594535256410257,0.07019230769230769,0.031057692307692307,18.33783783783784,3.1862820512820513,0.5813461538461538,0.5325320512820513
P01316,female,bullet,16,2121.8125,0.3076923076923077,2.5880858724608724,57.39903846153846,17.451923076923077,0.0625,0.03365384615384616,17.933333333333334,3.0096153846153846,0.6009615384615384,0.6442307692307693
P01316,female,rapid,4,2189.25,0.25,2.6114718614718613,62.67307692307692,19.692307692307693,0.057692307692307696,0.038461538461538464,18.0,3.2884615384615383,0.4423076923076923,0.5384615384615384
P01318,female,bullet,100,1645.74,0.25252564102564107,3.5361812909312906,59.215192307692305,17.822820512820513,0.05715384615384615,0.031064102564102566,16.510416666666668,3.0237179487179486,0.6015128205128205,0.5342692307692307
P01320,female,bullet,100,2350.15,0.2441474358974359,2.9218967976467973,56.78097435897436,17.247711538461537,0.07036538461538462,0.0376923076923077,17.685393258426966,2.826102564102564,0.5650192307692308,0.5369871794871794
P01322,female,blitz,19,2336.842105263158,0.3117408906882591,2.857080200501253,59.060728744939276,18.291497975708502,0.0931174089068826,0.04453441295546559,22.823529411764707,2.5789473684210527,0.5789473684210527,0.5060728744939271
P01322,female,bullet,39,2223.1794871794873,0.23583168967784354,2.7619981869981873,58.777054569362264,17.754459785229017,0.07570677186061801,0.05992767915844839,22.055555555555557,2.738330046022354,0.5206443129520053,0.5404887135656367
P01323,female,blitz,85,1760.3294117647058,0.25813088871912404,3.2503081232493,59.52128936423054,17.98935868053515,0.08209013209013209,0.03536953242835596,20.102564102564102,2.937825246648776,0.5710966484495896,0.5506757621463504
P01323,female,bullet,4,1738.25,0.26153846153846155,3.125,64.01538461538462,18.078846153846154,0.0826923076923077,0.038461538461538464,15.5,2.5096153846153846,0.5596153846153846,0.5038461538461538
P01323,female,rapid,11,1642.2727272727273,0.24475524475524477,3.553282828282828,60.81818181818182,19.083916083916083,0.09790209790209792,0.03496503496503497,23.454545454545453,3.0209790209790213,0.5244755244755245,0.5174825174825175
P01324,female,blitz,100,2237.83,0.23594338994338993,3.562767982017982,59.00902022977023,17.344170412920413,0.07250932400932401,0.03502331002331002,16.988372093023255,3.1296582584082584,0.5453418248418249,0.5375463702963703
P01325,female,blitz,95,2529.3894736842103,0.25101214574898784,2.9765852654397547,58.92793522267206,17.628340080971657,0.08744939271255062,0.03481781376518219,19.433333333333334,3.007287449392712,0.5514170040485831,0.5603238866396761
P01325,female,bullet,5,2450.6,0.3076923076923077,2.666666666666667,56.41538461538462,16.953846153846154,0.07692307692307693,0.07692307692307693,19.25,3.0923076923076924,0.5384615384615385,0.49230769230769234
P01327,female,blitz,65,2090.476923076923,0.2878557340095802,3.1599883449883452,58.89374557066865,17.497692051538206,0.08231255923563616,0.03238300161377085,16.721311475409838,3.0278166278166276,0.613654721347029,0.5475857475857476
P01327,female,rapid,35,2075.114285714286,0.24675324675324675,2.8984941249226965,58.23769563769564,17.21236541236541,0.07712287712287712,0.044755244755244755,19.542857142857144,2.904678654678655,0.5571484071484072,0.5337606837606838
P01328,female,blitz,70,1616.3285714285714,0.2672196850768279,3.5727685619702427,58.62849721706864,17.95424813281956,0.05556610056610057,0.0332967032967033,20.4,2.8436974929832073,0.5745913610199325,0.500048285048285
P01328,female,rapid,14,1635.4285714285713,0.336996336996337,3.318862090290662,58.35393772893773,17.950091575091573,0.09340659340659341,0.04945054945054945,20.846153846153847,2.84478021978022,0.6185897435897436,0.5631868131868132
P01329,female,blitz,57,2259.157894736842,0.22929940429940432,2.961688360372571,58.90287796998323,17.4042145476356,0.07428025191183087,0.028697910276857648,17.365384615384617,2.9321998664103925,0.5777389277389278,0.530976430976431
P01329,female,bullet,43,1941.8837209302326,0.281902206320811,2.7899132521225543,57.353458556946926,16.53905784138342,0.07170542635658915,0.04129397734048897,17.314285714285713,2.9278473464519976,0.6143410852713178,0.5846750149075731
P01334,female,blitz,56,2463.75,0.29202047952047955,3.076035224695939,57.9852022977023,17.355831668331668,0.08516483516483517,0.03708791208791209,17.86,2.874250749250749,0.5894230769230769,0.5680194805194805
P01334,female,rapid,13,2184.5384615384614,0.3042406311637081,2.9469652142729066,57.17504930966469,17.984714003944774,0.03550295857988166,0.02366863905325444,17.90909090909091,2.9087771203155817,0.6306706114398423,0.6025641025641025
P01335,female,blitz,100,1617.52,0.2929360916860917,2.7158989392959985,55.9971461038961,16.207630952380953,0.055192363192363196,0.023501221001221,17.05,2.973066239316239,0.5981285658785659,0.6201562604062604
P01336,female,blitz,13,2131.0,0.27902866364404827,3.037887112887113,58.23730116037809,17.63421194190425,0.04142011834319527,0.04142011834319527,16.75,3.1487743026204567,0.5910243602551295,0.5466072389149312
P01336,female,bullet,86,1980.093023255814,0.26553911205073993,2.8748117515559377,55.33941291266872,16.402341844202308,0.05604976418929908,0.036371767767116606,16.743243243243242,3.0528459912180845,0.5622702878516832,0.5394454382826477
P01336,female,rapid,1,2015.0,0.38461538461538464,3.111111111111111,57.07692307692308,15.615384615384615,0.0,0.0,15.0,3.923076923076923,0.7692307692307693,0.7692307692307693
P01339,female,blitz,57,2097.245614035088,0.27968756389809024,3.2414117387027606,58.433748415327365,17.812198912198912,0.08767022451232978,0.03450087923772135,16.436363636363637,2.877334069439333,0.5650574571627203,0.5484623563570932
P01339,female,bullet,43,2272.1162790697676,0.2792527240201659,2.934663140477094,56.64601967799642,17.48139941453895,0.06080256952349976,0.034314522686615716,14.692307692307692,2.8495893641242476,0.512095462676858,0.5469995121157911
P01341,female,bullet,100,1865.77,0.24282134532134536,3.4017867965367965,58.802156593406586,17.229594572094573,0.08207917082917084,0.043560606060606064,17.872340425531913,3.0914460539460538,0.5587037962037962,0.5509371184371185
P01343,female,blitz,100,2189.78,0.24465151515151515,3.1414051226551227,58.31275019425019,17.676605672105673,0.07008313908313908,0.04331507381507382,19.186046511627907,2.7148861693861694,0.5425912975912976,0.5469160839160839
P01345,female,blitz,34,2398.5882352941176,0.24696626902509256,3.154703303232715,59.225601604278076,17.75089983545866,0.08594714109419993,0.03208556149732621,18.862068965517242,2.7568644590703415,0.5325740436034554,0.5325997531879886
P01345,female,bullet,66,2528.6666666666665,0.27529137529137526,2.9290701771985193,59.535910385910384,18.042994042994046,0.07692307692307693,0.038461538461538464,17.864406779661017,2.960903910903911,0.5563196063196063,0.5311059311059312
P01346,female,blitz,39,2384.3846153846152,0.23401897248051093,3.3554349915209647,59.945083122006196,17.945684230299616,0.07958110265802573,0.04142011834319527,15.0,3.1070911993988917,0.515093453554992,0.5051000281769513
P01346,female,bullet,57,2365.4210526315787,0.23195006747638328,3.123450672134883,59.19854925775978,18.11965811965812,0.07557354925775979,0.04183535762483131,14.072727272727272,2.889226270805218,0.5266531713900136,0.491340530814215
P01346,female,rapid,4,2289.0,0.3076923076923077,3.185714285714286,58.92307692307692,17.48076923076923,0.07692307692307693,0.019230769230769232,17.25,3.0384615384615383,0.5384615384615384,0.5961538461538461
P01354,female,bullet,100,2172.42,0.23279700854700855,3.4442760572760576,59.234905982905985,17.745275641025643,0.07652991452991453,0.03894230769230769,19.322222222222223,2.7942435897435898,0.5212008547008548,0.5340064102564103
P01355,female,blitz,56,1766.25,0.26059654631083207,2.881016800659658,57.07303113553114,16.887607927786497,0.07257326007326007,0.030219780219780223,17.96,3.0769884877027733,0.5883045525902669,0.5436780481423339
P01355,female,bullet,44,1725.1136363636363,0.29705710955710957,2.403150889514526,56.74737762237762,16.850888694638694,0.06956585081585082,0.03671328671328671,18.641025641025642,2.9047202797202796,0.5833333333333334,0.5773601398601399
P01356,female,blitz,13,1794.4615384615386,0.26627218934911245,2.6899100899100903,58.100591715976336,16.627218934911244,0.08875739644970415,0.05325443786982249,19.75,3.0710059171597632,0.5739644970414202,0.5680473372781065
P01356,female,rapid,8,1736.0,0.19529428904428905,3.658333333333333,60.31071532634033,18.37190413752914,0.047967657342657344,0.011363636363636364,17.285714285714285,3.087157634032634,0.4579326923076923,0.5475305944055944
P01357,female,blitz,100,2122.21,0.2453069153069153,3.245557142204201,58.454032634032636,17.866328671328674,0.08278069153069154,0.04389957264957265,14.193548387096774,2.9951991064491064,0.5753545066045066,0.5532303807303808
P01362,female,bullet,100,1233.85,0.2681480186480186,3.052906204906205,58.21541724941725,17.5873513986014,0.08601165501165502,0.056512820512820514,15.808510638297872,2.9563304195804196,0.5624842657342658,0.5579120046620046
P01363,female,blitz,100,2732.59,0.21507692307692308,3.5579109085359084,58.28807692307692,17.625615384615386,0.07253846153846154,0.037384615384615384,19.638297872340427,2.8840769230769228,0.494,0.4945384615384616
P01365,female,blitz,11,1775.5454545454545,0.3316683316683317,2.4045848091302635,57.16483516483516,16.847152847152845,0.10389610389610389,0.055944055944055944,17.5,2.7412587412587412,0.6513486513486514,0.5814185814185815
P01365,female,bullet,8,1711.375,0.29086538461538464,2.7333333333333334,57.24879807692308,17.221153846153847,0.06370192307692307,0.025240384615384616,21.375,2.9555288461538463,0.6394230769230769,0.5072115384615384
P01365,female,rapid,2,1779.0,0.34134615384615385,3.375,62.605769230769226,19.47596153846154,0.07692307692307693,0.038461538461538464,9.5,3.1971153846153846,0.7836538461538461,0.6442307692307692
P01367,female,blitz,100,2325.03,0.28393772893772895,3.1165526695526693,56.84836446886447,17.003456043956042,0.07595238095238095,0.03758241758241758,15.566265060240964,2.7930256410256407,0.6013260073260074,0.5679047619047619
P01368,female,blitz,12,1245.6666666666667,0.2724358974358974,3.4001984126984124,57.68349358974359,16.971153846153847,0.06169871794871795,0.04487179487179488,19.454545454545453,2.8253205128205128,0.6161858974358975,0.577724358974359
P01368,female,rapid,29,1544.2758620689656,0.24853307611928305,3.549253619943275,59.63989363127294,17.175843313774347,0.07183908045977012,0.0684162580714305,17.964285714285715,2.938208343380757,0.5431235431235432,0.4944203306272272
P01370,female,blitz,10,1749.1,0.3,2.790714285714286,57.58461538461538,17.176923076923078,0.06153846153846154,0.046153846153846156,23.444444444444443,2.4846153846153847,0.5692307692307692,0.5846153846153846
P01380,female,blitz,100,2393.82,0.25015384615384617,3.2582431457431458,58.182256410256414,17.41779487179487,0.07430769230769231,0.040358974358974356,15.16304347826087,3.159782051282051,0.5513974358974358,0.5476025641025641
P01383,female,blitz,20,1856.75,0.29615384615384616,2.958809523809524,59.35,17.657692307692308,0.09615384615384616,0.03461538461538462,13.578947368421053,3.207692307692308,0.7038461538461538,0.5846153846153846
P01383,female,bullet,1,1820.0,0.15384615384615385,4.8,61.84615384615385,17.384615384615383,0.07692307692307693,0.07692307692307693,8.0,2.769230769230769,0.38461538461538464,0.5384615384615384
P01383,female,rapid,79,1937.493670886076,0.25800676117131816,3.287720355741675,57.913253413253415,17.44777269144358,0.06470006786462483,0.03992210321324246,16.164383561643834,3.0638717822262125,0.5883525756943478,0.5714169796448277
P01389,female,blitz,14,1509.642857142857,0.32013125763125766,2.8265873015873018,57.2366452991453,16.771214896214897,0.0418956043956044,0.01694139194139194,22.1,2.7675518925518925,0.6253052503052503,0.6618589743589743
P01389,female,bullet,1,1043.0,0.125,4.0,60.375,17.75,0.0,0.0,25.0,3.375,0.375,0.5
P01389,female,rapid,6,1222.3333333333333,0.15769230769230771,4.00218253968254,61.611538461538466,18.132051282051282,0.038461538461538464,0.012820512820512822,18.5,3.414102564102564,0.5448717948717948,0.48461538461538467
P01390,female,blitz,29,2205.5862068965516,0.28526645768025083,3.0436856247201076,56.433325295394255,16.561851941162285,0.04509283819628647,0.03183023872679045,21.52,2.908126356402218,0.5546177959971064,0.609356161080299
P01390,female,bullet,59,2292.7118644067796,0.2442675968099697,2.824192803430092,55.329375709036725,16.527032289744156,0.04349887400734859,0.029074315514993482,12.358490566037736,3.063754889178618,0.523769450888095,0.5356101525593051
P01390,female,rapid,12,2136.5833333333335,0.2883158508158508,2.6098137973137976,57.01486013986014,17.09527972027972,0.03258547008547009,0.013354700854700854,21.666666666666668,2.7410159285159286,0.597027972027972,0.6021756021756022
P01391,female,bullet,99,2245.3535353535353,0.27090936560633533,2.854271233816688,57.24204260946685,16.900040615949706,0.0682799243405304,0.029720279720279724,16.49462365591398,3.161110914898794,0.606782667388728,0.5690863569651449
P01391,female,rapid,1,2046.0,0.5384615384615384,2.0,51.69230769230769,15.076923076923077,0.23076923076923078,0.07692307692307693,19.0,3.6923076923076925,0.7692307692307693,0.5384615384615384
P01392,female,blitz,40,2248.0,0.24423076923076925,3.1513843795093797,60.04038461538462,18.203846153846154,0.1,0.032692307692307694,16.342105263157894,2.871153846153846,0.5461538461538462,0.5019230769230769
P01400,female,blitz,100,2143.86,0.27739879564879566,3.23619289044289,57.653505633255634,17.630207264957264,0.08761849261849262,0.028653846153846155,17.178571428571427,2.3327428127428127,0.5863500388500388,0.5823723776223776
P01409,female,blitz,13,2062.5384615384614,0.242603550295858,3.2432844932844933,58.73372781065089,17.71597633136095,0.07692307692307693,0.0591715976331361,19.90909090909091,2.751479289940828,0.591715976331361,0.5443786982248521
P01409,female,bullet,87,1781.2183908045977,0.28716312423208973,2.9205884792091688,57.96816363712916,17.29603796586555,0.08563849943160289,0.04862953138815208,17.175,3.0068580844442914,0.6189696319006663,0.5682203811514157
P01413,female,blitz,42,1787.2380952380952,0.253968253968254,3.568374879089165,60.034706959706966,17.943284493284494,0.08675213675213676,0.024358974358974363,18.428571428571427,2.7230158730158727,0.5794566544566544,0.5498778998778999
P01413,female,bullet,58,1493.9655172413793,0.2813265757231274,3.2882799671592777,57.01626089427813,16.995647025388404,0.06847764304660857,0.03591954022988506,20.25,2.7150972590627767,0.6033835417456107,0.5884789061513199
P01418,female,blitz,3,2123.0,0.3333333333333333,3.025,61.3076923076923,17.743589743589745,0.23076923076923075,0.05128205128205129,26.0,3.102564102564102,0.6410256410256411,0.5128205128205129
P01418,female,bullet,97,2228.5876288659792,0.2931730640493527,2.764755862694007,57.19193727234964,16.618402559639673,0.07256626534977051,0.03397762031782651,25.716216216216218,2.9088917954897333,0.623723698981431,0.5925294636634842
P01420,female,blitz,9,1953.111111111111,0.26262626262626265,2.764818514818515,57.37140637140638,16.53690753690754,0.05283605283605283,0.025641025641025644,19.571428571428573,2.842268842268842,0.6021756021756022,0.5850815850815851
P01420,female,rapid,20,2259.35,0.24615384615384617,3.255795454545454,57.81153846153846,18.03846153846154,0.057692307692307696,0.04230769230769231,20.176470588235293,2.55,0.5346153846153847,0.5076923076923077
P01421,female,blitz,50,2197.62,0.24012820512820515,3.83031240981241,58.74628205128205,17.77871794871795,0.08935897435897436,0.027820512820512823,18.6046511627907,3.171666666666667,0.5696153846153846,0.5344871794871795
P01421,female,bullet,2,1909.0,0.38461538461538464,3.375,60.07692307692308,18.73076923076923,0.19230769230769232,0.038461538461538464,12.5,3.3461538461538463,0.6153846153846154,0.42307692307692313
P01422,female,blitz,65,2461.0153846153844,0.26010271779502553,3.1874603174603178,58.0243783993784,17.150571223648146,0.08059376520914983,0.046397192551038705,18.948275862068964,2.981792139484447,0.55232630617246,0.553038628038628
P01422,female,bullet,15,2442.4666666666667,0.233974358974359,3.162162097162097,59.089743589743584,17.835256410256413,0.12051282051282051,0.049358974358974364,18.76923076923077,2.949358974358974,0.5134615384615384,0.5141025641025642
P01425,female,blitz,72,2635.4583333333335,0.2715888278388279,3.0545396109427974,58.84169464794465,17.50401912901913,0.058333333333333334,0.03525641025641026,18.540983606557376,3.047860704110704,0.5748524623524625,0.5725630850630851
P01425,female,bullet,28,2591.0714285714284,0.23394165358451074,3.4605222158793585,59.36710164835165,17.968504709576138,0.06490384615384616,0.02197802197802198,17.615384615384617,3.12892464678179,0.5131966248037677,0.5489109105180534
P01427,female,blitz,9,2223.4444444444443,0.30402930402930406,2.5148148148148146,55.185592185592185,15.831501831501832,0.042735042735042736,0.03418803418803419,20.333333333333332,2.1880341880341883,0.5921855921855922,0.6605616605616605
P01427,female,bullet,91,2243.978021978022,0.2806373114065422,2.5420829170829173,54.62275965792449,16.19260446513194,0.07266579574271882,0.028740490278951817,17.6375,2.6829905137597447,0.6194384370208545,0.6200305189316178
P01430,female,blitz,50,1966.08,0.23996503496503496,3.2134790764790764,58.146958041958044,17.0338986013986,0.07382867132867134,0.028653846153846155,16.22222222222222,3.0197202797202802,0.5381118881118881,0.5312762237762239
P01430,female,bullet,26,2220.1923076923076,0.28833239410162487,3.023992673992674,55.074533906264676,16.705374753451675,0.09260824645440031,0.04142011834319527,18.526315789473685,2.9912475345167655,0.6015074668920822,0.5871372217526064
P01430,female,rapid,3,1478.6666666666667,0.35897435897435903,2.6037037037037036,57.333333333333336,17.128205128205128,0.05128205128205129,0.025641025641025644,13.333333333333334,3.205128205128205,0.8205128205128206,0.5641025641025641
P01431,female,blitz,85,2121.9058823529413,0.2678899531840709,2.9677161074219898,58.14214664420547,17.35973990062225,0.08749802485096604,0.03083321906851319,17.830985915492956,2.767176287764523,0.6015344459462106,0.5425713828655006
P01431,female,bullet,6,1769.3333333333333,0.2435897435897436,2.9391534391534395,55.06410256410256,17.5,0.11538461538461538,0.025641025641025644,18.8,2.807692307692308,0.6410256410256411,0.5384615384615384
P01431,female,rapid,9,1743.888888888889,0.3287749287749288,2.5316658649991983,57.71623931623932,17.2974358974359,0.14472934472934473,0.042735042735042736,23.285714285714285,2.5829059829059826,0.6051282051282052,0.6051282051282052
P01432,female,blitz,7,1381.2857142857142,0.34065934065934067,2.5557256235827666,57.1978021978022,15.79120879120879,0.08791208791208792,0.03296703296703297,25.571428571428573,3.10989010989011,0.6703296703296704,0.5714285714285714
P01432,female,bullet,1,1504.0,0.15384615384615385,5.333333333333333,56.61538461538461,17.384615384615383,0.0,0.0,14.0,3.3076923076923075,0.3076923076923077,0.46153846153846156
P01432,female,rapid,2,1527.0,0.34615384615384615,2.775,52.46153846153847,14.461538461538462,0.15384615384615385,0.038461538461538464,28.0,3.115384615384615,0.7307692307692308,0.6923076923076923
P01434,female,blitz,98,1703.295918367347,0.2779631083202512,2.9531210819326064,57.48000610500611,17.04156855049712,0.06729679051107623,0.025575614861329147,18.96590909090909,2.7931384092098375,0.5571690214547358,0.5657269317983604
P01434,female,rapid,2,2065.0,0.34615384615384615,2.2738095238095237,58.269230769230774,19.307692307692307,0.038461538461538464,0.038461538461538464,16.0,1.5384615384615385,0.7307692307692308,0.5384615384615385
P01446,female,blitz,97,1942.9381443298969,0.2945247192669873,3.206506437434273,57.44412511886739,16.85758313851097,0.06321341888352199,0.03136039218513446,20.415584415584416,2.9896538169734046,0.5776519013632415,0.5919578703083858
P01446,female,bullet,3,2099.0,0.27505827505827507,2.2083333333333335,52.04662004662004,14.888111888111888,0.07692307692307693,0.05128205128205129,17.0,3.2937062937062938,0.5151515151515151,0.6270396270396271
P01447,female,blitz,84,2350.940476190476,0.2755102040816326,3.096888104503651,57.99843014128729,17.924123495552067,0.06776556776556777,0.040293040293040296,16.55128205128205,2.847069597069597,0.5698587127158555,0.5724751439037153
P01447,female,bullet,16,2300.875,0.25480769230769235,3.0667296245421247,53.72596153846154,16.625,0.05288461538461539,0.03365384615384616,17.0,2.7163461538461537,0.6298076923076923,0.6057692307692308
P01448,female,blitz,5,2111.4,0.3230769230769231,2.8992063492063496,62.95384615384616,19.2,0.13846153846153847,0.06153846153846154,17.75,2.6153846153846154,0.676923076923077,0.6615384615384615
P01448,female,bullet,95,2244.463157894737,0.2772005479900217,2.923666275245223,58.50234981392876,17.60753015989858,0.09400687032265981,0.047165991902834006,16.641304347826086,3.0666026663395085,0.5877229787756103,0.5609000940579888
P01450,female,blitz,100,2337.58,0.23597921522921525,3.468920071758307,58.183002525252526,17.447959984459985,0.07559382284382285,0.051960372960372966,16.473118279569892,2.8008894716394717,0.5338993783993784,0.5123875291375292
P01454,female,blitz,2,1839.0,0.11538461538461539,4.166666666666667,60.42307692307692,17.153846153846153,0.07692307692307693,0.0,23.0,3.4230769230769234,0.46153846153846156,0.5
P01454,female,bullet,1,1856.0,0.38461538461538464,2.2857142857142856,62.76923076923077,19.307692307692307,0.0,0.0,48.0,2.3076923076923075,0.6153846153846154,0.46153846153846156
P01454,female,rapid,22,1729.7727272727273,0.24825174825174826,3.2209203675112765,59.23426573426573,17.96153846153846,0.045454545454545456,0.013986013986013986,19.1,3.087412587412587,0.5209790209790209,0.5279720279720279
P01455,female,blitz,2,2388.0,0.23076923076923078,2.083333333333333,55.230769230769226,15.0,0.0,0.0,23.0,3.153846153846154,0.6538461538461539,0.5384615384615385
P01455,female,bullet,98,2639.091836734694,0.2535416963988393,3.2593267276940745,57.426430712145,17.71625517339803,0.07459207459207459,0.0318407782693497,16.967741935483872,3.1032229675086818,0.5483754340897198,0.5174694353265782
P01457,female,blitz,37,2274.3513513513512,0.2661122661122661,3.1714079839079843,57.96257796257797,17.733887733887734,0.07068607068607069,0.02494802494802495,18.363636363636363,2.7422037422037424,0.553014553014553,0.5613305613305614
P01457,female,bullet,24,2290.5416666666665,0.25961538461538464,3.2034471315721316,58.10256410256411,17.455128205128204,0.09935897435897435,0.03525641025641026,15.73913043478261,2.983974358974359,0.5256410256410257,0.5544871794871795
P01457,female,rapid,20,2048.4,0.2261111111111111,3.4694173881673884,58.66102564102564,17.12474358974359,0.07538461538461538,0.03192307692307693,18.0,2.9898290598290598,0.5229059829059829,0.5415811965811966
P01463,female,blitz,97,2146.092783505155,0.29194923060902445,2.6985954295687464,57.44925824461907,17.10867877826641,0.07529297735483303,0.03257996299233413,17.375,2.8675389902194026,0.5798796850343242,0.5361685851376573
P01463,female,rapid,3,2112.0,0.2820512820512821,4.014285714285714,55.71794871794872,16.076923076923077,0.025641025641025644,0.0,16.5,2.743589743589743,0.6923076923076924,0.5641025641025641
P01464,female,blitz,42,2327.8809523809523,0.2569640676783534,3.6232924482924482,59.29500697714984,17.97100122100122,0.07566718995290425,0.04242979242979243,22.243243243243242,2.5857360893075176,0.5679661608233036,0.5383132740275597
P01464,female,bullet,58,2178.189655172414,0.2485632183908046,3.2826852266507442,59.564942528735635,18.229310344827585,0.07555260831122901,0.04836427939876216,19.547169811320753,2.7939876215738284,0.5716622458001768,0.49467285587975246
P01465,female,blitz,40,1883.675,0.2848290598290598,3.25771645021645,58.41394230769231,17.444497863247864,0.04923076923076923,0.01730769230769231,22.0,2.669647435897436,0.5752777777777778,0.5463247863247863
P01465,female,rapid,9,2033.888888888889,0.3257359924026591,2.943562610229277,57.35660018993352,17.737891737891736,0.05982905982905984,0.04178537511870845,14.333333333333334,2.577397910731244,0.6315289648622983,0.5830959164292497
P01466,female,blitz,97,2318.3917525773195,0.23790642347343377,3.279128703484374,58.618556701030926,17.528152260111025,0.063441712926249,0.030134813639968283,22.071428571428573,2.9072164948453607,0.5368754956383822,0.5606661379857256
P01466,female,bullet,3,2091.0,0.2820512820512821,1.722222222222222,56.84615384615385,16.82051282051282,0.0,0.0,24.5,2.3333333333333335,0.5384615384615384,0.6153846153846154
P01470,female,blitz,100,2430.33,0.2555734265734266,3.1598568653568653,58.92907867132867,18.091246503496503,0.07509615384615385,0.036153846153846154,19.58823529411765,2.718800699300699,0.5618881118881118,0.5311311188811189
P01472,female,bullet,100,1957.59,0.25326293151293156,3.0291771284271283,57.7746722999223,17.37087296037296,0.08177447552447553,0.04864652014652015,17.023809523809526,2.835330225330225,0.5641110833610834,0.5746168831168831
P01474,female,bullet,100,2611.59,0.2682307692307693,3.1723188478188478,57.10026923076923,17.422384615384615,0.06792307692307693,0.04046153846153846,20.772727272727273,2.9145,0.5823461538461538,0.5468461538461539
P01477,female,rapid,34,1253.735294117647,0.26246857717445954,3.3551950500479912,56.146229260935144,17.00718954248366,0.022624434389140274,0.0165158371040724,18.17241379310345,2.489894419306184,0.5439668174962292,0.5281045751633987
P01478,female,blitz,81,2234.543209876543,0.2468502690724913,3.3255974135603767,60.06283634061411,18.403735359290916,0.06304210193099083,0.037116176005064894,16.88157894736842,3.0510921177587846,0.5285375118708452,0.572823678379234
P01478,female,bullet,19,2102.4210526315787,0.24291497975708504,3.1320213412318676,59.68421052631579,17.615384615384613,0.056680161943319846,0.04048582995951417,16.473684210526315,3.3684210526315788,0.5546558704453441,0.4898785425101215
P01483,female,blitz,97,2567.298969072165,0.251264199717808,3.443267657314049,58.952763731114246,17.863543672822022,0.08264930945343317,0.03264604810996564,16.03370786516854,3.1342283146406857,0.564947080410998,0.5256993865241288
P01483,female,bullet,3,2363.3333333333335,0.3333333333333333,3.029292929292929,58.41025641025641,20.666666666666668,0.10256410256410257,0.0,19.333333333333332,3.128205128205128,0.6666666666666666,0.6666666666666666
P01484,female,blitz,83,2011.6626506024097,0.2358591876664166,3.57704027408138,59.35996550303779,17.865832928784734,0.06516064257028112,0.028738029039233857,16.576923076923077,2.97422216337879,0.5442329758594819,0.5243604454447828
P01484,female,rapid,1,2161.0,0.0,5.5,75.46153846153847,21.0,0.0,0.07692307692307693,19.0,3.230769230769231,0.38461538461538464,0.23076923076923078
P01485,female,blitz,93,1955.978494623656,0.26644502450954066,3.079807696187652,57.056935000483385,16.812978240397594,0.0768371413532704,0.03970223325062035,19.987951807228917,2.826718084782601,0.6019804568191665,0.5566252743672099
P01485,female,bullet,5,1918.4,0.26153846153846155,2.2272727272727275,58.03076923076924,17.4,0.07692307692307693,0.046153846153846156,17.5,2.3076923076923075,0.5846153846153846,0.5384615384615385
P01485,female,rapid,2,2087.0,0.2692307692307693,3.333333333333333,60.15384615384615,17.192307692307693,0.15384615384615385,0.038461538461538464,18.0,3.1538461538461537,0.5384615384615384,0.5769230769230769
P01489,female,blitz,56,1827.625,0.2551656676656677,3.378745361781076,60.15001873126873,17.928013999889,0.10222069597069597,0.05555555555555556,15.351851851851851,3.0777892246642247,0.5511776418026418,0.5776317432567433
P01489,female,bullet,11,1568.6363636363637,0.20979020979020982,3.569185360094451,60.51048951048951,17.327797202797203,0.11888111888111888,0.02097902097902098,15.7,2.9632867132867133,0.5026223776223776,0.6022727272727273
P01489,female,rapid,6,1754.6666666666667,0.358974358974359,2.2585978835978837,55.02564102564102,16.807692307692307,0.05128205128205129,0.025641025641025644,12.2,2.641025641025641,0.6153846153846154,0.6410256410256411
P01490,female,blitz,82,2262.378048780488,0.27707038896063285,2.80424839388254,57.75530435012143,16.787846435407413,0.07678385300336521,0.04450698353137378,19.253333333333334,2.880551629941874,0.5944663398931692,0.586134732476196
P01493,female,blitz,20,1799.5,0.2595726495726496,3.2192261904761907,55.95346153846153,16.378290598290597,0.04401709401709401,0.03076923076923077,18.833333333333332,2.9413247863247864,0.5483333333333333,0.5446581196581197
P01493,female,bullet,72,1709.4305555555557,0.2621769434269434,2.728917147667148,56.493749152082486,16.814749525166192,0.06584927418260751,0.03961894586894587,16.8,2.9144629290462625,0.5593237009903677,0.5414894519061186
P01493,female,rapid,8,2052.0,0.2884615384615385,2.771009199134199,59.03846153846154,18.096153846153847,0.04807692307692308,0.04807692307692308,21.166666666666668,2.7115384615384617,0.5961538461538461,0.5
P01495,female,blitz,68,1908.7058823529412,0.2731152017916724,2.9871644695174107,60.13382867132867,17.918637734814208,0.08118401206636501,0.0238499245852187,19.258064516129032,3.1741098770510536,0.5615144659262307,0.5513031902737786
P01495,female,bullet,13,2001.923076923077,0.2834319526627219,3.233089133089133,58.73609467455621,17.249704142011833,0.07100591715976332,0.04733727810650888,20.923076923076923,2.9585798816568047,0.6017751479289941,0.5355029585798816
P01498,female,blitz,2,2000.5,0.3076923076923077,3.611111111111111,59.19230769230769,16.692307692307693,0.038461538461538464,0.0,18.5,2.769230769230769,0.46153846153846156,0.5384615384615384
P01498,female,bullet,83,1656.0963855421687,0.3002780352177943,2.741671447695544,57.064076820100915,16.797471939038203,0.05972608382246937,0.02038924930491196,21.5,2.836834517557409,0.6040057666563691,0.5736021007105344
P01504,female,blitz,86,2426.3953488372094,0.26489263320658674,3.2748586684633194,58.976217580868735,17.879767293430085,0.08899934045282883,0.04775037623874834,15.768292682926829,2.947357293868922,0.5688432045990186,0.5898155139434209
P01504,female,rapid,14,2153.3571428571427,0.26785714285714285,3.0306302824159963,59.21405677655678,18.104395604395602,0.08470695970695971,0.06043956043956045,16.181818181818183,2.85989010989011,0.5986721611721613,0.5922619047619048
P01507,female,blitz,58,2461.4827586206898,0.265986121158535,3.1361590038314175,58.118532138359726,17.494420665541355,0.10468611847922193,0.04807692307692308,18.0,2.9643001634380948,0.5924259169948826,0.5643457117595049
P01507,female,bullet,37,2486.2162162162163,0.22276507276507276,3.3155366405366404,59.25010395010395,17.9991683991684,0.06652806652806653,0.02910602910602911,19.62857142857143,2.953222453222453,0.521049896049896,0.5333160083160083
P01507,female,rapid,5,2207.0,0.2923076923076923,2.581038961038961,58.10769230769231,17.10769230769231,0.09230769230769231,0.06153846153846154,12.25,2.9076923076923076,0.6461538461538462,0.5076923076923078
P01508,female,blitz,42,2183.7619047619046,0.21428571428571427,3.375721984086646,58.66529304029304,18.108974358974358,0.07875457875457877,0.031135531135531136,15.470588235294118,2.834249084249084,0.5393772893772893,0.5347985347985349
P01510,female,blitz,78,2503.4615384615386,0.25524190908806293,2.9757021112790345,58.972083827853055,17.658923341615647,0.10053301399455246,0.04399517861056323,18.338028169014084,3.087122990969145,0.5552858822089591,0.5743174204712665
P01510,female,bullet,22,2476.318181818182,0.25439182030091123,3.2458874458874463,59.42391396482306,17.43257575757576,0.09970332697605425,0.050635727908455185,17.05263157894737,3.059324009324009,0.5854948082220809,0.5566221657130748
P01511,female,blitz,90,1965.2444444444445,0.26531317447984115,3.1604923009089676,59.07747906414573,18.42964948631615,0.05567534317534318,0.027492877492877495,17.58974358974359,2.962957135457135,0.5560737719071053,0.5559619701286368
P01511,female,rapid,10,2026.5,0.23076923076923078,3.0053571428571426,56.72307692307692,17.915384615384617,0.046153846153846156,0.023076923076923078,19.22222222222222,2.776923076923077,0.5461538461538462,0.5769230769230769
P01513,female,blitz,89,2260.4269662921347,0.26603009973796493,3.3353128145262976,59.27720637664458,17.874808961325815,0.07067264820073808,0.029040622299049267,17.679012345679013,2.8410228972026728,0.5897415318763634,0.5468418597632081
P01513,female,rapid,11,2033.4545454545455,0.2657342657342658,3.0425619834710744,58.88111888111889,17.706293706293707,0.06993006993006994,0.03496503496503497,16.875,2.4685314685314683,0.6083916083916084,0.5454545454545454
P01514,female,blitz,18,2424.5,0.2606837606837607,2.929453262786596,59.72100122100122,17.95787545787546,0.0811965811965812,0.021367521367521368,14.466666666666667,2.9572649572649574,0.5463980463980465,0.5720390720390721
P01514,female,bullet,82,2272.2073170731705,0.2959669734059978,2.8527535811072395,57.5535409035409,17.163505464724977,0.08559293010512523,0.029080675422138838,16.166666666666668,3.1112920277554426,0.5996902826171119,0.6000521159057745
P01516,female,blitz,9,1908.6666666666667,0.1965811965811966,3.6107142857142858,61.324786324786324,18.136752136752136,0.09401709401709403,0.07692307692307693,17.11111111111111,3.1880341880341883,0.4700854700854701,0.45299145299145294
P01516,female,rapid,3,1326.0,0.15384615384615385,3.0407407407407407,43.17948717948718,13.35897435897436,0.025641025641025644,0.025641025641025644,18.0,1.948717948717949,0.4615384615384615,0.6923076923076924
P01522,female,blitz,42,2463.0714285714284,0.21345321345321344,3.166533004033004,59.57542457542458,17.65867465867466,0.049450549450549455,0.0347985347985348,17.805555555555557,3.2046287046287047,0.46353646353646355,0.5044955044955045
P01524,female,blitz,7,1512.2857142857142,0.22977022977022976,3.185374149659864,60.33866133866134,19.365634365634367,0.04395604395604396,0.02197802197802198,22.4,2.734265734265734,0.5434565434565435,0.5344655344655345
P01524,female,rapid,2,1427.0,0.38461538461538464,2.458333333333333,53.61538461538461,17.03846153846154,0.038461538461538464,0.0,27.5,2.6923076923076925,0.6923076923076923,0.6538461538461539
P01525,female,blitz,76,1866.7236842105262,0.29192890442890446,3.0705627705627703,58.39475217764692,17.378088578088576,0.08641884431358116,0.03502024291497976,20.19047619047619,2.928111581401055,0.5773593730830573,0.5749003189792664
P01525,female,bullet,2,1663.5,0.23076923076923078,3.8875,54.5,16.0,0.038461538461538464,0.038461538461538464,17.0,2.769230769230769,0.46153846153846156,0.4230769230769231
P01525,female,rapid,22,2071.8636363636365,0.2972160415342234,2.8705683205683203,59.29956028819665,18.184294871794872,0.0711485484212757,0.03365384615384615,15.136363636363637,2.6270926043653318,0.5889489298580208,0.624642403051494
P01527,female,blitz,16,1792.0,0.2692307692307693,3.1256065115440115,60.41346153846154,17.375,0.09134615384615385,0.038461538461538464,16.2,3.1538461538461537,0.6201923076923077,0.5384615384615384
P01527,female,rapid,24,1793.5,0.2683150183150183,3.1188161375661374,60.71611721611722,19.022435897435898,0.07692307692307693,0.04487179487179488,16.142857142857142,2.9455128205128207,0.6062271062271062,0.48580586080586086
P01528,female,blitz,48,2405.8333333333335,0.2821714743589744,2.980681818181818,56.96414262820513,17.284214743589743,0.0795272435897436,0.03413461538461539,19.093023255813954,2.736498397435897,0.587900641025641,0.559775641025641
P01528,female,bullet,52,2533.75,0.2786012064858219,2.6261774550236088,55.01776876969185,16.62498014805707,0.057961269499731044,0.028106508875739646,20.666666666666668,2.6864676989676988,0.6173707702553857,0.6119316580855043
P01530,female,blitz,16,1647.375,0.3076923076923077,2.9414885461760463,59.625,18.120192307692307,0.10096153846153846,0.03365384615384616,16.125,2.8413461538461537,0.5865384615384616,0.5913461538461539
P01530,female,bullet,60,1419.0333333333333,0.29113571613571615,3.0537235449735447,58.275414400414405,17.69109362859363,0.07247150997150999,0.030982905982905984,18.963636363636365,2.7545519295519294,0.5954351204351204,0.5805846930846932
P01530,female,rapid,24,1763.0,0.258974358974359,3.0001443001443,59.34615384615385,17.98589743589744,0.0608974358974359,0.041666666666666664,20.38888888888889,2.90448717948718,0.5602564102564103,0.5506410256410257
P01531,female,blitz,5,1731.2,0.30256410256410254,2.6142857142857143,58.1948717948718,17.47692307692308,0.14358974358974358,0.06153846153846154,12.8,3.2153846153846155,0.5641025641025641,0.5538461538461539
P01531,female,rapid,38,1806.5263157894738,0.21497975708502026,3.497251651856915,58.320647773279354,18.031983805668016,0.1048582995951417,0.05060728744939271,16.18918918918919,3.051012145748988,0.5198380566801619,0.5068825910931174
P01533,female,bullet,100,2423.41,0.2722557997557998,2.776714923964924,57.3185989010989,17.681883394383394,0.0901923076923077,0.03935897435897436,15.714285714285714,2.8405555555555555,0.5795390720390721,0.569532967032967
P01534,female,bullet,37,2288.5945945945946,0.2516915516915517,3.2567752817752815,59.06479398979398,18.220549045549046,0.07445977445977446,0.04222106722106722,17.08823529411765,2.87970137970138,0.5402365652365653,0.5326356076356076
P01534,female,rapid,63,2360.5714285714284,0.2644688644688645,3.123655709369995,59.20857753357754,17.779120879120878,0.0953907203907204,0.06336996336996337,17.89090909090909,2.834432234432234,0.5551587301587302,0.5496336996336997
P01535,female,blitz,16,1778.5625,0.2486888111888112,3.3995670995670997,57.58041958041958,16.99082167832168,0.05375874125874126,0.020104895104895104,15.533333333333333,3.1638986013986012,0.5454545454545455,0.5284090909090909
P01535,female,bullet,11,1663.3636363636363,0.2937062937062937,2.726118326118326,57.65034965034965,17.678321678321677,0.055944055944055944,0.006993006993006993,16.3,2.6713286713286712,0.5664335664335665,0.5594405594405595
P01535,female,rapid,12,1730.5,0.21153846153846156,3.3579755892255894,59.12179487179487,17.21794871794872,0.05769230769230769,0.05128205128205129,20.416666666666668,3.006410256410256,0.5384615384615384,0.4935897435897436
P01537,female,blitz,65,1274.9538461538461,0.2726387714849254,3.027855477855478,55.502530290222595,16.517503522118908,0.05044378698224852,0.02485207100591716,19.618181818181817,2.9085869258946184,0.5915624119470273,0.5949225133840519
P01539,female,blitz,49,2032.3061224489795,0.20240711669283099,3.4291119877854572,59.34696493982208,17.926792255363683,0.07566718995290424,0.039560439560439566,17.522727272727273,2.726844583987441,0.5045264259549974,0.5705913134484563
P01539,female,bullet,8,1801.0,0.19230769230769232,2.783184523809524,57.96153846153846,17.134615384615387,0.06730769230769232,0.0,17.428571428571427,2.826923076923077,0.5,0.5
P01539,female,rapid,1,2056.0,0.3076923076923077,3.75,58.30769230769231,17.615384615384617,0.15384615384615385,0.0,9.0,2.5384615384615383,0.5384615384615384,0.46153846153846156
P01542,female,bullet,18,1400.8333333333333,0.31356837606837606,2.6319664902998237,60.00623219373219,18.94284188034188,0.05982905982905984,0.004273504273504274,15.277777777777779,3.048076923076923,0.5740740740740741,0.5382834757834758
P01542,female,rapid,8,1432.0,0.29290501165501165,2.521527777777778,55.17671911421911,16.081512237762237,0.028846153846153848,0.06730769230769232,22.142857142857142,2.8502331002331003,0.5818036130536131,0.6141462703962705
P01546,female,blitz,70,2137.0285714285715,0.27414918414918416,3.3528555967841682,59.546688866688875,17.443806748806747,0.0724969474969475,0.036166056166056164,19.85,2.972949272949273,0.5834770784770784,0.6049073149073149
P01546,female,bullet,27,1796.4814814814815,0.2830872830872831,2.607545026989471,59.17245717245717,17.421245421245423,0.09076109076109076,0.037037037037037035,21.346153846153847,3.083065083065083,0.6072816072816073,0.5729085729085729
P01546,female,rapid,3,1875.0,0.25641025641025644,3.488888888888889,60.84615384615385,18.28205128205128,0.025641025641025644,0.05128205128205129,14.333333333333334,3.051282051282051,0.4102564102564103,0.5384615384615384
P01547,female,blitz,90,2108.177777777778,0.25392496392496394,3.330489202155869,58.387339327339326,17.414774114774115,0.07830280830280831,0.030170940170940172,16.8125,3.1294261294261294,0.5568487068487068,0.5431057831057831
P01547,female,bullet,10,2012.8,0.2683760683760684,3.0925000000000002,57.269230769230774,16.76068376068376,0.10769230769230771,0.038461538461538464,15.875,2.8119658119658117,0.5863247863247864,0.6
P01550,female,blitz,51,1923.4313725490197,0.26634901046665754,3.0088716294598647,58.112896689367275,17.533944269238386,0.08505492329021741,0.04145070615658852,17.565217391304348,2.7476042476042477,0.569575087222146,0.5620336090924326
P01550,female,bullet,20,2327.3,0.23442307692307693,2.8834974747474744,58.18294871794872,17.10647435897436,0.07955128205128206,0.03108974358974359,18.38888888888889,3.0168589743589744,0.5621153846153846,0.5437820512820513
P01550,female,rapid,3,2213.6666666666665,0.2884615384615385,2.707070707070707,52.93910256410256,15.227564102564102,0.10256410256410257,0.0,32.5,2.4134615384615383,0.7371794871794872,0.44871794871794873
P01551,female,blitz,22,1260.8636363636363,0.29273504273504275,2.7791305916305915,56.56983294483294,16.30604118104118,0.0472999222999223,0.02447552447552448,18.5,3.0002913752913756,0.5608003108003108,0.6155788655788655
P01551,female,rapid,5,2072.4,0.21538461538461537,3.913333333333333,61.98461538461538,18.676923076923078,0.07692307692307693,0.046153846153846156,13.6,3.046153846153846,0.6307692307692307,0.4769230769230769
P01553,female,blitz,12,2228.3333333333335,0.25641025641025644,3.2925685425685427,59.92307692307693,18.14102564102564,0.08974358974358976,0.05769230769230769,20.25,3.044871794871795,0.5128205128205129,0.5256410256410257
P01553,female,rapid,20,2122.55,0.21884615384615386,3.9586309523809526,60.33269230769231,17.453846153846154,0.057692307692307696,0.04346153846153846,20.77777777777778,3.1696153846153843,0.48269230769230764,0.5042307692307693
P01554,female,rapid,6,1842.8333333333333,0.4564879564879565,2.3680555555555554,58.16530691530691,18.053613053613052,0.10596348096348096,0.038461538461538464,20.6,3.410742035742036,0.7741841491841491,0.6263597513597513
P01570,female,blitz,21,2322.5238095238096,0.23809523809523808,3.2959736031164604,61.75457875457875,18.912087912087912,0.03296703296703297,0.02197802197802198,16.65,2.7875457875457874,0.5311355311355311,0.5238095238095238
P01570,female,bullet,79,2396.26582278481,0.2572216812723142,3.0631276423997944,59.58625446283674,17.701963648166178,0.06426484907497566,0.022395326192794548,16.39189189189189,2.9442551119766307,0.5576923076923077,0.5574488802336904
P01577,female,blitz,55,1665.1090909090908,0.2990852077215714,2.9876105207923387,58.05514763014763,17.328189285462013,0.05844609935519026,0.02972204563113654,21.386363636363637,2.7162167125803487,0.6242754215481489,0.584693488329852
P01577,female,bullet,25,1690.4,0.26,2.513692307692308,56.15384615384615,16.546153846153846,0.06512820512820512,0.034102564102564105,19.3,2.8869230769230767,0.5812820512820513,0.5458974358974359
P01577,female,rapid,20,1619.15,0.2957692307692308,2.4633333333333334,59.005384615384614,17.81230769230769,0.06653846153846155,0.05961538461538461,19.066666666666666,2.7223076923076923,0.5442307692307693,0.578076923076923
P01578,female,blitz,77,2771.844155844156,0.2805071551824799,2.9803215903865254,57.97977433821589,17.300468579040007,0.09610951818744028,0.04913268549632186,18.93548387096774,2.7209552352409494,0.5397615371641346,0.5775683191267607
P01578,female,bullet,23,2649.5652173913045,0.2731698253437384,2.8416733025428678,55.608621330360464,16.17918989223337,0.07151616499442587,0.020066889632107024,21.4375,2.521218877740617,0.5888703084355259,0.5843924191750279
P01580,female,blitz,82,1319.5975609756097,0.27212584163803677,3.2813082919790233,57.93376846730505,16.997991642503838,0.08321099632075242,0.038327526132404185,14.974025974025974,2.9766891644940427,0.5679484133752427,0.5487809954273369
P01580,female,rapid,18,1669.7777777777778,0.2820512820512821,2.863660105326772,56.7905982905983,16.884615384615383,0.047008547008547015,0.03418803418803419,11.941176470588236,3.111111111111111,0.6196581196581197,0.5384615384615385
P01584,female,blitz,100,2551.1,0.26081585081585085,3.2825003885003885,58.400238927738926,17.496672494172493,0.07615384615384616,0.04076923076923077,23.392857142857142,2.684714452214452,0.5300932400932401,0.5535955710955711
P01587,female,blitz,10,2541.9,0.24615384615384617,2.9399891774891773,57.376923076923084,17.10769230769231,0.10769230769230771,0.08461538461538462,19.7,3.1307692307692307,0.5461538461538462,0.5230769230769231
P01587,female,bullet,90,2508.633333333333,0.2751187084520418,2.6738806255472922,56.09705603038937,16.837796771130105,0.0735042735042735,0.03333333333333333,17.585365853658537,3.08005698005698,0.5805318138651472,0.5962962962962963
P01588,female,blitz,50,2610.44,0.2677350427350428,3.0060072150072146,59.648568376068376,17.86551282051282,0.0852991452991453,0.04164529914529915,19.41304347826087,2.9021153846153847,0.5822008547008547,0.5531196581196581
P01588,female,bullet,47,2633.0,0.2745226404800873,2.9410853921492217,60.06110201854883,17.92457719585379,0.08404255319148937,0.030578286961265685,20.666666666666668,2.8651118385160936,0.5814238952536824,0.5604746317512275
P01588,female,rapid,3,2260.6666666666665,0.35897435897435903,2.486111111111111,61.56410256410256,18.076923076923077,0.07692307692307693,0.07692307692307693,17.5,2.7692307692307687,0.5897435897435898,0.641025641025641
P01589,female,blitz,50,1179.24,0.27755844155844156,3.232883838383838,59.143896103896104,17.41773826173826,0.08448351648351649,0.03323076923076923,16.4468085106383,3.2312587412587415,0.6112927072927072,0.5495684315684316
P01589,female,bullet,3,1059.6666666666667,0.2820512820512821,3.342592592592593,56.51282051282052,17.35897435897436,0.10256410256410257,0.05128205128205129,15.666666666666666,2.5128205128205128,0.6153846153846154,0.5384615384615384
P01589,female,rapid,47,1558.6170212765958,0.25173833258939643,3.256716097141629,59.08813668600902,17.766096315032485,0.08829043297128404,0.02291325695581015,17.365853658536587,2.83977582700987,0.5922795880242689,0.5554067681727256
P01596,female,blitz,1,2393.0,0.3076923076923077,3.4,59.38461538461539,17.307692307692307,0.15384615384615385,0.07692307692307693,14.0,3.8461538461538463,0.6923076923076923,0.46153846153846156
P01596,female,bullet,99,2361.373737373737,0.24470756516211062,3.1663423557362953,59.753699583245044,18.242902608054123,0.0863687378838894,0.04986932259659533,18.571428571428573,2.860111016929199,0.5282806699473366,0.5494943608579972
P01599,female,blitz,28,2083.3571428571427,0.2821969696969697,2.8688633786848072,58.383533133533135,17.441100566100566,0.06766150516150517,0.04743173493173493,16.48148148148148,3.0312187812187816,0.5707209457209458,0.5944264069264069
P01601,female,blitz,48,2059.2916666666665,0.24016608391608393,3.082257846320346,57.36138225200725,17.740510068635068,0.04895104895104895,0.03087364024864025,15.574468085106384,2.8075911357161356,0.5543414918414918,0.5570771820771822
P01601,female,bullet,52,1775.0192307692307,0.3047337278106509,3.0311660561660565,55.210059171597635,18.110946745562128,0.04289940828402367,0.04289940828402367,20.386363636363637,2.757396449704142,0.5517751479289941,0.5562130177514792
P01602,female,blitz,81,1957.8148148148148,0.27051545847842146,2.9286242050130937,59.17924976258309,17.305948612430093,0.08082990397805213,0.043304843304843306,18.61111111111111,2.994497203756463,0.5783554922443811,0.5361111111111111
P01602,female,bullet,4,1731.75,0.25,2.9541666666666666,63.71153846153847,20.923076923076923,0.07692307692307693,0.0,12.75,3.2115384615384617,0.576923076923077,0.42307692307692313
P01606,female,blitz,18,2131.1666666666665,0.26092796092796094,3.572530864197531,61.06017501017501,18.64049654049654,0.061111111111111116,0.030270655270655273,14.8125,2.804344729344729,0.5691086691086692,0.5365282865282865
P01606,female,bullet,52,2107.0576923076924,0.2595742932281394,3.303791347541347,58.258793556870486,17.888231426692965,0.07556706114398423,0.03106508875739645,17.06382978723404,2.8654257067718607,0.5436390532544378,0.5161489151873767
P01606,female,rapid,21,2211.6190476190477,0.27855596784168213,3.1175736961451244,57.89435921221635,17.080075876504445,0.0695970695970696,0.02197802197802198,20.714285714285715,2.8243672993672995,0.5432174967889254,0.4753710575139147
P01608,female,blitz,44,1869.0,0.26960955710955714,3.3414411976911977,57.50631798756799,17.53091006216006,0.062281468531468535,0.045090326340326344,20.07894736842105,2.7689345376845376,0.5508207070707071,0.5760975135975136
P01610,female,blitz,4,2134.5,0.3076923076923077,2.063131313131313,52.19230769230769,15.865384615384615,0.09615384615384616,0.019230769230769232,28.666666666666668,2.519230769230769,0.6346153846153846,0.6538461538461539
P01610,female,bullet,96,2098.3333333333335,0.2791704822954823,2.920431246993747,56.982457646520146,16.994305173992675,0.08092948717948718,0.044070512820512824,17.31764705882353,3.118017399267399,0.5888182997557998,0.5573202838827839
P01613,female,blitz,88,2345.7045454545455,0.27665074824165736,3.2703321772924046,58.32695208831572,17.563916197438925,0.08075604950604952,0.035998092816274634,17.333333333333332,3.1239968995650815,0.5591100818373546,0.5614098653871381
P01613,female,bullet,12,2252.8333333333335,0.2544677544677545,3.0845797720797723,56.283670033670035,17.134550634550635,0.09207459207459208,0.04888629888629889,11.2,3.056980056980057,0.5660450660450661,0.5501813001813002
P01615,female,blitz,44,2167.818181818182,0.2765575333757152,3.243109668109668,57.74820406865861,17.69376986649714,0.08146853146853147,0.03776223776223776,16.071428571428573,3.0232676414494595,0.6016528925619835,0.562269548633185
P01615,female,bullet,45,1980.8222222222223,0.28489078822412156,2.9344708994708992,57.468513770180444,17.557274453941123,0.09577397910731243,0.031837606837606836,14.928571428571429,2.962440645773979,0.6248480531813865,0.5603513770180437
P01615,female,rapid,11,2150.5454545454545,0.2727272727272727,3.245310245310245,58.53846153846154,18.853146853146853,0.09790209790209792,0.03496503496503497,15.272727272727273,2.944055944055944,0.5664335664335665,0.5244755244755245
P01617,female,blitz,100,2702.76,0.22295804195804197,3.341336177711178,59.92409634809635,17.971794094794095,0.06706293706293706,0.04137062937062938,16.620253164556964,3.1700155400155396,0.5344017094017094,0.5301546231546231
P01622,female,blitz,91,2466.21978021978,0.2282333051563821,3.3263218125693887,58.85883347421809,17.685545224006763,0.0650887573964497,0.03803888419273035,18.60759493670886,3.0422654268808116,0.4953508030431108,0.5164835164835165
P01622,female,bullet,9,2018.111111111111,0.21833721833721834,3.2760141093474426,59.52292152292153,17.456876456876458,0.06138306138306139,0.03418803418803419,14.0,3.230769230769231,0.5493395493395493,0.4864024864024864
P01623,female,blitz,7,2557.5714285714284,0.2765567765567766,2.998639455782313,53.78846153846154,16.43864468864469,0.057692307692307696,0.03388278388278388,22.0,2.3745421245421245,0.6117216117216117,0.5210622710622711
P01623,female,bullet,84,2589.9880952380954,0.2471972471972472,3.191709260381861,58.49814999815,17.338659026159025,0.0541958041958042,0.029953842453842455,16.644736842105264,3.0072242572242573,0.5555763680763681,0.5522718022718023
P01623,female,rapid,4,2214.0,0.4658119658119658,1.8125,56.47222222222222,16.78205128205128,0.027777777777777776,0.0,24.0,2.9871794871794872,0.8012820512820513,0.48717948717948717
P01624,female,blitz,61,2459.2950819672133,0.2622090113893393,3.144855872724725,57.65367201104906,17.391136732120337,0.09838067215116396,0.06507135851398146,18.333333333333332,2.7006185071758844,0.560489601473208,0.5887687904081347
P01624,female,rapid,2,1644.5,0.19230769230769232,2.5833333333333335,55.38461538461539,17.846153846153847,0.0,0.0,18.5,2.6153846153846154,0.42307692307692313,0.46153846153846156
P01629,female,blitz,100,2398.33,0.24303030303030304,3.437327256077256,60.925207070707074,18.182592074592073,0.0741025641025641,0.0457905982905983,19.813953488372093,2.934830225330225,0.5219149184149184,0.5433574203574204
P01630,female,bullet,100,2523.27,0.25573076923076926,2.766297008547008,57.27984615384616,17.40053846153846,0.0676923076923077,0.03384615384615385,13.197916666666666,3.0622307692307693,0.6036923076923076,0.5199615384615385
P01631,female,blitz,50,2167.16,0.2719114219114219,3.0770411255411254,58.706153846153846,17.614708624708623,0.08628205128205128,0.03384615384615385,14.976190476190476,3.065,0.5784965034965035,0.5337062937062937
P01631,female,bullet,50,2064.48,0.26675213675213677,2.7794704184704186,57.2191452991453,16.7767094017094,0.06923076923076923,0.04068376068376068,19.7,2.7743589743589747,0.5957264957264957,0.5702564102564103
P01636,female,blitz,100,2133.28,0.21846153846153846,3.332719336219336,58.72769230769231,17.766153846153845,0.07307692307692308,0.03384615384615385,18.45360824742268,2.897692307692308,0.5146153846153846,0.5384615384615384
P01637,female,blitz,48,2571.4583333333335,0.24694055944055945,3.2888439107189105,58.03598484848485,17.265734265734267,0.07400932400932402,0.03685897435897436,16.695652173913043,2.9003496503496504,0.5122377622377622,0.47348484848484845
P01637,female,bullet,41,2560.2926829268295,0.2570356472795497,3.395382395382395,58.91369606003752,18.03001876172608,0.12945590994371484,0.0675422138836773,16.54054054054054,2.803001876172608,0.5647279549718573,0.5347091932457786
P01637,female,rapid,11,1806.5454545454545,0.36487956487956485,2.517965367965368,59.96285936285937,17.105205905205903,0.1097125097125097,0.006993006993006993,15.625,2.9656177156177153,0.7448329448329448,0.5374125874125875
P01639,female,blitz,86,2051.8023255813955,0.251878709146151,3.1758963904312743,58.628891941391934,17.361671209927025,0.08191462929835024,0.041259193003379054,20.12857142857143,2.775997032683079,0.5346001221001221,0.589779438907346
P01639,female,bullet,6,1752.8333333333333,0.2435897435897436,3.1074074074074076,57.61538461538461,17.538461538461537,0.12820512820512822,0.025641025641025644,21.8,3.0384615384615383,0.5384615384615384,0.5641025641025641
P01639,female,rapid,8,1683.375,0.29114219114219114,3.3354166666666667,54.429574592074594,16.130754662004662,0.019230769230769232,0.0,14.5,2.608537296037296,0.6029428904428904,0.5791812354312355
P01643,female,blitz,6,2302.3333333333335,0.2692307692307692,3.8444444444444446,54.43589743589743,16.897435897435898,0.038461538461538464,0.012820512820512822,29.833333333333332,2.5641025641025643,0.6410256410256411,0.5897435897435898
P01643,female,bullet,94,2095.946808510638,0.26585914085914086,3.1717517116453284,57.740663591727426,17.528591089761303,0.07865273024847493,0.03273322422258593,18.818181818181817,3.1783974004718685,0.5571742087699535,0.5748931919144685
P01645,female,blitz,25,2284.4,0.26278388278388276,3.2514978354978354,58.702136752136745,17.81108669108669,0.04,0.02153846153846154,18.541666666666668,3.021111111111111,0.5061782661782662,0.5261782661782662
P01645,female,bullet,2,2450.5,0.2692307692307693,3.2,55.15384615384615,17.5,0.07692307692307693,0.0,31.0,2.1923076923076925,0.4230769230769231,0.6153846153846154
P01645,female,rapid,1,1838.0,0.36363636363636365,2.6666666666666665,50.54545454545455,14.909090909090908,0.09090909090909091,0.09090909090909091,8.0,3.727272727272727,0.8181818181818182,0.45454545454545453
P01648,female,blitz,59,2270.728813559322,0.257083876575402,2.895835520411792,58.93237722729248,17.30923511516732,0.05084745762711865,0.029986962190352025,16.901960784313726,3.1972186006084313,0.5538678835289005,0.5814211212516297
P01648,female,bullet,7,1905.142857142857,0.27472527472527475,3.0941391941391942,57.67032967032967,18.329670329670332,0.1098901098901099,0.01098901098901099,11.428571428571429,3.098901098901099,0.6483516483516484,0.5824175824175823
P01648,female,rapid,34,2266.705882352941,0.2668875242404654,3.1173669467787115,59.338316095669036,18.220911441499677,0.05429864253393665,0.016025641025641028,14.451612903225806,3.213073691014867,0.5794009911656971,0.5545141133376428
P01651,female,blitz,8,1326.0,0.29086538461538464,2.3607142857142858,52.750801282051285,16.247596153846153,0.12900641025641027,0.05929487179487179,17.166666666666668,2.7860576923076925,0.6610576923076923,0.6225961538461539
P01651,female,rapid,12,1575.75,0.2025641025641026,3.622008778258778,57.48717948717948,17.420512820512823,0.04038461538461539,0.055128205128205134,19.75,2.814102564102564,0.4391025641025641,0.4461538461538462
P01652,female,bullet,77,2425.779220779221,0.2719163952930187,2.9773763754283236,58.083446423706164,17.641304150395058,0.06123876123876124,0.035446371810008176,20.014084507042252,2.853996652697951,0.5608832725715842,0.5676725871531066
P01652,female,rapid,23,2284.391304347826,0.2478499761108457,3.1886632690980514,58.72587195413282,17.7851966873706,0.08054626532887403,0.040412486064659976,19.68421052631579,2.5870361522535434,0.5765647396082179,0.5214206083771301
P01654,female,blitz,100,1993.27,0.27375682650682653,3.339148379398379,57.93520917970918,17.57535742035742,0.08665750915750917,0.04221153846153847,15.208333333333334,2.9521113053613055,0.6040484515484515,0.5473750693750694
P01655,female,blitz,2,2301.5,0.19230769230769232,3.9545454545454546,59.69230769230769,16.53846153846154,0.0,0.0,19.0,3.3461538461538463,0.46153846153846156,0.5
P01656,female,bullet,1,1788.0,0.3076923076923077,2.625,55.23076923076923,15.307692307692308,0.0,0.0,9.0,3.0,0.7692307692307693,0.6153846153846154
P01656,female,rapid,4,1780.25,0.34615384615384615,3.517857142857143,63.05769230769231,19.76923076923077,0.038461538461538464,0.038461538461538464,14.0,2.4038461538461537,0.8076923076923077,0.6858974358974359
P01657,female,bullet,83,1367.313253012048,0.3045267985027021,2.7485122307411465,56.71223956766125,16.935546381329512,0.05656993608800838,0.03508539653117967,19.653333333333332,2.650963494336988,0.6113645390753825,0.5880264313999254
P01657,female,rapid,17,2089.3529411764707,0.30090497737556565,2.9440590455296336,57.237556561085974,17.507541478129713,0.04072398190045249,0.01809954751131222,15.533333333333333,2.9215686274509802,0.6191553544494721,0.6093514328808447
P01660,female,blitz,65,2436.6,0.2260355029585799,3.1947114637499254,58.00236686390532,17.11834319526627,0.056804733727810655,0.02958579881656805,17.666666666666668,2.9562130177514794,0.5124260355029585,0.5159763313609468
P01660,female,rapid,19,1972.6842105263158,0.25179937022042287,3.3242114610535665,60.513832658569505,17.71412505623032,0.06950067476383266,0.04520917678812416,19.842105263157894,3.255847953216374,0.4790823211875843,0.5132703553756186
P01664,female,blitz,100,2127.65,0.3010392385392386,2.9881544011544015,59.280966006216005,17.959268065268066,0.07228729603729604,0.029230769230769234,16.125,2.8344522144522144,0.6163339160839161,0.5963646076146076
P01667,female,blitz,87,1810.448275862069,0.25943296805365773,3.09027674113881,59.267946931740035,17.63647125543677,0.06837606837606838,0.043545534924845274,19.464788732394368,2.8563995391581596,0.5616594771767186,0.5647250578285061
P01667,female,bullet,7,1737.7142857142858,0.2967032967032967,2.7716141001855283,58.35164835164835,16.978021978021978,0.07692307692307694,0.01098901098901099,25.857142857142858,3.054945054945055,0.6043956043956044,0.6593406593406593
P01668,female,blitz,25,1830.8,0.25230769230769234,3.09202886002886,60.381538461538454,19.116923076923076,0.08615384615384616,0.04,22.9,2.707692307692308,0.556923076923077,0.5323076923076924
P01668,female,bullet,70,2326.0142857142855,0.25813186813186817,2.757565965780252,58.22472527472527,17.555714285714288,0.08417582417582418,0.025604395604395605,14.107692307692307,3.0900000000000003,0.5631868131868133,0.5147252747252747
P01668,female,rapid,5,2010.0,0.3230769230769231,2.9333333333333336,56.676923076923075,16.107692307692307,0.07692307692307693,0.015384615384615385,16.6,3.3692307692307693,0.6923076923076923,0.6153846153846154
P01669,female,blitz,95,2294.7894736842104,0.2404753141595247,3.211198509093246,57.98844313581156,17.651611546348388,0.0688259109311741,0.03805668016194332,20.767441860465116,2.9305221094694778,0.5555812608444187,0.5176823176823178
P01669,female,rapid,5,2238.6,0.19384615384615386,3.0702380952380954,61.353846153846156,17.626153846153848,0.03538461538461539,0.0,17.666666666666668,3.1692307692307695,0.6476923076923077,0.4907692307692308
P01670,female,blitz,3,1820.0,0.2820512820512821,2.376984126984127,58.97435897435898,17.41025641025641,0.025641025641025644,0.0,20.333333333333332,2.7179487179487176,0.6153846153846154,0.5897435897435898
P01670,female,bullet,53,1724.2264150943397,0.2937106918238994,2.9166714312940725,57.87798742138365,17.27614900822448,0.06386066763425255,0.02467343976777939,20.733333333333334,2.719593613933237,0.5920174165457185,0.6027576197387519
P01673,female,blitz,96,2238.7083333333335,0.26180373445998445,3.0691765121452623,59.35197042540793,17.996622474747475,0.09062439296814297,0.03649475524475525,17.36263736263736,2.899613927738928,0.5630948912198912,0.5293833770396271
P01673,female,bullet,1,1680.0,0.23076923076923078,2.2857142857142856,55.38461538461539,18.76923076923077,0.15384615384615385,0.0,15.0,2.076923076923077,0.5384615384615384,0.46153846153846156
P01673,female,rapid,3,1930.0,0.3333333333333333,3.611111111111111,59.0,16.615384615384617,0.07692307692307693,0.025641025641025644,24.333333333333332,2.743589743589744,0.5641025641025641,0.5128205128205128
P01674,female,blitz,86,2785.546511627907,0.2555862741909254,3.340754691045389,58.77476486691603,17.93867769827072,0.06104989971269041,0.029484469019352744,20.430379746835442,2.712132053992519,0.5591661245731013,0.5438994145389494
P01674,female,bullet,14,2575.1428571428573,0.24514374514374518,3.0186662543805403,58.873237873237876,17.962537462537462,0.04945054945054945,0.027472527472527476,18.923076923076923,2.648296148296148,0.5416250416250417,0.5617160617160617
P01676,female,blitz,13,1924.6153846153845,0.305156382079459,3.0766882689959614,55.180896027049876,16.44209636517329,0.07100591715976332,0.04733727810650888,17.5,2.4928148774302623,0.6187658495350803,0.5824175824175823
P01676,female,bullet,8,1584.5,0.2534965034965035,3.581299603174603,57.91870629370629,16.14160839160839,0.038461538461538464,0.04020979020979021,14.125,3.270104895104895,0.5454545454545454,0.5472027972027972
P01677,female,blitz,59,2208.677966101695,0.2333767926988266,3.186116724750822,60.7496740547588,18.63624511082138,0.1016949152542373,0.048239895697522815,16.236363636363638,2.814863102998696,0.5384615384615384,0.4967405475880052
P01677,female,rapid,41,1910.8536585365853,0.282602763090568,2.94548483359459,59.77127750298482,18.447518335323213,0.09880607197680369,0.04536926488146001,17.0,2.8851441241685145,0.5608903291830121,0.549172778441071
P01678,female,blitz,41,1675.0975609756097,0.2910837130349326,2.8944351718741963,58.373267518389476,17.27420337115459,0.08068063372941423,0.03329164060871378,17.10810810810811,3.0732176360225143,0.5830191488728074,0.5966452246940052
P01678,female,bullet,7,1912.142857142857,0.2857142857142857,2.7079004329004333,56.24175824175824,15.472527472527473,0.14285714285714285,0.05494505494505495,24.5,2.6813186813186816,0.5824175824175825,0.6373626373626374
P01678,female,rapid,26,1636.8461538461538,0.3267258382642998,2.8554945054945056,58.24191321499014,17.30187376725838,0.05029585798816568,0.0675542406311637,17.476190476190474,2.9792899408284024,0.5883629191321499,0.6420118343195267
P01683,female,blitz,99,2018.5555555555557,0.26568330659239753,3.2428057748022097,59.73176032721487,17.41312828585556,0.07884287429741975,0.04114101386828659,19.202247191011235,3.140549013276286,0.5587212450848815,0.5782412873321965
P01683,female,rapid,1,2012.0,0.38461538461538464,3.0,59.07692307692308,18.846153846153847,0.07692307692307693,0.0,12.0,3.923076923076923,0.6153846153846154,0.5384615384615384
P01684,female,blitz,2,2511.0,0.19230769230769232,3.425,56.92307692307692,16.26923076923077,0.038461538461538464,0.038461538461538464,27.5,2.5384615384615383,0.5384615384615385,0.46153846153846156
P01684,female,bullet,44,2282.75,0.24238980716253444,3.3892668568804933,60.12719326128417,18.35721286289468,0.08018383132019496,0.042946069082432724,17.595238095238095,2.7741311718584445,0.5430202373384192,0.5328830260648443
P01686,female,rapid,100,2042.78,0.2507008547008547,3.247338383838384,57.921431623931625,17.52502564102564,0.06076923076923078,0.03839316239316239,17.180851063829788,3.143102564102564,0.5448076923076923,0.5478803418803418
P01687,female,blitz,5,1787.6,0.2358974358974359,2.8303030303030305,58.135897435897434,17.034615384615385,0.0641025641025641,0.06282051282051282,13.25,2.753846153846154,0.517948717948718,0.5756410256410256
P01687,female,bullet,95,1400.578947368421,0.2625943062785168,3.357197919040024,59.391077694235584,17.53664224664225,0.07142728616412827,0.03533963112910481,18.2,2.916614613456719,0.5731450420924105,0.5560966518861256
P01689,female,blitz,4,2525.5,0.21153846153846156,2.673826173826174,56.07692307692308,17.5,0.07692307692307693,0.019230769230769232,12.75,3.0576923076923075,0.5769230769230769,0.5576923076923077
P01689,female,bullet,95,2651.4947368421053,0.26569757727652465,2.9947792704371654,58.32502538397275,18.043028083028084,0.0804061435640383,0.03470213996529786,15.337078651685394,2.8260664481717113,0.5745928924876293,0.5407852965747703
P01689,female,rapid,1,1984.0,0.23076923076923078,3.142857142857143,53.23076923076923,15.923076923076923,0.0,0.0,19.0,2.4615384615384617,0.5384615384615384,0.6923076923076923
P01691,female,blitz,23,2051.8695652173915,0.2616904834296139,3.9109072087332954,60.433277591973244,18.234402553967772,0.08075402858011554,0.0500456065673457,16.681818181818183,3.1098586196412286,0.5323046518698693,0.5612952265126178
P01691,female,bullet,74,1854.2567567567567,0.2819032319032319,2.7920337545337546,58.66459947709948,17.206751244251244,0.09431581931581932,0.05155925155925156,18.196969696969695,2.8536272286272286,0.5983777483777484,0.5764080514080514
P01691,female,rapid,3,2109.3333333333335,0.2820512820512821,2.388888888888889,50.28205128205128,15.025641025641027,0.10256410256410257,0.07692307692307693,16.666666666666668,2.871794871794872,0.5641025641025641,0.6153846153846154
P01695,female,blitz,18,2194.777777777778,0.31356837606837606,2.588472021805355,59.63247863247864,18.047364672364672,0.11538461538461539,0.042735042735042736,16.764705882352942,2.8596866096866096,0.650462962962963,0.5356125356125356
P01695,female,bullet,5,2131.4,0.2923076923076923,3.787301587301587,57.30769230769231,16.861538461538462,0.06153846153846154,0.0,19.2,3.138461538461539,0.6,0.49230769230769234
P01695,female,rapid,77,2438.883116883117,0.24786901410278037,3.241888270459699,57.28141339180301,17.354321003671654,0.06625445261808897,0.038670925034561404,19.3,2.764136296603829,0.5293537631199969,0.548494795248042
P01698,female,blitz,86,2350.6627906976746,0.2520522758894852,3.1472695386768574,60.0506932021467,17.775154044921486,0.07650069568674221,0.03592725104353012,17.22222222222222,3.1813953488372095,0.5785902405088451,0.5410032796660704
P01698,female,rapid,14,2362.285714285714,0.23214285714285715,3.16636260564832,60.21153846153846,18.41300366300366,0.0728021978021978,0.016483516483516484,19.923076923076923,3.059065934065934,0.5311355311355311,0.5467032967032968
P01699,female,blitz,34,2215.4411764705883,0.24218200100553045,3.215802987861811,58.10623428858723,17.546505781799898,0.06209150326797386,0.05077928607340372,15.181818181818182,2.694670688788336,0.5038210155857215,0.5400201106083459
P01699,female,bullet,66,2232.8636363636365,0.24941724941724944,2.8580589370027876,57.089743589743584,17.188811188811187,0.07459207459207459,0.04778554778554779,16.64406779661017,2.772727272727273,0.5326340326340326,0.5501165501165501
P01702,female,blitz,93,2300.3655913978496,0.24103942652329752,3.4763537537731084,58.81564653984009,17.476247587537912,0.08698649021229667,0.0372897711607389,15.362637362637363,3.098070030328095,0.5318031430934657,0.4943203749655362
P01702,female,bullet,7,2171.285714285714,0.27472527472527475,2.781292517006803,56.18681318681319,15.98901098901099,0.06593406593406594,0.0,13.166666666666666,3.032967032967033,0.6483516483516484,0.6043956043956044
P01703,female,blitz,85,2265.364705882353,0.26153846153846155,3.1648989039855913,57.14867485455721,17.082870071105365,0.06787330316742081,0.025339366515837108,17.378048780487806,2.9697478991596635,0.5566903684550744,0.5632837750484809
P01703,female,rapid,15,1803.3333333333333,0.23076923076923078,3.476329966329966,58.44615384615385,17.794871794871792,0.06666666666666667,0.0358974358974359,17.2,2.7435897435897436,0.49743589743589745,0.48717948717948717
P01704,female,bullet,100,2692.5,0.25904156954156954,2.917424381174381,57.172133061383065,17.167878787878788,0.07023076923076924,0.038832167832167835,17.0752688172043,2.831682012432012,0.5535574980574981,0.5575205905205906
P01705,female,blitz,54,2136.6666666666665,0.2184235517568851,3.6044999239443682,59.489197530864196,17.922483380816715,0.08262108262108263,0.05282526115859449,16.22222222222222,3.1451804368471037,0.5048670465337133,0.4751899335232669
P01705,female,bullet,6,1620.8333333333333,0.21794871794871795,3.3194444444444446,59.48717948717948,18.923076923076923,0.06410256410256411,0.06410256410256411,13.833333333333334,2.692307692307692,0.576923076923077,0.5384615384615384
P01705,female,rapid,40,1734.8,0.23461538461538461,3.6646816378066376,58.05384615384615,17.569230769230767,0.09038461538461538,0.04038461538461539,17.68421052631579,3.105769230769231,0.4807692307692307,0.4865384615384616
P01711,female,blitz,61,1901.7377049180327,0.29540423146980527,3.051072879761404,57.49029003783102,16.98719349866891,0.0841880341880342,0.03572929802438,18.196428571428573,2.922124141796273,0.6127434496286955,0.5836205688664705
P01711,female,bullet,1,1774.0,0.15384615384615385,3.0,53.38461538461539,14.076923076923077,0.0,0.0,20.0,2.923076923076923,0.5384615384615384,0.46153846153846156
P01711,female,rapid,2,1865.0,0.34615384615384615,2.325,59.269230769230774,18.615384615384613,0.19230769230769232,0.0,15.5,2.615384615384615,0.7692307692307693,0.38461538461538464
P01715,female,blitz,85,2076.0588235294117,0.2520350237997297,3.396968489027313,57.517962429727135,17.530686764216178,0.06352941176470589,0.04009049773755657,17.281690140845072,2.8882915124091597,0.5248629801570979,0.5624167988873872
P01716,female,blitz,49,2586.8367346938776,0.2517244660101803,2.9458628106587295,59.09771181199753,17.54160125588697,0.05494505494505495,0.021978021978021983,20.692307692307693,2.727367870225013,0.5393653965082537,0.5616050616050616
P01716,female,bullet,50,2453.38,0.2628846153846154,2.6679047619047616,57.445641025641024,17.151153846153846,0.08314102564102564,0.03538461538461539,20.146341463414632,2.6197435897435897,0.6080769230769231,0.6392307692307692
P01716,female,rapid,1,2387.0,0.23076923076923078,4.0,57.15384615384615,18.615384615384617,0.07692307692307693,0.07692307692307693,14.0,3.5384615384615383,0.46153846153846156,0.6153846153846154
P01719,female,blitz,73,2292.6027397260273,0.2639748379474407,2.9391933409056694,57.58850863748124,17.23935721812434,0.0635038477504231,0.02950474183350896,19.714285714285715,2.7756713606028676,0.5301928664942364,0.5696722227544145
P01719,female,bullet,27,2032.148148148148,0.3294396961063628,2.768539896317674,59.0184552073441,17.979028173472617,0.07097182652738208,0.037037037037037035,15.772727272727273,2.8391263057929725,0.6426242481798037,0.5612456473567585
P01723,female,bullet,100,2089.71,0.28222627372627374,2.769525252525253,58.72731324231324,17.61281879231879,0.07755444555444556,0.036923076923076927,16.5625,3.1284220224220225,0.5747706737706738,0.526484681984682
P01726,female,blitz,17,1998.5882352941176,0.31070889894419307,2.738349885408709,56.2315233785822,16.953242835595773,0.09992458521870287,0.01809954751131222,19.2,2.7895927601809953,0.6357466063348417,0.5946455505279035
P01728,female,bullet,100,2259.92,0.24104895104895108,3.0151399433899435,58.12787587412588,17.969600815850814,0.08125,0.06544871794871795,18.511363636363637,2.754694055944056,0.5251981351981353,0.5329341491841492
P01731,female,blitz,8,2328.375,0.22115384615384617,3.5288690476190476,60.61538461538462,17.548076923076923,0.057692307692307696,0.06730769230769232,19.75,3.1634615384615383,0.5384615384615384,0.6153846153846154
P01731,female,bullet,91,2298.4505494505493,0.26111196495811884,3.4029855065569348,59.89314659699276,18.004584518046055,0.09184725530879377,0.03726401803324881,20.753086419753085,2.7227650554573635,0.5830637311406542,0.5769550961858655
P01731,female,rapid,1,2169.0,0.15384615384615385,3.2,59.92307692307692,17.076923076923077,0.07692307692307693,0.0,,2.769230769230769,0.3076923076923077,0.38461538461538464
P01732,female,blitz,4,1959.25,0.3269230769230769,2.630952380952381,59.36538461538461,18.423076923076923,0.09615384615384616,0.038461538461538464,22.0,2.7115384615384617,0.5961538461538461,0.5961538461538461
P01732,female,bullet,96,2214.1354166666665,0.2960932007807008,2.8203256523569027,57.976529257779255,17.3535441988567,0.07861426767676769,0.031541375291375295,17.436781609195403,3.0380920005920005,0.6099377474377474,0.5632335257335258
P01734,female,blitz,100,1806.42,0.2561959706959707,3.0628437950937952,59.472464896214895,17.978168498168497,0.06907051282051282,0.03819139194139194,20.28395061728395,2.96720177045177,0.5566663614163614,0.5554023199023199
P01735,female,blitz,1,1901.0,0.3333333333333333,3.3333333333333335,64.75,21.833333333333332,0.0,0.0,17.0,2.75,0.5833333333333334,0.5
P01735,female,bullet,99,1922.3838383838383,0.27998264361900727,2.920827685221625,59.28696858696859,17.480839867203503,0.08438783438783438,0.033877233877233875,20.88607594936709,2.784876234876235,0.6008804326986146,0.5657161020797384
P01736,female,blitz,90,2497.8,0.22414529914529915,3.247709913543247,58.71039886039886,18.06980056980057,0.05555555555555555,0.026495726495726495,19.367816091954023,2.871011396011396,0.5054843304843305,0.520014245014245
P01736,female,bullet,10,2593.3,0.2230769230769231,2.8183547008547007,59.84615384615385,17.707692307692305,0.046153846153846156,0.015384615384615385,16.88888888888889,2.823076923076923,0.46923076923076923,0.5230769230769231
P01740,female,blitz,75,2365.04,0.2136876456876457,3.5002511835143415,59.92248018648018,18.12432634032634,0.06993006993006994,0.031384615384615386,18.82191780821918,2.7285780885780886,0.49691375291375295,0.49663403263403266
P01740,female,rapid,25,2293.56,0.22123076923076923,3.489063492063492,57.65630769230769,17.787692307692307,0.07784615384615386,0.04,16.08695652173913,2.94,0.4815384615384615,0.5110769230769231
P01742,female,blitz,13,2287.3846153846152,0.26627218934911245,2.8119532428355956,58.44970414201183,17.349112426035504,0.10059171597633136,0.03550295857988166,21.923076923076923,3.1538461538461537,0.5798816568047337,0.514792899408284
P01742,female,bullet,84,2423.6309523809523,0.2715221286649858,2.8908254113611256,58.9051393051393,17.73731929446215,0.07487750344893203,0.024725274725274728,19.186666666666667,3.003261553261553,0.5667076309933453,0.583401122686837
P01742,female,rapid,3,1978.0,0.23076923076923075,3.08974358974359,59.56410256410256,18.128205128205128,0.07692307692307693,0.025641025641025644,21.0,3.307692307692308,0.6153846153846154,0.5897435897435898
P01744,female,blitz,14,2514.9285714285716,0.27472527472527475,2.694872191300763,56.901098901098905,16.884615384615383,0.1208791208791209,0.07692307692307694,30.444444444444443,2.5384615384615388,0.5659340659340659,0.5054945054945056
P01744,female,bullet,81,2584.5308641975307,0.24814814814814817,3.0081844767029953,59.2667616334283,18.100664767331434,0.07150997150997151,0.032573599240265906,22.074626865671643,2.8404558404558404,0.5339031339031339,0.5187084520417854
P01744,female,rapid,5,2143.6,0.23333333333333334,4.230952380952381,62.92307692307693,19.19102564102564,0.0794871794871795,0.03205128205128205,14.25,3.0641025641025643,0.5628205128205128,0.4833333333333334
P01745,female,blitz,27,1996.2592592592594,0.2834757834757835,3.0395342312008977,57.74510921177588,17.218043684710352,0.09971509971509972,0.03988603988603989,17.0,3.0932573599240265,0.5905982905982906,0.5401709401709401
P01745,female,bullet,31,1672.3548387096773,0.2779156327543425,2.562557603686636,58.90818858560794,17.560794044665013,0.09925558312655088,0.03473945409429281,17.75862068965517,3.138957816377171,0.5483870967741935,0.575682382133995
P01745,female,rapid,42,1705.7380952380952,0.24542124542124544,3.2453492935635793,59.562271062271066,17.95787545787546,0.1043956043956044,0.05494505494505495,17.08108108108108,3.0238095238095237,0.5128205128205129,0.5
P01747,female,blitz,66,2318.0151515151515,0.2761390125026489,2.793134138588684,56.35212968849333,16.208709472345834,0.06643356643356645,0.02913752913752914,18.189655172413794,2.9895104895104896,0.5760542487815216,0.6098537825810553
P01747,female,bullet,34,2228.205882352941,0.2884615384615385,2.5040629305335185,55.2816742081448,16.471153846153847,0.05429864253393665,0.04072398190045249,20.285714285714285,2.748868778280543,0.6097285067873303,0.6035067873303168
P01748,female,blitz,100,2191.88,0.24405677655677657,3.377774864024864,59.46389194139194,17.92267857142857,0.05769230769230769,0.023846153846153847,20.22340425531915,2.8113186813186815,0.5203937728937729,0.5828891941391942
P01750,female,blitz,21,1285.952380952381,0.2776334776334776,3.128968253968254,55.02314907314907,16.506093906093906,0.07726347726347726,0.036935286935286936,18.58823529411765,2.8980352980352984,0.6235875235875236,0.5434195434195435
P01751,female,blitz,99,1996.8080808080808,0.25683536441112204,3.3587459958672077,57.795253343738196,17.94691615903737,0.07059607059607059,0.03844864450925057,15.644444444444444,2.6933279963582994,0.5555275252244949,0.5261914292217322
P01751,female,bullet,1,1850.0,0.3076923076923077,1.8,59.23076923076923,16.23076923076923,0.15384615384615385,0.0,8.0,3.769230769230769,0.6923076923076923,0.46153846153846156
P01753,female,blitz,82,2335.731707317073,0.24390243902439024,3.289573840793353,59.766416510318955,18.22701688555347,0.07973733583489682,0.04690431519699813,21.657894736842106,2.8095684803001877,0.5112570356472796,0.5037523452157598
P01753,female,bullet,18,2089.5555555555557,0.1893874643874644,3.505954385121052,60.84049145299145,18.219978632478632,0.07948717948717948,0.04401709401709402,19.75,2.899252136752137,0.45940170940170943,0.5262108262108263
P01754,female,blitz,19,1427.578947368421,0.30412423833476465,2.836443381180223,57.20362532204637,18.237925816873187,0.049257759784075573,0.02097902097902098,26.6875,2.629595550648182,0.5980145585408744,0.5973397947082159
P01755,female,blitz,83,2148.8192771084337,0.2516274889768866,3.2042955371268627,58.6080382134599,17.352426489173478,0.07262616901171119,0.034948652418531935,17.535211267605632,2.759776167607493,0.5463590960578912,0.5471492028720945
P01755,female,bullet,6,1971.0,0.2692307692307692,3.45978835978836,57.794871794871796,17.30769230769231,0.038461538461538464,0.025641025641025644,23.5,2.9743589743589745,0.5256410256410257,0.5128205128205129
P01755,female,rapid,11,2120.7272727272725,0.2517482517482517,3.8915584415584417,61.26573426573427,18.363636363636363,0.09090909090909091,0.055944055944055944,19.9,3.027972027972028,0.5454545454545454,0.4965034965034965
P01757,female,blitz,75,1980.5466666666666,0.27034939134939134,3.210372368372368,58.25415047915048,17.697925407925407,0.07573892773892774,0.04505516705516706,18.235294117647058,2.870275058275058,0.5749075369075368,0.5556656306656307
P01757,female,bullet,12,1733.8333333333333,0.34070512820512827,2.4699525012025014,54.607852564102565,16.02051282051282,0.07884615384615386,0.006410256410256411,22.5,2.765224358974359,0.6488782051282052,0.5551282051282052
P01757,female,rapid,13,2080.3076923076924,0.2958579881656805,3.267066267066267,58.337278106508876,18.005917159763314,0.08284023668639054,0.02958579881656805,22.416666666666668,2.816568047337278,0.6094674556213018,0.5621301775147929
P01758,female,blitz,27,1921.1851851851852,0.2943683888128333,2.578777189888301,58.00925021480577,17.287128714906494,0.06864082419637975,0.03442545109211776,20.291666666666668,2.7992375936820384,0.5568797457686346,0.565899121454677
P01758,female,bullet,73,1720.2191780821918,0.267796929098299,2.9836738223724524,58.1227620552963,17.383127602990616,0.061837021426062524,0.03477344573234985,19.151515151515152,3.0565344472878717,0.5901161623764364,0.5516721862612274
P01759,female,blitz,100,2293.67,0.2623069430569431,2.9465993353052173,57.995043206793206,17.495165334665334,0.08568881118881119,0.0418513986013986,17.658823529411766,2.8028133533133537,0.5735091575091575,0.5473340825840826
P01762,female,blitz,24,1780.25,0.2770371989121989,3.338803210678211,59.77605380730381,17.75095911033411,0.0710955710955711,0.04487179487179488,22.208333333333332,2.9432060994561,0.6135878010878011,0.5594527000777001
P01762,female,bullet,2,1997.5,0.34615384615384615,2.303571428571429,62.34615384615384,18.423076923076923,0.11538461538461539,0.07692307692307693,17.5,3.4230769230769234,0.7307692307692308,0.5384615384615385
P01762,female,rapid,19,1743.7894736842106,0.28250930356193515,3.3703626052310263,58.079548521653784,17.283212693739006,0.0556455240665767,0.032388663967611336,19.529411764705884,3.0070134543818754,0.5808776019302335,0.6073119862593547
P01767,female,blitz,72,2213.4444444444443,0.24848242035742038,3.335411449933509,59.122664950789954,17.94649621212121,0.07058971121471122,0.03233456358456358,16.0,3.1560071872571873,0.5123065591815592,0.534532018907019
P01767,female,bullet,28,1984.0,0.29920079920079923,2.9067756648113794,59.04720279720279,17.977522477522477,0.0989010989010989,0.041208791208791215,16.964285714285715,3.251748251748252,0.6276223776223776,0.5666833166833166
P01770,female,blitz,28,2736.0714285714284,0.23626373626373628,3.5561397927469356,59.31318681318681,17.667582417582416,0.06868131868131869,0.04395604395604396,22.47826086956522,2.7857142857142856,0.5302197802197802,0.5824175824175823
P01773,female,blitz,89,2173.3483146067415,0.2792999135695765,3.059053119165479,58.70500336118314,17.44283107653894,0.07777297608758284,0.042735042735042736,19.897435897435898,2.9054931335830214,0.5804187073849996,0.6081244598098531
P01773,female,rapid,11,2055.3636363636365,0.28205128205128205,2.6374458874458875,60.433566433566426,18.044289044289044,0.10606060606060606,0.02097902097902098,19.9,2.648018648018648,0.5652680652680653,0.541958041958042
P01775,female,blitz,99,1859.5858585858587,0.25547992972235395,3.1598186045155745,59.39928539473994,17.880199486260093,0.09391169997230603,0.038214310941583673,17.204545454545453,2.8824058096785374,0.5588569118872149,0.5396931351476806
P01775,female,rapid,1,1981.0,0.23076923076923078,4.571428571428571,58.30769230769231,18.46153846153846,0.07692307692307693,0.07692307692307693,15.0,3.3076923076923075,0.38461538461538464,0.46153846153846156
P01778,female,blitz,63,2164.9841269841268,0.2570309320309321,3.275963718820862,59.95877085877086,18.093579568579568,0.10990028490028492,0.03505291005291006,16.24590163934426,3.180769230769231,0.6014041514041515,0.5575498575498575
P01778,female,bullet,22,1755.2272727272727,0.2333121424030515,2.9609848484848484,59.277744982290436,17.53157070202525,0.06193806193806194,0.027972027972027972,15.136363636363637,3.3376623376623376,0.5810326037598764,0.5867541549359732
P01778,female,rapid,15,2032.0666666666666,0.2217948717948718,4.02018759018759,59.547435897435896,17.921794871794873,0.08846153846153847,0.03076923076923077,19.857142857142858,3.212820512820513,0.5717948717948718,0.40769230769230774
P01788,female,blitz,63,2199.8253968253966,0.22961236294569629,3.4124254713540427,59.68110654777321,18.046209346209345,0.09270605937272604,0.0530913530913531,19.27777777777778,2.922441139107806,0.5108693775360442,0.49159975826642494
P01788,female,bullet,37,2309.4054054054054,0.2674982674982675,2.743845793845794,58.7945252945253,17.7002772002772,0.06878031878031879,0.04175329175329175,14.305555555555555,3.2454954954954953,0.5431392931392931,0.5770963270963271
P01789,female,blitz,36,2268.5555555555557,0.24572649572649574,2.9521935626102294,58.86965811965812,17.495726495726494,0.0982905982905983,0.03418803418803419,19.1,2.7243589743589745,0.5405982905982907,0.5256410256410257
P01789,female,bullet,59,2222.3389830508477,0.27053455019556716,2.856293800361597,57.970137207425346,17.156019122120817,0.07322903085614951,0.02216427640156454,18.440677966101696,2.9146023468057365,0.5275966970882225,0.5779164338486372
P01789,female,rapid,5,1842.0,0.34405594405594403,3.09,56.21538461538462,16.688111888111887,0.0,0.0,20.25,2.758041958041958,0.6783216783216783,0.6573426573426573
P01790,female,blitz,38,2782.9473684210525,0.24898785425101214,3.0065636118267696,60.599190283400816,18.38259109311741,0.07489878542510121,0.04048582995951417,17.029411764705884,2.931174089068826,0.5323886639676113,0.51417004048583
P01790,female,bullet,62,2667.6774193548385,0.2686517783291977,3.092227351501545,60.69280397022333,18.295326716294458,0.07481389578163772,0.03225806451612903,14.932203389830509,3.195740281224152,0.5497518610421835,0.5504962779156328
P01792,female,blitz,85,1846.6705882352942,0.2401224592401063,3.139103429250488,58.611306830424475,17.303227752639515,0.0701874595992243,0.025882352941176474,16.5609756097561,2.854587732528909,0.5681821446527329,0.5679623644329527
P01793,female,blitz,26,1846.076923076923,0.2841389379850919,3.271352258852259,59.19837854453239,17.69749481287943,0.09628832705755784,0.03604088219472835,18.64,3.014562360716207,0.5788442326903865,0.5358487666179974
P01793,female,bullet,59,1869.6440677966102,0.3183425331730417,2.673393320427219,56.220419411097375,16.82614038503869,0.051064754454584964,0.03471316818774446,18.763157894736842,2.3960089345682567,0.6555711237914628,0.5642246171907189
P01793,female,rapid,15,1624.8666666666666,0.19615384615384618,4.1752910052910055,60.91576923076923,18.66205128205128,0.05641025641025642,0.03230769230769231,18.142857142857142,3.141025641025641,0.4652564102564103,0.47192307692307695
P01795,female,blitz,96,2027.8854166666667,0.26793030464905465,3.189737114737115,57.56376881220631,17.214733154576905,0.06882770007770007,0.030100281662781666,18.227272727272727,2.9819679163429167,0.5773094093406593,0.563100181068931
P01795,female,bullet,2,2197.0,0.19230769230769232,3.616071428571429,62.57692307692308,19.73076923076923,0.15384615384615385,0.038461538461538464,16.5,3.0,0.42307692307692313,0.42307692307692313
P01795,female,rapid,2,1560.5,0.4423076923076923,2.166666666666667,56.57692307692308,17.096153846153847,0.038461538461538464,0.0,13.0,2.8269230769230766,0.8846153846153846,0.23076923076923078
P01798,female,blitz,8,2092.875,0.25,3.371031746031746,59.59615384615385,17.365384615384617,0.10576923076923078,0.06730769230769232,23.75,3.2115384615384617,0.5192307692307692,0.4807692307692308
P01798,female,bullet,89,1998.0337078651685,0.2892642937586758,2.6210159378698705,57.76915481522223,17.685076346874098,0.1038736544354522,0.04622456195489903,13.891566265060241,2.9255126895576335,0.6393729865639979,0.5448783426311516
P01799,female,blitz,68,2404.573529411765,0.23171191553544496,3.25906125608138,58.44144042232278,17.301150075414782,0.08857466063348417,0.03540723981900453,21.18867924528302,2.7827677224736047,0.5456070889894419,0.5414781297134239
P01799,female,bullet,32,2276.75,0.27243589743589747,2.784597086940837,57.296875,16.943509615384617,0.07451923076923077,0.04326923076923077,23.653846153846153,2.729767628205128,0.5899439102564102,0.5635016025641025
P01802,female,blitz,100,1614.21,0.2933598068598069,3.154859792984793,58.086868020868025,17.10849777999778,0.09728477078477078,0.04102758352758353,16.352941176470587,2.8734886224886225,0.6309061494061494,0.5934069819069819
P01803,female,bullet,100,2441.42,0.2828399100899101,2.7388167110667108,57.12444855144855,16.874002247752248,0.07893356643356643,0.029711538461538463,18.921348314606742,2.9322205294705292,0.6005032467532467,0.5733578921078921
P01804,female,bullet,100,1997.31,0.2608288378288378,2.697662698412698,55.43229154179155,16.465648684648684,0.08384615384615385,0.05,15.741176470588234,2.555641025641026,0.566495670995671,0.5218471528471529
P01807,female,blitz,38,2280.1052631578946,0.24951079622132255,3.14289000473211,57.3378036437247,17.479785200179936,0.08495276653171391,0.03389563652721548,15.09375,3.2351439496176337,0.5503373819163293,0.5295321637426901
P01807,female,bullet,62,2317.8387096774195,0.2553676610128223,2.9487007168458783,55.74127964329577,16.723529919900887,0.07295983586306168,0.043793572019378474,14.245283018867925,3.193720034445841,0.5707717461749721,0.5649953093501481
P01808,female,blitz,27,1649.037037037037,0.26547115436004326,3.296534124311902,58.10816652483319,17.416679000012333,0.08278655500877724,0.021964660853549742,19.695652173913043,2.730163869052758,0.5740411851522963,0.5697563753119309
P01808,female,bullet,60,1544.95,0.2885515873015873,2.8208357383357385,59.08270451770452,17.362818986568985,0.08486721611721612,0.03186813186813187,19.367346938775512,2.806456043956044,0.6084844322344323,0.5788476800976802
P01809,female,blitz,100,2596.67,0.2458974358974359,3.44467895992896,58.38085897435897,17.500589743589742,0.0632051282051282,0.039230769230769236,18.333333333333332,2.8283076923076926,0.5022307692307693,0.49642307692307697
P01810,female,blitz,20,2365.15,0.2730769230769231,3.1699007936507937,58.44615384615385,17.596153846153847,0.08461538461538462,0.026923076923076928,20.6875,3.0576923076923075,0.5,0.5423076923076924
P01810,female,rapid,4,1829.25,0.3822115384615385,3.0208333333333335,54.27163461538461,14.975961538461538,0.07692307692307693,0.019230769230769232,13.5,3.1610576923076925,0.6634615384615384,0.7379807692307692
P01811,female,blitz,14,2371.214285714286,0.2252747252747253,3.0062691743364014,59.97252747252747,18.423076923076923,0.0989010989010989,0.07142857142857142,16.46153846153846,3.0934065934065935,0.5109890109890111,0.5
P01811,female,bullet,28,1934.6785714285713,0.28846153846153844,2.6808918264275405,57.02197802197802,17.45054945054945,0.06043956043956045,0.05494505494505495,16.44,2.9423076923076925,0.6126373626373626,0.5769230769230769
P01811,female,rapid,2,2116.5,0.2062937062937063,3.583333333333333,58.66433566433567,16.405594405594407,0.07692307692307693,0.038461538461538464,27.0,3.0314685314685317,0.7482517482517483,0.6258741258741258
P01812,female,blitz,23,2389.2608695652175,0.30434782608695654,2.8549971767363074,57.668896321070235,17.25752508361204,0.06020066889632107,0.016722408026755852,22.571428571428573,2.8461538461538463,0.6086956521739131,0.5719063545150501
P01812,female,bullet,77,2386.194805194805,0.2852934943844035,2.8740091077753416,57.896940937850026,17.0806746284019,0.08961720098083735,0.030151666515302877,21.323943661971832,3.019348076166258,0.589361396179578,0.5650410195864741
P01813,female,blitz,69,2166.855072463768,0.27805057261579,3.038798922494575,60.07979544609979,17.973660518225735,0.06378331813114421,0.03253268470659775,18.94736842105263,3.1531198270328704,0.5803351238133847,0.5266561940474984
P01813,female,rapid,5,1993.2,0.3282051282051282,3.249206349206349,59.676923076923075,17.66837606837607,0.15213675213675212,0.046153846153846156,12.75,3.0547008547008545,0.6717948717948719,0.5042735042735043
P01814,female,blitz,49,2337.081632653061,0.2615496748149809,2.7752267573696145,57.178055617851534,17.260338640950888,0.09748822605965463,0.05386858039919264,19.666666666666668,2.722908723929132,0.5512895267997309,0.5578941466696569
P01814,female,bullet,36,2018.6666666666667,0.305982905982906,2.850648348565015,59.45192307692308,17.610897435897435,0.10897435897435898,0.032051282051282055,16.0,3.039957264957265,0.6027777777777777,0.5523504273504274
P01814,female,rapid,15,1976.5333333333333,0.2,3.331789321789322,59.52820512820513,18.66153846153846,0.1076923076923077,0.05128205128205129,17.923076923076923,2.8666666666666667,0.47692307692307695,0.49743589743589745
P01815,female,blitz,74,2455.608108108108,0.23229068229068228,3.315147015147015,59.338047838047835,17.621154371154372,0.09942669942669943,0.037681912681912684,19.272727272727273,2.8062742812742814,0.5521561771561772,0.5377590877590878
P01815,female,bullet,25,2241.52,0.20384615384615387,3.01378021978022,59.49641025641026,17.40871794871795,0.09,0.052564102564102565,18.458333333333332,3.0182051282051283,0.4969230769230769,0.5123076923076924
P01815,female,rapid,1,2001.0,0.38461538461538464,4.166666666666667,59.07692307692308,18.384615384615383,0.07692307692307693,0.0,24.0,3.3076923076923075,0.46153846153846156,0.5384615384615384
P01816,female,blitz,83,2057.120481927711,0.2503945853343444,3.1454245553643143,58.59910551296093,17.638539238539238,0.08110998773649376,0.04852978346954251,18.223684210526315,2.900067402477041,0.5199403675307289,0.5028683498563017
P01816,female,rapid,17,2002.7058823529412,0.21530920060331826,3.6187908496732026,57.93174962292609,17.68891402714932,0.06787330316742082,0.04072398190045249,18.214285714285715,2.809577677224736,0.49509803921568635,0.5211161387631976
P01817,female,blitz,34,2420.1470588235293,0.2551270624800037,3.017999239322769,58.76083459024636,17.925339366515836,0.08019105077928608,0.016248457424928014,16.137931034482758,2.937450294803236,0.5516168472050825,0.5579471182412359
P01818,female,blitz,85,2068.0,0.2730399012751954,3.0318886342415756,58.134965034965035,17.633780337309748,0.08459893048128343,0.04126696832579185,15.037974683544304,2.9574578362813657,0.5645907034142328,0.5429617441382147
P01818,female,bullet,3,2003.0,0.22051282051282053,2.9120370370370368,55.348717948717955,17.912820512820513,0.15384615384615385,0.025641025641025644,23.0,3.1487179487179486,0.5076923076923077,0.5230769230769231
P01819,female,blitz,52,2070.076923076923,0.2246671597633136,3.734948705141013,60.26904585798817,18.56305473372781,0.08468934911242604,0.03106508875739645,18.653061224489797,2.736871301775148,0.5244082840236687,0.4765162721893491
P01819,female,bullet,11,1595.4545454545455,0.17902097902097902,3.017860422405877,58.77622377622378,18.586013986013988,0.06503496503496503,0.013986013986013986,23.90909090909091,2.565034965034965,0.427972027972028,0.46013986013986014
P01819,female,rapid,23,1670.0869565217392,0.2611204013377927,3.6553312629399586,59.9752508361204,17.98076923076923,0.05217391304347827,0.024414715719063545,19.285714285714285,2.97123745819398,0.5500836120401338,0.49489966555183945
P01820,female,blitz,69,1713.6521739130435,0.27704212052038135,3.4158803756629847,59.479460233808055,17.755417046721394,0.0695652978261674,0.03315991576861142,15.76923076923077,3.0256638289246984,0.5727282379456292,0.5152277674016805
P01820,female,bullet,31,1573.967741935484,0.295629102080715,2.574605502024857,57.6558173009786,17.723625836529063,0.05366944883073916,0.01949663239985821,15.068965517241379,3.0046673756351177,0.5534599808793357,0.5248246377278636
P01823,female,blitz,1,2242.0,0.23076923076923078,3.6666666666666665,60.30769230769231,18.384615384615383,0.23076923076923078,0.0,31.0,3.3076923076923075,0.46153846153846156,0.38461538461538464
P01823,female,bullet,99,2314.929292929293,0.23491323491323493,3.0882563003775125,59.81921781921782,18.428774928774928,0.06384356384356385,0.046620046620046623,23.15730337078652,2.7537555037555035,0.4869204869204869,0.5341880341880342
P01824,female,blitz,99,2186.40404040404,0.23753090343999436,3.2537660316180816,59.60380553789645,17.852671823126368,0.07098961644416191,0.04350321395775941,18.352272727272727,3.196155612064703,0.5184378752560571,0.5210743801652893
P01824,female,rapid,1,2010.0,0.15384615384615385,4.0,61.0,18.23076923076923,0.07692307692307693,0.07692307692307693,14.0,3.6923076923076925,0.46153846153846156,0.23076923076923078
P01831,female,blitz,47,2031.3829787234042,0.2913938897981451,2.8810383469957936,58.78921167484997,17.879978177850518,0.08374249863611566,0.03764320785597382,21.594594594594593,2.7388161483906166,0.535392798690671,0.5688079650845608
P01831,female,bullet,53,2162.5471698113206,0.29112239961296565,3.0460589724740665,58.12179487179487,17.650580551523948,0.11187711659409773,0.03773584905660377,15.392156862745098,3.0024189646831156,0.6051040154813739,0.5712385099177552
P01834,female,blitz,34,1226.1764705882354,0.3410759175465058,2.915033740769035,55.31672322775264,16.54357717445953,0.08173705379587733,0.04524886877828055,15.0625,2.9536764705882352,0.6505656108597284,0.6244343891402715
P01834,female,bullet,66,1140.590909090909,0.3409729580184126,2.7120490620490623,56.770744154835064,17.281200113018297,0.07412381389654117,0.031456758729486,15.964912280701755,2.8472460620187894,0.6442287090014364,0.6041551882460974
P01835,female,blitz,92,2410.1195652173915,0.2731724796942188,3.2061303732499384,58.30948399426661,17.12840420449116,0.07441471571906355,0.03666985188724319,22.216867469879517,2.9179407548972764,0.5739369326325848,0.5562589584328714
P01835,female,bullet,5,2206.2,0.26538461538461544,2.917777777777778,64.16153846153847,19.088461538461537,0.10769230769230771,0.015384615384615385,14.333333333333334,2.8115384615384613,0.6730769230769231,0.5153846153846154
P01835,female,rapid,3,2453.0,0.4051282051282052,1.646825396825397,55.84615384615385,17.6974358974359,0.07692307692307693,0.025641025641025644,52.0,2.0256410256410255,0.7948717948717948,0.5333333333333333
P01836,female,blitz,84,2237.1785714285716,0.2646520146520147,3.0622645211930926,59.98717948717949,17.616300366300365,0.09157509157509158,0.03663003663003663,17.467532467532468,3.0805860805860807,0.5641025641025641,0.5173992673992673
P01836,female,bullet,16,2154.3125,0.2782451923076923,2.8907738095238096,59.11598557692308,17.44951923076923,0.07512019230769232,0.05108173076923077,13.866666666666667,3.034855769230769,0.5901442307692308,0.5354567307692307
P01838,female,blitz,10,2114.0,0.23076923076923078,3.365320512820513,57.9,17.16923076923077,0.046153846153846156,0.023076923076923078,15.88888888888889,3.0076923076923077,0.5307692307692308,0.5307692307692309
P01838,female,bullet,86,2205.3255813953488,0.2764162194394753,2.704185865813773,57.460330948121644,17.237507453786524,0.06690518783542039,0.029516994633273706,13.416666666666666,3.221556350626118,0.5709451401311867,0.5611806797853309
P01838,female,rapid,4,2016.5,0.21153846153846156,3.51875,60.86538461538461,19.384615384615383,0.057692307692307696,0.057692307692307696,15.75,3.326923076923077,0.6153846153846154,0.5576923076923077
P01839,female,blitz,97,2277.505154639175,0.2571041501453873,3.1270718702495537,58.54014670896114,17.64826196140629,0.06661379857256146,0.025872323552735922,19.045454545454547,2.8851440655564367,0.5600052868094105,0.5579896907216495
P01839,female,bullet,3,2145.6666666666665,0.23076923076923075,3.361111111111111,56.743589743589745,15.487179487179487,0.025641025641025644,0.0,21.5,3.0,0.5897435897435898,0.6666666666666666
P01840,female,blitz,63,2788.4761904761904,0.23932813218527504,2.9600455100455103,59.51614523043094,17.71070463927607,0.07870040012897156,0.03563103563103563,17.9,2.661477411477412,0.5641303141303142,0.5613460613460614
P01840,female,bullet,37,2650.0810810810813,0.2494802494802495,3.0329134079134077,57.98544698544699,17.592931392931394,0.06860706860706861,0.04573804573804574,15.647058823529411,2.832848232848233,0.5875259875259875,0.5683991683991684
P01842,female,blitz,34,2242.3529411764707,0.27540106951871657,2.876517273576097,58.351707116413,17.53558206499383,0.07054709995886467,0.03393665158371041,16.46875,2.9539284245166595,0.5730152200740436,0.6088029617441383
P01842,female,bullet,7,1716.7142857142858,0.29932567432567436,2.3198979591836735,55.20804195804196,16.3474025974026,0.10576923076923077,0.050824175824175824,16.666666666666668,2.8312937062937062,0.6677072927072928,0.5628121878121878
P01842,female,rapid,1,2085.0,0.09090909090909091,6.0,63.90909090909091,16.545454545454547,0.0,0.0,14.0,4.0,0.9090909090909091,0.45454545454545453
P01843,female,blitz,89,2484.4269662921347,0.27267052547951426,3.0989139449813607,58.39191395371171,17.251790157408138,0.09829496346350279,0.04126572553538846,17.302325581395348,2.936290301458841,0.585177618885484,0.570052294771396
P01843,female,bullet,11,2311.6363636363635,0.2738927738927739,2.951681651681652,57.47902097902097,17.758741258741257,0.05710955710955711,0.028554778554778556,17.272727272727273,2.923076923076923,0.5909090909090909,0.5477855477855478
P01845,female,blitz,15,2296.733333333333,0.2743589743589744,2.650733525733526,55.56461538461539,16.813333333333333,0.08717948717948718,0.020512820512820513,18.0,2.901025641025641,0.538974358974359,0.602051282051282
P01845,female,rapid,24,2206.9166666666665,0.23141025641025645,3.608540764790765,58.82147435897436,17.600801282051282,0.09391025641025641,0.02243589743589744,17.772727272727273,2.7937499999999997,0.5543269230769231,0.5509615384615385
P01846,female,blitz,98,1602.0102040816328,0.2824870707523769,3.146342433077127,58.031714543959446,17.823783869192035,0.0782163414816476,0.03293899977573447,17.74468085106383,2.723034618442782,0.5437497876273386,0.5453588928078724
P01846,female,bullet,2,1680.5,0.3076923076923077,2.2,53.42307692307692,15.0,0.038461538461538464,0.038461538461538464,19.5,2.6923076923076925,0.5,0.5769230769230769
P01850,female,blitz,49,1738.8775510204082,0.27895913610199324,3.4156345355324946,57.71775843204414,17.64575900290186,0.07435421721136007,0.0413871842443271,13.565217391304348,3.0907901622187337,0.5835355121069407,0.5353693925122497
P01850,female,bullet,18,1673.7777777777778,0.25213675213675213,3.0343694885361554,57.717948717948715,17.542735042735043,0.06837606837606838,0.038461538461538464,13.625,3.0213675213675213,0.576923076923077,0.5512820512820513
P01850,female,rapid,33,1928.5151515151515,0.19347319347319347,3.909538273174637,59.319347319347315,18.076923076923077,0.07692307692307693,0.05128205128205129,15.96774193548387,3.1888111888111887,0.46620046620046623,0.4428904428904429
P01851,female,blitz,52,2033.9615384615386,0.2562623274161736,3.4910825285825284,60.13468934911243,18.152490138067062,0.08476331360946746,0.03550295857988166,17.872340425531913,2.9009368836291918,0.4986439842209073,0.5340236686390533
P01853,female,blitz,87,1429.1494252873563,0.30175083537152503,3.0018348509727817,58.54776143396833,17.27267387784629,0.05481874447391689,0.027409372236958444,17.452380952380953,3.057158358882497,0.6461291581981238,0.5714581395615879
P01853,female,bullet,13,2345.153846153846,0.242603550295858,3.0347985347985347,55.065088757396445,16.556213017751478,0.10650887573964497,0.03550295857988166,20.666666666666668,3.017751479289941,0.6094674556213018,0.5739644970414202
P01856,female,blitz,91,2025.3626373626373,0.22461860483838508,3.274826760541046,59.149421640630436,18.302842578666755,0.08119926471574823,0.04192730346576501,21.44871794871795,2.871538229779988,0.5043591329305616,0.5423316610129797
P01856,female,rapid,9,1941.888888888889,0.2358974358974359,3.121296296296296,58.03589743589743,17.538461538461537,0.05982905982905984,0.017094017094017096,20.75,2.8034188034188032,0.6000000000000001,0.6282051282051282
P01859,female,bullet,100,1979.72,0.2544771894771895,2.977316738816739,58.30212720612721,17.236062937062936,0.07938461538461539,0.04430769230769231,16.95876288659794,3.0324768564768565,0.559991674991675,0.5211968031968032
P01866,female,blitz,6,1078.8333333333333,0.2094017094017094,3.1184523809523808,58.15811965811966,17.363247863247864,0.06623931623931624,0.012820512820512822,20.6,3.314102564102564,0.6132478632478633,0.5448717948717948
P01866,female,bullet,4,1312.75,0.33653846153846156,2.6958333333333333,53.092948717948715,15.692307692307693,0.11858974358974358,0.019230769230769232,14.666666666666666,2.4615384615384617,0.5512820512820513,0.6698717948717949
P01866,female,rapid,37,1450.4864864864865,0.34604989604989606,2.879783354783355,57.75684915684916,17.475895125895125,0.07373527373527373,0.021714021714021713,21.147058823529413,2.7307923307923305,0.657022407022407,0.5770154770154771
P01868,female,blitz,83,1960.7951807228915,0.27467081111659425,3.0995557989533897,57.151963799252954,17.302232205545458,0.07532297020248828,0.038577386468952736,18.875,2.6153201216454227,0.5937476178440034,0.5230453281658101
P01868,female,rapid,1,2033.0,0.15384615384615385,5.75,55.76923076923077,17.846153846153847,0.0,0.07692307692307693,14.0,1.6923076923076923,0.38461538461538464,0.5384615384615384
P01869,female,blitz,13,2125.923076923077,0.22592791823561054,3.5803890553890554,59.026896180742334,17.82248520710059,0.05325443786982249,0.03550295857988166,16.272727272727273,2.968262506724045,0.5228617536309844,0.5250134480903712
P01872,female,blitz,27,1987.3703703703704,0.26521050965495413,2.8884666773555665,57.935929091484645,17.232605254827476,0.06964229186451408,0.045584045584045586,19.714285714285715,2.863880974992086,0.5104779993668883,0.5940487496043052
P01872,female,bullet,73,1882.4931506849316,0.2743198582239678,2.768982729599168,57.27439170418623,17.15654037743079,0.07165437302423604,0.0410958904109589,20.467741935483872,2.763519015231344,0.5319834275313728,0.5695229428106141
P01873,female,bullet,98,2207.1632653061224,0.30180159976078347,2.8391075477810173,56.21021249159005,16.74139941690962,0.08361366524631832,0.040208006279434855,13.835164835164836,3.139323091874112,0.5904453539657621,0.5301889437093519
P01873,female,rapid,2,2057.0,0.2692307692307693,3.0892857142857144,59.11538461538461,16.153846153846153,0.11538461538461539,0.11538461538461539,18.0,3.730769230769231,0.5769230769230769,0.34615384615384615
P01874,female,blitz,43,2187.1627906976746,0.21735241502683364,3.0600475637753335,57.9798747763864,17.161001788908766,0.06440071556350625,0.03577817531305904,16.45945945945946,3.194096601073345,0.5272808586762076,0.5277280858676208
P01874,female,bullet,57,2151.4210526315787,0.2682186234817814,2.750677879625248,56.65924426450742,16.87887239466187,0.05862947968211126,0.0356875093717199,17.09433962264151,2.98134652871495,0.5731369020842706,0.5898260608786925
P01876,female,blitz,41,1870.7560975609756,0.24843205574912894,3.193842877989219,60.30112570356473,18.202376485303315,0.07692307692307693,0.05836236933797909,14.0,2.8867506477262572,0.5564772625748236,0.5279773072456
P01876,female,bullet,31,1607.6129032258063,0.2346980976013234,2.722047665596053,55.3205817480011,16.004755996691483,0.07237386269644334,0.03742762613730356,16.517241379310345,2.6951337193272678,0.6115246760408051,0.5385993934381031
P01880,female,blitz,70,2056.4857142857145,0.29109390609390606,3.169411758876045,59.05376123876124,17.962112887112887,0.07362637362637363,0.033166833166833165,18.220338983050848,2.936348651348651,0.5585739260739261,0.5237312687312687
P01880,female,rapid,30,2173.0333333333333,0.21282051282051284,3.3375421245421246,62.17692307692308,18.533333333333335,0.0717948717948718,0.03333333333333333,19.133333333333333,3.0307692307692307,0.5076923076923078,0.4948717948717949
P01881,female,blitz,2,2141.0,0.38461538461538464,6.0,61.92307692307692,18.653846153846153,0.11538461538461539,0.0,17.5,3.5,0.6923076923076923,0.7307692307692308
P01881,female,bullet,13,2150.4615384615386,0.2485207100591716,2.7585423123884665,57.751479289940825,16.840236686390533,0.11242603550295859,0.07692307692307693,17.545454545454547,2.745562130177515,0.5443786982248521,0.5798816568047337
P01881,female,rapid,2,1312.0,0.34615384615384615,2.4000000000000004,54.69230769230769,18.153846153846153,0.0,0.0,14.0,2.6153846153846154,0.7692307692307693,0.6538461538461539
P01883,female,blitz,55,1381.8,0.32334604789150245,2.9266849312303855,59.021226954863316,18.381508794236066,0.08671328671328671,0.02710955710955711,16.40740740740741,3.249300699300699,0.6503369357914813,0.5754164017800382
P01883,female,bullet,3,1509.0,0.5326340326340326,2.0238095238095237,53.59090909090909,16.672202797202797,0.11188811188811189,0.0,12.333333333333334,3.307692307692308,0.9166666666666666,0.5212703962703963
P01883,female,rapid,19,1501.578947368421,0.2516869095816464,2.993039416723627,61.52091767881241,19.533738191632928,0.11740890688259109,0.04588394062078273,17.842105263157894,3.2165991902834006,0.5357624831309041,0.52361673414305
P01884,female,blitz,100,1774.09,0.22220668220668224,3.6718780663780666,59.493442501942496,17.769322455322456,0.0918541181041181,0.05011072261072261,16.752688172043012,3.0571689976689975,0.5247296037296038,0.5306194638694639
P01892,female,blitz,56,2240.5,0.2436729936729937,3.4698258091115233,59.13715451215451,17.782148407148405,0.08653846153846155,0.0260989010989011,17.314814814814813,2.785464535464535,0.5777694527694528,0.5648969086469087
P01892,female,bullet,43,2127.0697674418607,0.2624286566147031,2.9624491787282485,58.29181787205044,17.603049663514778,0.07104523383593152,0.041144901610017895,17.365853658536587,2.734909276769742,0.5458556946929041,0.557568787801346
P01892,female,rapid,1,1781.0,0.15384615384615385,3.3333333333333335,64.92307692307692,20.615384615384617,0.0,0.0,13.0,3.1538461538461537,0.38461538461538464,0.46153846153846156
P01894,female,blitz,90,1736.4333333333334,0.26724664224664224,2.8941348466348464,57.62824582824583,16.93994708994709,0.10381562881562881,0.04900284900284901,18.529411764705884,2.7846153846153845,0.5588217338217338,0.5675111925111925
P01894,female,bullet,10,1559.5,0.2923076923076923,2.801111111111111,56.92307692307693,15.884615384615383,0.08461538461538462,0.06923076923076923,20.666666666666668,3.1076923076923078,0.5692307692307692,0.5615384615384615
P01896,female,bullet,44,1957.840909090909,0.30251554001554004,2.9631928046700775,57.26905594405594,16.695998445998445,0.07973970473970474,0.031993006993006994,16.214285714285715,3.054691142191142,0.6312451437451437,0.5948717948717949
P01896,female,rapid,56,2125.75,0.28011988011988015,3.085889676383374,57.71765734265734,16.88354145854146,0.08791208791208792,0.04695304695304696,17.203703703703702,2.98257992007992,0.5534215784215785,0.5577422577422577
P01897,female,blitz,5,2321.4,0.26153846153846155,2.5623809523809524,58.33846153846154,17.46153846153846,0.13846153846153847,0.0,16.2,3.1076923076923078,0.6307692307692307,0.6461538461538462
P01898,female,blitz,11,1832.4545454545455,0.2657342657342658,3.182139577594123,54.8041958041958,16.678321678321677,0.055944055944055944,0.03496503496503497,13.545454545454545,2.7482517482517483,0.6153846153846154,0.6013986013986014
P01898,female,bullet,28,1467.607142857143,0.26073926073926074,3.0964478973407545,58.9015984015984,17.576923076923077,0.06593406593406594,0.041208791208791215,15.074074074074074,2.7914585414585416,0.5931568431568431,0.5636863136863137
P01899,female,blitz,100,2526.26,0.29551670551670556,3.1959826382767558,58.30985236985237,17.668710178710178,0.08880341880341881,0.03461538461538462,17.011363636363637,3.1253846153846156,0.5958508158508159,0.5555710955710955
P01900,female,blitz,51,2003.313725490196,0.27216998687586924,3.2359646889058653,57.8090197384315,17.64788773318185,0.06750471750471751,0.03481649069884364,15.571428571428571,3.0373763491410553,0.570808929632459,0.5299403211167917
P01900,female,bullet,10,1629.0,0.2244755244755245,3.2172222222222215,60.2034965034965,18.118181818181817,0.07692307692307693,0.05524475524475525,13.333333333333334,3.0734265734265733,0.5734265734265734,0.4993006993006993
P01900,female,rapid,1,2057.0,0.38461538461538464,2.625,59.61538461538461,20.076923076923077,0.0,0.0,16.0,3.3076923076923075,0.6153846153846154,0.5384615384615384
P01901,female,blitz,16,1765.75,0.31009615384615385,2.6533234126984127,56.32411858974359,17.005608974358974,0.058493589743589744,0.019230769230769232,14.153846153846153,3.418269230769231,0.6181891025641025,0.5681089743589743
P01901,female,bullet,20,1528.75,0.26576923076923076,3.2045310245310246,57.65525641025641,17.272692307692306,0.046153846153846156,0.011538461538461539,15.777777777777779,3.3437179487179485,0.5524358974358974,0.5044871794871795
P01901,female,rapid,54,1769.0185185185185,0.30749985611096725,3.272804099192988,57.13155954128177,17.346596304929637,0.06695156695156695,0.018518518518518517,12.944444444444445,3.5138565138565134,0.5751136723358946,0.5409256381478604
P01902,female,blitz,24,2239.0833333333335,0.2955794205794206,3.0470238095238096,55.65072427572428,16.295329670329668,0.05402930402930403,0.012362637362637362,18.434782608695652,2.924825174825175,0.6292873792873793,0.5728854478854479
P01902,female,bullet,76,2102.3552631578946,0.28924595141700404,2.724394107569417,56.242501686909584,16.805448717948718,0.074527665317139,0.025936234817813767,16.885714285714286,2.997165991902834,0.6253711201079623,0.5848599865047234
P01904,female,blitz,1,2406.0,0.3076923076923077,3.3333333333333335,63.38461538461539,19.0,0.07692307692307693,0.0,19.0,3.0,0.5384615384615384,0.7692307692307693
P01904,female,bullet,47,2094.2127659574467,0.289129015192845,2.7518866476313284,57.473927904247056,16.816209972061035,0.07510663095769479,0.026322967812329515,16.930232558139537,3.106750814197623,0.6228570483889633,0.5774223412521284
P01905,female,blitz,39,2539.128205128205,0.2522189349112426,3.470958670958671,57.184418145956606,16.99975345167653,0.08012820512820513,0.04733727810650888,16.333333333333332,2.9477317554240634,0.5611439842209074,0.5401873767258383
P01905,female,bullet,22,2237.0,0.2660067205521751,2.790638528138528,57.84765234765235,17.53814367450731,0.06293706293706293,0.038461538461538464,12.571428571428571,3.136091181545727,0.5636181999818364,0.5515393697211879
P01907,female,blitz,29,1368.2068965517242,0.297142512659754,3.1751753993133307,56.88314846073467,16.77120006430351,0.08532272325375774,0.04266136162687887,14.703703703703704,3.0185073547142514,0.6436781609195402,0.5588578088578089
P01907,female,bullet,42,2324.595238095238,0.22893772893772896,3.1860282574568286,60.023809523809526,17.888278388278387,0.08241758241758242,0.04578754578754579,17.875,2.868131868131868,0.4926739926739927,0.5018315018315018
P01908,female,blitz,2,2043.0,0.15384615384615385,4.5,63.15384615384615,19.23076923076923,0.038461538461538464,0.038461538461538464,14.5,2.6923076923076925,0.5,0.5769230769230769
P01908,female,bullet,90,1989.8222222222223,0.23957264957264957,3.0875296616963284,58.42978632478633,17.0794301994302,0.060042735042735045,0.03084045584045584,17.951807228915662,2.8212250712250713,0.5582193732193732,0.5322364672364672
P01908,female,rapid,8,2146.625,0.30368589743589747,2.8186598124098126,57.14423076923077,16.846955128205128,0.038461538461538464,0.029647435897435896,19.0,2.3934294871794872,0.6121794871794872,0.624198717948718
P01911,female,blitz,29,2086.862068965517,0.27892509789061515,3.282468776434294,58.79294556018694,17.510057471264368,0.10510610079575598,0.04266136162687887,15.814814814814815,3.3385120626499933,0.6000536819502337,0.5516451938865732
P01911,female,bullet,13,1957.3846153846155,0.3076923076923077,2.913156288156288,57.84615384615385,17.532544378698226,0.07692307692307693,0.02366863905325444,15.416666666666666,3.106508875739645,0.6568047337278107,0.6153846153846154
P01911,female,rapid,6,2037.1666666666667,0.32051282051282054,2.8380952380952382,59.051282051282044,18.153846153846153,0.10256410256410257,0.025641025641025644,19.666666666666668,3.0128205128205128,0.5256410256410257,0.5256410256410257
P01912,female,bullet,100,1787.59,0.3182913752913753,2.6287007992007996,55.85689976689977,16.553289044289045,0.10362393162393163,0.040525641025641025,17.114942528735632,2.9509382284382286,0.6351212121212122,0.5582890442890442
P01913,female,blitz,69,2202.086956521739,0.22020202020202023,3.512381152758391,60.06553325901152,17.621713793452926,0.051312455660281746,0.03699199351373265,20.774193548387096,3.0534221816830516,0.5365055234620452,0.5372656329178068
P01913,female,bullet,31,1997.032258064516,0.3060794044665013,2.737128194386259,57.42640612076096,16.680128205128206,0.07144334160463194,0.055748552522746075,23.434782608695652,2.8447063688999172,0.5507857733664185,0.5824234904880067
P01914,female,blitz,62,2423.2096774193546,0.25204320768836896,3.16606270074012,58.51651798022766,17.627796486667453,0.0834268777817165,0.03752117058568672,20.470588235294116,2.842589310331246,0.5483230926779314,0.5710100831068573
P01920,female,blitz,3,2239.0,0.2820512820512821,2.696296296296296,60.61538461538462,18.0,0.05128205128205129,0.025641025641025644,20.666666666666668,3.128205128205128,0.5128205128205128,0.5641025641025641
P01920,female,rapid,17,2157.235294117647,0.194947209653092,3.49568797215856,57.895550527903474,17.16892911010558,0.0773001508295626,0.04072398190045249,18.941176470588236,3.08710407239819,0.4543740573152338,0.41365007541478127
P01921,female,blitz,29,1386.5862068965516,0.25994694960212206,3.404296661193213,57.15490716180372,17.340583554376657,0.05570291777188329,0.03978779840848807,19.76,2.5575596816976125,0.5941644562334217,0.6015915119363396
P01921,female,bullet,39,1633.051282051282,0.3133903133903134,2.578846153846154,56.669515669515675,17.635327635327638,0.0611439842209073,0.037475345167652864,17.857142857142858,2.7484111330265177,0.6287530133683981,0.5538023230330923
P01921,female,rapid,1,1096.0,0.3076923076923077,2.4444444444444446,50.38461538461539,13.692307692307692,0.0,0.0,17.0,2.5384615384615383,0.5384615384615384,0.8461538461538461
P01924,female,blitz,100,2436.27,0.2536923076923077,3.377603257853258,59.16627272727273,17.650433566433566,0.07426573426573427,0.027923076923076925,16.21276595744681,2.9234825174825176,0.5376433566433567,0.5344965034965035
P01925,female,blitz,75,1955.5866666666666,0.27043123543123543,2.99384126984127,56.59112665112665,17.21603341103341,0.07322066822066822,0.025998445998445998,17.721311475409838,2.8155866355866355,0.6000505050505051,0.5770862470862471
P01925,female,bullet,15,1848.6,0.34131054131054134,2.732727272727273,58.6957264957265,16.967521367521368,0.08433048433048433,0.020512820512820513,15.076923076923077,2.9874643874643874,0.645014245014245,0.6096866096866097
P01925,female,rapid,10,1955.2,0.3471153846153846,3.027034632034632,60.87980769230769,18.35096153846154,0.09230769230769231,0.038461538461538464,23.333333333333332,3.0375,0.6384615384615385,0.5576923076923077
P01927,female,blitz,24,2156.9583333333335,0.2948717948717949,2.6195675851925855,57.67948717948718,17.39423076923077,0.125,0.03525641025641026,17.5,2.9711538461538463,0.6506410256410257,0.6089743589743589
P01930,female,blitz,84,2486.0238095238096,0.2848949331092189,2.945135188885189,57.73954517704518,17.499727983656555,0.08425787175787176,0.03352665852665853,15.325,3.048582237867952,0.5851460708603566,0.5435047756476328
P01930,female,bullet,16,2414.75,0.2502747252747253,2.9510740995115996,57.57754120879121,17.951442307692307,0.10171703296703297,0.060576923076923084,15.571428571428571,3.012225274725275,0.5267857142857143,0.5080357142857143
P01932,female,blitz,97,2094.443298969072,0.24096307472596135,3.318983650942414,58.16493987112544,17.67314815768424,0.0841834282555932,0.037770648595390865,19.493827160493826,2.8273616417946315,0.5321641417002242,0.5285762347618018
P01932,female,bullet,1,2087.0,0.15384615384615385,2.5714285714285716,57.76923076923077,14.461538461538462,0.07692307692307693,0.07692307692307693,19.0,2.3846153846153846,0.3076923076923077,0.6153846153846154
P01932,female,rapid,2,2156.0,0.5192307692307692,2.25,52.105769230769226,14.947115384615385,0.10096153846153846,0.0,17.0,2.3461538461538463,0.6826923076923077,0.8461538461538461
P01937,female,bullet,1,1628.0,0.3076923076923077,1.8181818181818181,56.53846153846154,15.461538461538462,0.0,0.0,17.0,3.3846153846153846,0.46153846153846156,0.6153846153846154
P01937,female,rapid,20,1894.55,0.2230769230769231,3.2748310023310028,60.53461538461538,18.192307692307693,0.08076923076923077,0.019230769230769232,21.94736842105263,2.5923076923076924,0.5038461538461538,0.5307692307692308
P01939,female,blitz,99,2311.89898989899,0.25015108348441684,3.022706502251957,57.38703272036605,17.18995510662177,0.07167832167832168,0.03671328671328672,15.355555555555556,2.9805102305102307,0.5721963221963222,0.5455624622291289
P01939,female,rapid,1,2224.0,0.46153846153846156,2.857142857142857,54.46153846153846,18.76923076923077,0.07692307692307693,0.0,11.0,3.0,0.7692307692307693,0.5384615384615384
P01940,female,blitz,100,1864.7,0.2573571428571429,3.048164862914863,58.43946015096015,17.570013236763238,0.07246114996114997,0.020064102564102564,16.391304347826086,2.948044455544456,0.6076245421245422,0.5303526751026751
P01945,female,blitz,96,2216.1666666666665,0.26135149572649574,3.3223062094155846,59.177083333333336,17.78031517094017,0.07859241452991454,0.03705929487179487,18.681318681318682,2.917267628205128,0.5443376068376068,0.5609642094017094
P01945,female,bullet,4,2293.75,0.2406759906759907,3.2847222222222223,61.46853146853147,16.779331779331777,0.1116938616938617,0.06468531468531469,15.75,3.769230769230769,0.5025252525252526,0.5075757575757576
P01946,female,bullet,100,2463.87,0.29167948717948716,2.8977355699855702,57.716508547008544,16.93357264957265,0.07844017094017094,0.042713675213675216,16.377777777777776,3.0072564102564106,0.5894529914529915,0.5764700854700855
P01947,female,blitz,82,2551.7073170731705,0.23775513104781398,3.2357831193197044,58.74064045710387,17.513057877082264,0.0968886804252658,0.05297060662914322,16.98701298701299,3.1426118596850308,0.5322786969128432,0.5214267439877196
P01947,female,bullet,18,2398.0555555555557,0.25213675213675213,2.7543350168350167,56.32905982905983,16.594017094017094,0.0811965811965812,0.05128205128205129,16.294117647058822,2.8675213675213675,0.5470085470085471,0.5341880341880343
P01948,female,blitz,16,1739.0,0.24922299922299923,3.190625,59.94439588189588,18.364413364413366,0.07954545454545454,0.03365384615384616,19.133333333333333,2.9492521367521367,0.5461829836829837,0.5461829836829837
P01948,female,bullet,71,1676.0985915492959,0.25494106832135005,3.4298025526898765,58.58117879772809,17.910773498801667,0.08173829300589865,0.03358613217768147,19.933333333333334,2.7956898344222285,0.5386667323287042,0.5081202053033039
P01948,female,rapid,3,1836.6666666666667,0.17948717948717952,2.0925925925925926,58.417249417249415,16.172494172494172,0.05128205128205129,0.05128205128205129,15.333333333333334,3.428904428904429,0.5058275058275058,0.5617715617715618
P01954,female,blitz,97,2498.6494845360826,0.2650453784474403,3.159016527573229,57.82262313860252,16.95166975063882,0.06865803154462949,0.03288395453343907,17.951807228915662,2.9823332452198428,0.570900519869592,0.5570711075865715
P01954,female,bullet,2,2702.0,0.3076923076923077,4.333333333333334,61.23076923076923,18.692307692307693,0.07692307692307693,0.0,20.5,3.269230769230769,0.5384615384615385,0.6538461538461539
P01954,female,rapid,1,2447.0,0.38461538461538464,2.8333333333333335,61.15384615384615,18.0,0.0,0.0,16.0,3.769230769230769,0.6923076923076923,0.5384615384615384
P01962,female,blitz,77,1995.909090909091,0.26631589910810693,3.089912216210917,59.39576166978764,17.785091748078763,0.06538418291665045,0.034822320536606256,16.428571428571427,3.2742574525042056,0.5410578598890288,0.5281510697095112
P01962,female,bullet,5,2244.4,0.2923076923076923,3.3247619047619055,60.56923076923077,18.676923076923078,0.09230769230769231,0.09230769230769231,22.0,2.3076923076923075,0.5846153846153846,0.5846153846153846
P01962,female,rapid,18,1860.3333333333333,0.26884226884226886,3.237367724867725,63.08780108780109,18.867521367521366,0.0947940947940948,0.038461538461538464,18.333333333333332,3.209401709401709,0.5582750582750582,0.508935508935509
P01963,female,blitz,67,1407.7014925373135,0.3192446856625961,2.7711619129090597,56.629979473263056,17.342603416484014,0.07075809762376928,0.013777267508610793,14.515625,3.1430852729360192,0.6184044810910483,0.5767230282155655
P01963,female,rapid,33,1659.969696969697,0.31888111888111886,2.905963565054474,58.780419580419576,17.98228438228438,0.09090909090909091,0.02097902097902098,13.272727272727273,3.254545454545455,0.617016317016317,0.568997668997669
P01964,female,blitz,99,2249.777777777778,0.250984200984201,3.154438434741465,59.08284123284123,17.700906500906502,0.06634291634291635,0.03209013209013209,20.788235294117648,3.0687516187516186,0.543939393939394,0.5722740222740222
P01964,female,rapid,1,2114.0,0.3076923076923077,5.5,60.38461538461539,16.153846153846153,0.07692307692307693,0.0,11.0,3.5384615384615383,0.6153846153846154,0.46153846153846156
P01971,female,blitz,11,2018.0,0.2555626191989828,3.8415977961432506,59.13668150031787,18.19135410044501,0.09218054672600128,0.027972027972027972,22.11111111111111,2.5308328035600764,0.5588048315321043,0.6077558804831532
P01971,female,bullet,52,2071.826923076923,0.23616895924588233,3.041440503940504,60.37192743154282,18.328587651664574,0.06070852224698379,0.05074199304968536,19.227272727272727,2.8615384615384616,0.4863393017239171,0.5257685690377998
P01971,female,rapid,5,1792.4,0.4,2.31,56.738461538461536,16.123076923076923,0.13846153846153847,0.046153846153846156,21.75,2.846153846153846,0.7230769230769231,0.6
P01974,female,blitz,80,2245.1875,0.2482342657342657,3.2167935689718776,58.32629370629371,17.645874125874126,0.07246503496503497,0.05305944055944056,19.933333333333334,2.9799475524475527,0.5555681818181818,0.5775087412587412
P01974,female,bullet,19,1971.4736842105262,0.3113167534220166,2.321346197661987,59.17867746288798,17.723732407942933,0.08876036244457297,0.03427800269905533,17.6875,3.1175824175824176,0.6492963177173704,0.5584538268748794
P01974,female,rapid,1,2009.0,0.38461538461538464,2.5714285714285716,59.0,20.0,0.07692307692307693,0.0,25.0,2.1538461538461537,0.6153846153846154,0.6153846153846154
P01975,female,blitz,92,2159.5,0.28260190896060466,3.1199778029941077,57.55982740086001,17.76175862181297,0.09683568243350853,0.039506688963210704,17.576923076923077,2.7943428853754937,0.596490918501788,0.5825189303450173
P01975,female,rapid,8,2246.875,0.20192307692307693,3.209368756243756,57.5,18.307692307692307,0.057692307692307696,0.028846153846153848,20.0,3.0961538461538463,0.5673076923076923,0.5384615384615385
P01976,female,blitz,63,1726.6349206349207,0.27730457373314515,3.1406116810878717,58.32375072017929,17.374166309880597,0.08420283420283421,0.03911961054818198,16.93103448275862,3.001761201761202,0.5658261051118194,0.5728524121381264
P01976,female,bullet,18,1424.5,0.3374542124542125,2.895127865961199,57.98193935693936,17.566595441595442,0.08592796092796093,0.021723646723646725,19.571428571428573,2.804080179080179,0.6519637769637769,0.5675111925111925
P01976,female,rapid,19,1544.9473684210527,0.27422402159244263,2.7237211618790567,57.84035087719298,17.483670715249662,0.10256410256410257,0.04554655870445344,15.0,2.9228070175438594,0.5773279352226721,0.5077597840755735
P01977,female,blitz,85,2632.3529411764707,0.219882764294529,3.2655527805527806,58.435573380867496,17.480484711367065,0.07220074043603456,0.04269847799259564,20.58108108108108,2.8977521824580648,0.4789110562639975,0.5271310388957448
P01977,female,bullet,15,2601.6666666666665,0.20558404558404558,3.2223809523809526,59.30222222222222,17.602393162393163,0.05641025641025642,0.02792022792022792,14.733333333333333,2.9723076923076923,0.4301424501424502,0.5223931623931625
P01978,female,blitz,97,2542.494845360825,0.2608159309190237,2.9753873846657353,57.99823773019649,17.20918142567627,0.09392898052691867,0.04361617763679619,20.476190476190474,2.9379681029165567,0.5402238082650453,0.5512379945369636
P01978,female,bullet,3,2399.3333333333335,0.3333333333333333,2.3253968253968256,56.61538461538461,17.538461538461537,0.0,0.025641025641025644,18.0,3.2307692307692313,0.5897435897435898,0.5897435897435898
P01979,female,blitz,64,2096.265625,0.24467602709790212,3.1581597222222224,59.617117387820514,18.01540646853147,0.09405048076923077,0.040865384615384616,18.603174603174605,3.0194556745337997,0.5316278773310024,0.5562153991841492
P01980,female,blitz,13,2108.923076923077,0.28402366863905326,3.141117216117216,57.8224852071006,17.757396449704142,0.0591715976331361,0.01183431952662722,12.923076923076923,3.100591715976331,0.5857988165680473,0.6153846153846154
P01980,female,bullet,3,1882.3333333333333,0.23076923076923075,2.8909090909090907,60.94871794871795,18.615384615384617,0.07692307692307693,0.025641025641025644,10.666666666666666,3.1794871794871793,0.4871794871794872,0.5897435897435898
P01981,female,blitz,80,2396.9375,0.23613782051282053,3.547545093795094,58.54286858974359,17.54624198717949,0.0965224358974359,0.05998397435897436,19.45,3.0811137820512817,0.5325,0.5150080128205128
P01981,female,bullet,20,2241.75,0.2125,3.207563131313131,59.63365384615385,17.590384615384615,0.10384615384615385,0.057692307692307696,17.083333333333332,2.6201923076923075,0.5288461538461539,0.5625
P01982,female,blitz,100,2114.05,0.2853333333333333,2.8829111721611724,58.37001282051282,17.18894871794872,0.08314102564102564,0.04692307692307693,17.20212765957447,3.273192307692308,0.5688717948717948,0.5695256410256411
P01985,female,blitz,47,1226.8085106382978,0.30441508845764165,2.85498986828774,58.159290000779365,17.98207271451952,0.06200218221494818,0.02831423895253683,17.775,2.9845744680851065,0.6133874990257968,0.5493355934845296
P01985,female,rapid,16,1578.1875,0.21754807692307693,3.3822578463203463,57.10897435897436,17.55528846153846,0.05288461538461539,0.04326923076923077,17.133333333333333,2.750801282051282,0.5076121794871795,0.546474358974359
P01987,female,blitz,1,1916.0,0.25,3.0,61.333333333333336,16.833333333333332,0.16666666666666666,0.0,15.0,1.5833333333333333,0.5833333333333334,0.75
P01987,female,bullet,99,1808.979797979798,0.26200740897710595,3.0843355017597442,56.72787195969014,16.973582366006607,0.07412901352295291,0.03885003885003885,17.107526881720432,3.0401681931984963,0.5728245940367153,0.5371810568780265
P01988,female,blitz,100,1879.24,0.26514568764568763,2.9582813852813854,58.45847319347319,17.721118881118883,0.08843240093240094,0.049358974358974364,19.857142857142858,2.906223776223776,0.5292482517482517,0.5260081585081585
P01989,female,blitz,32,2055.25,0.2717013888888889,3.489095193001443,57.96127136752137,17.637820512820515,0.08673878205128205,0.04326923076923077,21.620689655172413,2.743389423076923,0.6113782051282052,0.5062099358974359
P01989,female,rapid,5,1932.4,0.23076923076923078,3.2916666666666665,56.261538461538464,17.907692307692308,0.046153846153846156,0.06153846153846154,32.4,2.6307692307692307,0.4769230769230769,0.5692307692307692
P01990,female,blitz,43,2142.5116279069766,0.3115143254678138,2.867243802708919,57.84782775364171,17.34259164608002,0.05997813555953091,0.02931112814833745,17.236842105263158,2.75919300337905,0.5943322827043758,0.629607859840418
P01990,female,bullet,57,1935.2280701754387,0.2725429541219015,2.8298270929849876,58.29999678683889,17.608823924613397,0.08213920582341636,0.0405982905982906,19.340425531914892,2.66131529289424,0.5910434594645121,0.5594087199350357
P01992,female,blitz,26,2577.3076923076924,0.2495069033530572,2.803685933949092,58.857988165680474,16.964003944773175,0.10675542406311636,0.03279092702169625,19.5,2.8668639053254434,0.5261341222879684,0.5796351084812623
P01992,female,bullet,37,2578.891891891892,0.24641949641949643,2.888191163191163,57.6119196119196,17.35787710787711,0.07484407484407485,0.031185031185031187,19.5625,2.729036729036729,0.5371910371910371,0.5646800646800646
P01992,female,rapid,37,2459.135135135135,0.22515592515592517,3.428305253305253,58.88087318087318,17.462370062370063,0.06652806652806653,0.037422037422037424,20.75,2.7232848232848235,0.511018711018711,0.5178794178794179
P01994,female,blitz,28,1992.4285714285713,0.2644067242281528,3.1189870645227784,59.56897566718995,17.83038984824699,0.09417517006802721,0.04418498168498169,17.92,2.858173076923077,0.5611427263212978,0.5595728676085819
P01994,female,bullet,51,1883.8823529411766,0.32246103569632983,2.7397851059615768,58.60939332998157,17.54043070219541,0.10759175465057819,0.03179989944695827,19.170212765957448,2.750439919557566,0.6450896597955421,0.6214596949891067
P01994,female,rapid,21,2075.5714285714284,0.21831501831501834,3.1160687507326164,58.69340659340659,18.05128205128205,0.07179487179487179,0.04505494505494506,17.526315789473685,2.905128205128205,0.5487179487179488,0.5487179487179488
P01996,female,blitz,89,2375.808988764045,0.24420195908959957,3.3348726024287823,59.44872515125324,17.88200806683953,0.08533563814462691,0.03039469893402478,17.325301204819276,3.1324762316335346,0.5186113511956209,0.5147075770671277
P01996,female,rapid,11,2249.4545454545455,0.19580419580419584,3.709579561852289,60.71328671328671,18.741258741258743,0.04895104895104896,0.04195804195804196,20.5,2.5384615384615383,0.39860139860139865,0.41958041958041953
P01998,female,blitz,1,2045.0,0.23076923076923078,3.0,65.6923076923077,20.846153846153847,0.0,0.0,21.0,2.769230769230769,0.46153846153846156,0.46153846153846156
P01998,female,bullet,99,2048.8888888888887,0.26471583971583973,3.0975402823887674,57.967892292892294,16.713421763421763,0.06927516927516927,0.05235690235690236,23.0,3.0243487993487994,0.5386123136123137,0.5668905168905168
P02000,female,blitz,1,2190.0,0.5384615384615384,2.5,45.61538461538461,13.538461538461538,0.0,0.0,28.0,1.5384615384615385,0.6923076923076923,0.7692307692307693
P02000,female,bullet,99,2100.656565656566,0.27467919286101106,3.124895923380772,60.3562259289532,17.941086859268676,0.0846930846930847,0.037185037185037184,18.23404255319149,3.120375247647975,0.5920638284274649,0.5504387868024232
P02002,female,blitz,30,1993.8,0.241013431013431,3.3291137566137565,58.561444851444854,17.821870166870166,0.06168498168498169,0.01794871794871795,16.866666666666667,3.1824827024827025,0.5612576312576312,0.5390964590964591
P02002,female,bullet,70,2697.942857142857,0.2702075702075702,2.790795236509522,57.947008547008544,17.215262515262513,0.06153846153846155,0.03736263736263736,14.818181818181818,2.9465201465201463,0.5924297924297924,0.5525030525030525
P02003,female,blitz,32,2458.4375,0.25224358974358974,3.0934067668442666,58.412900641025644,17.486057692307693,0.08653846153846154,0.028846153846153848,17.379310344827587,2.9537660256410256,0.5790064102564103,0.585536858974359
P02004,female,blitz,65,2397.723076923077,0.26083916083916087,3.486985365062288,58.035278823740356,17.548906221983145,0.06482876098260715,0.028500986193293887,15.96551724137931,2.9444414559799172,0.5571633494710418,0.5429621660390891
P02004,female,bullet,7,2473.5714285714284,0.31990231990231993,2.83265306122449,57.85775335775336,17.039682539682538,0.04487179487179487,0.022893772893772892,21.571428571428573,2.812881562881563,0.5943223443223443,0.46764346764346765
P02004,female,rapid,28,2134.3214285714284,0.27524420024420027,3.1390405229690943,60.27557997557998,18.551556776556776,0.0521978021978022,0.019230769230769235,17.2,2.9214896214896213,0.5820818070818071,0.5355006105006105
P02007,female,blitz,97,2162.226804123711,0.2558507071393669,3.1110129990284627,59.235391870443415,17.67382728954894,0.08601698988296926,0.03685206546031288,19.1125,3.052321389950256,0.5609618617350576,0.5541230247415815
P02008,female,blitz,16,2002.6875,0.2451923076923077,3.0515873015873014,58.92307692307692,18.04326923076923,0.1201923076923077,0.0625,16.428571428571427,2.485576923076923,0.5384615384615384,0.5432692307692307
P02011,female,blitz,79,2319.6455696202534,0.25563929741144936,3.1404935430251886,57.40255693673415,17.139173484743104,0.08033106134371958,0.04204656103390281,20.46875,2.7775199484060247,0.5905145487423968,0.5863554167351636
P02011,female,bullet,21,2280.5714285714284,0.2722832722832723,3.3912398448112735,60.05860805860806,18.03174603174603,0.07692307692307693,0.05494505494505495,19.647058823529413,2.858363858363858,0.6178266178266179,0.5539275539275539
P02012,female,blitz,10,2369.8,0.2538461538461539,3.2410714285714284,56.730769230769226,16.361538461538462,0.08461538461538462,0.03076923076923077,17.3,2.9384615384615382,0.5461538461538462,0.49230769230769234
P02012,female,bullet,5,1612.2,0.3384615384615385,2.952857142857143,54.49230769230769,16.861538461538462,0.07692307692307693,0.046153846153846156,10.6,3.076923076923077,0.5538461538461539,0.5692307692307692
P02012,female,rapid,8,2028.875,0.17307692307692307,3.2542370823620823,61.06730769230769,17.865384615384617,0.13461538461538464,0.09615384615384616,17.857142857142858,3.2019230769230766,0.4519230769230769,0.5384615384615384
P02014,female,blitz,6,2017.0,0.19230769230769232,3.298115079365079,58.23809523809524,17.906593406593405,0.10073260073260075,0.06227106227106227,15.166666666666666,3.192307692307692,0.4358974358974359,0.48534798534798534
P02014,female,bullet,1,1819.0,0.15384615384615385,6.0,45.84615384615385,14.846153846153847,0.0,0.0,30.0,2.0,0.38461538461538464,0.46153846153846156
P02016,female,blitz,12,1731.1666666666667,0.289957264957265,3.6766323953823954,56.83846153846154,15.983119658119657,0.046794871794871795,0.04038461538461539,18.0,3.1066239316239312,0.5459401709401709,0.5361111111111111
P02017,female,blitz,89,2500.9887640449438,0.2519734946701239,2.9766147086371806,57.00983866320945,16.890910400460964,0.06842408527801787,0.033707865168539325,20.076923076923077,2.983333333333333,0.5504321521175455,0.5795592048401038
P02017,female,bullet,5,2305.2,0.23076923076923078,2.719444444444444,61.138461538461534,20.246153846153845,0.07692307692307693,0.046153846153846156,15.0,2.9384615384615382,0.5230769230769231,0.5692307692307692
P02017,female,rapid,6,2103.6666666666665,0.21794871794871795,3.679629629629629,56.34615384615385,15.807692307692307,0.06410256410256411,0.038461538461538464,27.6,2.641025641025641,0.5128205128205128,0.4743589743589744
P02019,female,blitz,49,2291.2244897959185,0.23547880690737832,3.124563418440969,59.956043956043956,17.45839874411303,0.06436420722135008,0.0423861852433281,16.452380952380953,2.9748822605965466,0.5494505494505495,0.5180533751962324
P02019,female,bullet,51,2143.274509803922,0.3103584868290751,2.7949280566927626,58.596797537974005,17.47374194433018,0.09295443118972531,0.03674756615933086,20.729166666666668,3.008029008029008,0.623710711946006,0.5964585523409053
P02022,female,blitz,6,2346.0,0.27564102564102566,3.945767195767196,58.57532051282052,17.310897435897434,0.13141025641025642,0.046474358974358976,13.333333333333334,3.3205128205128207,0.6506410256410257,0.6330128205128206
P02022,female,bullet,94,2421.3297872340427,0.2887529137529138,2.797833785599743,57.76587065416852,17.33027079303675,0.09550910082824976,0.049236224768139665,14.067415730337078,2.983180826265933,0.5983298616277339,0.5428941625750137
P02023,female,blitz,77,2228.012987012987,0.26935640117458304,2.9318655730993393,57.806761420397784,17.64367602094875,0.0846290073562801,0.05073108709472346,16.115942028985508,2.760254896618533,0.5804937486755668,0.5307919353373899
P02023,female,bullet,22,1754.5,0.2762237762237762,2.897979797979798,55.925116550116556,16.60518648018648,0.08071095571095571,0.045745920745920744,14.789473684210526,2.765151515151515,0.5952797202797203,0.5611888111888113
P02023,female,rapid,1,1992.0,0.3076923076923077,3.25,72.46153846153847,20.307692307692307,0.0,0.0,15.0,3.1538461538461537,0.6923076923076923,0.5384615384615384
P02024,female,blitz,100,2305.06,0.27644444444444444,2.8904656177156176,59.294034188034196,18.01382905982906,0.07683760683760683,0.036923076923076927,15.380434782608695,3.1130769230769233,0.5707863247863247,0.5513675213675213
P02025,female,blitz,100,1743.23,0.25491819291819295,3.1076166056166055,58.86931013431013,17.457931623931625,0.07692307692307693,0.038461538461538464,18.21276595744681,3.0849804639804637,0.5422173382173382,0.5441929181929183
P02027,female,blitz,93,1762.0860215053763,0.28963330576233803,3.1094752917333564,57.46980976013234,17.06072511717673,0.083264405845051,0.033085194375516956,17.433734939759034,3.0188172043010755,0.6110421836228288,0.5734077750206783
P02027,female,bullet,5,1631.2,0.3076923076923077,2.232637362637363,58.84615384615385,18.230769230769234,0.09230769230769231,0.03076923076923077,12.8,2.769230769230769,0.6307692307692309,0.49230769230769234
P02027,female,rapid,2,1976.0,0.15384615384615385,3.166666666666667,57.42307692307692,18.192307692307693,0.038461538461538464,0.038461538461538464,13.5,2.9615384615384617,0.5769230769230769,0.5384615384615384
P02029,female,blitz,100,2447.65,0.24424650349650348,3.1976085858585854,58.96437412587413,17.969424825174826,0.07763461538461539,0.041538461538461545,14.181818181818182,2.9092185314685315,0.5452867132867133,0.5093636363636364
P02031,female,blitz,44,2118.7727272727275,0.25557498057498057,3.1401334776334777,56.79221056721056,17.04345376845377,0.07972027972027972,0.03496503496503497,17.904761904761905,2.74013209013209,0.5774669774669775,0.5784382284382285
P02031,female,bullet,56,2084.285714285714,0.2561653624153624,2.937761544011544,56.95251484626484,17.100935522810524,0.06792166167166168,0.033216783216783216,17.857142857142858,2.939009601509601,0.58691829004329,0.5685234903984904
P02033,female,blitz,63,2184.3333333333335,0.25345950345950347,3.116203725727535,57.471035137701804,17.066001899335234,0.08631800298466966,0.039614706281372945,18.724137931034484,2.7485415818749153,0.5591846425179758,0.5554198887532221
P02033,female,bullet,28,2161.535714285714,0.23493173493173494,2.9675987702773416,56.96921828171828,16.874209124209123,0.0744047619047619,0.03296703296703297,20.703703703703702,2.899329836829837,0.5929695304695305,0.5642690642690643
P02033,female,rapid,9,2213.5555555555557,0.23931623931623935,2.6268518518518515,54.1025641025641,15.47863247863248,0.07692307692307693,0.025641025641025644,23.142857142857142,2.5897435897435894,0.5811965811965812,0.641025641025641
P02035,female,blitz,79,2152.0632911392404,0.25154170723790975,3.039248269311561,59.901736449204805,17.71040246673158,0.08966244725738397,0.03894839337877313,19.62857142857143,2.93188088283025,0.5278318727685817,0.5542031807854593
P02035,female,bullet,21,2095.714285714286,0.23076923076923078,2.8488713667285097,58.26739926739926,17.175824175824175,0.09523809523809523,0.05494505494505495,17.15,3.0,0.5091575091575091,0.5604395604395604
P02036,female,blitz,79,2335.518987341772,0.24593476144109058,3.038687819998319,59.19587796170075,17.776793248945147,0.07446445959104186,0.02629016553067186,17.84,3.094141512495943,0.5223385264524505,0.5274910743265174
P02036,female,bullet,18,2205.4444444444443,0.2387057387057387,2.965928207594874,58.18840048840049,17.78021978021978,0.0811965811965812,0.04957264957264958,13.444444444444445,3.157264957264957,0.5374847374847376,0.4781440781440781
P02036,female,rapid,3,2155.0,0.3076923076923077,2.997979797979798,60.41025641025641,18.025641025641026,0.10256410256410257,0.0,15.5,2.5641025641025643,0.5384615384615384,0.5897435897435898
P02037,female,blitz,38,2353.7105263157896,0.22807017543859653,3.4050591221643853,58.591936572199735,18.205802968960864,0.0708502024291498,0.032388663967611336,24.6875,2.8780364372469633,0.4837213225371121,0.516278677462888
P02037,female,bullet,62,2296.1451612903224,0.2519422781519556,3.1223973607038125,59.00156563866241,18.933113257710033,0.08783085194375519,0.049450549450549455,26.61764705882353,2.5910950608531254,0.5347542242703534,0.5487415809996455
P02038,female,blitz,10,2159.1,0.2846153846153846,2.9746320346320347,56.52307692307693,16.96153846153846,0.06923076923076923,0.023076923076923078,15.0,3.1,0.5307692307692308,0.5769230769230769
P02038,female,bullet,90,2041.8111111111111,0.2526741776741777,2.9493403201736537,55.82031857031858,17.185602823102823,0.049728049728049735,0.035411810411810414,18.426829268292682,2.9489931364931365,0.5293382543382543,0.5282245532245533
P02039,female,blitz,7,1891.7142857142858,0.3296703296703297,2.7035714285714287,56.043956043956044,16.703296703296704,0.13186813186813187,0.1098901098901099,17.166666666666668,3.2527472527472527,0.6373626373626374,0.5934065934065934
P02040,female,blitz,100,2562.96,0.1946853146853147,3.4084202522623577,59.14692307692307,17.531048951048952,0.06475524475524476,0.05615384615384616,13.526315789473685,3.313006993006993,0.43804195804195806,0.46958041958041963
P02041,female,blitz,52,2121.3846153846152,0.27324598478444634,3.0481279938010704,56.988799661876584,17.071005917159763,0.0885460693153001,0.04712595097210482,14.470588235294118,3.389264581572274,0.5891800507185123,0.5748098055790364
P02041,female,bullet,13,2039.6153846153845,0.3017751479289941,2.6935286935286933,53.96449704142012,16.171597633136095,0.06508875739644972,0.0591715976331361,13.0,3.260355029585799,0.621301775147929,0.5798816568047337
P02041,female,rapid,35,2065.1714285714284,0.2835164835164835,2.7146923711209427,57.12527472527473,17.23956043956044,0.07472527472527472,0.03296703296703297,15.303030303030303,3.2065934065934063,0.5758241758241758,0.5494505494505494
P02042,female,blitz,18,2041.6666666666667,0.266025641025641,3.6334876543209873,58.75801282051282,17.605769230769234,0.07692307692307693,0.02403846153846154,14.38888888888889,2.6784188034188032,0.592948717948718,0.5576923076923077
P02042,female,bullet,82,1848.0731707317073,0.31520146520146525,2.5422842063085964,53.73749962774353,16.061288305190747,0.07741817802793413,0.023318145269364782,14.394366197183098,2.687079722445576,0.654451442866077,0.625014145745853
P02043,female,blitz,61,1923.344262295082,0.2849576652855342,3.182415931331071,59.6751426169459,17.90928961748634,0.10815168438119259,0.034047919293820936,16.90740740740741,3.0299255389419324,0.5978982765868012,0.5514111571488621
P02044,female,blitz,89,2065.044943820225,0.24324271234383596,3.418919563582485,59.402870537702,17.853965323066447,0.08311725727456065,0.044308687567114535,17.727272727272727,3.0500510725229826,0.551550509415678,0.5284434666457138
P02044,female,rapid,1,2129.0,0.15384615384615385,3.0,57.61538461538461,19.307692307692307,0.0,0.0,23.0,2.4615384615384617,0.46153846153846156,0.9230769230769231
P02045,female,blitz,37,1378.2432432432433,0.29417879417879417,3.347182247182247,57.89223839223839,17.61902286902287,0.060464310464310465,0.012474012474012475,17.84375,3.0329175329175326,0.5587318087318087,0.5088357588357588
P02045,female,rapid,63,1904.6825396825398,0.2581348105157629,3.429861232242185,58.313772118534025,17.57387938340319,0.04676628486152296,0.017094017094017096,19.322033898305083,3.0970158589206207,0.5280823233204186,0.5351484494341637
P02046,female,blitz,99,1864.8989898989898,0.24046324046324047,3.2452456213819847,58.71534884868218,17.484251550918216,0.06338106338106338,0.04118104118104119,16.152941176470588,2.8344125010791674,0.5499562166228833,0.56001036001036
P02046,female,rapid,1,2004.0,0.3076923076923077,3.4,63.0,18.23076923076923,0.0,0.0,18.0,3.3076923076923075,0.5384615384615384,0.38461538461538464
P02048,female,bullet,100,2174.21,0.28173776223776226,2.909780663780664,57.71050077700078,17.526618492618493,0.08174242424242424,0.0380982905982906,14.436170212765957,3.19362432012432,0.623982128982129,0.6018861693861693
P02053,female,blitz,77,2470.6753246753246,0.24947635337245724,3.228254609748116,58.762601756108246,17.56845535416964,0.08215017305926396,0.038284947375856464,19.682539682539684,2.92489689242936,0.5513937721729929,0.5495745236004976
P02053,female,bullet,23,2269.608695652174,0.25752508361204013,2.9932367149758456,57.29264214046823,17.910535117056856,0.06354515050167224,0.033444816053511704,18.941176470588236,2.7282608695652173,0.5367892976588629,0.5618729096989966
P02056,female,blitz,4,1249.0,0.2884615384615385,2.5395833333333333,56.94230769230769,18.01923076923077,0.057692307692307696,0.038461538461538464,25.0,2.519230769230769,0.5769230769230769,0.6346153846153846
P02058,female,blitz,90,2214.5333333333333,0.2855982905982906,2.764687750521084,58.3948717948718,17.362535612535613,0.10058404558404559,0.03931623931623932,17.725,2.999900284900285,0.6055982905982906,0.5775925925925927
P02058,female,bullet,10,1919.6,0.3,2.691666666666667,55.746153846153845,16.192307692307693,0.06153846153846154,0.023076923076923078,20.1,3.2,0.6615384615384616,0.6153846153846154
P02060,female,blitz,99,2437.2626262626263,0.26171976171976175,2.9942460457611975,58.663903997237334,17.648450315116982,0.09887334887334887,0.04118104118104119,19.57831325301205,3.037727704394371,0.5607787274453941,0.5399507899507899
P02060,female,bullet,1,2411.0,0.07692307692307693,5.285714285714286,55.92307692307692,16.384615384615383,0.0,0.0,13.0,3.769230769230769,0.3076923076923077,0.3076923076923077
P02061,female,blitz,100,2659.56,0.2685192307692308,2.8084356053303425,58.19703846153846,17.14926923076923,0.08480769230769232,0.03663461538461539,23.466666666666665,3.0463653846153846,0.5824807692307692,0.5753269230769231
P02062,female,blitz,2,1866.0,0.19930069930069932,4.166666666666667,58.87762237762237,17.01048951048951,0.0,0.0,26.5,2.6433566433566433,0.5664335664335665,0.45104895104895104
P02062,female,rapid,1,2047.0,0.46153846153846156,2.7777777777777777,63.84615384615385,20.53846153846154,0.15384615384615385,0.07692307692307693,10.0,4.0,0.7692307692307693,0.38461538461538464
P02065,female,bullet,100,1566.42,0.2708916083916084,2.9479112554112556,57.55084071484072,17.22081857031857,0.07657575757575757,0.03514102564102564,15.443298969072165,3.0129724164724165,0.5775738150738151,0.5459801864801865
P02066,female,blitz,91,1694.4065934065934,0.27810626491945173,3.033997351854495,57.85599687248039,17.617121584154553,0.07942960580323219,0.034220968286902353,15.229885057471265,2.7344715113945885,0.5641664806499972,0.5328635955009582
P02066,female,bullet,4,1625.25,0.28846153846153844,2.2569444444444446,53.5,16.75,0.09615384615384616,0.019230769230769232,14.666666666666666,2.519230769230769,0.5961538461538461,0.5961538461538461
P02066,female,rapid,5,1826.0,0.15384615384615385,3.8965079365079363,57.89230769230769,17.430769230769233,0.07692307692307693,0.03076923076923077,16.0,2.723076923076923,0.5230769230769231,0.4461538461538462
P02067,female,blitz,100,1522.61,0.32075699300699306,2.6963297258297256,56.861864801864805,16.95948484848485,0.08579370629370629,0.02420512820512821,14.935483870967742,3.049576923076923,0.6539801864801865,0.6141713286713287
P02070,female,blitz,71,2230.6197183098593,0.24291178305262812,3.2259573173305567,59.08687196997056,17.42665495693665,0.06913118180723814,0.04046423060507568,19.092307692307692,3.056170042789761,0.5196920450441578,0.5592479507972465
P02070,female,bullet,28,1938.0714285714287,0.29594017094017094,2.8265022675736957,55.19916056166056,16.48319597069597,0.056166056166056175,0.01098901098901099,19.333333333333332,2.7848443223443224,0.625946275946276,0.6365995115995116
P02070,female,rapid,1,2119.0,0.23076923076923078,3.0,56.61538461538461,18.384615384615383,0.07692307692307693,0.0,16.0,2.8461538461538463,0.46153846153846156,0.38461538461538464
P02071,female,blitz,56,2385.7678571428573,0.253434065934066,3.245316885495457,58.06736492673993,17.271863553113555,0.06490384615384616,0.02833104395604396,16.943396226415093,2.9717261904761902,0.5254693223443223,0.5477335164835165
P02071,female,bullet,34,2086.5882352941176,0.2894470725353079,3.241126602156014,57.926473444855795,17.705482426070663,0.10196706887883358,0.04524886877828055,16.40740740740741,2.8092805886923533,0.593474336121395,0.5277292152292152
P02071,female,rapid,10,1914.0,0.2855128205128205,3.53968253968254,57.13128205128205,16.493846153846157,0.008333333333333333,0.023076923076923078,17.0,3.1687179487179487,0.5556410256410256,0.6830769230769231
P02072,female,blitz,66,1878.2575757575758,0.2659550045913682,3.0996622064803883,58.42503708412799,17.58842798615526,0.09565644792917521,0.03613053613053613,18.913793103448278,3.2926379176379177,0.5844193685102775,0.5570183183819548
P02072,female,bullet,28,2303.0714285714284,0.26255886970172687,3.1970418470418474,58.70918367346939,17.44387755102041,0.07103610675039247,0.03846153846153847,19.12,3.0357142857142856,0.555729984301413,0.5561224489795918
P02072,female,rapid,6,1390.1666666666667,0.11538461538461538,3.715277777777778,58.807692307692314,16.32051282051282,0.038461538461538464,0.06410256410256411,18.0,3.1025641025641026,0.3717948717948718,0.42307692307692313
P02073,female,blitz,1,2532.0,0.23076923076923078,3.7142857142857144,59.69230769230769,19.153846153846153,0.0,0.0,27.0,3.1538461538461537,0.6923076923076923,0.38461538461538464
P02073,female,bullet,1,1748.0,0.5384615384615384,2.0,49.76923076923077,17.23076923076923,0.07692307692307693,0.0,19.0,2.6153846153846154,0.9230769230769231,0.6923076923076923
P02073,female,rapid,16,2192.6875,0.2508741258741259,3.0883957749766573,57.74854312354312,16.927156177156178,0.05856643356643357,0.020104895104895104,22.214285714285715,3.0208333333333335,0.5846445221445221,0.513548951048951
P02076,female,blitz,34,2462.0588235294117,0.25696362461068345,3.128186274509804,58.491449726743845,17.527501909854852,0.05623787976729153,0.03361344537815126,20.88888888888889,2.689193159781395,0.49737027678204143,0.5442498677792795
P02076,female,bullet,65,2423.476923076923,0.25066792182176795,3.241248836633452,60.15845436614668,18.019481800251032,0.07980096826250672,0.039151873767258386,21.137931034482758,2.870369374215528,0.5749327595481442,0.5231740481740482
P02076,female,rapid,1,1900.0,0.23076923076923078,3.75,58.30769230769231,15.615384615384615,0.07692307692307693,0.0,18.0,2.923076923076923,0.6153846153846154,0.6153846153846154
P02078,female,blitz,14,2357.1428571428573,0.26282051282051283,3.693452380952381,58.1492673992674,17.500457875457876,0.04945054945054945,0.027472527472527476,17.0,2.86492673992674,0.5668498168498168,0.4894688644688645
P02078,female,bullet,86,2213.9186046511627,0.2607336461987625,2.7441371935557983,60.71089530624414,18.48129099582588,0.09073891225054016,0.03488372093023256,16.976470588235294,3.020201891132124,0.5662043382973615,0.5328127299057532
P02079,female,blitz,89,2122.6629213483147,0.26037165082108904,2.9415572255459894,57.63183040430232,17.013348698741957,0.05742821473158553,0.023336214347450306,17.539473684210527,3.0010563718428886,0.5797800825890714,0.578699702295208
P02079,female,bullet,7,2138.1428571428573,0.2914835164835165,2.198717948717949,54.67335164835165,17.169505494505493,0.061813186813186816,0.01098901098901099,19.714285714285715,2.702197802197802,0.6618131868131868,0.6041208791208792
P02079,female,rapid,4,2022.25,0.27564102564102566,3.2113095238095237,58.03846153846154,18.259615384615383,0.057692307692307696,0.038461538461538464,16.333333333333332,2.9423076923076925,0.6314102564102564,0.46794871794871795
P02080,female,rapid,2,1223.0,0.3205128205128205,2.9375,57.40064102564102,17.42628205128205,0.0,0.0,16.5,2.4455128205128203,0.5993589743589745,0.6826923076923077
P02082,female,blitz,85,2342.7176470588233,0.2828778737602267,3.1783344433344434,58.75166784196196,17.481349826643946,0.07843502902326432,0.03335488041370394,17.423076923076923,3.0915690845102612,0.5771972798443387,0.540776184599714
P02082,female,bullet,3,1924.3333333333333,0.3974358974358974,2.1999999999999997,54.98717948717948,15.502564102564103,0.05897435897435898,0.025641025641025644,11.666666666666666,3.7179487179487176,0.8461538461538461,0.49230769230769234
P02082,female,rapid,12,1918.5,0.37545787545787546,2.709589947089947,57.19574175824176,17.281936813186814,0.056776556776556776,0.019230769230769232,15.727272727272727,3.2573260073260073,0.6572802197802198,0.6018772893772893
P02083,female,blitz,20,1593.0,0.26503496503496504,3.169025974025974,60.52552447552448,18.25839160839161,0.039160839160839164,0.019230769230769232,19.294117647058822,2.8611888111888115,0.5346153846153847,0.5153846153846154
P02083,female,rapid,80,1774.8625,0.2663064366189366,3.30013372044622,58.74605776168276,17.690577824952825,0.06555944055944056,0.032692307692307694,17.779411764705884,2.8117590742590743,0.5414602758352759,0.5322111915861916
P02085,female,bullet,100,2170.94,0.2713909423909424,2.606687701187701,54.82773051948052,16.485488844488845,0.06873534798534799,0.03430652680652681,22.988095238095237,2.481960789210789,0.5599745254745254,0.5792897102897103
P02087,female,blitz,49,2578.204081632653,0.2468602825745683,3.2002699114944013,58.40031397174255,17.549058084772373,0.09419152276295134,0.043956043956043966,15.41025641025641,2.7629513343799057,0.5408163265306123,0.516287284144427
P02087,female,bullet,24,2212.9583333333335,0.24551282051282053,3.0063867845117844,59.06314102564102,17.257692307692306,0.08525641025641027,0.028846153846153844,19.333333333333332,2.9907051282051285,0.569871794871795,0.5644230769230769
P02088,female,blitz,18,1900.0555555555557,0.27321937321937323,2.713558201058201,59.295584045584036,18.056077872744538,0.07454890788224122,0.012820512820512822,16.53846153846154,2.982573599240266,0.5842830009496676,0.5432573599240267
P02089,female,blitz,61,1948.032786885246,0.27515667392716575,3.4334882785702456,57.97662533277287,17.000750251569926,0.08225094577553595,0.04145649432534679,17.67924528301887,3.065371559224018,0.5720238322697339,0.529641305870814
P02089,female,bullet,37,1926.945945945946,0.27297297297297296,2.8583655083655084,57.551975051975056,17.46070686070686,0.091995841995842,0.033264033264033266,17.285714285714285,3.0159043659043663,0.583991683991684,0.5742203742203742
P02089,female,rapid,2,1689.0,0.34065934065934067,3.3333333333333335,56.31318681318681,17.357142857142858,0.14835164835164835,0.0,9.5,4.0,0.4560439560439561,0.521978021978022
P02091,female,blitz,25,2006.0,0.25456410256410256,2.6290707070707073,56.887358974358975,17.49220512820513,0.08264102564102566,0.0366923076923077,17.91304347826087,2.7521794871794873,0.5747692307692308,0.5325641025641026
P02091,female,rapid,12,1811.75,0.2948717948717949,2.3577380952380955,59.1965811965812,17.62767094017094,0.06570512820512821,0.03311965811965812,21.545454545454547,2.702279202279202,0.6401353276353277,0.6203703703703703
P02093,female,bullet,100,1949.65,0.2948434065934066,2.9097649295149295,59.224972832722834,17.905943833943834,0.09386752136752138,0.04439102564102565,16.729166666666668,2.8654551282051286,0.6248638583638584,0.5751773504273504
P02097,female,blitz,22,2664.090909090909,0.25034965034965034,3.395779220779221,60.12770979020979,18.03347902097902,0.08741258741258741,0.04195804195804196,18.0625,3.0460664335664336,0.590034965034965,0.5875874125874125
P02097,female,bullet,78,2763.4615384615386,0.24270490905106293,3.0220169075938306,57.717863795748414,17.316151654613194,0.08374698663160202,0.05955237782160859,16.88888888888889,2.8722797501643655,0.5312897216743371,0.5480084374315144
P02099,female,blitz,56,2273.1785714285716,0.2607371794871795,3.1270608359894077,58.83786630036631,17.496336996336996,0.08569139194139194,0.04436813186813187,20.56,2.8996336996336995,0.5748168498168499,0.5575091575091575
P02099,female,bullet,39,2135.076923076923,0.31262327416173574,2.7448144448144447,57.02432610124917,17.134779750164366,0.1183431952662722,0.043392504930966476,21.741935483870968,2.747534516765286,0.5992767915844839,0.5894148586456279
P02099,female,rapid,5,2158.0,0.2923076923076923,3.1071428571428568,55.06153846153846,16.93846153846154,0.12307692307692308,0.09230769230769231,20.4,2.876923076923077,0.5846153846153845,0.4461538461538462
P02100,female,blitz,5,2494.0,0.26153846153846155,2.921904761904762,58.83076923076923,17.6,0.046153846153846156,0.015384615384615385,17.5,2.907692307692308,0.5384615384615385,0.5692307692307692
P02100,female,bullet,95,2479.452631578947,0.34989542621121567,2.3395399483557378,51.661918666129196,15.777506762243604,0.07163292847503375,0.021814150761519185,22.063492063492063,2.58565790934212,0.6282364419206525,0.6722199437988912
P02103,female,blitz,31,2471.1935483870966,0.26054590570719605,2.945772238514174,59.29528535980149,18.16377171215881,0.08933002481389578,0.02481389578163772,17.580645161290324,2.774193548387097,0.5483870967741935,0.5607940446650125
P02103,female,bullet,69,2438.623188405797,0.30824972129319955,2.895214045214045,56.59253065774805,17.055183946488295,0.06688963210702342,0.020066889632107024,15.836065573770492,2.9498327759197327,0.5975473801560759,0.6075808249721294
P02109,female,blitz,49,2214.3469387755104,0.26587799955146896,3.289048536497516,57.6177020258653,17.136435673170368,0.06575091575091575,0.026818419675562533,21.0,2.8812588771772445,0.5568737385063915,0.5605479554459146
P02109,female,bullet,51,2046.6274509803923,0.26828808446455504,2.7281582252170486,57.63512957630604,17.152543534896477,0.07183257918552037,0.03619909502262444,18.285714285714285,2.881530234471411,0.5756718771424654,0.5996846290963938
P02110,female,blitz,17,2315.8823529411766,0.251336898395722,3.176302945420592,57.97285067873303,17.586589880707525,0.05429864253393665,0.04524886877828055,15.294117647058824,2.7803373097490747,0.5133689839572192,0.539695598519128
P02110,female,bullet,83,2175.373493975904,0.24347389558232935,3.241119021540708,58.74824940788797,18.162264442384924,0.09197044588610853,0.058387395736793336,18.96153846153846,2.9913113994439295,0.5244310575635877,0.5269153537225826
P02111,female,blitz,98,2319.387755102041,0.2291950113378685,3.345840865483723,59.18814320600035,17.80009593581022,0.07777341705913135,0.05030088958660388,15.427083333333334,2.838082155939299,0.5208311529740102,0.513034188034188
P02111,female,rapid,2,2450.0,0.3846153846153846,3.25,54.53846153846153,15.615384615384615,0.038461538461538464,0.0,21.5,3.1153846153846154,0.7692307692307692,0.5769230769230769
P02114,female,blitz,100,2711.67,0.25803108003108005,3.252330225330225,58.26154933954934,17.763747474747476,0.08264180264180265,0.039230769230769236,18.288888888888888,2.9988690753690754,0.5603966588966589,0.5504743589743589
P02115,female,rapid,100,2273.8,0.27902097902097905,2.999952922077922,59.02368492618493,17.17779331779332,0.10313131313131313,0.029145299145299147,19.214285714285715,3.1743512043512045,0.5782886557886558,0.5757226107226107
P02116,female,blitz,5,2080.0,0.18741258741258743,2.5516666666666667,58.08111888111888,17.496503496503497,0.03076923076923077,0.046153846153846156,11.0,2.676923076923077,0.579020979020979,0.4965034965034965
P02116,female,bullet,18,2017.7777777777778,0.266025641025641,2.621406525573192,56.72775835275835,17.21017871017871,0.06410256410256411,0.05205905205905206,11.75,2.6928904428904428,0.6040209790209791,0.5258352758352758
P02120,female,blitz,100,1950.69,0.25631085581085583,3.413392857142857,58.58804095904095,17.75216317016317,0.09197319347319349,0.03821794871794872,17.282608695652176,3.2468123543123544,0.5528000333000334,0.5126205461205461
P02121,female,blitz,8,1927.125,0.23365384615384616,3.3564709595959594,58.56442307692308,17.534615384615385,0.057692307692307696,0.04134615384615385,17.0,3.0336538461538463,0.48942307692307696,0.5211538461538462
P02121,female,bullet,9,2125.222222222222,0.25641025641025644,3.403968253968254,56.794871794871796,16.743589743589745,0.1111111111111111,0.05128205128205129,13.333333333333334,3.7521367521367517,0.5811965811965812,0.5213675213675214
P02124,female,bullet,100,2552.54,0.27207226107226107,2.864020615005909,57.54705244755245,17.00192424242424,0.06415268065268066,0.02948717948717949,17.60674157303371,3.0300128205128205,0.5737074592074592,0.5778391608391609
P02127,female,blitz,93,2140.7311827956987,0.22573752412462092,3.5259414420704744,60.76390365906495,18.371627476466188,0.07887274016306275,0.034119106699751864,16.75581395348837,2.9041907912875655,0.5065874985229825,0.4949387530032691
P02127,female,rapid,7,1747.4285714285713,0.2417582417582418,3.794387755102041,62.0,18.89010989010989,0.0989010989010989,0.04395604395604396,13.714285714285714,3.3076923076923075,0.4835164835164835,0.42857142857142855
P02128,female,blitz,97,1269.340206185567,0.33091965308460153,2.9237756802189794,54.6514928942764,16.618685094973756,0.0791611595735307,0.03598995506212001,30.26984126984127,2.5302358294626335,0.6431787570962828,0.6243378900595395
P02128,female,rapid,3,1447.6666666666667,0.2820512820512821,3.2571428571428576,48.05128205128205,15.333333333333334,0.0,0.025641025641025644,35.0,2.0256410256410255,0.5897435897435898,0.6153846153846154
P02129,female,blitz,52,1959.4615384615386,0.2780078895463511,2.9975216556947326,59.33641518737673,18.05128205128205,0.07453155818540434,0.0363905325443787,13.423076923076923,3.2522682445759368,0.5618589743589744,0.5508875739644971
P02129,female,bullet,10,2100.0,0.2128205128205128,1.7098484848484847,40.48967948717949,11.711474358974359,0.11858974358974358,0.035576923076923075,13.6,1.9108333333333334,0.586923076923077,0.693974358974359
P02129,female,rapid,4,1982.75,0.17094017094017094,2.625,41.54059829059829,11.34508547008547,0.0,0.027777777777777776,,1.2521367521367521,0.4412393162393162,0.6303418803418803
P02130,female,blitz,1,2202.0,0.6153846153846154,2.0,56.69230769230769,14.846153846153847,0.3076923076923077,0.0,11.0,4.0,0.7692307692307693,0.6923076923076923
P02130,female,bullet,88,1999.3181818181818,0.2660519720178811,3.2911591880341877,58.405247845588754,17.849605476594114,0.08933809246309246,0.04330079642579643,17.9625,2.753336247086247,0.5498211699916246,0.5201577778282324
P02130,female,rapid,11,2073.909090909091,0.34965034965034963,2.40472582972583,57.77622377622378,17.174825174825177,0.07692307692307693,0.03496503496503497,14.9,3.0699300699300696,0.6643356643356643,0.5174825174825175
P02131,female,blitz,72,2517.8194444444443,0.2344357031857032,3.2529488644071978,59.31138306138306,17.637334887334887,0.06944444444444445,0.03311965811965812,18.923076923076923,2.7721283346283347,0.5075433825433825,0.507324851074851
P02131,female,bullet,5,2718.6,0.27692307692307694,2.1266666666666665,54.90769230769231,16.876923076923077,0.15384615384615385,0.046153846153846156,8.0,3.3384615384615386,0.6,0.5692307692307692
P02133,female,blitz,50,2202.88,0.2276923076923077,3.481503052503052,60.81292307692308,18.38676923076923,0.09230769230769231,0.047692307692307694,19.4375,3.0369230769230766,0.49846153846153846,0.5347692307692308
P02133,female,bullet,28,2473.9285714285716,0.2197802197802198,3.0283347604776174,59.37637362637363,17.785714285714285,0.06043956043956045,0.04395604395604396,18.73076923076923,2.744505494505494,0.543956043956044,0.5659340659340659
P02133,female,rapid,22,2092.318181818182,0.27132867132867133,3.413166000666001,63.0937062937063,19.446503496503496,0.08741258741258741,0.045454545454545456,19.4,2.825174825174825,0.5402097902097902,0.5087412587412588
P02134,female,blitz,22,2223.818181818182,0.2307692307692308,3.5044344544344543,58.45454545454545,17.702797202797203,0.055944055944055944,0.027972027972027972,16.95,2.8216783216783217,0.576923076923077,0.5734265734265734
P02136,female,blitz,7,2406.1428571428573,0.1978021978021978,3.0482295482295485,59.956043956043956,17.65934065934066,0.04395604395604396,0.04395604395604396,23.142857142857142,2.8241758241758244,0.4175824175824176,0.42857142857142855
P02136,female,bullet,93,2484.6774193548385,0.2599485341420825,3.0899775254613964,59.052247036118004,17.377171215880892,0.05624483043837883,0.03225806451612903,19.666666666666668,2.9421009098428454,0.5194835033544711,0.5107756640014705
P02142,female,blitz,21,2173.7619047619046,0.3253968253968254,2.8421356421356423,58.26678876678877,18.08038258038258,0.052910052910052914,0.019943019943019943,14.047619047619047,3.1434676434676434,0.6422466422466423,0.5584045584045585
P02142,female,bullet,2,1788.0,0.15384615384615385,2.7333333333333334,57.84615384615385,17.76923076923077,0.038461538461538464,0.0,21.5,2.576923076923077,0.5,0.5769230769230769
P02143,female,blitz,31,2320.6129032258063,0.2594233723265981,3.2897824819077193,60.22379770766867,18.523839064161645,0.0728465083303793,0.04182913860333216,21.04,2.752274607113317,0.5627437079049983,0.5843967860096891
P02143,female,bullet,63,2113.3492063492063,0.2591575091575092,3.2990221418792847,57.669820919820914,17.827737077737076,0.05372405372405373,0.030525030525030524,17.607142857142858,2.730870980870981,0.5824175824175825,0.5728530728530729
P02143,female,rapid,1,1949.0,0.15384615384615385,3.142857142857143,53.0,16.46153846153846,0.0,0.07692307692307693,16.0,2.4615384615384617,0.6923076923076923,0.6923076923076923
P02144,female,blitz,73,1641.2328767123288,0.25343902672669794,3.1803537976483183,59.25477376504774,17.89471213717789,0.06647348085704251,0.02950474183350896,16.314285714285713,2.8214548009068556,0.5770875243477983,0.5443385381741547
P02144,female,rapid,11,1743.090909090909,0.2307692307692308,3.1633412042502953,59.88811188811189,19.0,0.03496503496503497,0.013986013986013986,20.7,2.972027972027972,0.5454545454545454,0.5174825174825175
P02145,female,blitz,63,1614.6190476190477,0.24621088787755455,3.4646281408186166,58.901229942896606,18.043914110580776,0.06856384356384357,0.03839370506037173,17.35593220338983,2.7325295075295077,0.5508349675016342,0.5327018660351993
P02145,female,rapid,1,1523.0,0.07692307692307693,7.0,64.92307692307692,20.384615384615383,0.0,0.0,20.0,2.769230769230769,0.46153846153846156,0.6153846153846154
P02149,female,blitz,100,2224.8,0.2107552447552448,3.55087860668743,59.270993006993,18.141524475524474,0.08843356643356644,0.036153846153846154,18.638297872340427,2.780272727272727,0.49240559440559445,0.4893286713286713
P02151,female,blitz,30,2259.733333333333,0.26467236467236466,3.429693824693825,58.44558404558405,17.345868945868947,0.08575498575498576,0.02820512820512821,19.185185185185187,2.927920227920228,0.6088319088319089,0.5358974358974359
P02151,female,rapid,1,2109.0,0.38461538461538464,2.111111111111111,43.38461538461539,12.23076923076923,0.07692307692307693,0.0,12.0,2.769230769230769,0.46153846153846156,0.8461538461538461
P02152,female,blitz,94,2108.5851063829787,0.2538440873547257,3.1347947560713516,58.49854353684141,17.774153151812726,0.0799847906230885,0.04656755773777051,17.129411764705882,3.048381110615153,0.5498102960868919,0.5579163153631239
P02153,female,blitz,100,2217.44,0.2539041514041514,3.281120601620602,57.375599816849814,16.983092185592184,0.06313034188034189,0.03230769230769231,17.161290322580644,3.059635225885226,0.5614667277167278,0.5371413308913309
P02157,female,bullet,100,1417.32,0.29571245421245423,3.512612914862915,58.30494255744256,17.667509324009323,0.05682983682983683,0.023083333333333334,22.290697674418606,2.9043203463203464,0.6101648351648352,0.6126216283716284
P02158,female,blitz,100,2133.14,0.2931052558552559,2.854898467474554,56.26041347541348,16.45219560994561,0.07146542346542346,0.022776612276612276,17.662921348314608,2.891460372960373,0.5893727938727938,0.5686315906315906
P02162,female,blitz,88,2556.318181818182,0.2311091686091686,3.2897470933505626,58.85281662781663,17.728253690753693,0.06322843822843824,0.03583916083916084,20.175,2.8883158508158506,0.5173659673659674,0.5522435897435898
P02162,female,bullet,1,2522.0,0.15384615384615385,2.4285714285714284,61.46153846153846,20.46153846153846,0.0,0.0,30.0,3.3846153846153846,0.5384615384615384,0.46153846153846156
P02162,female,rapid,11,1901.4545454545455,0.22773892773892773,2.9431818181818183,59.33174048174048,18.049980574980577,0.052059052059052056,0.03706293706293706,13.428571428571429,2.597999222999223,0.5874514374514375,0.5618881118881119
P02169,female,blitz,100,2341.2,0.22586363636363635,3.3205209235209234,61.65185547785548,18.673081585081583,0.08141958041958043,0.02328088578088578,18.967741935483872,2.843467365967366,0.5127878787878788,0.5235198135198135
P02170,female,blitz,46,2284.1304347826085,0.2711867842302625,2.943493764689417,59.18159775007601,17.42694588020675,0.08683743792439445,0.03556045403871491,18.3953488372093,2.9412891456369716,0.5398424039728388,0.5635198135198135
P02170,female,bullet,54,2181.8518518518517,0.22329851218740107,3.1219329024884583,59.16989553656221,18.17022792022792,0.06552706552706554,0.04194365305476416,18.79591836734694,2.8819404874960433,0.5047325102880659,0.5094333649889206
P02173,female,blitz,34,1831.735294117647,0.2534188034188034,3.205334861217214,59.25907491201609,18.17559074912016,0.08144796380090498,0.038461538461538464,16.363636363636363,3.0088235294117647,0.5221719457013575,0.5035696329813977
P02173,female,bullet,29,1548.9310344827586,0.3279104037724727,2.6363885156988602,57.9745947539051,17.232419687592103,0.10344827586206896,0.04244031830238727,14.92,3.060477453580902,0.6129089301503095,0.5717653993516063
P02173,female,rapid,37,1954.0,0.25965475965475965,3.361077586077586,59.207711207711206,17.961207711207713,0.079002079002079,0.03135828135828136,14.594594594594595,3.12006237006237,0.5189000189000189,0.5020947520947521
P02174,female,blitz,17,1501.2941176470588,0.2848896201837378,2.2856018164841694,55.90633484162896,16.212093788564374,0.07239819004524888,0.0330316742081448,18.23076923076923,2.7359111476758535,0.6392979569450157,0.6623885918003566
P02174,female,rapid,4,1407.25,0.28937728937728935,2.3125,54.73672161172161,15.040750915750916,0.10989010989010989,0.0,17.75,3.510989010989011,0.6172161172161172,0.6396520146520146
P02175,female,blitz,10,2179.2,0.24633699633699635,3.323888888888889,60.40064102564103,18.180311355311353,0.055128205128205134,0.023076923076923078,19.3,3.112087912087912,0.5693223443223443,0.4902930402930403
P02175,female,bullet,90,2494.188888888889,0.21314611314611315,3.281775732437497,58.82535612535613,17.874440374440375,0.07521367521367522,0.03418803418803419,17.294117647058822,2.862026862026862,0.4906796906796907,0.518030118030118
P02176,female,blitz,10,2199.5,0.2846153846153846,3.1183804430863256,58.5,17.361538461538462,0.08461538461538462,0.038461538461538464,19.2,2.646153846153846,0.5153846153846154,0.5461538461538462
P02176,female,bullet,90,2114.822222222222,0.2700304325304325,2.9520831329164663,57.892841880341884,17.29988085988086,0.08758547008547009,0.018482905982905983,18.96153846153846,2.861522274022274,0.6025977725977726,0.5777615902615902
P02177,female,blitz,53,2064.245283018868,0.26898573124988223,2.9140393149827113,59.04957223070431,17.796644026832706,0.057041491003755156,0.018867924528301886,16.040816326530614,3.0054873847326675,0.5747419247419248,0.5637910307721629
P02177,female,bullet,47,1871.1489361702127,0.2961984823686951,2.7468507261060453,58.58673064524128,17.70447106085404,0.06423895253682488,0.027823240589198037,13.933333333333334,3.1695308237861433,0.6491593512870109,0.577233050637306
P02178,female,blitz,18,1498.5555555555557,0.31223128723128724,3.1974867724867724,57.81721704221704,17.085083743417076,0.06445868945868946,0.04401709401709402,17.41176470588235,2.891796166796167,0.6057951307951308,0.5976107226107226
P02178,female,rapid,9,1953.6666666666667,0.23076923076923078,2.9454847621514286,57.581196581196586,18.076923076923077,0.025641025641025644,0.025641025641025644,22.666666666666668,2.5384615384615383,0.4786324786324786,0.5213675213675214
P02179,female,blitz,25,2266.2,0.27179487179487183,3.0814241314241313,57.174358974358974,17.61846153846154,0.09948717948717949,0.03384615384615385,17.125,2.8861538461538463,0.5620512820512821,0.56
P02179,female,bullet,75,2166.9733333333334,0.2420757020757021,3.2188460798460796,59.1382905982906,17.81970695970696,0.06256410256410257,0.041025641025641026,18.27777777777778,2.9230036630036627,0.52998778998779,0.5442979242979242
P02182,female,blitz,100,2156.86,0.2703199023199023,3.1157698412698416,59.53288705738706,18.047420634920638,0.07372771672771673,0.023777777777777776,19.802197802197803,3.166388888888889,0.6027667887667888,0.5791321733821734
P02183,female,blitz,35,1936.4571428571428,0.2737262737262738,2.966735724592868,56.929270729270726,16.752447552447553,0.07072927072927074,0.044355644355644354,17.875,3.0593406593406596,0.5808191808191808,0.5444555444555444
P02183,female,rapid,3,2146.3333333333335,0.30036630036630035,2.907407407407407,54.765567765567766,16.01831501831502,0.025641025641025644,0.0,16.0,2.7692307692307696,0.6776556776556776,0.5750915750915752
P02188,female,blitz,6,1632.5,0.2435897435897436,4.0055555555555555,58.14102564102564,16.794871794871796,0.05128205128205129,0.025641025641025644,21.166666666666668,2.8846153846153846,0.5256410256410257,0.576923076923077
P02188,female,rapid,33,1965.6060606060605,0.2727272727272727,3.627581004853732,58.94201631701632,17.814452214452213,0.06293706293706294,0.027972027972027972,16.696969696969695,3.202331002331002,0.573951048951049,0.48391608391608393
P02189,female,blitz,78,2166.141025641026,0.2951058912597374,3.0520229770229768,58.93855218855219,17.45122078775925,0.07471908433446894,0.04203773434542665,18.32857142857143,2.9443448289602134,0.5889541370310601,0.609542167234475
P02189,female,bullet,20,1977.8,0.23846153846153845,3.0341666666666667,58.62307692307693,17.496153846153845,0.08076923076923077,0.046153846153846156,19.157894736842106,3.2884615384615388,0.5923076923076923,0.5615384615384615
P02189,female,rapid,2,1853.0,0.05555555555555555,2.0,66.05555555555556,18.5,0.0,0.0,19.5,3.5555555555555554,0.4444444444444444,0.7777777777777778
P02191,female,blitz,70,2559.842857142857,0.2456959706959707,3.011009645116788,59.23809523809524,17.417490842490842,0.09706959706959709,0.04065934065934066,20.25,2.9575091575091577,0.5572344322344323,0.5276556776556777
P02191,female,bullet,30,2283.4666666666667,0.2391025641025641,3.189563492063492,60.98397435897436,18.328205128205127,0.0923076923076923,0.025641025641025644,16.333333333333332,3.0282051282051285,0.5608974358974359,0.5262820512820513
P02193,female,blitz,100,2421.37,0.2473679098679099,3.06699401986902,59.58529526029526,17.883141025641024,0.09131507381507381,0.037832167832167835,16.175824175824175,2.979028749028749,0.5455031080031081,0.5454467754467754
P02195,female,bullet,100,2449.97,0.23401282051282052,3.0922097902097905,59.29623076923077,18.05091025641026,0.06692307692307692,0.04621794871794872,19.662790697674417,2.713346153846154,0.5134487179487179,0.5375
P02196,female,blitz,98,2151.469387755102,0.28289539258927016,2.7523011285766383,59.37890907278662,18.185464478831825,0.08030263387406245,0.031397174254317116,17.96511627906977,2.722173942837208,0.5780444045750168,0.5604613640327926
P02196,female,rapid,2,2023.0,0.458041958041958,2.325,59.730769230769226,17.996503496503497,0.11538461538461539,0.038461538461538464,20.5,3.4125874125874125,0.7867132867132867,0.548951048951049
P02197,female,blitz,22,2285.681818181818,0.26252913752913754,3.041666666666667,55.73717948717949,16.307983682983682,0.055944055944055944,0.03496503496503497,21.63157894736842,2.9536713286713283,0.592948717948718,0.5725524475524476
P02197,female,bullet,78,2216.628205128205,0.2371346602115833,3.1658381504535353,56.418833303448686,16.371535871535873,0.07270934194011118,0.05459924690693922,17.75,2.8199350507042813,0.5605462913155221,0.5810073117765425
P02198,female,blitz,100,2581.66,0.2673717948717949,3.3842468071144545,58.51451923076923,17.64080128205128,0.08230769230769232,0.03538461538461539,24.123456790123456,2.682596153846154,0.5589102564102564,0.5490705128205129
P02199,female,blitz,53,2034.4905660377358,0.2783275424784859,2.8765832176209534,58.38930121241442,17.690524988638195,0.10420899854862119,0.051424990104235395,21.186046511627907,2.8149297767222294,0.5887122311650613,0.5488883757751682
P02199,female,bullet,43,2197.3488372093025,0.2692307692307692,3.0091152387664017,57.939624329159216,17.338103756708406,0.07528324388789505,0.042933810375670844,19.105263157894736,2.9537865235539655,0.5557543231961837,0.537567084078712
P02199,female,rapid,4,1902.0,0.17307692307692307,3.662878787878788,60.09615384615385,19.576923076923077,0.07692307692307693,0.07692307692307693,18.0,2.8076923076923075,0.5384615384615385,0.5576923076923077
P02203,female,blitz,28,2208.035714285714,0.2839160839160839,3.1960781282209854,59.109357309357314,17.69975024975025,0.08016983016983018,0.03571428571428571,15.28,3.155061605061605,0.5942557442557443,0.5217282717282717
P02205,female,blitz,41,1704.4146341463415,0.31224872688287325,2.4003211558089608,54.751793531671574,15.874939694451891,0.10065442687393907,0.05976949879388904,25.833333333333332,2.819422853569195,0.6506879299562226,0.5939984811936032
P02205,female,bullet,12,1181.0,0.2673992673992674,2.3779761904761902,51.63186813186814,15.112637362637363,0.1382783882783883,0.08974358974358976,29.857142857142858,2.413919413919414,0.6437728937728938,0.5915750915750916
P02205,female,rapid,47,1877.212765957447,0.3282869612656847,2.6515726885407735,54.54164393526096,15.901982178577923,0.10174577195853791,0.03436988543371522,22.97142857142857,2.8312875068194217,0.6479359883615203,0.6157937806873978
P02208,female,blitz,13,2224.153846153846,0.21893491124260356,3.2473914973914977,61.396449704142015,18.80473372781065,0.04733727810650888,0.02958579881656805,16.5,2.93491124260355,0.5029585798816568,0.46745562130177515
P02208,female,bullet,74,2235.554054054054,0.27521367521367524,2.802498814998815,58.15504735504736,17.14019404019404,0.07145992145992146,0.02598752598752599,21.40625,2.943116193116193,0.5564218064218064,0.572903672903673
P02208,female,rapid,13,2053.6923076923076,0.23076923076923078,3.588136436213359,63.89940828402367,19.739644970414197,0.07692307692307693,0.01775147928994083,21.166666666666668,3.1420118343195265,0.4911242603550296,0.4556213017751479
P02209,female,blitz,98,2514.3673469387754,0.25849230134944423,3.0477972707564542,59.49335565228423,17.95883402311974,0.10709687138258567,0.04556950985522414,17.764705882352942,3.114540221683079,0.5610276628133771,0.5734469895184181
P02209,female,rapid,2,1273.5,0.15384615384615385,4.75,61.19230769230769,18.576923076923077,0.07692307692307693,0.0,10.0,3.730769230769231,0.5769230769230769,0.5384615384615384
P02212,female,blitz,81,1998.0864197530864,0.23343957140253435,3.1184278341685747,58.51805207823727,17.559071963701594,0.07291720625053959,0.035137701804368475,20.246753246753247,2.9233248918434103,0.5085789039492743,0.5256856312411868
P02212,female,bullet,18,1946.5555555555557,0.27350427350427353,2.9701919993586663,59.47008547008548,17.589743589743588,0.06410256410256411,0.042735042735042736,19.75,2.9145299145299144,0.4786324786324786,0.5683760683760685
P02212,female,rapid,1,1950.0,0.38461538461538464,2.0,63.76923076923077,22.153846153846153,0.0,0.0,15.0,3.0,0.46153846153846156,0.6923076923076923
P02214,female,blitz,24,2071.4166666666665,0.2321047008547009,3.205104617604617,60.56356837606838,18.100694444444446,0.0608974358974359,0.012820512820512822,16.91304347826087,3.093482905982906,0.5376602564102564,0.5472756410256411
P02214,female,bullet,76,2141.4868421052633,0.2752568703226598,3.023023102628366,59.60206569746043,18.093018494663234,0.08233652312599682,0.02539642375168691,20.074626865671643,3.0337841982578824,0.5477219052876948,0.560628297141455
P02215,female,blitz,63,2534.936507936508,0.24233808519522806,2.9028104170961315,58.84498808070237,18.248848417896035,0.10338497481354625,0.05579297245963913,11.338983050847459,2.962065712065712,0.5760157831586403,0.48103704056085006
P02215,female,bullet,37,2136.3513513513512,0.23589743589743592,4.72994422994423,60.62155232155232,17.80970200970201,0.07484407484407485,0.05051975051975052,16.057142857142857,3.1464541464541464,0.5181566181566182,0.5104874104874104
P02216,female,blitz,2,2720.0,0.3076923076923077,2.675,53.65384615384615,16.384615384615383,0.15384615384615385,0.038461538461538464,17.5,2.423076923076923,0.5384615384615385,0.5
P02216,female,bullet,98,2874.581632653061,0.26480152500560666,2.948501195349935,56.91323727293115,17.732927786499214,0.08405285190999477,0.03924646781789639,21.043010752688172,2.649767324512222,0.5350695223144203,0.5348218957912836
P02217,female,blitz,98,2468.4285714285716,0.25870558013415157,3.3356513900931666,59.23166119594691,17.97729948622806,0.08427286998715572,0.04081632653061224,14.445652173913043,3.274234693877551,0.5667368345939775,0.5389253603539318
P02217,female,bullet,2,2137.5,0.46153846153846156,2.166666666666667,60.11538461538461,17.5,0.15384615384615385,0.038461538461538464,10.0,3.9230769230769234,0.7307692307692308,0.6153846153846154
P02218,female,blitz,100,2142.6,0.24323015873015874,3.3477775557775558,58.132073260073255,17.667054945054943,0.0846935286935287,0.03641880341880342,18.944444444444443,2.890294871794872,0.5531886446886447,0.5541300366300367
P02222,female,blitz,35,2357.0,0.2500976800976801,3.3046320346320344,58.81112332112332,17.54229548229548,0.07448107448107448,0.03394383394383394,18.93548387096774,2.9955067155067154,0.5889255189255189,0.5897496947496949
P02222,female,bullet,65,2287.4153846153845,0.2523399677245831,3.011045066045066,57.21168639053254,17.04456697149005,0.08267885960193652,0.03948359332974718,16.774193548387096,3.0051640667025286,0.594217321140398,0.5657880580957504
P02223,female,blitz,64,1936.328125,0.24705589549339552,3.194623865717616,58.73648291812354,17.5711714500777,0.09021555701243202,0.04717699834887335,14.806451612903226,3.0459234775641026,0.5702138573232324,0.558897265928516
P02223,female,bullet,19,1988.3684210526317,0.23481781376518218,3.4682691577428417,56.31983805668016,16.40080971659919,0.06072874493927126,0.04048582995951417,15.666666666666666,3.0445344129554655,0.5668016194331984,0.5587044534412955
P02225,female,blitz,71,2193.9859154929577,0.2748043818466354,3.2808116765863247,58.59363187673046,17.686312748284582,0.06500541711809318,0.022149993980979898,17.424242424242426,3.2309498013723363,0.5839773684844107,0.528819068255688
P02225,female,bullet,29,2083.655172413793,0.2941349837901562,2.709446683584615,58.24344238137342,16.95402298850575,0.09136457412319482,0.023872679045092837,17.0,3.379899793692897,0.595638078396699,0.5947539050987326
P02227,female,blitz,100,2381.34,0.29891452991452994,2.758454906204906,57.44499358974359,16.615331196581195,0.08732264957264958,0.06046367521367522,9.147368421052631,3.256527777777778,0.6476089743589744,0.5797478632478632
P02228,female,blitz,87,2543.9310344827586,0.23418669453152213,3.374927530962014,58.9032741205155,17.664228491814697,0.08844546258339363,0.04348525038180211,19.07894736842105,2.9875077030249444,0.520729844867776,0.5259263724780966
P02228,female,rapid,3,2426.0,0.3974358974358974,2.5714285714285716,58.457264957264954,17.94871794871795,0.10683760683760683,0.0,25.666666666666668,2.6153846153846154,0.6581196581196581,0.5256410256410257
P02229,female,blitz,2,2180.0,0.38461538461538464,3.225,53.26923076923077,14.423076923076923,0.07692307692307693,0.038461538461538464,33.0,1.8076923076923077,0.6538461538461539,0.6153846153846154
P02229,female,bullet,50,1936.26,0.2580769230769231,3.2858412698412702,60.14730769230769,18.578717948717948,0.10929487179487181,0.05243589743589744,22.333333333333332,2.9456410256410255,0.6201923076923077,0.543974358974359
P02230,female,bullet,100,1945.53,0.28942482517482515,2.843785325785326,57.48159965034965,16.972143939393938,0.0946794871794872,0.05516025641025642,18.197674418604652,2.978642191142191,0.6203613053613054,0.5732365967365968
P02231,female,blitz,20,2176.05,0.24145299145299148,3.228924963924964,59.3991452991453,17.333333333333336,0.07863247863247864,0.040170940170940174,20.36842105263158,2.771153846153846,0.6094017094017093,0.5262820512820513
P02232,female,blitz,49,2120.3673469387754,0.28544771554975634,2.8803773890508584,59.34575543504115,18.029105418391133,0.0739272632129775,0.030939298796441656,18.846153846153847,2.8473944422924014,0.569664519154315,0.5740905353150252
P02233,female,blitz,60,2044.9,0.22801087801087802,3.4198989898989898,58.11530691530691,17.09306526806527,0.05860528360528361,0.024592074592074593,18.526315789473685,2.738830613830614,0.4998834498834499,0.49364801864801866
P02233,female,bullet,40,1860.4,0.21600378787878788,3.2553373015873013,60.44928613053613,17.870403554778555,0.03653846153846154,0.01730769230769231,18.28205128205128,2.9200174825174825,0.49594988344988344,0.5486232517482518
P02234,female,blitz,98,2298.9489795918366,0.2417437437845601,3.328208299636871,58.20941433849597,17.901786252296457,0.07342122163550735,0.03781932353360925,17.558139534883722,2.718261698618842,0.54835411187452,0.5592989776663246
P02234,female,bullet,2,2114.5,0.34615384615384615,2.892857142857143,62.153846153846146,18.384615384615383,0.11538461538461539,0.0,13.5,3.0384615384615383,0.7307692307692308,0.46153846153846156
P02235,female,blitz,72,2169.9166666666665,0.23376931710265042,3.3170690035273367,57.586214711214716,17.94599844599845,0.07894112060778728,0.04487179487179487,18.03076923076923,2.5696710696710694,0.5266122766122767,0.5307994474661142
P02235,female,bullet,28,1773.892857142857,0.271978021978022,2.974280481423339,58.72527472527473,17.892857142857142,0.0989010989010989,0.041208791208791215,18.814814814814813,2.7527472527472527,0.5961538461538461,0.5082417582417583
P02236,female,blitz,30,2142.9,0.2341880341880342,3.0306661856661856,58.129059829059834,17.53205128205128,0.08034188034188035,0.038461538461538464,21.0,2.861538461538461,0.5534188034188035,0.4807692307692308
P02236,female,bullet,70,1934.9142857142858,0.2763771149485435,3.184278499278499,59.64470434327577,17.756241060526776,0.08433455433455433,0.041477411477411484,17.43076923076923,2.9633577533577533,0.5884074655503226,0.52429094714809
P02237,female,blitz,94,1969.127659574468,0.2596182777033841,2.875263079119462,57.94276604010646,17.35776918117344,0.09439443535188216,0.040461902164029825,21.3125,2.855110020003637,0.5678854833110152,0.5630255087701896
P02238,female,blitz,100,2115.79,0.26609576534576534,3.4004593739593743,58.84077680652681,17.86323445998446,0.07571775446775447,0.03663461538461539,17.31958762886598,3.044882478632479,0.5886787101787102,0.5380454545454545
P02242,female,blitz,10,2477.9,0.2692307692307693,2.980151515151515,57.48461538461538,17.20769230769231,0.06153846153846154,0.03076923076923077,21.5,2.8307692307692305,0.5,0.6230769230769231
P02242,female,bullet,90,2448.088888888889,0.23170940170940174,2.9576928781095444,58.38962555962556,17.247500339167008,0.06615995115995116,0.04911680911680912,16.271604938271604,2.8883774250440917,0.5298684032017366,0.5092083842083842
P02243,female,blitz,8,1940.0,0.23076923076923078,3.7541666666666664,57.84615384615385,18.46153846153846,0.10576923076923078,0.028846153846153848,15.75,2.9134615384615383,0.5961538461538461,0.5961538461538461
P02243,female,bullet,13,1752.7692307692307,0.26528599605522685,2.6843406593406596,58.98284023668639,18.158382642998028,0.01775147928994083,0.03550295857988166,15.363636363636363,2.9786982248520713,0.634319526627219,0.5629191321499014
P02243,female,rapid,2,1708.5,0.39743589743589747,2.0,57.95833333333333,17.080128205128204,0.16025641025641024,0.041666666666666664,14.5,3.121794871794872,0.717948717948718,0.4391025641025641
P02244,female,blitz,45,2110.911111111111,0.22999222999223,3.0966354633021296,61.098445998445996,18.38927738927739,0.07894327894327895,0.05574980574980575,17.121951219512194,3.0064102564102564,0.5135975135975136,0.4997280497280498
P02244,female,bullet,55,1707.909090909091,0.236985236985237,3.0611747343565527,58.73099123099123,17.61080586080586,0.0984848484848485,0.0398989898989899,22.854166666666668,2.756859806859807,0.49522144522144523,0.5278443778443779
P02245,female,blitz,96,2245.3333333333335,0.2706314518814519,3.3912457912457916,58.95889686124061,17.618658222564473,0.0958464856902357,0.050052002395752394,18.531645569620252,2.8002509065009065,0.5420466397028897,0.5520213293650794
P02245,female,bullet,2,1847.5,0.2153846153846154,2.3333333333333335,56.50769230769231,17.315384615384616,0.08846153846153847,0.0,7.0,2.103846153846154,0.5423076923076923,0.4807692307692308
P02245,female,rapid,2,2002.0,0.3076923076923077,2.833333333333333,58.80769230769231,17.346153846153847,0.07692307692307693,0.038461538461538464,21.5,2.4230769230769234,0.6923076923076923,0.5
P02246,female,blitz,6,2024.0,0.3333333333333333,2.7726190476190475,61.15384615384615,18.576923076923077,0.08974358974358976,0.05128205128205129,15.166666666666666,3.192307692307692,0.6538461538461539,0.6025641025641025
P02246,female,rapid,1,1910.0,0.23076923076923078,3.4285714285714284,50.76923076923077,13.692307692307692,0.0,0.0,22.0,3.769230769230769,0.6153846153846154,0.3076923076923077
P02247,female,rapid,5,1754.8,0.24615384615384617,3.371111111111111,58.830769230769235,18.584615384615383,0.03076923076923077,0.03076923076923077,17.5,3.2769230769230773,0.476923076923077,0.5384615384615385
P02249,female,blitz,54,2344.3518518518517,0.2346866096866097,3.1889601139601136,57.92921019309909,17.324469768914213,0.06473567584678695,0.04776036720481165,19.791666666666668,2.9664450775561884,0.5185185185185185,0.5319721430832542
P02249,female,bullet,35,2314.8,0.2465867465867466,2.962190270047413,58.29409257409258,17.343796203796206,0.11607725607725608,0.042600732600732605,17.636363636363637,2.9726140526140528,0.5662803862803862,0.5587379287379287
P02249,female,rapid,1,2206.0,0.38461538461538464,2.25,66.61538461538461,17.076923076923077,0.3076923076923077,0.07692307692307693,18.0,3.8461538461538463,0.8461538461538461,0.5384615384615384
P02250,female,blitz,98,2077.6428571428573,0.2553636839351125,2.86007881007881,58.44526425954997,17.48542647828362,0.08084772370486656,0.051321297749869176,17.7625,2.8263474620617477,0.5376111983254841,0.5647828362114077
P02250,female,rapid,2,2000.0,0.23076923076923078,2.531818181818182,64.84615384615384,19.230769230769234,0.07692307692307693,0.07692307692307693,24.5,3.1923076923076925,0.5,0.5
P02251,female,blitz,100,2348.78,0.2527634032634033,3.270588318544201,59.33484324009324,18.031912004662004,0.07238986013986015,0.03706293706293707,17.202247191011235,2.8454242424242424,0.5253129370629371,0.5320588578088578
P02253,female,blitz,39,2454.051282051282,0.23079911541450007,3.4945128945128943,58.10284800669415,17.43607674376905,0.07832765525073218,0.03997071304763612,16.945945945945947,2.899408284023669,0.5585888470503856,0.5012999820692128
P02253,female,bullet,61,2462.7049180327867,0.23863568125863208,3.1283609832790162,56.935657238935924,17.202185792349727,0.08722152164775117,0.05926860025220681,10.796296296296296,2.942728036990332,0.5318561220200565,0.5162283072119138
P02255,female,blitz,13,2424.5384615384614,0.16568047337278108,3.622466422466423,59.19526627218935,17.94674556213018,0.02958579881656805,0.02958579881656805,12.76923076923077,2.7337278106508878,0.37869822485207105,0.38461538461538464
P02255,female,bullet,87,2275.2183908045977,0.25282444247961494,3.0407211562383973,58.01257490912664,17.667059632576873,0.05481874447391689,0.034482758620689655,13.790697674418604,2.8892572944297084,0.5399842813635917,0.5393211513901169
P02256,female,blitz,89,1892.9662921348315,0.2874972717669347,3.0054822518305664,57.86037645251128,17.59415066830797,0.08401037165082109,0.042610198789974074,16.666666666666668,2.8030154614424276,0.6300734222082537,0.5684066245863998
P02256,female,bullet,11,1523.8181818181818,0.3426573426573427,2.62157943067034,55.30769230769231,16.678321678321677,0.06293706293706293,0.03496503496503497,18.09090909090909,2.951048951048951,0.6363636363636364,0.5594405594405595
P02258,female,blitz,98,2342.9489795918366,0.24367695796267225,3.2468952815891594,59.89900575614862,18.135149572649574,0.07341269841269842,0.031397174254317116,16.595744680851062,2.8272283272283274,0.5472483865341008,0.5427459445316588
P02258,female,bullet,2,1898.5,0.23076923076923078,2.625,51.69230769230769,14.73076923076923,0.0,0.0,12.0,2.5384615384615383,0.5769230769230769,0.5769230769230769
P02264,female,blitz,71,2260.788732394366,0.24502445910896617,3.688268343550034,58.30245822252864,17.69973653107456,0.07484487343642274,0.0495214879017696,18.482758620689655,2.723464329098132,0.5523991266949013,0.551474933517187
P02264,female,bullet,29,2196.344827586207,0.2509645526886906,3.00775364482261,57.758168555582344,17.613244514106583,0.08488063660477455,0.0578430190499156,16.607142857142858,2.9631360019291053,0.5713768989631058,0.5532613937786351
P02265,female,blitz,3,1452.0,0.3333333333333333,3.0,57.92307692307693,18.128205128205128,0.07692307692307693,0.0,10.666666666666666,2.7692307692307696,0.717948717948718,0.6923076923076924
P02265,female,bullet,6,1649.8333333333333,0.34472934472934474,2.1555555555555554,49.074074074074076,15.404558404558406,0.07692307692307693,0.025641025641025644,13.5,2.1937321937321936,0.5683760683760684,0.566951566951567
P02265,female,rapid,4,1530.25,0.25,2.457312091503268,57.88461538461539,17.653846153846153,0.038461538461538464,0.019230769230769232,15.0,2.5384615384615383,0.5576923076923077,0.5192307692307693
P02266,female,blitz,100,2239.48,0.25759829059829065,3.3636811098258463,57.94075854700854,17.649814102564104,0.05746794871794872,0.02516025641025641,16.692307692307693,2.83267735042735,0.5485790598290599,0.5404829059829059
P02267,female,bullet,99,2397.909090909091,0.23978445796627618,3.298873517055335,59.677450579723306,18.030452123633943,0.09428046700773973,0.0473970473970474,16.157894736842106,3.020062008698372,0.5274518410882048,0.5234056347692712
P02267,female,rapid,1,2276.0,0.6153846153846154,2.0,70.92307692307692,21.076923076923077,0.23076923076923078,0.07692307692307693,,2.3846153846153846,1.0,0.6923076923076923
P02268,female,blitz,22,1557.2727272727273,0.23379474061292244,3.4716630591630593,58.17339377793923,17.594788292515567,0.0632619905347178,0.028223670269124815,14.85,3.1034317954772503,0.6004588845497936,0.555807954671591
P02268,female,rapid,10,1620.4,0.2892307692307693,3.1107142857142858,58.083076923076916,17.72923076923077,0.03076923076923077,0.007692307692307693,14.0,3.3307692307692305,0.6246153846153846,0.6292307692307693
P02269,female,blitz,30,2242.4666666666667,0.2691142191142191,3.061844636844637,57.8247668997669,17.230011655011655,0.08205128205128205,0.020512820512820513,17.708333333333332,2.987995337995338,0.5884032634032634,0.5439393939393941
P02269,female,bullet,70,2135.4142857142856,0.29797008547008547,2.772177901463616,58.25898962148962,17.208028083028083,0.0864010989010989,0.03736263736263736,17.984126984126984,3.166941391941392,0.6056776556776556,0.5633089133089133
P02270,female,blitz,98,2207.6020408163267,0.2497361765218908,3.0771247743186514,58.029011861154714,17.572634310134312,0.08274245595674168,0.03555729984301413,19.5,2.9751504447933024,0.5625872143729287,0.5599707831850689
P02270,female,bullet,1,1632.0,0.38461538461538464,1.4,51.61538461538461,17.153846153846153,0.07692307692307693,0.0,9.0,3.6923076923076925,0.46153846153846156,0.6923076923076923
P02270,female,rapid,1,2217.0,0.3076923076923077,2.0,58.23076923076923,18.615384615384617,0.15384615384615385,0.0,17.0,2.8461538461538463,0.6153846153846154,0.5384615384615384
P02272,female,blitz,61,1983.4098360655737,0.2808707685756866,3.1988775341234357,59.01470796962601,17.563470682323143,0.06413258872275267,0.05198080607916674,19.846153846153847,2.8786213786213786,0.5687345441443802,0.577853840148922
P02272,female,bullet,39,2062.25641025641,0.26873767258382647,3.1873524623524623,59.70989480604865,17.85042735042735,0.09286653517422748,0.05539119000657463,18.151515151515152,2.948717948717949,0.5751150558842867,0.5650887573964497
P02273,female,blitz,95,2154.5157894736844,0.28680836707152496,2.872355508268821,58.02580971659919,17.05320512820513,0.07611336032388664,0.038933873144399465,15.194805194805195,3.106511470985155,0.621727395411606,0.5677125506072874
P02280,female,bullet,93,1623.1075268817203,0.2432485077646368,3.6772804853450016,59.709771948481624,18.020746099778357,0.08501104630136888,0.03989147053663183,16.97826086956522,3.076347129572936,0.5586954264373619,0.5100184761475084
P02280,female,rapid,7,1751.142857142857,0.2417582417582418,3.393467643467644,57.527472527472526,18.076923076923077,0.1098901098901099,0.04395604395604396,19.285714285714285,2.6043956043956045,0.5054945054945055,0.4835164835164835
P02284,female,blitz,65,2039.923076923077,0.26909398294013676,2.8658236208236207,58.25395373856912,17.50323983708599,0.09213863060016907,0.0591715976331361,14.88135593220339,2.984059017905172,0.6038638284792132,0.565136402059479
P02284,female,bullet,35,2028.2857142857142,0.27428285999714574,2.7863048855906,56.112794348508636,16.212342419485275,0.09670329670329672,0.059340659340659345,14.757575757575758,3.2100423386137673,0.619176062033205,0.5702226345083489
P02286,female,blitz,30,2228.0333333333333,0.27403846153846156,2.8758781958781956,59.09134615384615,17.915384615384614,0.05288461538461539,0.020512820512820513,20.23076923076923,2.8673076923076923,0.5721153846153847,0.5381410256410256
P02286,female,bullet,69,2198.6521739130435,0.3026249113205635,2.9340631188457276,57.94841390493564,17.25357251444208,0.057058883145839664,0.030100334448160536,18.29032258064516,3.0283774196817674,0.6249113205634945,0.5456572413094153
P02286,female,rapid,1,1928.0,0.3076923076923077,4.0,55.84615384615385,19.46153846153846,0.0,0.0,13.0,2.6153846153846154,0.6923076923076923,0.46153846153846156
P02289,female,blitz,2,1445.5,0.2692307692307692,4.083333333333334,58.30769230769231,17.076923076923077,0.038461538461538464,0.038461538461538464,18.0,2.6923076923076925,0.5384615384615384,0.5769230769230769
P02289,female,bullet,9,1543.5555555555557,0.28098290598290604,2.944312169312169,59.39957264957265,16.949786324786324,0.06517094017094018,0.03952991452991453,19.75,3.1431623931623935,0.5427350427350428,0.5512820512820513
P02289,female,rapid,3,1536.6666666666667,0.15384615384615385,4.608465608465608,58.794871794871796,17.0,0.0,0.025641025641025644,12.0,2.8205128205128207,0.4358974358974359,0.4102564102564103
P02294,female,bullet,100,2120.76,0.24454545454545457,3.0705955988455984,60.28916083916084,17.584475524475526,0.09076923076923077,0.04076923076923077,16.817204301075268,3.2153846153846155,0.5257342657342657,0.5091608391608392
P02295,female,blitz,100,2036.25,0.22888791763791766,3.3188202908202906,57.44796678321678,17.16631818181818,0.07384615384615385,0.034846153846153846,15.44047619047619,2.961227661227661,0.5638032245532245,0.5497404817404817
P02296,female,blitz,8,1740.25,0.3110941142191142,2.33125,59.85747134809635,18.869184634809635,0.08041958041958042,0.019230769230769232,20.857142857142858,3.3767482517482517,0.612747668997669,0.6340884809634809
P02296,female,bullet,3,1600.0,0.29603729603729606,3.638888888888889,58.08158508158508,18.766899766899765,0.13752913752913754,0.055944055944055944,20.333333333333332,2.958041958041958,0.6177156177156177,0.5920745920745921
P02296,female,rapid,6,1580.8333333333333,0.11538461538461538,3.3516233766233765,59.02564102564103,18.141025641025642,0.038461538461538464,0.0,17.8,2.58974358974359,0.4358974358974359,0.35897435897435903
P02297,female,blitz,31,2089.3870967741937,0.22435897435897437,3.6811483319547835,58.92018196856907,17.861869313482217,0.08498759305210918,0.03742762613730356,20.59259259259259,2.9263854425144746,0.533498759305211,0.5339123242349049
P02297,female,bullet,2,2162.5,0.3076923076923077,2.3,52.96153846153847,18.192307692307693,0.11538461538461539,0.07692307692307693,26.0,3.3076923076923075,0.5769230769230769,0.6538461538461539
P02299,female,blitz,21,2661.1428571428573,0.26739926739926745,3.3496066103208957,59.62271062271062,17.750915750915752,0.08058608058608059,0.025641025641025644,17.45,3.0586080586080584,0.5274725274725275,0.47619047619047616
P02301,female,bullet,99,2591.191919191919,0.2676018426018426,2.8672360467815015,58.84029674029674,17.373805823805824,0.08249528249528251,0.03658378658378658,16.821052631578947,3.1967393717393717,0.5616947866947867,0.5437645687645687
P02301,female,rapid,1,1616.0,0.3076923076923077,2.3333333333333335,48.84615384615385,15.0,0.0,0.07692307692307693,,3.1538461538461537,0.7692307692307693,0.6153846153846154
P02303,female,blitz,24,1960.9166666666667,0.279502442002442,3.2920589826839826,58.83652574277574,17.836898402523403,0.03159340659340659,0.009615384615384616,17.714285714285715,2.561502849002849,0.5739443426943427,0.6305886243386244
P02304,female,blitz,2,1513.0,0.2692307692307693,2.5428571428571427,63.11538461538461,19.846153846153847,0.11538461538461539,0.038461538461538464,16.5,2.5769230769230766,0.6923076923076923,0.6538461538461539
P02304,female,bullet,4,1457.75,0.3269230769230769,2.475,54.69230769230769,16.192307692307693,0.11538461538461539,0.038461538461538464,17.5,2.6923076923076925,0.6730769230769231,0.6730769230769231
P02304,female,rapid,68,1505.4264705882354,0.2781230207700796,3.0390756302521007,58.57842610820552,17.456853522294697,0.07589355089355089,0.03660273549979433,15.793650793650794,2.8877346917788094,0.630468265394736,0.571427673633556
P02306,female,blitz,92,2536.0,0.2747867470693558,3.4200315385097992,56.04671020404716,17.034096398770313,0.06527397723049896,0.030316332218506135,23.54054054054054,2.604833873855613,0.6148658406810581,0.5779979983784331
P02306,female,bullet,8,1952.5,0.25961538461538464,2.7425595238095237,57.80769230769231,17.692307692307693,0.08653846153846154,0.019230769230769232,21.875,2.5288461538461537,0.5192307692307693,0.5576923076923077
P02307,female,blitz,12,1922.6666666666667,0.26282051282051283,3.329100529100529,59.32051282051282,18.288461538461537,0.08333333333333333,0.038461538461538464,19.0,3.205128205128205,0.5961538461538461,0.576923076923077
P02307,female,bullet,88,1791.0227272727273,0.2822084165834166,2.921578106237197,59.817424242424245,17.686670967920968,0.06969592907092907,0.03530740093240093,19.293333333333333,3.010387876012876,0.6034174159174159,0.591526529026529
P02308,female,blitz,35,2247.8285714285716,0.27574568288854007,3.354139595232032,60.543956043956044,18.357535321821036,0.08406593406593407,0.04175824175824176,15.733333333333333,2.9915620094191526,0.5341836734693878,0.5445447409733124
P02308,female,rapid,65,2315.8,0.27615333384564156,3.399242424242424,60.14942928866006,17.904305694305695,0.0645149722072799,0.029800968262506725,16.526315789473685,3.058670560209022,0.5571741079433388,0.5376364660980045
P02309,female,blitz,14,1545.4285714285713,0.2802197802197802,3.0071995464852606,57.42307692307692,17.291208791208792,0.06043956043956045,0.016483516483516484,17.153846153846153,2.7032967032967035,0.6043956043956044,0.5989010989010989
P02309,female,rapid,12,1102.5833333333333,0.2971153846153846,2.9570436507936506,56.13108974358974,16.960096153846155,0.06410256410256411,0.019230769230769232,16.7,2.90491452991453,0.7175213675213675,0.6538995726495727
P02310,female,blitz,19,2084.0,0.27485380116959063,3.094896331738437,59.31983805668016,18.17094017094017,0.07062528115159694,0.028340080971659923,23.444444444444443,2.739541160593792,0.5811965811965812,0.5618533513270355
P02310,female,rapid,40,1828.45,0.23685897435897435,3.3588792947248827,61.27163461538462,19.43573717948718,0.10032051282051282,0.05016025641025641,16.89189189189189,2.85400641025641,0.4833333333333333,0.4375
P02312,female,bullet,95,2587.8947368421054,0.26962116830537886,2.9198255107465636,60.01912955465587,17.880306535569694,0.07823886639676114,0.029034123770965876,15.868131868131869,3.1479467900520532,0.5460092539039908,0.5392857142857144
P02312,female,rapid,5,2398.8,0.3076923076923077,2.9098484848484847,59.630769230769225,17.10769230769231,0.10769230769230771,0.046153846153846156,15.0,2.8615384615384616,0.5230769230769231,0.5384615384615385
P02313,female,blitz,50,2358.54,0.2823473193473194,3.03279415029415,57.43426806526807,17.1476013986014,0.06268764568764569,0.03566433566433567,17.348837209302324,2.7213146853146855,0.5999254079254079,0.587104895104895
P02313,female,bullet,47,2136.7872340425533,0.2964500038968124,2.7529466396487674,57.462210661678746,16.911055256799937,0.0889252591380251,0.027823240589198037,15.642857142857142,3.1195639466916063,0.6528134985581795,0.5741855662068428
P02313,female,rapid,3,2016.0,0.35897435897435903,2.4634920634920636,62.358974358974365,19.307692307692307,0.07692307692307693,0.025641025641025644,16.0,3.41025641025641,0.6666666666666666,0.5641025641025641
P02315,female,blitz,61,2515.1475409836066,0.25756019936347807,2.9953614236401123,58.550357292980244,17.0360025220681,0.06633039092055486,0.031904161412358134,16.58490566037736,2.958217738545607,0.5571999039212154,0.5594637602834325
P02315,female,bullet,36,2427.527777777778,0.2374465811965812,2.914079978663312,57.67478632478632,16.648557692307694,0.06330128205128206,0.032692307692307694,17.21212121212121,2.9947115384615386,0.54508547008547,0.5204594017094017
P02315,female,rapid,3,2085.0,0.6483516483516484,2.4166666666666665,54.70818070818071,16.748473748473746,0.1111111111111111,0.0,14.0,2.9743589743589745,0.8461538461538461,0.7509157509157509
P02316,female,blitz,86,1707.1860465116279,0.2501592399848214,3.2612061710898925,58.3271065175135,17.504775747508305,0.07293868921775899,0.03130590339892666,18.123456790123456,2.9929789203045014,0.5426564714355412,0.5597948563064843
P02317,female,blitz,47,2248.3617021276596,0.2278641571194763,3.2038691804649253,58.41726677577742,18.192512274959082,0.06873977086743044,0.0425531914893617,18.533333333333335,2.7152618657937806,0.5171849427168576,0.5240998363338789
P02317,female,bullet,52,2064.6153846153848,0.24106822664514974,2.827647352647353,56.55582078178232,17.387764479110633,0.11737941545633855,0.09048323471400395,16.84,2.6564349112426036,0.5605388201542048,0.5224471041778734
P02317,female,rapid,1,1719.0,0.3076923076923077,3.0,55.61538461538461,16.0,0.07692307692307693,0.0,23.0,2.3846153846153846,0.46153846153846156,0.7692307692307693
P02318,female,blitz,100,1883.4,0.25819522144522145,3.036809937138884,58.95193997668997,17.769984265734266,0.06975641025641026,0.04006410256410256,19.967391304347824,2.9532540792540796,0.5530955710955712,0.5412931235431235
P02319,female,bullet,100,2003.17,0.2838752913752914,2.6980689033189034,58.76881662781663,16.872454933954934,0.07858313908313909,0.03307692307692308,19.979591836734695,3.1470940170940174,0.5620788655788655,0.5810423465423465
P02320,female,blitz,62,1965.5,0.2761579818031431,3.1208264405845054,58.568775847808105,16.97227047146402,0.06488833746898263,0.037772263578715194,20.423076923076923,3.2169320374965533,0.5890612076095948,0.5708540115798181
P02320,female,bullet,14,2031.2142857142858,0.34536891679748827,2.5665172129457843,60.742543171114605,17.593406593406595,0.06043956043956045,0.07692307692307694,19.615384615384617,3.083987441130298,0.6020408163265306,0.6703296703296704
P02321,female,blitz,67,2251.0746268656717,0.2068184717438449,3.4428769820560867,59.57867712718459,17.555109070034444,0.08661819109580304,0.058553386911595874,18.28125,2.9531190202831996,0.5334226304375558,0.4971297359357061
P02321,female,bullet,33,2123.787878787879,0.21070848343575618,3.377958152958153,59.348908667090484,17.78198064561701,0.08961997598361235,0.06608038426220245,16.4375,3.045949000494455,0.538426220244402,0.5322455322455323
P02323,female,blitz,1,2160.0,0.3076923076923077,4.5,61.30769230769231,18.76923076923077,0.0,0.07692307692307693,10.0,3.769230769230769,0.6153846153846154,0.6923076923076923
P02323,female,bullet,1,2053.0,0.38461538461538464,2.272727272727273,59.15384615384615,16.923076923076923,0.15384615384615385,0.0,13.0,3.8461538461538463,0.8461538461538461,0.8461538461538461
P02323,female,rapid,5,2054.6,0.378021978021978,2.322222222222222,55.43736263736264,15.582417582417582,0.07472527472527472,0.0,20.75,2.8747252747252747,0.7538461538461538,0.5934065934065934
P02324,female,blitz,42,1990.5,0.25073260073260073,3.3694037444037446,59.25879120879121,17.680616605616606,0.10076312576312577,0.05213675213675214,18.147058823529413,2.8354395604395606,0.5264957264957265,0.5038156288156289
P02324,female,bullet,2,2023.0,0.11538461538461539,3.2857142857142856,57.92307692307692,16.576923076923077,0.11538461538461539,0.07692307692307693,14.0,3.5769230769230766,0.5,0.5
P02325,female,blitz,26,2029.1538461538462,0.2654653039268424,3.6922619047619047,61.11161915008069,18.95750403442711,0.05029585798816568,0.020710059171597635,16.958333333333332,2.870898332436794,0.5634749865519096,0.5712748789671867
P02326,female,blitz,14,2269.0,0.28421578421578425,3.3479591836734697,59.95004995004995,17.62687312687313,0.07692307692307694,0.04395604395604396,22.076923076923077,3.076923076923077,0.6168831168831169,0.5239760239760239
P02326,female,bullet,59,2153.169491525424,0.2544624866658765,3.272493702154719,58.40237051084508,17.549377740903164,0.08845561218442574,0.05064596420528625,17.11320754716981,3.025056299632571,0.5445181936707361,0.5043380348465094
P02326,female,rapid,9,1940.111111111111,0.2222222222222222,3.4750777000777,61.24786324786324,19.675213675213673,0.07692307692307693,0.017094017094017096,17.375,3.2820512820512824,0.49572649572649574,0.46153846153846156
P02329,female,blitz,75,2296.28,0.27584326784326785,2.825076738076738,58.715731157731156,17.537576867576867,0.07797313797313798,0.029743589743589746,15.138461538461538,3.126169386169386,0.6108991008991009,0.5775211455211455
P02329,female,bullet,25,2164.48,0.2944615384615385,2.734727272727273,57.31384615384615,17.127384615384614,0.06646153846153846,0.03076923076923077,20.333333333333332,3.076,0.6247692307692307,0.5615384615384615
P02330,female,blitz,26,1950.423076923077,0.21619822485207102,3.5640168592091666,60.17869822485207,18.388387573964497,0.07440828402366864,0.04208579881656805,14.807692307692308,3.161834319526627,0.517973372781065,0.5058431952662722
P02330,female,bullet,1,1806.0,0.23076923076923078,2.4166666666666665,62.69230769230769,19.846153846153847,0.07692307692307693,0.0,10.0,2.4615384615384617,0.38461538461538464,0.46153846153846156
P02330,female,rapid,11,1731.8181818181818,0.34940312213039487,3.2543290043290045,58.22368792823338,17.298642014551106,0.05721551176096631,0.03623649078194533,15.272727272727273,3.213675213675214,0.6491753196298651,0.5994296107932472
P02331,female,blitz,100,1969.85,0.2718040293040293,2.9519660894660893,58.82243131868132,17.49093253968254,0.091001221001221,0.04193376068376068,18.134831460674157,2.9116773504273503,0.5859081196581196,0.5442017704517705
P02332,female,blitz,100,2534.03,0.2676831501831502,2.9529584369878488,58.958351648351645,17.729056776556778,0.08897435897435897,0.042852564102564106,17.238636363636363,2.9437042124542128,0.5752655677655677,0.5681181318681319
P02334,female,blitz,100,2308.35,0.2545787545787546,3.0771197691197694,58.89261904761904,17.44015873015873,0.07739316239316239,0.036923076923076927,20.443181818181817,2.961166056166056,0.549508547008547,0.5628907203907204
P02335,female,rapid,100,1783.9,0.26091317016317017,3.066043650793651,60.60473368298368,18.039439393939393,0.09414510489510491,0.03875641025641026,17.851063829787233,2.940665501165501,0.5451969696969697,0.494520979020979
P02336,female,blitz,10,1757.7,0.3076923076923077,3.0708333333333337,58.5,17.47692307692308,0.07692307692307693,0.038461538461538464,14.88888888888889,3.2153846153846155,0.6307692307692307,0.5923076923076923
P02336,female,bullet,5,1242.4,0.3076923076923077,3.761904761904762,55.676923076923075,16.0,0.09230769230769231,0.046153846153846156,18.6,2.907692307692308,0.5538461538461539,0.4153846153846154
P02336,female,rapid,2,2122.0,0.34615384615384615,3.333333333333333,54.230769230769226,16.807692307692307,0.0,0.038461538461538464,16.0,3.0769230769230766,0.576923076923077,0.6538461538461539
P02337,female,blitz,69,1979.8695652173913,0.23695426956296525,3.4717361117616874,58.7998350280959,17.77658693963042,0.08409344278909496,0.03567447045707915,15.447761194029852,2.974722137765616,0.5457670348974697,0.5463357093791877
P02337,female,bullet,14,1876.4285714285713,0.2634811616954474,3.7714285714285714,58.07597462061748,17.140698587127158,0.09226190476190477,0.04395604395604396,11.916666666666666,3.060190999476714,0.5696886446886447,0.5794152276295134
P02337,female,rapid,5,2102.0,0.26153846153846155,2.993968253968254,60.369230769230775,18.0,0.07692307692307693,0.015384615384615385,13.0,3.1076923076923078,0.6923076923076923,0.5230769230769231
P02339,female,blitz,22,1775.4545454545455,0.2981518481518482,3.201458137821774,60.03434898434898,17.732384282384285,0.11823176823176823,0.017482517482517484,17.19047619047619,3.0834998334998334,0.6196470196470196,0.6145188145188145
P02339,female,bullet,78,1300.7307692307693,0.3066538162692009,2.778024753024753,58.74813220967067,17.369971908433445,0.0977975016436555,0.029667981591058518,18.13888888888889,3.0058050923435538,0.6494979379594764,0.5261938915785069
P02340,female,blitz,28,1696.5357142857142,0.2708006279434851,2.855983302411874,58.14795918367347,17.40934065934066,0.08791208791208792,0.041208791208791215,16.208333333333332,2.706043956043956,0.6043956043956044,0.5702511773940345
P02340,female,rapid,13,1745.3846153846155,0.34714003944773175,3.3085446604677378,59.00131492439185,17.610124917817224,0.10322156476002631,0.04733727810650888,15.692307692307692,3.1952662721893494,0.6962524654832347,0.5548980933596318
P02341,female,blitz,30,2511.4666666666667,0.24675213675213675,3.1685664335664336,59.9459829059829,18.744700854700856,0.06923076923076923,0.020512820512820513,18.807692307692307,2.5615384615384613,0.584102564102564,0.5013675213675214
P02341,female,bullet,70,2374.1428571428573,0.26028971028971026,2.797067614924758,59.50383616383616,18.2292007992008,0.07978021978021979,0.03945054945054945,19.338983050847457,2.553256743256743,0.5643656343656344,0.5773126873126873
P02345,female,blitz,57,2437.245614035088,0.3004886925939558,3.3208687511319095,59.496630270314476,18.212205046415573,0.08586880955302008,0.04432584958900749,16.245283018867923,3.2428127428127427,0.5946945841682684,0.5911333306070148
P02345,female,rapid,43,2477.2558139534885,0.2774725274725275,2.8258626348571627,57.95540506005623,17.550632507027856,0.08161896243291593,0.049163046256069515,15.564102564102564,3.248818042422694,0.5813634040378226,0.550249169435216
P02346,female,blitz,8,1989.25,0.2296037296037296,3.3913690476190474,62.23892773892774,19.191336441336443,0.03486790986790987,0.011363636363636364,13.428571428571429,2.5373931623931627,0.6237373737373737,0.5418609168609169
P02346,female,bullet,1,1982.0,0.38461538461538464,2.4285714285714284,50.07692307692308,15.23076923076923,0.07692307692307693,0.15384615384615385,,1.6153846153846154,0.7692307692307693,0.6923076923076923
P02352,female,blitz,40,1906.525,0.2768574481074481,2.9547852841602844,59.59527625152625,17.9279242979243,0.09935897435897437,0.0376953601953602,21.09375,2.7001358363858365,0.6032738095238095,0.5769505494505495
P02352,female,bullet,29,1743.655172413793,0.2525440077164215,2.7639933820968308,57.89638292741741,17.417048468772606,0.060429225946467324,0.02515071135760791,17.954545454545453,2.7762720038582107,0.5746804919218712,0.5746804919218712
P02352,female,rapid,31,1522.3548387096773,0.22580645161290322,3.419921565889308,62.22828784119107,18.722084367245657,0.057071960297766754,0.022332506203473945,19.70967741935484,2.8660049627791566,0.47642679900744417,0.49627791563275436
P02353,female,blitz,27,1632.037037037037,0.3312613312613313,2.5774612219056667,57.992451992452,17.205387205387208,0.09768009768009768,0.042328042328042326,20.416666666666668,2.8657638657638653,0.6613016613016612,0.581048581048581
P02353,female,rapid,22,1550.5454545454545,0.2583916083916084,3.4142801642801643,59.91293706293706,17.726223776223776,0.045454545454545456,0.031468531468531465,18.904761904761905,2.901048951048951,0.5482517482517483,0.5622377622377622
P02358,female,blitz,2,2496.0,0.23076923076923078,2.75,49.26923076923077,16.76923076923077,0.15384615384615385,0.11538461538461539,22.0,1.8076923076923077,0.6538461538461539,0.6153846153846154
P02358,female,bullet,98,2710.1428571428573,0.28304008916253814,2.5348661825702643,55.182229052127006,16.197696917594875,0.0746293389150532,0.022893772893772896,14.590909090909092,2.897426383140669,0.6001385802406211,0.6125083533246799
P02360,female,blitz,5,2168.4,0.16923076923076924,3.494285714285714,62.70769230769231,17.69230769230769,0.12307692307692308,0.07692307692307693,18.8,3.153846153846154,0.6153846153846153,0.49230769230769234
P02360,female,bullet,93,2129.8279569892475,0.28050960389670065,2.7976167201973654,58.404344729344736,17.70057669331863,0.09434564837790645,0.060375884569432964,19.555555555555557,2.7847877033360904,0.57659911772815,0.5779409061667127
P02360,female,rapid,2,2274.0,0.19230769230769232,2.7857142857142856,65.1923076923077,19.153846153846153,0.07692307692307693,0.038461538461538464,16.5,3.615384615384616,0.5,0.38461538461538464
P02365,female,blitz,3,2054.3333333333335,0.20512820512820515,2.875,52.46153846153846,15.692307692307693,0.025641025641025644,0.025641025641025644,17.5,2.6666666666666665,0.4615384615384615,0.5641025641025641
P02365,female,bullet,8,1648.625,0.3028846153846154,3.267013888888889,53.34775641025641,14.846153846153847,0.12980769230769232,0.05929487179487179,14.666666666666666,3.144230769230769,0.6330128205128205,0.5641025641025641
P02365,female,rapid,3,1792.0,0.2820512820512821,2.970899470899471,56.53846153846154,16.435897435897434,0.025641025641025644,0.025641025641025644,15.666666666666666,3.128205128205128,0.4615384615384615,0.5128205128205129
P02369,female,blitz,100,2365.7,0.23339743589743592,3.2390597196920727,60.23355128205129,18.23630769230769,0.06384615384615384,0.016923076923076926,18.408602150537636,3.0985384615384617,0.510974358974359,0.5308846153846154
P02370,female,blitz,89,1903.6404494382023,0.2567557598456475,3.177370039448691,59.85284434666457,17.972509232340695,0.09156823201767024,0.04580812445980986,19.933333333333334,2.716108797569472,0.5874547113311158,0.5396290039548467
P02370,female,bullet,2,1699.5,0.3076923076923077,2.393939393939394,54.92307692307692,16.0,0.07692307692307693,0.0,16.0,2.5769230769230766,0.5769230769230769,0.5
P02370,female,rapid,9,1867.3333333333333,0.2729344729344729,2.8084656084656086,56.745584045584046,16.14900284900285,0.07692307692307693,0.025641025641025644,20.142857142857142,3.087749287749288,0.6074074074074074,0.5766381766381766
P02371,female,blitz,42,1909.4761904761904,0.2615210186638758,2.9135266849552566,57.617120181405895,16.82483865341008,0.05128205128205129,0.027472527472527476,17.916666666666668,3.0139019710448283,0.5327489970347113,0.5793738008023722
P02371,female,bullet,39,1446.5897435897436,0.23395493395493397,2.7924723424723426,57.78271920387304,16.724666786205248,0.05752794214332676,0.041748849441157136,17.34285714285714,2.773915187376726,0.5219144103759488,0.5258995278226047
P02371,female,rapid,19,1957.0,0.21935958778064044,3.6516556542872336,58.98895841001104,17.56716967243283,0.06956201693043798,0.04453441295546559,17.333333333333332,2.868605079131395,0.4895104895104895,0.493559072506441
P02372,female,blitz,100,2596.95,0.23581585081585082,3.26690164002664,58.02376456876457,17.725856643356643,0.0839102564102564,0.04692307692307693,17.623529411764707,2.725151515151515,0.5391841491841491,0.5285664335664336
P02373,female,blitz,75,2160.24,0.24315773115773118,3.516286676286676,59.38410774410774,18.072267288267287,0.07680911680911681,0.03794871794871795,19.416666666666668,3.0255167055167056,0.5598632478632478,0.5284869204869206
P02374,female,blitz,2,1799.5,0.15,1.9166666666666667,52.45,16.45,0.05,0.0,24.0,2.3,0.4,0.8
P02374,female,rapid,43,1380.6511627906978,0.3089517072075212,3.3285865297493205,55.33323233613932,16.689612841938423,0.042588225727760616,0.027158887624003904,13.93939393939394,2.853780650873674,0.6299416991277457,0.634160219625336
P02375,female,blitz,29,2064.7241379310344,0.27334217506631303,3.1566514902721803,58.44124668435013,17.795137046861186,0.08275862068965519,0.04137931034482759,17.96153846153846,2.787179487179487,0.58894783377542,0.5488063660477454
P02375,female,bullet,58,1690.2241379310344,0.2639974010663666,3.181897795690899,58.01541140851486,17.40029606408917,0.08956273611446026,0.04905822147201457,19.106382978723403,2.8937665782493367,0.5803599657047932,0.5494949494949495
P02375,female,rapid,9,2071.777777777778,0.2531339031339031,3.344356261022928,62.22364672364673,18.095014245014244,0.08760683760683761,0.06908831908831908,17.444444444444443,3.1273504273504273,0.6088319088319089,0.5135327635327636
P02383,female,blitz,23,2312.304347826087,0.25418060200668896,2.8881381903121035,55.8628762541806,16.74916387959866,0.10033444816053513,0.026755852842809368,20.4,2.8896321070234117,0.5785953177257526,0.5183946488294314
P02383,female,bullet,75,2214.3733333333334,0.26290598290598294,2.959900247900248,56.45059829059829,16.283760683760683,0.08957264957264957,0.04512820512820513,19.954545454545453,2.8880341880341884,0.5871794871794872,0.5974358974358974
P02383,female,rapid,2,2014.5,0.19230769230769232,2.425,60.11538461538461,18.115384615384613,0.038461538461538464,0.038461538461538464,11.5,3.4615384615384617,0.4230769230769231,0.6153846153846154
P02384,female,blitz,1,1937.0,0.3076923076923077,3.857142857142857,55.38461538461539,16.76923076923077,0.07692307692307693,0.0,11.0,2.1538461538461537,0.5384615384615384,0.6923076923076923
P02384,female,rapid,26,1716.3461538461538,0.24486475063398142,3.698697136197136,60.83044519582981,19.39869681600451,0.08429134967596506,0.021597633136094675,17.608695652173914,2.7778670047900818,0.5313679909833756,0.5130459284305439
P02385,female,bullet,100,1985.65,0.3118395493395494,2.7587831890331893,57.979349261849265,17.348745143745145,0.08590909090909092,0.04820512820512821,20.444444444444443,2.7785256410256407,0.566911421911422,0.5807148407148407
P02386,female,blitz,59,2273.6949152542375,0.28463711429813127,3.029982635067381,58.84589308996089,17.6496740547588,0.07703172533681008,0.03389830508474576,20.192307692307693,3.019230769230769,0.5944589308996089,0.5677966101694916
P02386,female,bullet,41,2049.487804878049,0.31290389826975196,2.8143313326240156,58.61049614342297,17.645580571190326,0.09352720450281427,0.03205128205128205,22.193548387096776,2.7485511778194702,0.6193558474046279,0.5867521367521368
P02387,female,blitz,29,1265.896551724138,0.3099027409372237,2.8599300744331173,56.070291777188324,16.293545534924846,0.05592396109637489,0.026525198938992044,18.333333333333332,3.079354553492484,0.5552608311229,0.5895225464190982
P02387,female,bullet,6,1432.3333333333333,0.4342948717948718,2.681089743589743,57.09166666666667,17.469871794871796,0.0846153846153846,0.038461538461538464,16.0,2.932692307692308,0.6939102564102564,0.5996794871794872
P02387,female,rapid,28,1320.8214285714287,0.3447693179836037,2.9122874149659865,59.38705738705739,18.20547706261992,0.10086342229199373,0.027472527472527476,13.576923076923077,2.9376962323390896,0.6394557823129252,0.5811529740101168
P02388,female,rapid,1,2007.0,0.15384615384615385,3.7142857142857144,62.84615384615385,19.76923076923077,0.07692307692307693,0.0,20.0,3.230769230769231,0.3076923076923077,0.23076923076923078
P02389,female,blitz,96,2135.53125,0.24795256826506828,3.208468759250009,59.30190434565435,18.051106012043512,0.08032939282939283,0.04486173548673549,17.72340425531915,2.8852945665445664,0.5498262154512155,0.551262105949606
P02389,female,bullet,4,2004.75,0.21153846153846156,2.572916666666667,48.88461538461539,12.846153846153847,0.019230769230769232,0.038461538461538464,18.75,2.9230769230769234,0.5384615384615384,0.5192307692307693
P02392,female,bullet,100,1894.26,0.29575574425574425,2.896360722610723,58.14748396048396,17.577031413031413,0.07381673881673882,0.03163675213675214,25.012345679012345,2.6947854922854924,0.5961132201132201,0.5751176046176046
P02394,female,blitz,100,1977.77,0.262728243978244,3.1424970029970027,58.77758935508936,18.22138403263403,0.1002039627039627,0.05384615384615385,16.645833333333332,3.0260334110334113,0.568223581973582,0.5278370240870242
P02396,female,bullet,96,1576.71875,0.2409196706071706,2.9589342081529586,58.842014756077255,17.834243013930514,0.0777152534965035,0.03495592948717949,16.36470588235294,2.8200172223609723,0.5556023837273837,0.5420928897491398
P02396,female,rapid,4,1760.5,0.3076923076923077,2.533333333333333,55.80769230769231,16.673076923076923,0.057692307692307696,0.019230769230769232,15.0,2.75,0.576923076923077,0.5961538461538461
P02397,female,blitz,12,2308.25,0.23834498834498838,3.7664351851851854,58.850233100233105,18.25,0.09615384615384616,0.038461538461538464,18.833333333333332,3.0681818181818183,0.4930069930069931,0.446969696969697
P02397,female,bullet,15,2430.4666666666667,0.21474358974358976,3.620079365079365,60.17628205128205,18.66346153846154,0.10256410256410257,0.0358974358974359,23.333333333333332,2.6615384615384614,0.4878205128205128,0.4743589743589744
P02398,female,blitz,10,1926.1,0.32494172494172496,2.705,60.141958041958034,18.354195804195804,0.06153846153846154,0.038461538461538464,15.9,3.046153846153846,0.6304195804195805,0.534032634032634
P02400,female,blitz,6,2245.1666666666665,0.2435897435897436,2.892857142857143,61.03846153846154,18.51282051282051,0.07692307692307693,0.06410256410256411,20.666666666666668,3.243589743589743,0.5512820512820513,0.4615384615384615
P02400,female,rapid,27,2198.1111111111113,0.27635327635327633,3.3609817137594913,59.195868945868945,17.988603988603987,0.06837606837606838,0.03133903133903134,15.36,3.3098290598290596,0.5591168091168092,0.5398860398860399
P02401,female,rapid,3,1903.6666666666667,0.23076923076923075,2.625,60.0,17.94871794871795,0.025641025641025644,0.0,21.0,3.205128205128205,0.5384615384615384,0.4358974358974359
P02402,female,blitz,80,2146.2875,0.26538409507159505,3.376554834054834,58.52311542624043,17.55934378121878,0.07258262570762572,0.037314248251748255,19.33823529411765,2.848942723942724,0.5452365342990343,0.5677697302697303
P02402,female,rapid,2,1055.0,0.4230769230769231,2.642857142857143,54.38461538461539,14.807692307692308,0.0,0.07692307692307693,11.5,3.5384615384615383,0.6923076923076923,0.7307692307692308
P02403,female,blitz,8,2003.625,0.2692307692307693,3.23125,56.77884615384615,16.653846153846153,0.057692307692307696,0.019230769230769232,20.25,3.4519230769230766,0.5384615384615384,0.5288461538461539
P02403,female,bullet,92,1775.2282608695652,0.29471343873517786,2.907127489056837,57.30012921860748,17.1694220634438,0.09144116752812406,0.04689241917502788,15.890243902439025,3.008456217695348,0.6040463160028378,0.5773474713692105
P02404,female,blitz,19,2185.0,0.25699505173189385,2.922026657552973,59.738461538461536,17.67420152946469,0.05443094916779128,0.05915429599640126,14.625,2.7942869995501574,0.5675888439046334,0.4790148448043185
P02404,female,bullet,1,2159.0,0.07692307692307693,4.4,65.46153846153847,22.53846153846154,0.07692307692307693,0.0,11.0,2.0,0.5384615384615384,0.15384615384615385
P02404,female,rapid,16,2045.375,0.23076923076923078,3.6406610750360753,61.05769230769231,18.514423076923077,0.10576923076923078,0.06730769230769232,18.4,2.764423076923077,0.5913461538461539,0.47115384615384615
P02405,female,blitz,41,1946.0975609756097,0.23835209505941213,3.2077737303347056,58.783223889931215,17.58520950594121,0.056285178236397754,0.03048780487804878,19.45945945945946,3.028455284552846,0.532520325203252,0.5684803001876172
P02405,female,rapid,1,1691.0,0.15384615384615385,4.0,53.76923076923077,17.307692307692307,0.07692307692307693,0.0,36.0,2.6153846153846154,0.38461538461538464,0.46153846153846156
P02407,female,blitz,76,1991.2105263157894,0.2823671942092995,3.2009650072150073,57.44118206355049,17.123017114464485,0.07154183535762483,0.03308029689608637,14.554054054054054,3.193598178137652,0.5503435161329898,0.530248589130168
P02407,female,rapid,5,1794.0,0.23230769230769233,3.7523809523809524,60.00282051282052,18.837179487179487,0.10897435897435899,0.046153846153846156,24.0,2.6792307692307693,0.5682051282051283,0.41871794871794876
P02408,female,blitz,19,1600.2105263157894,0.3798277745646167,2.4758145363408524,59.09323308270676,17.576010539168436,0.07530364372469636,0.029554655870445343,18.941176470588236,2.6106612685560053,0.7198766146134566,0.6049868260394576
P02408,female,bullet,77,1612.1948051948052,0.3180755752184324,2.856031090121999,59.67232212232212,18.198218448218448,0.05927405927405927,0.027597402597402596,17.014084507042252,2.867121767121767,0.6184827077684221,0.5854998176426748
P02408,female,rapid,4,1790.25,0.21153846153846156,2.9657738095238093,57.19230769230769,17.019230769230766,0.038461538461538464,0.019230769230769232,14.5,2.8269230769230766,0.5961538461538461,0.6153846153846154
P02409,female,blitz,27,1273.2222222222222,0.30484330484330485,3.127945614056725,57.464387464387464,16.806267806267808,0.045584045584045586,0.014245014245014245,16.04,2.9202279202279198,0.6210826210826211,0.6068376068376068
P02409,female,rapid,73,1766.5068493150684,0.2816435847257765,3.2209785077935766,58.72419589542877,17.319233278137386,0.038593256059009484,0.021074815595363543,14.685714285714285,3.1164697174971145,0.5803790957900546,0.5582379948818306
P02410,female,blitz,9,1677.888888888889,0.2820512820512821,2.939814814814815,57.15384615384615,17.205128205128204,0.07692307692307693,0.017094017094017096,15.857142857142858,2.435897435897436,0.5555555555555556,0.6068376068376069
P02410,female,bullet,25,1564.64,0.31403263403263404,2.5035165945165945,56.98913752913754,16.65153846153846,0.08055944055944057,0.03384615384615385,17.52173913043478,3.0783216783216782,0.6198601398601399,0.5464335664335664
P02411,female,blitz,78,2253.6794871794873,0.2641765285996055,3.227892477892478,58.87269888231427,17.81147271531887,0.08678500986193295,0.046351084812623275,16.91549295774648,3.0166009204470745,0.5392833662064431,0.5482412886259039
P02411,female,bullet,13,2171.076923076923,0.22431414739107047,3.143123543123543,57.43625605164066,17.547068316299086,0.11350188273265197,0.0591715976331361,17.363636363636363,2.9209252286175365,0.5766541151156536,0.5045723507261969
P02411,female,rapid,9,2293.222222222222,0.25854700854700857,3.018001443001443,56.6965811965812,17.660968660968663,0.06196581196581197,0.09544159544159544,15.0,3.0320512820512824,0.524928774928775,0.5505698005698005
P02412,female,blitz,100,2237.84,0.2804279886779887,3.2807161172161172,58.403522755022756,17.420299145299147,0.09708313908313908,0.047214646464646466,24.586666666666666,2.511928932178932,0.5793610833610834,0.5643894993894993
P02413,female,blitz,59,2509.7966101694915,0.25161655670130245,2.978777406818284,56.40742760064794,17.023252077489367,0.05800376647834275,0.04887729972475735,17.98148148148148,3.0025496161089382,0.5445247784230834,0.5540674015250286
P02413,female,bullet,19,2557.9473684210525,0.247638326585695,3.1000419171471805,57.64878542510122,17.614372469635626,0.0931174089068826,0.056680161943319846,22.63157894736842,3.0337381916329287,0.5280026990553307,0.5091093117408907
P02413,female,rapid,1,1724.0,0.3076923076923077,3.0,64.53846153846153,21.846153846153847,0.15384615384615385,0.07692307692307693,15.0,3.076923076923077,0.5384615384615384,0.3076923076923077
P02415,female,blitz,22,2533.0454545454545,0.27172827172827174,2.765145586736496,58.52947052947054,17.01848151848152,0.07292707292707293,0.04495504495504496,17.428571428571427,2.9295704295704295,0.6223776223776224,0.5464535464535465
P02415,female,bullet,78,2528.8333333333335,0.23719122757584296,3.3173113567344332,59.57256738987509,18.31446260292414,0.0611439842209073,0.03594126671049748,14.378378378378379,2.986772486772487,0.4993268839422686,0.48707382361228513
P02416,female,blitz,8,1594.125,0.3141025641025641,3.217559523809524,58.49839743589744,17.025641025641026,0.028846153846153848,0.028846153846153848,21.428571428571427,2.9551282051282053,0.5544871794871795,0.5625
P02416,female,bullet,90,1469.9,0.3219023569023569,2.447174800508134,57.35596607096607,16.869542217042216,0.084998704998705,0.02421652421652422,18.794520547945204,3.089513727013727,0.6530141155141155,0.5841576016576017
P02416,female,rapid,2,1624.0,0.4065934065934066,2.4333333333333336,49.681318681318686,14.758241758241757,0.07142857142857142,0.0,,1.478021978021978,0.5934065934065934,0.521978021978022
P02420,female,blitz,58,2144.1724137931033,0.28735699166733647,3.0906472359058568,56.43223849904884,16.808294818208612,0.07910336789647134,0.04386035420518179,18.56,2.891219891219891,0.5875810492189802,0.5915166251373148
P02420,female,bullet,2,2082.0,0.3076923076923077,2.2767857142857144,56.30769230769231,17.26923076923077,0.07692307692307693,0.0,10.5,2.6153846153846154,0.6538461538461539,0.5384615384615385
P02421,female,blitz,80,2298.075,0.23665598290598294,3.2108764846264846,58.58022435897436,17.755897435897435,0.059903846153846155,0.031730769230769236,19.925373134328357,2.7895619658119655,0.5526068376068376,0.5448717948717949
P02421,female,bullet,16,2299.0,0.25,2.7963675213675216,59.07211538461539,17.721153846153847,0.08653846153846154,0.03365384615384616,21.4375,2.8461538461538463,0.4951923076923077,0.5625
P02421,female,rapid,4,1796.0,0.2692307692307693,3.100892857142857,55.42307692307692,15.480769230769232,0.07692307692307693,0.019230769230769232,31.666666666666668,2.1923076923076925,0.5769230769230769,0.6538461538461539
P02423,female,blitz,100,1117.48,0.33561402486402486,2.835876623376623,57.067442002442,16.753638361638362,0.07970646020646022,0.018832417582417584,11.958333333333334,3.4647224442224442,0.6931181873681873,0.6126468808968809
P02424,female,blitz,87,2364.4137931034484,0.23514186962462824,3.1428342092135195,60.919652761032076,18.32615411408515,0.06557618626584144,0.021441202475685234,18.072289156626507,2.9882043244112206,0.5421375559306594,0.5393550893550894
P02424,female,bullet,13,2419.4615384615386,0.20044378698224852,2.951678876678877,60.6405325443787,18.894970414201183,0.05695266272189349,0.03550295857988166,18.0,2.6301775147928996,0.5251479289940828,0.503698224852071
P02425,female,blitz,100,1952.26,0.24747086247086247,3.16068450993451,59.27223543123543,18.424811188811187,0.0873846153846154,0.047062937062937064,18.011494252873565,2.8138822843822844,0.5428006993006993,0.4909277389277389
P02427,female,blitz,60,2491.4666666666667,0.2665710215710216,3.051739926739927,59.70085063085063,17.91567562067562,0.07284900284900285,0.030982905982905984,16.636363636363637,2.9739570614570616,0.6030657305657307,0.5404070004070004
P02427,female,bullet,40,2530.775,0.35855672105672104,2.402585886335886,56.51561091686092,16.710663364413364,0.08001554001554002,0.026204351204351207,12.666666666666666,3.250432206682207,0.6629273504273504,0.6410081585081585
P02428,female,blitz,100,2247.48,0.27590345765345764,2.9634689754689756,56.770893939393936,17.185557692307693,0.07444755244755245,0.03134188034188034,16.261363636363637,3.007131118881119,0.5962525252525253,0.5785868298368299
P02431,female,bullet,14,1871.0,0.25574425574425574,3.3144557823129253,58.75474525474526,17.76023976023976,0.055944055944055944,0.03296703296703297,18.2,2.95004995004995,0.5334665334665335,0.542957042957043
P02434,female,blitz,22,2232.0454545454545,0.2262661580843399,3.9034632034632035,61.36972875609239,18.28591862682772,0.07051282051282051,0.03560076287349015,18.35,2.83444585717313,0.5236278872642509,0.5131383767747404
P02435,female,blitz,52,2493.019230769231,0.26627218934911245,3.029674711253658,59.43786982248521,18.057692307692307,0.08136094674556213,0.03254437869822486,17.56,3.170118343195266,0.5502958579881657,0.5621301775147929
P02435,female,bullet,48,2440.0833333333335,0.3040743978243978,2.727117269304769,56.96346882284382,17.515394327894327,0.09217171717171718,0.03859508547008547,13.652173913043478,3.172384906759907,0.5715083527583528,0.5920988733488733
P02437,female,blitz,79,2470.0,0.2618352112022998,3.1293577027754242,58.694660824407656,17.436106088004824,0.07778086892010944,0.028237585199610518,18.492957746478872,3.095214911670608,0.5626767747020912,0.5501808318264014
P02437,female,bullet,21,2235.904761904762,0.2710622710622711,3.1880969559540993,59.201465201465204,17.494505494505493,0.08424908424908426,0.018315018315018316,13.571428571428571,3.2967032967032965,0.6117216117216118,0.5714285714285714
P02438,female,blitz,16,2104.25,0.18325320512820514,2.2085069444444443,45.48221153846154,14.31834935897436,0.06618589743589744,0.029246794871794872,14.857142857142858,2.558253205128205,0.4443108974358974,0.7499198717948719
P02439,female,bullet,100,2403.3,0.2688170163170163,3.070627344877345,56.7955944055944,17.53018648018648,0.08493589743589744,0.039230769230769236,24.59259259259259,2.792913752913753,0.5644289044289045,0.5193648018648019
P02440,female,blitz,100,2482.5,0.24025718725718725,3.119879759129759,58.07871406371406,17.55932595182595,0.08067948717948718,0.040738150738150736,16.568181818181817,2.991378205128205,0.5306157731157731,0.5405046620046621
P02441,female,blitz,52,1799.2884615384614,0.23021785906401293,3.3411007795623178,58.51547875201721,17.52016317016317,0.04464766003227542,0.037919132149901384,16.30952380952381,2.8116460462614308,0.5336874663797742,0.5750134480903711
P02441,female,rapid,2,1804.5,0.22596153846153846,2.5476190476190474,60.35576923076923,17.120192307692307,0.038461538461538464,0.038461538461538464,25.0,1.7788461538461537,0.6682692307692308,0.6923076923076923
P02444,female,blitz,64,2203.46875,0.2789881993006993,2.9649243551587303,57.758746114996114,17.060715326340326,0.06796328671328672,0.024572649572649576,18.69090909090909,2.951524864024864,0.5916193181818182,0.5558663558663559
P02444,female,bullet,27,2261.740740740741,0.2838081671415005,3.208463450130117,56.375546058879394,17.671130104463437,0.07207977207977209,0.017094017094017096,14.52,3.1189933523266857,0.5881766381766381,0.5306742640075973
P02444,female,rapid,9,2271.1111111111113,0.2820512820512821,3.1894568394568394,59.452991452991455,16.982905982905983,0.10256410256410257,0.05982905982905984,23.444444444444443,3.0,0.5299145299145299,0.5641025641025641
P02446,female,blitz,23,1639.1739130434783,0.2638888888888889,3.589404918752745,58.48494983277592,17.54700854700855,0.07655146785581568,0.03827573392790784,19.94736842105263,2.8283630620587146,0.5199739873652918,0.5357209215904869
P02446,female,bullet,77,1876.6363636363637,0.2735478806907378,2.9529717756990483,59.82771989914848,17.89814946957804,0.08585462156890729,0.04803529803529804,21.64788732394366,2.7490247847390705,0.5383307169021455,0.5425526854098283
P02447,female,blitz,46,2126.478260869565,0.25418060200668896,3.657617322291235,56.51672240802676,17.51170568561873,0.0802675585284281,0.04180602006688963,14.279069767441861,2.859531772575251,0.5217391304347826,0.5702341137123745
P02447,female,bullet,42,2063.5238095238096,0.31061398918541777,2.7760736617879473,57.50418628990058,17.808956916099774,0.10230245944531659,0.03724053724053724,13.179487179487179,2.816195709052852,0.6067939996511426,0.5682016396302111
P02447,female,rapid,12,2250.5833333333335,0.28076923076923077,3.3878561253561252,59.5,18.348717948717947,0.08974358974358976,0.04487179487179488,15.272727272727273,2.715384615384615,0.5641025641025641,0.5333333333333333
P02448,female,blitz,27,1709.5925925925926,0.3452646119312786,2.76523569023569,56.770685487352154,16.64417681084348,0.0784770784770785,0.022792022792022793,19.0,2.9408141241474572,0.6405853405853406,0.6311361478028145
P02448,female,bullet,55,1295.5272727272727,0.38182080545716907,2.862121212121212,56.108232575505305,16.403327783327782,0.0720979020979021,0.01984681984681985,15.169811320754716,3.058560833106288,0.7110109082836356,0.6569937133573497
P02448,female,rapid,4,1720.5,0.19230769230769232,2.716666666666667,63.54807692307692,18.447115384615387,0.057692307692307696,0.019230769230769232,15.5,3.7884615384615383,0.6057692307692308,0.5048076923076923
P02449,female,blitz,32,1515.9375,0.3105587121212121,2.8193204365079367,58.08135683760684,17.117623348873348,0.07554754273504274,0.015691773504273504,20.96551724137931,2.9330298174048175,0.6114862567987568,0.6229336635586635
P02449,female,rapid,17,1615.0588235294117,0.27601809954751133,2.946618903971845,54.199095022624434,16.294117647058822,0.05429864253393665,0.022624434389140274,20.0,2.6063348416289593,0.5656108597285068,0.5927601809954751
P02450,female,blitz,25,2316.56,0.2780419580419581,3.084033834586466,57.30293706293706,17.068251748251747,0.09286713286713287,0.04923076923076923,19.0,2.8304895104895103,0.5264335664335664,0.5776223776223776
P02450,female,bullet,73,2108.7397260273974,0.24441768277384718,3.2936134641614094,58.837498118320035,18.151663405088065,0.08552862662451703,0.04004214963119073,18.16923076923077,2.73112047769582,0.5113904360479703,0.5083546590395905
P02450,female,rapid,2,2012.5,0.23076923076923078,3.3833333333333333,53.11538461538461,15.26923076923077,0.038461538461538464,0.038461538461538464,16.5,3.1923076923076925,0.42307692307692313,0.46153846153846156
P02452,female,blitz,69,2506.521739130435,0.22852831548483724,3.137030047247438,59.94008085312433,17.57427113948853,0.09202391811087464,0.04570791527313267,21.21311475409836,2.91468756686148,0.5148249496075583,0.5273695708478318
P02452,female,bullet,16,2404.8125,0.2355769230769231,3.013241792929293,59.22596153846153,17.822115384615383,0.08653846153846154,0.038461538461538464,18.6,2.769230769230769,0.5144230769230769,0.5
P02452,female,rapid,15,2212.2,0.2153846153846154,3.5061041790453555,60.06666666666667,17.923076923076923,0.06666666666666667,0.0358974358974359,17.923076923076923,2.9435897435897433,0.48717948717948717,0.517948717948718
P02454,female,blitz,81,2420.6543209876545,0.2143856143856144,3.3040722651833763,59.74192967526301,18.230685364018697,0.0739384072717406,0.04178537511870846,17.186666666666667,2.9460231126897796,0.5064503397836732,0.5015355015355015
P02454,female,bullet,1,2438.0,0.15384615384615385,3.6666666666666665,62.84615384615385,21.46153846153846,0.07692307692307693,0.07692307692307693,7.0,2.1538461538461537,0.23076923076923078,0.23076923076923078
P02454,female,rapid,4,2386.5,0.2548076923076923,3.2083333333333335,57.25480769230769,17.66346153846154,0.09615384615384616,0.019230769230769232,24.0,1.6153846153846154,0.7067307692307693,0.6634615384615385
P02455,female,blitz,73,2182.1917808219177,0.2530558482613277,3.1145535590741074,57.253712041383274,17.55018200977105,0.08354966950857362,0.05108726889548808,15.191176470588236,2.74601494396015,0.5751556662515567,0.5373694798352333
P02455,female,bullet,24,1996.6666666666667,0.2403846153846154,2.9784887566137566,56.02564102564102,16.625,0.04487179487179488,0.032051282051282055,17.5,2.932692307692308,0.5737179487179488,0.5352564102564102
P02455,female,rapid,3,2063.6666666666665,0.2820512820512821,2.466666666666667,55.307692307692314,16.153846153846153,0.07692307692307693,0.025641025641025644,21.5,2.743589743589743,0.5384615384615384,0.5128205128205128
P02456,female,blitz,100,2211.19,0.25840725940725945,3.0371467143967146,59.00105544455544,17.291873293373293,0.08106410256410257,0.03798717948717949,19.10989010989011,3.092880785880786,0.562477688977689,0.5362212787212787
P02457,female,blitz,100,1560.37,0.28211926961926964,2.7438919275169273,56.78864718614718,16.331610889110888,0.06885780885780886,0.03292832167832168,20.469135802469136,2.853543262293262,0.6148258685758686,0.592006882006882
P02462,female,blitz,19,1132.5263157894738,0.29885290148448046,2.7770965876229035,57.36025641025641,17.573684210526313,0.03394062078272605,0.03394062078272605,18.571428571428573,2.477294197031039,0.5661943319838056,0.6736504723346828
P02462,female,bullet,66,1125.969696969697,0.38007295734568464,2.619342231842232,57.59216339216339,17.499891774891775,0.06464646464646465,0.019094794094794094,22.69090909090909,2.603592367228731,0.6847899575172303,0.645480277298459
P02462,female,rapid,15,1352.7333333333333,0.4199430199430199,2.3121428571428573,60.44501424501424,18.34017094017094,0.07635327635327635,0.015384615384615385,25.6,2.4290598290598293,0.7521367521367522,0.5988603988603989
P02463,female,blitz,1,1018.0,0.23076923076923078,2.0,45.15384615384615,14.0,0.07692307692307693,0.07692307692307693,33.0,2.076923076923077,0.5384615384615384,0.7692307692307693
P02464,female,blitz,87,2168.7241379310344,0.251105216622458,2.9655328547569924,57.31741821396994,16.961980548187444,0.07073386383731212,0.02917771883289125,22.34722222222222,2.7656940760389035,0.561450044208665,0.5596816976127321
P02464,female,bullet,11,1820.2727272727273,0.2867132867132867,2.454437229437229,55.07692307692307,15.769230769230768,0.08391608391608392,0.04195804195804196,17.636363636363637,3.1818181818181817,0.6433566433566433,0.5314685314685315
P02465,female,blitz,47,1888.9787234042553,0.23480384863363588,3.356092666199049,59.47261609548843,18.151072922349517,0.05921737836631454,0.02618657937806874,17.682926829268293,2.864000892724297,0.5085027856304453,0.5351506058952867
P02465,female,rapid,53,1892.0188679245282,0.22429080353608655,3.3513269487326087,58.94437260852356,18.015265866209262,0.04934687953555878,0.026124818577648767,16.387755102040817,2.9194220873466157,0.48168623829001184,0.5214012402691648
P02466,female,blitz,100,2335.97,0.21641025641025644,3.50263431013431,59.191487179487176,17.730256410256413,0.07461538461538461,0.04206410256410256,19.543478260869566,3.129474358974359,0.4970641025641026,0.49820512820512824
P02467,female,blitz,68,2400.573529411765,0.26658513055571875,3.0996381886087767,58.40264882176647,17.42138621182739,0.07409502262443439,0.0386500754147813,20.362068965517242,2.749926544044191,0.5468967307202601,0.5720064249476015
P02467,female,bullet,32,2263.3125,0.2531383547008547,2.976300955988456,58.754139957264954,17.686030982905983,0.08680555555555555,0.047142094017094016,17.357142857142858,3.0540865384615383,0.5610977564102564,0.5691773504273504
P02468,female,blitz,31,2223.483870967742,0.26377171215880896,3.209929944607364,58.98213399503722,17.706451612903226,0.07196029776674938,0.04466501240694789,16.620689655172413,3.0320099255583126,0.552605459057072,0.505210918114144
P02468,female,bullet,67,2220.805970149254,0.23765786452353618,2.9976265856862874,59.92652123995407,17.902411021814007,0.09414466130884043,0.04247990815154994,16.303030303030305,2.975889781859931,0.5120551090700344,0.5269804822043628
P02468,female,rapid,2,2019.0,0.2692307692307693,2.6875,63.03846153846153,19.153846153846153,0.07692307692307693,0.038461538461538464,14.5,3.230769230769231,0.5769230769230769,0.5769230769230769
P02469,female,blitz,9,1509.888888888889,0.2472934472934473,3.3055555555555554,58.041880341880336,17.16951566951567,0.042735042735042736,0.0,26.333333333333332,2.7794871794871794,0.5780626780626781,0.5296296296296297
P02469,female,bullet,18,1534.7222222222222,0.292022792022792,3.1378306878306876,56.482905982905976,16.428062678062677,0.04772079772079772,0.012820512820512822,20.9375,3.1595441595441596,0.6232193732193733,0.6061253561253561
P02470,female,bullet,100,2304.81,0.24881829281829282,3.0028419913419913,57.087425685425686,17.35910001110001,0.06726495726495726,0.04278943278943279,18.146341463414632,2.6611795426795424,0.5385460650460651,0.5474485514485514
P02473,female,blitz,2,2273.5,0.4230769230769231,4.020833333333334,57.61538461538461,16.96153846153846,0.038461538461538464,0.0,12.5,3.0384615384615383,0.6153846153846154,0.6153846153846154
P02473,female,bullet,98,2375.969387755102,0.2742281527995814,2.888524457402008,59.19223013381176,17.819707333482842,0.09415788293339315,0.046081894296180016,19.93103448275862,2.605354339538013,0.5798562831726097,0.5720453016371384
P02475,female,blitz,39,2243.0,0.2583826429980276,3.302125652125652,57.480276134122285,17.35207100591716,0.07100591715976332,0.04142011834319527,15.81081081081081,3.0986193293885598,0.5660749506903353,0.5729783037475346
P02475,female,bullet,60,2449.9166666666665,0.3051864801864802,2.8927660765160765,57.46279137529138,17.529574592074592,0.08484848484848485,0.03228438228438228,14.327272727272728,3.063490675990676,0.6575757575757576,0.6163170163170163
P02475,female,rapid,1,2007.0,0.15384615384615385,4.0,55.15384615384615,15.0,0.0,0.0,22.0,3.3076923076923075,0.5384615384615384,0.38461538461538464
P02477,female,blitz,45,2139.177777777778,0.25826210826210827,3.318892588892589,60.26899335232668,18.49667616334283,0.06168091168091168,0.03418803418803419,17.795454545454547,3.041025641025641,0.5302469135802469,0.5351851851851852
P02477,female,bullet,1,2007.0,0.23076923076923078,3.5,60.07692307692308,17.0,0.0,0.0,11.0,2.5384615384615383,0.7692307692307693,0.6923076923076923
P02477,female,rapid,5,1782.0,0.4195804195804196,2.3633333333333333,54.86433566433567,16.537062937062935,0.0979020979020979,0.015384615384615385,23.75,3.0335664335664334,0.779020979020979,0.6993006993006994
P02478,female,bullet,90,1975.6,0.27206034706034704,2.894203142536476,57.51381766381766,16.931649831649832,0.07418414918414919,0.035897435897435895,17.729411764705883,2.965740740740741,0.6134097384097384,0.5764892514892515
P02478,female,rapid,10,1882.6,0.3129059829059829,2.9125,55.65811965811965,16.914017094017094,0.07837606837606838,0.015384615384615385,19.875,2.615726495726496,0.6200854700854701,0.5751282051282052
P02479,female,blitz,32,2507.375,0.2091346153846154,3.4712132485569986,59.17548076923077,17.692307692307693,0.0625,0.04326923076923077,19.310344827586206,2.9711538461538463,0.49759615384615385,0.5120192307692308
P02479,female,bullet,68,2513.294117647059,0.23727334756746524,3.091112278244631,58.21123974065151,16.867337319543203,0.10143124849007201,0.06239961019372785,17.83606557377049,3.1087233844586786,0.550055744908686,0.5128254098842335
P02480,female,blitz,99,1231.3333333333333,0.31583231583231586,3.1696992962144477,57.07340807340807,17.126765210098544,0.07003182003182003,0.035569368902702236,13.642105263157895,3.1459404792738126,0.6344427177760511,0.5904188404188404
P02480,female,rapid,1,1234.0,0.5384615384615384,2.8,61.84615384615385,18.615384615384617,0.07692307692307693,0.0,37.0,1.4615384615384615,0.8461538461538461,0.6923076923076923
P02481,female,blitz,22,2064.6363636363635,0.22494172494172496,3.0459710743801653,60.49271561771562,18.14597902097902,0.09149184149184149,0.035256410256410256,17.88235294117647,3.16025641025641,0.4775641025641026,0.49533799533799533
P02481,female,bullet,78,2036.6025641025642,0.24972655549578626,3.1801873696104463,59.92782409897794,17.656988524296217,0.06797337278106509,0.03006096467634929,18.727272727272727,3.0771808319885245,0.5618365608750224,0.5367491482876099
P02484,female,blitz,12,1986.0833333333333,0.25,3.126505499860763,56.58974358974359,16.85897435897436,0.05769230769230769,0.032051282051282055,16.22222222222222,2.891025641025641,0.5641025641025641,0.532051282051282
P02484,female,bullet,82,2044.841463414634,0.2668812894422651,3.094823232323232,57.4694548676256,17.12115526749673,0.06539456478480869,0.03290977315367559,13.88,3.179465385562947,0.5921461329997916,0.5549472208008793
P02484,female,rapid,6,1868.1666666666667,0.15598290598290598,4.1342592592592595,61.147435897435905,19.338675213675213,0.05128205128205129,0.07799145299145299,15.166666666666666,3.2414529914529915,0.532051282051282,0.4797008547008547
P02487,female,blitz,76,1955.2763157894738,0.2861964789596369,2.8863337858663343,58.19544687768372,17.52095141700405,0.08557538952275795,0.028524107471475893,17.46153846153846,2.970265918292234,0.593410317752423,0.5678383020488283
P02487,female,bullet,10,1258.5,0.2683760683760684,2.5771428571428574,57.35726495726495,17.73247863247863,0.09572649572649573,0.046153846153846156,18.0,2.8136752136752134,0.5666666666666667,0.4948717948717949
P02490,female,blitz,54,1919.5740740740741,0.26384171384171384,3.1623092185592188,57.16503434836768,17.5095222678556,0.08052749719416387,0.03228438228438229,19.545454545454547,2.623663990330657,0.5550252216918884,0.5701261701261702
P02490,female,bullet,42,1754.952380952381,0.2718035932321647,2.890598158455301,57.85063085063085,17.373430141287287,0.08338420838420839,0.04777167277167277,22.714285714285715,2.6839205767777194,0.5654834583406012,0.5342098377812663
P02490,female,rapid,4,2094.0,0.2810800310800311,3.0694444444444446,57.6946386946387,18.317016317016318,0.045454545454545456,0.0,21.25,2.8065268065268065,0.6091686091686092,0.4605672105672106
P02491,female,bullet,12,1306.1666666666667,0.43131868131868134,3.2732954545454547,58.12667887667888,17.727411477411476,0.025641025641025644,0.032051282051282055,13.818181818181818,3.0695970695970693,0.7435897435897436,0.583943833943834
P02491,female,rapid,59,1585.3389830508474,0.2860930030421556,2.971432240076308,57.8964146023468,17.795226713023325,0.07124438649862379,0.035086194408228306,15.229166666666666,2.5672099087353324,0.6534622627842966,0.5840286831812255
P02492,female,rapid,61,2044.8032786885246,0.2858275604177244,3.1811126487355996,57.11384175933356,17.352866395899184,0.08056765638732852,0.02900378310214376,19.46,2.779070656119836,0.6092773346871708,0.5569771758296348
P02494,female,blitz,9,1945.888888888889,0.27706552706552706,3.728703703703704,57.637464387464384,16.61752136752137,0.10398860398860399,0.008547008547008548,17.625,2.881054131054131,0.5947293447293447,0.5868945868945868
P02494,female,rapid,7,2079.0,0.26373626373626374,3.078715332286761,57.83516483516484,17.64835164835165,0.07692307692307694,0.02197802197802198,19.285714285714285,3.010989010989011,0.5824175824175823,0.5054945054945055
P02495,female,blitz,60,1980.1,0.24662328412328413,3.1524001924001923,59.42948556073556,17.897430393680395,0.06880859880859883,0.02820512820512821,20.235294117647058,2.899424048174048,0.5446642709142709,0.5640802253302254
P02503,female,blitz,38,2181.657894736842,0.23937246963562755,3.1561821219715953,59.11487854251013,17.91244939271255,0.07844129554655871,0.038461538461538464,14.916666666666666,3.110323886639676,0.5232793522267206,0.49544534412955465
P02503,female,bullet,62,2271.9032258064517,0.2301609680641939,2.807200460829493,57.60728894761153,17.091296069521874,0.0897811865553801,0.04613128806677194,16.642857142857142,3.0090974885329724,0.5805707733127088,0.5255764396893429
P02504,female,blitz,100,2204.56,0.24975274725274726,3.3907123848373852,58.86469780219781,17.643250915750915,0.06912087912087912,0.027692307692307693,15.670212765957446,3.0576190476190477,0.517032967032967,0.5465842490842491
P02505,female,blitz,86,2477.2906976744184,0.2500203285087006,2.8124854796366425,58.34777335068033,17.68503144142679,0.08203230877649482,0.045285141215373775,18.80263157894737,2.7196739307204423,0.5430462947904808,0.5492275166693772
P02505,female,bullet,9,2383.0,0.2222222222222222,3.0214646464646466,56.91452991452992,16.794871794871796,0.09401709401709403,0.06837606837606838,22.77777777777778,3.111111111111111,0.5128205128205128,0.5128205128205128
P02505,female,rapid,5,1996.2,0.3384615384615385,2.715959595959596,51.246153846153845,15.0,0.07692307692307693,0.03076923076923077,25.0,2.2153846153846155,0.676923076923077,0.7384615384615385
P02507,female,bullet,100,1511.89,0.27423271173271174,3.227291847041847,59.2295979020979,17.866118881118883,0.08053418803418805,0.03943473193473193,19.86315789473684,3.31272533022533,0.5482187257187258,0.5410431235431236
P02508,female,blitz,37,2105.4864864864867,0.27435402435402434,3.008088233088233,58.744084744084745,17.731783981783984,0.07068607068607069,0.033264033264033266,23.586206896551722,2.6480546480546483,0.5513563013563013,0.6162508662508662
P02509,female,blitz,45,1585.2222222222222,0.2558641975308642,3.3179284912618243,59.3974596391263,17.52312440645774,0.07668566001899335,0.04458689458689458,20.37837837837838,2.6782288698955368,0.5177113010446344,0.5089743589743589
P02509,female,rapid,36,1650.5833333333333,0.22008547008547008,3.6065645773979105,58.15598290598291,17.22222222222222,0.05341880341880342,0.04487179487179487,25.419354838709676,2.7414529914529915,0.4700854700854701,0.5021367521367521
P02510,female,blitz,4,2373.25,0.21153846153846156,4.40625,58.80769230769231,18.596153846153847,0.09615384615384616,0.019230769230769232,11.0,3.0,0.5,0.5384615384615384
P02511,female,blitz,3,2327.6666666666665,0.20512820512820515,4.358585858585859,62.6923076923077,18.41025641025641,0.12820512820512822,0.10256410256410257,11.333333333333334,2.948717948717949,0.3846153846153846,0.35897435897435903
P02511,female,rapid,1,2131.0,0.15384615384615385,3.6666666666666665,65.61538461538461,20.923076923076923,0.07692307692307693,0.07692307692307693,7.0,4.0,0.46153846153846156,0.38461538461538464
P02512,female,bullet,100,1949.54,0.2373717116217116,3.2314578754578753,58.59621578421579,17.682413697413697,0.0838003663003663,0.04351709401709402,17.956521739130434,2.9308977411477413,0.5389241314241314,0.5366156621156621
P02513,female,blitz,57,1983.298245614035,0.27814071893019265,3.0054098922519974,58.19486872776346,17.135612194822723,0.09126180836707154,0.037786774628879895,19.418181818181818,3.16059379217274,0.5599926389400074,0.572567783094099
P02513,female,bullet,4,1694.75,0.22115384615384615,1.6205357142857144,58.63461538461539,17.059294871794872,0.16025641025641024,0.057692307692307696,19.666666666666668,3.2740384615384617,0.7051282051282051,0.5176282051282052
P02513,female,rapid,14,2110.714285714286,0.2087912087912088,3.6521999825571254,59.450549450549445,17.87912087912088,0.06043956043956045,0.01098901098901099,20.09090909090909,3.1923076923076925,0.47802197802197804,0.46703296703296704
P02514,female,blitz,7,2172.714285714286,0.2037962037962038,2.9303854875283446,55.57142857142857,16.398601398601397,0.06793206793206794,0.04595404595404595,20.714285714285715,2.757242757242757,0.4805194805194805,0.4995004995004995
P02514,female,bullet,38,2239.1052631578946,0.27155870445344127,3.158994076099339,57.29175101214575,17.35602226720648,0.0638663967611336,0.02277327935222672,17.142857142857142,2.7680161943319836,0.598836032388664,0.567914979757085
P02515,female,blitz,100,2360.06,0.2568256743256743,2.9829697385947385,58.962857142857146,17.627389277389277,0.09362637362637363,0.04307692307692308,19.375,2.958071095571096,0.5472519147519147,0.5279570429570429
P02516,female,blitz,56,2316.964285714286,0.24217796092796093,3.2094961090496805,58.69513125763126,17.578449328449327,0.08115842490842491,0.04868742368742369,20.0,2.818299755799756,0.5682234432234432,0.5299908424908425
P02516,female,rapid,44,2195.159090909091,0.23994755244755248,3.3636217948717952,59.41185897435898,18.10941142191142,0.07342657342657342,0.045454545454545456,22.925,2.8546037296037294,0.5199592074592074,0.4940268065268066
P02517,female,blitz,12,2312.1666666666665,0.30128205128205127,2.997916666666667,58.858974358974365,18.076923076923077,0.08333333333333333,0.025641025641025644,13.25,3.0192307692307696,0.6025641025641025,0.5961538461538461
P02517,female,bullet,88,2270.875,0.28872264099536826,2.8177677751541386,57.722987240032694,17.564325510348237,0.07052606484424667,0.02534965034965035,15.785714285714286,2.9903250158931978,0.6084461624234352,0.607631636040727
P02518,female,bullet,100,1891.67,0.24778968253968256,3.152404401154401,58.93641758241758,17.570630952380952,0.07182264957264958,0.03208791208791209,19.193548387096776,2.914747252747253,0.5088208180708181,0.5436147741147741
P02519,female,blitz,16,2088.6875,0.28365384615384615,3.108917297979798,61.15384615384615,18.22596153846154,0.08173076923076923,0.04807692307692308,20.25,2.8990384615384617,0.5625,0.5432692307692308
P02519,female,bullet,82,2142.9756097560976,0.24382426516572858,3.0604454827015806,59.71787054409006,17.62351469668543,0.055347091932457786,0.05065666041275798,18.376623376623378,2.8783614759224516,0.5166510318949343,0.5159474671669794
P02519,female,rapid,2,2021.0,0.2692307692307693,6.857142857142858,60.65384615384615,16.96153846153846,0.11538461538461539,0.0,19.5,2.9615384615384617,0.7692307692307693,0.6923076923076923
P02520,female,blitz,4,1956.25,0.2692307692307693,2.3261904761904764,50.11538461538461,16.307692307692307,0.13461538461538464,0.038461538461538464,17.333333333333332,2.4615384615384617,0.5576923076923077,0.6153846153846154
P02520,female,bullet,95,2114.863157894737,0.3209882223040118,2.4167720291404504,53.93339160839161,16.47634339344866,0.0674089068825911,0.030465587044534413,16.950617283950617,2.879057784320942,0.6741626794258373,0.6213746779536253
P02520,female,rapid,1,1727.0,0.38461538461538464,2.625,57.30769230769231,16.846153846153847,0.07692307692307693,0.0,16.0,2.3846153846153846,0.7692307692307693,0.6923076923076923
P02521,female,bullet,100,1733.39,0.25966958041958044,3.0700737595737597,59.29171736596736,17.64507284382284,0.05090034965034965,0.028173076923076926,16.147368421052633,2.8502593240093237,0.5543583916083916,0.5472721445221446
P02522,female,blitz,100,2051.13,0.25872877122877125,3.1402795815295814,58.330521423021416,17.521524864024865,0.0816050616050616,0.04171495171495172,16.647727272727273,2.9285783660783657,0.618556166056166,0.5695937395937396
P02523,female,blitz,54,1823.0185185185185,0.28429055512388846,3.146820052375608,59.11413457941236,17.583905292238626,0.09372212149989928,0.054095081872859656,22.88372093023256,2.641223488445711,0.565856211689545,0.5769518547296325
P02523,female,bullet,32,1448.65625,0.2721497252747253,2.7197377275502275,57.45475618131868,16.9183836996337,0.07477678571428571,0.036458333333333336,20.307692307692307,2.86492673992674,0.5901156135531136,0.5978422619047619
P02523,female,rapid,13,1867.3846153846155,0.2781065088757396,3.739484233715003,57.66863905325444,17.650887573964496,0.08875739644970415,0.03550295857988166,22.454545454545453,2.437869822485207,0.5325443786982249,0.5502958579881656
P02524,female,blitz,76,2318.8552631578946,0.23410931174089072,3.3498252091905343,58.97874493927125,17.729554655870448,0.07692307692307693,0.03340080971659919,19.014084507042252,2.7762145748987854,0.5430161943319838,0.515080971659919
P02524,female,bullet,6,2283.0,0.3076923076923077,2.6398148148148146,57.58974358974359,16.71794871794872,0.05128205128205129,0.012820512820512822,21.2,3.051282051282051,0.5128205128205128,0.6282051282051282
P02525,female,blitz,100,2216.17,0.21761538461538465,3.4750862193362195,59.18592307692308,17.496076923076924,0.05615384615384616,0.026923076923076925,20.56179775280899,2.938769230769231,0.5277692307692308,0.5283076923076924
P02526,female,blitz,98,2075.061224489796,0.2170473517412293,3.3485207969301602,59.3631920233961,17.888360732238283,0.0631326156836361,0.04107049413171862,16.63157894736842,2.9818591272672905,0.5031911399258338,0.5141713728448423
P02526,female,rapid,2,1418.0,0.2548076923076923,3.1333333333333333,64.52403846153845,18.22596153846154,0.0,0.0,14.5,2.7884615384615383,0.8221153846153846,0.3942307692307692
P02527,female,blitz,56,1965.267857142857,0.2383470695970696,3.5085940349333207,59.16302655677656,17.675183150183152,0.07371794871794872,0.03571428571428571,18.529411764705884,2.9038690476190476,0.5488324175824176,0.4904532967032967
P02527,female,bullet,4,1679.5,0.28846153846153844,2.6041666666666665,60.86538461538461,18.596153846153847,0.038461538461538464,0.057692307692307696,19.0,3.1153846153846154,0.576923076923077,0.5192307692307693
P02527,female,rapid,40,2175.75,0.2546114996114996,3.309613997113997,59.15792297979798,17.8812533993784,0.07700854700854701,0.03150641025641025,19.416666666666668,2.807654914529915,0.5494988344988345,0.4836198523698524
P02528,female,blitz,54,1789.1296296296296,0.26123321123321125,3.4345622484511376,58.44185151268484,17.63503595170262,0.07274284357617691,0.030804843304843305,18.346938775510203,2.8974460724460727,0.5662969746303079,0.5356922398589066
P02528,female,bullet,2,1143.5,0.38461538461538464,2.916666666666667,55.92307692307692,16.884615384615387,0.038461538461538464,0.0,15.5,2.1538461538461537,0.5,0.5
P02528,female,rapid,44,1786.840909090909,0.2570053053007598,3.736707925912471,58.62547206581298,17.752581698604427,0.06681954409227137,0.027972027972027972,18.457142857142856,2.8974472497199772,0.5687125374625375,0.5850342838979202
P02530,female,blitz,97,2199.8865979381444,0.27208544605451823,3.108553044893251,57.699284478408195,17.438456532013234,0.07215173143008194,0.03697562460449059,15.696629213483146,2.7495460152676645,0.5644377958810949,0.5500006007737966
P02530,female,bullet,2,2161.5,0.23076923076923078,3.083333333333333,63.30769230769231,20.576923076923077,0.15384615384615385,0.038461538461538464,13.0,3.1538461538461537,0.5,0.4230769230769231
P02530,female,rapid,1,2049.0,0.15384615384615385,3.142857142857143,64.6923076923077,19.307692307692307,0.0,0.0,18.0,3.6923076923076925,0.5384615384615384,0.38461538461538464
P02531,female,blitz,27,1938.148148148148,0.2788224121557455,2.6777490513601627,59.32773029439696,17.350522317188986,0.09116809116809117,0.037037037037037035,21.84,2.7716999050332385,0.5976258309591643,0.5920227920227921
P02531,female,bullet,73,2062.6301369863013,0.24407898038035025,2.9092229307982733,58.828641677956746,17.46715841236389,0.10581313663505444,0.034710723066887446,22.85483870967742,2.9390084801043703,0.5501530433037283,0.5175748908625621
P02532,female,blitz,21,2382.6666666666665,0.26862026862026867,3.102936944008373,58.29639804639804,17.476495726495727,0.10317460317460318,0.05158730158730159,19.444444444444443,2.985958485958486,0.554945054945055,0.5448717948717949
P02532,female,bullet,21,2456.0,0.2742673992673993,2.5435906685906686,60.88507326007326,18.9010989010989,0.11446886446886448,0.025641025641025644,17.263157894736842,2.9418498168498166,0.5961538461538461,0.5879120879120879
P02533,female,blitz,60,1566.3666666666666,0.29024216524216523,3.05388431013431,58.031054131054134,17.29655982905983,0.11226495726495726,0.0638034188034188,15.033333333333333,3.3859188034188032,0.6081552706552706,0.5982478632478633
P02533,female,bullet,5,1820.8,0.30795204795204795,2.6375757575757577,57.65304695304695,17.453906093906095,0.03538461538461539,0.02,19.0,2.8507492507492507,0.662057942057942,0.6021178821178821
P02533,female,rapid,2,1802.5,0.5769230769230769,1.7142857142857144,55.92307692307692,16.615384615384613,0.0,0.0,9.0,3.6153846153846154,0.8461538461538461,0.5384615384615385
P02534,female,blitz,1,2097.0,0.3076923076923077,3.7142857142857144,59.46153846153846,20.307692307692307,0.15384615384615385,0.0,12.0,2.4615384615384617,0.5384615384615384,0.46153846153846156
P02535,female,blitz,23,1831.8695652173913,0.24095469747643664,3.1359730848861282,59.93422012769839,17.578625722103983,0.1076923076923077,0.054727880814837336,17.65,3.0850410459106112,0.5240498631802979,0.5362572210398298
P02535,female,rapid,1,1768.0,0.3076923076923077,1.8,38.84615384615385,9.23076923076923,0.15384615384615385,0.07692307692307693,19.0,2.1538461538461537,0.6923076923076923,0.6153846153846154
P02536,female,blitz,95,2539.2736842105264,0.25118600697548066,3.1625106171778,58.66886341728447,17.633093748356906,0.07626058152373942,0.030836707152496628,20.068181818181817,3.0621248926512084,0.5382270361217729,0.5374038242459295
P02536,female,bullet,5,2161.0,0.3384615384615385,2.4066666666666667,57.676923076923075,17.50769230769231,0.12307692307692308,0.046153846153846156,16.5,3.4,0.6615384615384615,0.6461538461538462
P02537,female,blitz,94,2097.446808510638,0.24264866339334426,3.007017125900105,58.715499571350634,17.523299041384146,0.09348063284233497,0.026745771958537914,17.943181818181817,2.9913295923934218,0.5531193983321643,0.5709336762528252
P02537,female,rapid,6,2195.8333333333335,0.25641025641025644,2.7356902356902357,55.8076923076923,16.25641025641026,0.05128205128205129,0.0,19.5,2.9743589743589745,0.5897435897435898,0.4743589743589744
P02539,female,blitz,92,1976.4891304347825,0.2619346233476669,2.904670721790287,56.232964046822744,16.78834706959707,0.06788999044433827,0.026128762541806023,21.166666666666668,2.704227384933907,0.5932124940277115,0.570582497212932
P02539,female,bullet,8,1785.75,0.3173076923076923,3.022767857142857,56.71153846153846,16.913461538461537,0.07692307692307693,0.04807692307692308,19.0,2.875,0.5673076923076923,0.5288461538461539
P02540,female,blitz,39,2509.3076923076924,0.252465483234714,3.4005096755096758,58.89546351084813,18.3767258382643,0.0631163708086785,0.013806706114398425,18.72222222222222,2.95069033530572,0.5601577909270217,0.5364891518737672
P02541,female,blitz,86,2370.232558139535,0.2639629750094866,3.1569298272786646,58.24352333712798,17.750692524529732,0.08415053938309752,0.028622540250447227,14.75,3.0459776657451076,0.5921992735946224,0.5558329267631593
P02541,female,bullet,1,2216.0,0.23076923076923078,3.2857142857142856,57.61538461538461,18.846153846153847,0.0,0.07692307692307693,20.0,4.0,0.38461538461538464,0.46153846153846156
P02543,female,blitz,83,2227.7710843373493,0.25337433650686664,3.1417941417069506,58.96775072317241,17.779328502822477,0.09587300249950853,0.04684472154351673,18.2375,3.11255230713062,0.5612421714831354,0.5638835060521807
P02543,female,bullet,16,2486.875,0.2390734265734266,2.878720238095238,62.06468531468531,18.292395104895103,0.04982517482517483,0.014423076923076924,17.5,2.507867132867133,0.47902097902097907,0.5677447552447552
P02543,female,rapid,1,1691.0,0.23076923076923078,3.4,57.84615384615385,15.384615384615385,0.0,0.07692307692307693,22.0,3.1538461538461537,0.5384615384615384,0.5384615384615384
P02544,female,blitz,22,2125.0,0.23135198135198137,3.068214613669159,56.96561771561772,17.247377622377623,0.08071095571095571,0.03875291375291376,19.05,2.701048951048951,0.5192307692307693,0.5011655011655012
P02544,female,bullet,37,1932.4324324324325,0.2598752598752599,3.263695838695839,57.7962577962578,17.488565488565488,0.09355509355509356,0.06860706860706861,19.513513513513512,2.8232848232848236,0.5987525987525988,0.5322245322245323
P02545,female,blitz,96,2276.1875,0.27661005082880086,3.1964392812049063,58.89584587865838,17.48140863765864,0.09505309505309506,0.040209790209790215,14.565217391304348,3.134372774216524,0.5519580824268324,0.5369051087801088
P02545,female,bullet,4,2240.0,0.19230769230769232,3.408333333333333,58.07692307692308,18.53846153846154,0.11538461538461539,0.07692307692307693,13.25,3.192307692307692,0.4423076923076923,0.4807692307692308
P02546,female,blitz,99,2573.5858585858587,0.2534129170492807,3.147343971965184,58.77583645310918,17.808734783734785,0.07885439476348567,0.03510630783358056,17.862068965517242,2.829438911257093,0.5656065315156225,0.543049963504509
P02546,female,bullet,1,2173.0,0.3076923076923077,2.2222222222222223,58.76923076923077,19.23076923076923,0.15384615384615385,0.0,44.0,3.6923076923076925,0.7692307692307693,0.6923076923076923
P02548,female,blitz,18,2068.277777777778,0.19914529914529916,3.3440255731922397,61.54294871794871,18.941666666666666,0.10256410256410257,0.05256410256410257,14.941176470588236,2.8376068376068377,0.45363247863247863,0.48589743589743595
P02548,female,bullet,57,2160.8947368421054,0.23194641615694248,3.1167432470064047,55.98862029783082,16.788251952725638,0.06286549707602339,0.028147291305186044,16.65909090909091,2.9914785506890773,0.587709804815068,0.5380905644063538
P02548,female,rapid,25,1797.48,0.25846153846153846,3.351912087912088,60.283076923076926,17.947692307692307,0.0676923076923077,0.06461538461538462,14.6,3.073846153846154,0.5230769230769231,0.49846153846153846
P02549,female,blitz,63,2213.4285714285716,0.2625152625152625,3.1428397880778833,58.242979242979246,17.570207570207568,0.08302808302808302,0.040293040293040296,14.39344262295082,2.9560439560439558,0.5665445665445665,0.5274725274725275
P02549,female,bullet,37,2113.891891891892,0.29914529914529914,2.8905009405009405,56.660891660891664,16.954723954723956,0.079002079002079,0.035343035343035345,13.63888888888889,3.247863247863248,0.5691845691845692,0.5555555555555556
P02550,female,blitz,94,2330.2127659574467,0.2414416257501364,3.17899337659976,59.20874249863611,17.794292144026187,0.07446808510638298,0.040609656301145665,19.32051282051282,2.887172667757774,0.5274481723949809,0.5273799781778505
P02550,female,rapid,6,2109.3333333333335,0.17948717948717952,3.125,59.21794871794872,18.67948717948718,0.15384615384615385,0.07692307692307693,18.5,3.1538461538461537,0.5128205128205129,0.4743589743589744
P02551,female,blitz,36,1966.138888888889,0.31794871794871793,2.777632475549142,57.81894586894586,17.382264957264955,0.08625356125356126,0.03632478632478633,15.088235294117647,3.3295584045584046,0.6566951566951568,0.5784900284900285
P02551,female,rapid,5,1398.8,0.23076923076923078,2.941666666666667,55.861538461538466,16.676923076923078,0.07692307692307693,0.046153846153846156,21.0,3.2,0.6,0.4615384615384615
P02552,female,blitz,40,2342.875,0.24353146853146854,3.37989787989788,59.69125874125874,17.93479020979021,0.0618881118881119,0.028846153846153848,19.125,3.1777972027972026,0.5321678321678321,0.5218531468531469
P02552,female,bullet,45,2262.866666666667,0.27595305928639263,2.8253974420641086,59.00769909103242,17.54487857821191,0.09181929181929183,0.025396825396825397,18.153846153846153,2.9485076651743323,0.6047686881020214,0.5602767602767602
P02552,female,rapid,15,2386.8,0.2512820512820513,4.029434682964095,59.287179487179486,17.676923076923075,0.06666666666666667,0.025641025641025644,15.285714285714286,3.0564102564102567,0.5846153846153846,0.517948717948718
P02553,female,blitz,97,1990.0103092783504,0.3025448778026098,2.797895832689647,58.0678808305097,16.98954833825968,0.08136399682791436,0.03885804916732752,15.851063829787234,3.2237509912767646,0.6460186720495998,0.5816145195011174
P02553,female,bullet,3,1716.3333333333333,0.38461538461538464,2.3962962962962964,56.230769230769226,17.25641025641026,0.025641025641025644,0.0,19.0,3.0,0.6923076923076924,0.6666666666666666
P02554,female,blitz,96,2173.6666666666665,0.268534416971917,3.078982533670034,59.13043909215784,17.66939536158286,0.07034493284493284,0.025040064102564107,17.238095238095237,2.9801053113553113,0.5950488747363748,0.5342940913253413
P02554,female,rapid,4,1781.75,0.3269230769230769,2.7822420634920633,54.78846153846153,15.78846153846154,0.07692307692307693,0.019230769230769232,22.0,2.8461538461538463,0.7115384615384616,0.5961538461538461
P02556,female,blitz,100,2481.43,0.26380869130869133,2.963813214563215,59.38486013986014,17.88624458874459,0.09464535464535466,0.047832167832167836,15.852272727272727,2.9673951048951053,0.561013986013986,0.5379828504828505
P02557,female,bullet,100,2154.64,0.3098135198135198,2.522273754023754,55.42263403263403,16.965881895881896,0.06740481740481741,0.03663558663558664,17.50574712643678,2.858741258741259,0.6097668997668998,0.6048640248640249
P02558,female,blitz,100,2117.67,0.2396462703962704,2.9192368326118325,57.19713461538461,17.575425796425797,0.0992550505050505,0.04752331002331003,19.02247191011236,2.550997863247863,0.5821969696969697,0.5396952214452214
P02559,female,blitz,88,2150.784090909091,0.24836423046650322,3.388902417027417,58.43176801102937,17.68873749356704,0.06889985014985016,0.04438998501498502,16.775,2.9427955882501338,0.5658611905770997,0.5361802339075067
P02559,female,bullet,3,1841.0,0.25641025641025644,2.8095238095238098,54.05128205128205,14.923076923076925,0.07692307692307693,0.07692307692307693,10.0,2.9743589743589745,0.6410256410256411,0.38461538461538464
P02559,female,rapid,9,2016.111111111111,0.24786324786324787,3.332983682983683,60.581196581196586,18.34188034188034,0.07692307692307693,0.03418803418803419,13.777777777777779,3.2222222222222223,0.5982905982905984,0.5470085470085471
P02562,female,blitz,52,2150.653846153846,0.26429980276134124,3.2438539558731865,57.745819885242966,17.776234982965754,0.0720556153248461,0.05500268961807424,15.224489795918368,2.9911989719682026,0.554961598230829,0.5428172255095333
P02562,female,rapid,3,2000.0,0.4743589743589744,2.138888888888889,57.08205128205128,17.76923076923077,0.11794871794871796,0.0,7.0,2.7179487179487176,0.923076923076923,0.5333333333333333
P02564,female,blitz,29,1541.551724137931,0.30759125931539727,2.882758620689655,58.73565744600227,17.951452570418088,0.12539472022230644,0.053934571175950484,20.03846153846154,2.9312428950359983,0.6582480737653151,0.5582291271946445
P02564,female,bullet,5,1937.0,0.2923076923076923,2.570793650793651,58.04615384615384,17.6,0.07692307692307693,0.0,11.4,3.0,0.6461538461538462,0.6461538461538462
P02564,female,rapid,1,2001.0,0.15384615384615385,2.75,58.53846153846154,17.46153846153846,0.0,0.0,10.0,3.6923076923076925,0.6153846153846154,0.6153846153846154
P02565,female,blitz,36,1866.9722222222222,0.26432811016144353,3.0180886243386245,58.60747269705603,17.205781101614434,0.07398504273504275,0.04870014245014245,17.64516129032258,3.125854700854701,0.5873219373219373,0.5341999050332383
P02565,female,bullet,12,1805.5833333333333,0.3269230769230769,2.421888528138528,55.705128205128204,16.24358974358974,0.12820512820512822,0.025641025641025644,21.2,2.8653846153846154,0.6923076923076924,0.5576923076923077
P02566,female,blitz,84,2486.4285714285716,0.25468559218559217,3.021421534814392,58.75189255189256,17.865430402930404,0.08192918192918193,0.03579059829059829,14.39240506329114,3.1141941391941392,0.5419871794871794,0.5572649572649573
P02566,female,bullet,6,2112.1666666666665,0.2692307692307692,3.2825091575091574,61.5,17.78205128205128,0.07692307692307693,0.038461538461538464,17.5,3.4743589743589745,0.5512820512820512,0.44871794871794873
P02566,female,rapid,10,2279.0,0.2846153846153846,3.3144660894660896,59.52307692307693,17.930769230769233,0.06153846153846154,0.03076923076923077,15.8,3.176923076923077,0.5153846153846154,0.46923076923076923
P02568,female,blitz,25,2015.04,0.24061538461538462,3.3630793650793653,58.083999999999996,17.535076923076925,0.04923076923076923,0.03076923076923077,20.26086956521739,2.92,0.6012307692307692,0.5818461538461538
P02568,female,bullet,22,1472.7272727272727,0.2758741258741259,2.8165879574970485,56.21678321678321,16.773776223776224,0.07797202797202797,0.03496503496503497,22.904761904761905,2.8884615384615384,0.6027972027972028,0.5541958041958043
P02568,female,rapid,4,1444.5,0.25,2.766865079365079,62.17307692307692,19.51923076923077,0.07692307692307693,0.07692307692307693,27.5,2.5769230769230766,0.5384615384615385,0.5384615384615385
P02569,female,blitz,28,1700.392857142857,0.2662218733647305,3.2310657596371883,56.939952904238616,17.206174777603348,0.07142857142857142,0.019230769230769235,20.5,2.911172161172161,0.6542386185243327,0.5914442700156987
P02569,female,rapid,23,1780.0,0.2706800445930881,2.9151428885124537,57.01884057971015,16.991415830546263,0.053511705685618735,0.03779264214046823,16.695652173913043,3.002619843924192,0.6048494983277591,0.572742474916388
P02571,female,blitz,69,1925.6521739130435,0.27207188946319383,3.091617520965347,59.20702341137124,17.604428904428904,0.06748082835039357,0.038866930171278,14.88135593220339,3.187182865443735,0.6099726360595926,0.5910357758183845
P02572,female,blitz,53,1869.1132075471698,0.24814556512669722,3.2373298085562237,59.45135996079392,17.84255492934738,0.06751927317965054,0.03177954121350348,16.934782608695652,2.9697334112428453,0.5478452365244818,0.5168824885806018
P02573,female,rapid,9,1049.2222222222222,0.24786324786324787,3.6190476190476186,58.299145299145295,17.25641025641026,0.07692307692307693,0.05128205128205129,17.0,2.786324786324786,0.5470085470085471,0.5982905982905984
P02574,female,blitz,4,2531.0,0.39903846153846156,2.7291666666666665,60.66826923076923,19.033653846153847,0.09615384615384616,0.038461538461538464,14.666666666666666,2.7259615384615383,0.6538461538461539,0.6298076923076923
P02574,female,bullet,96,2481.3229166666665,0.2315592393717394,3.205236834924335,59.98124375624375,18.117609126984128,0.0634469696969697,0.04006410256410257,16.86046511627907,2.9843616452991455,0.5206978785103785,0.5438157328782329
P02575,female,blitz,76,1533.6973684210527,0.2863866396761134,3.160113826232247,58.335976158344586,17.385621907332435,0.06584008097165991,0.025303643724696356,16.826666666666668,3.3444669365722,0.5914529914529915,0.5561628430049483
P02575,female,bullet,2,1655.5,0.19230769230769232,2.7857142857142856,58.0,16.884615384615387,0.07692307692307693,0.07692307692307693,12.5,3.769230769230769,0.4230769230769231,0.38461538461538464
P02575,female,rapid,7,1657.0,0.39316239316239315,2.053231292517007,47.3943833943834,14.452991452991453,0.04884004884004884,0.06471306471306472,16.0,2.6862026862026864,0.5848595848595848,0.7106227106227107
P02576,female,blitz,21,2300.190476190476,0.2336996336996337,3.4813406170549026,60.692307692307686,18.7003663003663,0.09597069597069596,0.040293040293040296,20.95,3.1172161172161177,0.5142857142857143,0.5194139194139195
P02576,female,bullet,61,2189.688524590164,0.24660221381532857,3.281815861733895,58.301106907664284,17.878380271822895,0.08364859184531316,0.05548549810844893,20.09433962264151,2.8989771612722435,0.5048339638503573,0.5320162533277287
P02576,female,rapid,18,2107.0,0.20512820512820515,3.1601150392817057,58.901709401709404,18.26923076923077,0.05128205128205129,0.038461538461538464,19.294117647058822,3.0427350427350426,0.5128205128205128,0.49572649572649574
P02577,female,blitz,55,2459.4727272727273,0.2601398601398602,3.0873281768736316,59.1006993006993,18.088111888111886,0.08951048951048951,0.039160839160839164,17.155555555555555,3.0083916083916082,0.5594405594405595,0.5244755244755245
P02577,female,bullet,2,2471.0,0.4230769230769231,1.6666666666666665,57.03846153846154,17.73076923076923,0.23076923076923078,0.038461538461538464,11.0,3.0769230769230766,0.7307692307692308,0.5384615384615384
P02577,female,rapid,10,2250.3,0.2416666666666667,3.7478571428571428,61.93397435897435,18.7,0.07692307692307693,0.023076923076923078,16.857142857142858,2.7858974358974358,0.5608974358974359,0.5346153846153847
P02578,female,blitz,98,2416.3673469387754,0.2638085270738332,3.0149303361038053,58.826553973237644,17.38778562707134,0.06514913657770802,0.0333158904587476,18.567901234567902,2.8343674466123447,0.5751370511574593,0.5529092222969774
P02578,female,bullet,2,2033.5,0.3076923076923077,2.7111111111111112,65.0,20.26923076923077,0.11538461538461539,0.038461538461538464,17.5,2.4615384615384617,0.6923076923076923,0.5769230769230769
P02579,female,blitz,57,2211.5087719298244,0.2619663474926633,2.9542125515809725,57.3281922755607,17.465145234882076,0.07058243900349163,0.02303568750937172,17.653846153846153,2.8683915986547563,0.5834939913887283,0.5693052074631022
P02579,female,bullet,43,2294.4883720930234,0.25541641820711586,3.4150625859928185,59.37322883834512,17.968736689666923,0.08535650396115513,0.03910043444927166,16.944444444444443,2.9654144305307097,0.5578271857341625,0.5211687537268932
P02580,female,blitz,22,2263.0,0.22027972027972031,3.550700688200688,59.76923076923077,18.47902097902098,0.05944055944055944,0.02447552447552448,16.238095238095237,2.8916083916083917,0.5454545454545454,0.5384615384615384
P02580,female,bullet,78,2069.1923076923076,0.28500986193293887,2.649653587153587,56.045570348454966,17.178637957484113,0.077991452991453,0.03459894806048652,12.791666666666666,2.9047912557527944,0.6532023887793118,0.623712469866316
P02581,female,blitz,10,1009.0,0.2933954933954934,2.801111111111111,58.456954156954154,16.363714063714063,0.06293706293706294,0.01818181818181818,16.333333333333332,2.9853146853146852,0.6374514374514375,0.5645687645687645
P02581,female,rapid,64,1435.015625,0.31618568063880564,2.5922387074730824,56.15064354048729,16.90725667561605,0.06345685564435564,0.03303103146853147,19.813953488372093,2.5634513923576425,0.6595433212620713,0.608321713009213
P02582,female,blitz,11,2107.4545454545455,0.27972027972027974,3.3124852420306965,57.44755244755245,17.72027972027972,0.07692307692307693,0.04895104895104896,18.363636363636363,3.2097902097902096,0.5594405594405595,0.5594405594405595
P02582,female,rapid,7,2270.4285714285716,0.26373626373626374,2.7898656898656897,59.61538461538462,18.142857142857142,0.07692307692307694,0.02197802197802198,16.142857142857142,3.142857142857143,0.5824175824175823,0.6043956043956044
P02583,female,blitz,79,2094.3417721518986,0.2604094218018269,3.053515261110198,59.43382637053523,17.623925828039752,0.1098901098901099,0.05946391864113384,17.17142857142857,2.962809693822352,0.5740270629511136,0.5438594457581799
P02583,female,rapid,21,1942.904761904762,0.23809523809523808,3.4253293158755347,60.3992673992674,18.227106227106226,0.09157509157509158,0.04395604395604396,16.15,2.9194139194139193,0.5970695970695971,0.5787545787545787
P02584,female,bullet,100,2223.93,0.30375466200466206,2.714450022200022,58.375463869463864,17.294017482517482,0.07940384615384616,0.0376923076923077,12.072916666666666,3.167412587412587,0.606275641025641,0.5598717948717948
P02585,female,blitz,12,1859.6666666666667,0.31730769230769235,2.9779761904761908,57.52029914529914,17.660256410256412,0.08333333333333333,0.05128205128205129,14.818181818181818,3.1570512820512824,0.6346153846153847,0.514957264957265
P02585,female,bullet,83,1832.2650602409637,0.3042940994748224,2.9533906187520644,58.108536710946346,17.55245340335702,0.11278447121820616,0.050187931212027595,12.650602409638553,3.0791756770672434,0.593618061991556,0.5346256822160437
P02585,female,rapid,5,2192.6,0.2923076923076923,3.157979797979798,54.52307692307693,16.26153846153846,0.10769230769230771,0.03076923076923077,21.75,2.6153846153846154,0.5230769230769231,0.6153846153846154
P02586,female,blitz,92,2247.7065217391305,0.26319676700111483,3.150577873036313,59.00695373467112,17.912876254180603,0.09749163879598663,0.051839464882943144,19.23076923076923,2.7239409141583053,0.5593366778149387,0.56832497212932
P02586,female,bullet,8,2080.125,0.2692307692307693,3.124751984126984,57.01923076923077,17.490384615384617,0.08653846153846154,0.038461538461538464,18.428571428571427,3.1634615384615383,0.576923076923077,0.5865384615384616
P02587,female,blitz,19,1637.3684210526317,0.2935222672064778,2.7689761992393573,56.62348178137652,16.89827935222672,0.06882591093117409,0.024291497975708502,18.5,2.6847165991902835,0.6508097165991903,0.5875506072874493
P02587,female,rapid,1,1578.0,0.3076923076923077,1.9,53.38461538461539,14.384615384615385,0.15384615384615385,0.07692307692307693,,3.0,0.6153846153846154,0.6923076923076923
P02588,female,blitz,18,1678.8333333333333,0.2492877492877493,2.997582972582973,56.44254510921178,16.602089268755932,0.08499525166191833,0.038461538461538464,22.333333333333332,2.578347578347578,0.5584045584045584,0.6115859449192782
P02588,female,rapid,19,1422.157894736842,0.2591093117408907,3.737426900584795,57.48582995951417,17.024291497975707,0.0728744939271255,0.024291497975708502,21.176470588235293,3.137651821862348,0.5263157894736842,0.5748987854251012
P02589,female,blitz,94,2287.5106382978724,0.2724511894724661,3.2866595284148477,58.518917902428534,17.89292628175607,0.07829032669458201,0.0368155780389823,17.352941176470587,2.8688656497167133,0.5754398674611441,0.5404777551054146
P02589,female,rapid,6,2147.5,0.2820512820512821,2.328009259259259,58.84615384615385,17.775641025641026,0.08974358974358976,0.0,13.0,3.2820512820512824,0.685897435897436,0.532051282051282
P02590,female,blitz,28,2594.6785714285716,0.2252747252747253,3.758290816326531,60.505494505494504,17.802197802197803,0.08241758241758243,0.03571428571428571,21.083333333333332,3.1236263736263736,0.49725274725274726,0.5412087912087912
P02590,female,bullet,72,2620.375,0.23021839271839273,3.12718905323072,57.97490842490842,17.026438838938837,0.05326617826617827,0.021367521367521368,21.580645161290324,2.956041181041181,0.5167596292596293,0.5725219225219225
P02591,female,blitz,100,2539.58,0.24166083916083916,3.183776473526473,58.648286713286716,17.598234265734266,0.0725874125874126,0.03244755244755245,21.977272727272727,2.7401398601398603,0.5440909090909092,0.5534440559440559
P02592,female,blitz,2,2204.0,0.3076923076923077,2.4772727272727275,58.80769230769231,18.346153846153847,0.038461538461538464,0.038461538461538464,13.0,2.1153846153846154,0.42307692307692313,0.6923076923076923
P02593,female,blitz,37,1884.2702702702702,0.2655380655380656,3.1483775983775986,58.30698445698445,17.300428175428177,0.09485446985446987,0.03920403920403921,19.40625,2.6615384615384614,0.5807964557964558,0.5996114246114246
P02593,female,bullet,62,1654.5806451612902,0.274555417700579,3.1071279526924687,58.18419148056245,17.199751861042184,0.08085194375516956,0.023573200992555835,19.64814814814815,2.8036600496277915,0.6472291149710505,0.5893300248138958
P02593,female,rapid,1,1935.0,0.23076923076923078,2.4285714285714284,62.38461538461539,19.153846153846153,0.15384615384615385,0.15384615384615385,18.0,2.4615384615384617,0.7692307692307693,0.8461538461538461
P02594,female,blitz,47,1778.1914893617022,0.22148117839607204,3.1874635411869456,59.52366339334425,17.360270049099835,0.0708810692853246,0.04203491543917076,15.76086956521739,3.18949809056192,0.5344653573376977,0.520076377523186
P02594,female,bullet,53,1712.5849056603774,0.2518999868056472,3.115789713431223,59.253646039495095,17.234547213792496,0.09085631349782294,0.051062145401768046,14.846153846153847,3.162697365527554,0.5718498482649426,0.527604785151955
P02595,female,blitz,53,1720.1132075471698,0.3014029995162071,2.80891959193846,57.34119496855346,17.305575713594582,0.0719641993226899,0.02993468795355588,18.23404255319149,3.0035679729075957,0.6270561199806483,0.5730527334300919
P02595,female,bullet,28,1228.357142857143,0.3248560962846677,2.472621227978371,52.77886795743939,15.961896040467469,0.03846153846153847,0.01609105180533752,19.5,2.5934371184371185,0.656497470783185,0.6072169893598466
P02595,female,rapid,19,1716.4736842105262,0.27462887989203777,3.5880688563514043,57.747638326585694,17.496963562753034,0.0775978407557355,0.03643724696356275,16.0,2.9062078272604586,0.5961538461538461,0.5347503373819164
P02596,female,blitz,8,1991.625,0.2696678321678322,3.3549107142857144,59.61328671328671,18.105594405594406,0.09965034965034966,0.030594405594405596,13.714285714285714,2.825,0.5833916083916084,0.5843531468531469
P02596,female,bullet,92,1893.2608695652175,0.24535910948954429,3.351766892527762,59.80495485794399,18.114040699638526,0.0883162730988818,0.03595317725752509,18.30952380952381,2.8215505810614507,0.5395267474071822,0.5202104658626397
P02597,female,blitz,98,2498.4897959183672,0.2606768231768232,2.9219096621332517,56.15900072150072,16.611080387866103,0.07494985173556602,0.048861852433281006,19.708333333333332,2.9100690975690973,0.6021171289028432,0.5544059115487687
P02597,female,bullet,1,2500.0,0.3076923076923077,2.3,55.38461538461539,15.0,0.15384615384615385,0.15384615384615385,11.0,3.6923076923076925,0.7692307692307693,0.6153846153846154
P02597,female,rapid,1,2032.0,0.3076923076923077,2.6,59.23076923076923,19.76923076923077,0.0,0.0,26.0,2.6153846153846154,0.3076923076923077,0.5384615384615384
P02599,female,blitz,12,1800.3333333333333,0.40048076923076925,2.504016354016354,58.03376068376068,16.16997863247863,0.06410256410256411,0.006410256410256411,25.1,2.7341346153846153,0.7254807692307693,0.6426282051282052
P02599,female,rapid,11,1848.1818181818182,0.29063360881542705,2.8896825396825396,57.25201313837678,17.364007204916298,0.07994278448823904,0.013986013986013986,20.625,2.724941724941725,0.624019919474465,0.5864060182242
P02600,female,blitz,43,1748.0232558139535,0.2658744356418775,2.823792486583184,57.849393048811656,17.029389215435728,0.055200613340148225,0.032200357781753126,19.216216216216218,2.9266377033818896,0.5842533435556692,0.536425589913962
P02600,female,rapid,2,1963.0,0.34615384615384615,3.25,58.42307692307692,18.653846153846153,0.038461538461538464,0.07692307692307693,24.5,2.8461538461538463,0.5769230769230769,0.5384615384615385
P02604,female,blitz,96,2300.3333333333335,0.23544337606837606,3.3467830372242138,59.545165598290595,18.153392094017093,0.10317841880341881,0.049679487179487176,19.0,2.6043269230769233,0.5049946581196582,0.5054487179487179
P02604,female,rapid,4,2023.25,0.1623931623931624,5.072222222222222,62.43803418803419,19.946581196581196,0.06623931623931624,0.0,16.5,3.1923076923076925,0.4572649572649573,0.4850427350427351
P02605,female,blitz,32,2249.6875,0.2614182692307692,3.4936327561327563,58.19190705128205,18.227964743589745,0.06370192307692307,0.036458333333333336,14.366666666666667,2.9423076923076925,0.5641025641025641,0.5140224358974359
P02605,female,bullet,67,2251.3880597014927,0.25776304955409435,3.501824212271974,57.55296419997913,17.828504911340733,0.058950005218661936,0.01782752902155887,13.096774193548388,3.2435439353349804,0.5469952104280462,0.5248651845666772
P02605,female,rapid,1,2279.0,0.23076923076923078,3.375,57.76923076923077,17.76923076923077,0.0,0.0,30.0,3.230769230769231,0.46153846153846156,0.6153846153846154
P02606,female,blitz,48,2271.7083333333335,0.30786372192622197,2.8805360149110153,57.299618783993786,17.200902396214897,0.07661349067599067,0.04280181623931625,12.222222222222221,3.1568960553335557,0.6229508338883339,0.5815162846412847
P02606,female,bullet,52,1827.9615384615386,0.3221101014370245,2.7880799755799757,57.254999647788104,17.24045505776275,0.06823224852071007,0.025641025641025644,13.061224489795919,3.1178518596787828,0.6420664271625811,0.5289641448295295
P02607,female,blitz,11,2086.4545454545455,0.22736985236985238,3.0262265512265514,60.855672105672106,18.0263209013209,0.12247474747474749,0.045066045066045064,16.0,3.065268065268065,0.5971250971250971,0.4865967365967366
P02607,female,bullet,37,2154.5405405405404,0.27230727230727236,2.997099297099297,55.529788529788526,16.425838425838425,0.055734055734055744,0.03003003003003003,15.096774193548388,2.9040299040299042,0.5963585963585963,0.5763875763875763
P02607,female,rapid,21,1767.0,0.2615995115995116,3.4234759949045666,59.451465201465204,17.768620268620268,0.06654456654456656,0.022283272283272284,16.833333333333332,2.8974358974358974,0.5921855921855922,0.5518925518925519
P02608,female,bullet,100,1013.33,0.2866684981684982,2.5203333333333333,53.475020146520144,15.891921245421244,0.0636904761904762,0.02758241758241758,20.647058823529413,2.8142289377289376,0.5866593406593407,0.5784029304029304
P02610,female,rapid,100,2340.58,0.2479341491841492,3.252473665223665,58.24462917637918,17.596100815850818,0.06867094017094018,0.03832905982905983,15.75268817204301,2.8729090909090913,0.5514114219114219,0.530974358974359
P02611,female,blitz,6,2147.8333333333335,0.3253968253968254,2.9416666666666664,58.64041514041514,18.91758241758242,0.09401709401709402,0.025641025641025644,19.5,2.3424908424908426,0.6190476190476191,0.5958485958485958
P02611,female,rapid,12,1983.4166666666667,0.23076923076923075,3.7317550505050505,60.82051282051282,18.30769230769231,0.07692307692307693,0.05128205128205129,17.833333333333332,2.9679487179487176,0.4935897435897436,0.4294871794871795
P02612,female,blitz,1,1641.0,0.3076923076923077,3.4,57.46153846153846,18.153846153846153,0.15384615384615385,0.0,10.0,2.8461538461538463,0.6923076923076923,0.6153846153846154
P02612,female,rapid,1,1856.0,0.6153846153846154,1.4285714285714286,61.69230769230769,18.76923076923077,0.07692307692307693,0.0,35.0,2.0,0.6923076923076923,0.6153846153846154
P02617,female,blitz,97,2217.556701030928,0.27767850705995034,3.208876404237229,58.432406511014754,17.51580120910018,0.05759318001586043,0.02616970658207772,19.602272727272727,2.811496493197524,0.5544133701350196,0.5676655818408396
P02619,female,blitz,96,2603.6354166666665,0.24633959790209792,3.471661209161209,59.56878885003885,17.99411179098679,0.07859241452991454,0.043269230769230775,16.369565217391305,3.050705371017871,0.553503787878788,0.5626638986013986
P02619,female,rapid,4,2096.5,0.25,3.0595238095238093,59.07692307692307,17.826923076923077,0.13461538461538464,0.038461538461538464,11.5,2.846153846153846,0.5576923076923077,0.5769230769230769
P02620,female,blitz,75,2331.48,0.2682051282051282,2.8858154438154435,57.81311965811966,17.118589743589745,0.06871794871794873,0.031794871794871796,16.04225352112676,2.925897435897436,0.5661538461538461,0.5618803418803419
P02620,female,bullet,24,1841.6666666666667,0.3295940170940171,3.081613756613757,56.85790598290598,17.67094017094017,0.09294871794871795,0.028846153846153844,17.347826086956523,2.8333333333333335,0.655448717948718,0.5170940170940171
P02620,female,rapid,1,2012.0,0.3076923076923077,1.5,40.69230769230769,11.692307692307692,0.0,0.0,29.0,1.8461538461538463,0.6153846153846154,0.7692307692307693
P02621,female,blitz,100,2194.21,0.24433100233100233,3.173998445998446,59.64743356643356,18.156825757575756,0.08844405594405595,0.0506013986013986,18.88235294117647,2.8700116550116546,0.5203881118881118,0.5507937062937063
P02622,female,blitz,63,2206.0793650793653,0.219990194990195,3.0078312780693732,59.1526418026418,17.291340449673783,0.07500986667653335,0.041056166056166056,21.254545454545454,2.953663620330287,0.5341901925235258,0.5165676915676917
P02622,female,bullet,27,2201.0,0.25016187516187516,3.2055107957885736,59.09748584748585,17.542568542568542,0.06796906796906797,0.027421652421652423,18.28,2.956908831908832,0.6215034965034966,0.5237031487031487
P02622,female,rapid,10,2188.1,0.225,2.6087586390217967,56.21666666666666,16.02051282051282,0.06987179487179487,0.03076923076923077,25.571428571428573,2.9076923076923076,0.5121794871794872,0.542948717948718
P02623,female,blitz,79,2482.5443037974683,0.22971437844855566,3.332477367920406,58.94084712755598,17.91617981174943,0.05655631288542681,0.03018500486854917,17.085714285714285,3.0543654657578707,0.5447906523855891,0.5332684193443687
P02623,female,bullet,21,2530.0476190476193,0.19943019943019943,2.5980519480519484,57.151404151404144,17.11111111111111,0.09157509157509158,0.0638990638990639,21.61111111111111,2.455026455026455,0.5213675213675214,0.5075295075295075
P02624,female,blitz,56,2227.089285714286,0.24793123543123546,3.2758194186765617,59.20045856920857,17.729528804528805,0.09682539682539683,0.04951159951159951,19.425531914893618,2.7244477744477744,0.5430722055722056,0.5409770784770785
P02624,female,bullet,43,2218.1162790697676,0.27020653764839814,2.8653906171348034,56.78661164416978,16.628923402179215,0.07513416815742398,0.032200357781753126,18.43243243243243,2.8637380061798665,0.59932509351114,0.532362985851358
P02624,female,rapid,1,2001.0,0.3076923076923077,2.5,58.61538461538461,19.076923076923077,0.0,0.0,14.0,3.6153846153846154,0.5384615384615384,0.6153846153846154
P02625,female,blitz,74,1962.337837837838,0.2452046452046452,3.157176738426738,58.93344358344359,17.997021147021147,0.08889308889308889,0.0373065373065373,18.579710144927535,2.853005103005103,0.5307104307104307,0.541043491043491
P02625,female,bullet,6,1991.6666666666667,0.3076923076923077,3.195238095238095,58.07692307692307,17.243589743589745,0.06410256410256411,0.038461538461538464,21.166666666666668,2.743589743589743,0.6282051282051282,0.5
P02626,female,bullet,100,2264.54,0.2903752913752914,2.765356143856144,58.24459557109557,17.227810023310024,0.07706293706293707,0.036923076923076927,14.826086956521738,3.08575641025641,0.5969965034965035,0.5626748251748253
P02627,female,bullet,100,1950.34,0.27487318237318237,2.7878221500721505,58.22501914751914,16.876222111222113,0.06383838383838385,0.030909090909090914,19.608695652173914,3.0849528249528246,0.5661688311688312,0.5486016761016761
P02629,female,blitz,100,2487.71,0.25363589188589186,3.071339438339438,58.094563991563994,17.535600843600843,0.06847252747252748,0.027421911421911426,19.043478260869566,2.7941614219114217,0.5606194916194916,0.5465899655899656
P02630,female,blitz,33,1759.6363636363637,0.3152604970786789,3.1820652411561503,58.96116005206915,17.62719855901674,0.05695062513244331,0.03538885357067176,13.909090909090908,3.393901552992462,0.6341083159264977,0.573335755153937
P02630,female,bullet,2,1904.0,0.2222222222222222,2.916666666666667,61.0,17.944444444444443,0.16666666666666666,0.0,8.5,3.2222222222222223,0.611111111111111,0.4444444444444444
P02630,female,rapid,6,1172.6666666666667,0.37393162393162394,2.852777777777778,60.92115384615385,19.64636752136752,0.0717948717948718,0.016666666666666666,13.5,3.7008547008547006,0.686111111111111,0.5337606837606838
P02631,female,blitz,65,2340.153846153846,0.2416370808678501,3.1666139416139414,58.94922090729783,17.44820512820513,0.1015680473372781,0.05396449704142012,14.285714285714286,3.1992603550295855,0.5705226824457593,0.5417357001972387
P02631,female,bullet,35,2073.285714285714,0.24431568431568432,3.1809657802514946,60.29014985014985,17.834505494505496,0.1135864135864136,0.035824175824175825,13.606060606060606,3.2553446553446554,0.5467132867132867,0.5357042957042957
P02632,female,blitz,100,1440.69,0.2895254745254745,2.9375066322566323,56.858143856143855,17.011968614718615,0.09197091797091797,0.0506954711954712,14.709677419354838,2.9725348817848816,0.6408954656454656,0.5648118270618271
P02633,female,blitz,95,1688.4,0.31032000163579115,2.9883871099660575,57.69069050832209,17.327802519118308,0.0793139901034638,0.03340080971659919,17.036585365853657,2.8777475156422527,0.6441522512575145,0.5826589784484522
P02633,female,rapid,5,1856.2,0.27692307692307694,3.5766666666666667,57.52307692307693,17.6,0.07692307692307693,0.015384615384615385,13.4,3.0615384615384613,0.5230769230769231,0.6
P02634,female,blitz,6,1570.0,0.25641025641025644,3.2351190476190474,57.12820512820513,17.653846153846153,0.12820512820512822,0.05128205128205129,20.8,2.41025641025641,0.5,0.5
P02634,female,bullet,1,1913.0,0.07692307692307693,2.4285714285714284,60.23076923076923,17.076923076923077,0.0,0.0,23.0,3.0,0.46153846153846156,0.23076923076923078
P02634,female,rapid,53,2076.0754716981132,0.2587016756828078,3.5288028009726125,58.354612525838945,17.436314157540572,0.04311804547653605,0.038171262699564584,16.5,3.0381789594053745,0.5257245898755333,0.558527950037384
P02635,female,blitz,100,2401.27,0.2770734265734266,3.0056865079365083,57.48567307692308,17.27311013986014,0.09340384615384617,0.04940384615384616,18.146067415730336,2.785288461538461,0.5638776223776224,0.542993006993007
P02636,female,blitz,77,2251.6753246753246,0.2522931613840705,3.1218778696051426,59.018981018981016,17.93624557260921,0.09308872945236582,0.04595404595404596,17.753846153846155,2.9403323948778493,0.526564344746163,0.5479066388157297
P02636,female,bullet,4,2134.75,0.2692307692307693,3.259920634920635,59.11538461538461,17.923076923076923,0.17307692307692307,0.09615384615384616,14.25,2.6923076923076925,0.5384615384615384,0.5961538461538461
P02636,female,rapid,19,2106.1052631578946,0.23211875843454793,3.4849577323261536,60.635290148448036,18.507759784075574,0.05263157894736842,0.024291497975708502,17.3125,3.1288798920377867,0.49628879892037786,0.516531713900135
P02637,female,blitz,49,2397.265306122449,0.22250130821559394,3.354814176752952,60.18707482993197,18.129173207744635,0.08669544740973313,0.03296703296703297,18.844444444444445,2.8054160125588696,0.5122056514913658,0.5327838827838828
P02637,female,bullet,51,2189.8039215686276,0.2999245852187029,3.0183395580454406,59.4593137254902,17.843627450980392,0.06681749622926095,0.02609351432880845,13.938775510204081,3.1432126696832583,0.5955882352941176,0.5678733031674209
P02638,female,rapid,2,1849.0,0.3153846153846154,2.5,59.042307692307695,16.092307692307692,0.11538461538461539,0.11538461538461539,25.0,3.3269230769230766,0.39230769230769236,0.5307692307692308
P02639,female,blitz,97,2327.979381443299,0.27659705700942816,3.3461680072504816,57.2242223984492,17.10231738479161,0.0781654771345493,0.03536875495638382,20.363636363636363,2.7338972596704556,0.5823420565688607,0.5700590360384175
P02639,female,rapid,3,1876.0,0.2191142191142191,2.972222222222222,67.32214452214453,20.880652680652684,0.13752913752913754,0.0,14.333333333333334,2.774358974358974,0.5566433566433566,0.3673659673659673
P02641,female,blitz,41,2553.0,0.22793412549510111,3.3722275014957943,59.74767563060246,18.188576193454242,0.08421930373149886,0.0477381696893892,19.542857142857144,2.838982697519283,0.4952678757556807,0.5568063372941422
P02641,female,bullet,2,2041.0,0.34615384615384615,4.136363636363637,61.269230769230774,18.884615384615387,0.11538461538461539,0.038461538461538464,20.5,3.0384615384615383,0.5384615384615384,0.5769230769230769
P02642,female,blitz,29,1696.8275862068965,0.26255353841560736,2.832675466296156,56.25579592820972,17.47249302421716,0.039891143339419205,0.026525198938992044,12.964285714285714,2.864666942253149,0.5834567731119455,0.5367362522534936
P02643,female,bullet,84,2166.214285714286,0.2738858363858364,3.0869442726585583,57.435821123321126,17.064178876678877,0.08058608058608059,0.057997557997558,16.93421052631579,2.933302808302808,0.5905067155067155,0.5734890109890111
P02643,female,rapid,16,2120.25,0.25,2.8000752719502717,56.57211538461539,17.326923076923077,0.09615384615384616,0.04807692307692308,18.5625,2.6586538461538463,0.5817307692307693,0.5961538461538461
P02644,female,bullet,100,2357.69,0.2506025641025641,2.958343600843601,59.44464102564102,17.82625641025641,0.06911538461538462,0.03153846153846154,16.384615384615383,2.8684487179487177,0.5555641025641026,0.5653076923076923
P02645,female,blitz,100,2195.06,0.24299980574980576,3.2113386335886336,59.9877837995338,17.74576184926185,0.05965034965034965,0.04677020202020202,18.689655172413794,2.9791635586635583,0.5483010878010878,0.533142773892774
P02646,female,blitz,100,2475.65,0.1977109557109557,3.5094788283611815,59.35759673659673,17.958665501165502,0.05558857808857809,0.025384615384615387,19.63736263736264,2.7902750582750584,0.48694405594405593,0.47546037296037297
P02647,female,blitz,87,2337.2183908045977,0.25633255633255636,3.097005102177516,58.046189570327506,17.46444864203485,0.06854799096178407,0.03875135082031634,18.3,2.9010819959095824,0.5208021863194277,0.5466070966070966
P02648,female,bullet,100,2479.58,0.28564102564102567,2.8636548729048728,59.3646688034188,17.682051282051283,0.06692307692307692,0.027692307692307693,16.852631578947367,2.9687393162393163,0.5863675213675213,0.5651923076923078
P02649,female,blitz,50,1380.46,0.2544997224997225,3.145332611832612,59.43869197469198,17.83639072039072,0.046713286713286714,0.012587412587412588,16.659574468085108,2.987268065268065,0.5611386391386392,0.5378419358419358
P02649,female,bullet,45,1037.9333333333334,0.27124875124875125,2.80494708994709,58.11053613053613,17.61303141303141,0.05814407814407815,0.046422466422466425,19.625,2.954725274725275,0.5592074592074592,0.5492884892884893
P02649,female,rapid,5,1844.2,0.16923076923076924,3.5047619047619043,63.72307692307693,18.16923076923077,0.07692307692307693,0.03076923076923077,13.75,2.753846153846154,0.49230769230769234,0.5384615384615385
P02650,female,blitz,9,2304.4444444444443,0.24145299145299148,2.8285714285714283,59.57122507122507,18.27065527065527,0.10256410256410257,0.07763532763532763,17.75,2.839031339031339,0.5185185185185186,0.5014245014245015
P02650,female,bullet,23,2073.521739130435,0.3046518698692612,3.099648298561342,59.483429613864395,17.5491030708422,0.11158406810580725,0.03678929765886288,15.31578947368421,2.9030100334448163,0.6181210094253572,0.6001824262693828
P02650,female,rapid,1,1818.0,0.38461538461538464,2.0,51.84615384615385,14.615384615384615,0.0,0.07692307692307693,27.0,2.4615384615384617,0.6923076923076923,0.8461538461538461
P02651,female,blitz,38,2119.5,0.2773841655420603,2.856079678835097,60.38742690058479,18.67324561403509,0.09216149347728295,0.045040485829959516,15.647058823529411,2.8586369770580298,0.5815339631129105,0.5398672964462438
P02651,female,bullet,38,1777.6052631578948,0.2604128327812538,2.690642325510747,56.12863963521858,16.863960965934652,0.05904183535762483,0.04633633909949699,21.454545454545453,2.857560933218828,0.5909244264507422,0.5713639430744694
P02652,female,bullet,100,2762.83,0.28117274392274394,2.9700855729238085,57.376135198135195,16.94618953268953,0.09120493395493395,0.041673076923076924,18.47945205479452,2.728500610500611,0.5919089244089244,0.5706639194139194
P02653,female,blitz,66,2063.939393939394,0.24174436674436675,3.036148153193608,60.10013597513597,18.285742035742036,0.08857808857808859,0.030303030303030304,16.30909090909091,2.812354312354312,0.5674048174048174,0.5557498057498058
P02653,female,rapid,10,1612.5,0.23076923076923078,3.518474025974026,60.56153846153846,18.43846153846154,0.13846153846153847,0.023076923076923078,14.444444444444445,2.946153846153846,0.5538461538461539,0.46923076923076923
P02654,female,blitz,43,2129.2558139534885,0.25720035778175315,3.3553760193295075,59.01121546412244,18.05365235539654,0.07973563903796463,0.025044722719141328,19.92105263157895,2.7504124428543033,0.5600725501888293,0.5675362750944146
P02655,female,blitz,24,1916.3333333333333,0.22195512820512822,2.837807794057794,58.90651709401709,17.53311965811966,0.0608974358974359,0.038461538461538464,18.85,2.8178418803418803,0.4951923076923077,0.547542735042735
P02655,female,bullet,26,1486.3076923076924,0.3167473552088937,2.8063672438672436,58.67670790747714,17.11832078178232,0.0626232741617357,0.04516317016317017,17.8,2.9151873767258385,0.5686973283127129,0.5767437690514614
P02655,female,rapid,3,1737.0,0.2692307692307692,3.0277777777777772,56.519230769230774,17.621794871794872,0.2435897435897436,0.025641025641025644,30.0,2.33974358974359,0.5064102564102564,0.6153846153846154
P02656,female,blitz,90,2616.188888888889,0.23008309591642925,3.273342213342213,58.93732905982906,17.824057454890788,0.07401234567901235,0.036431623931623934,19.623376623376622,2.81443257359924,0.5282098765432099,0.543107787274454
P02656,female,bullet,7,1976.857142857143,0.2417582417582418,2.9819160997732426,62.83516483516484,19.64835164835165,0.1098901098901099,0.03296703296703297,15.0,3.0,0.5604395604395604,0.4175824175824176
P02657,female,blitz,99,1973.79797979798,0.2559334604789151,3.2781985661570987,60.03303430576158,18.12280144098326,0.052188552188552194,0.01693214193214193,18.623655913978496,2.8632920110192837,0.5406130065220974,0.5381436745073109
P02657,female,rapid,1,1782.0,0.5384615384615384,2.7142857142857144,58.69230769230769,15.923076923076923,0.15384615384615385,0.0,9.0,3.923076923076923,0.6923076923076923,0.8461538461538461
P02658,female,bullet,100,2630.4,0.2555278887778888,3.0513539932289935,57.807999000999,17.388721805971805,0.06555769230769232,0.04484615384615385,15.191011235955056,3.053649988899989,0.5338964923964924,0.5692638195138195
P02659,female,blitz,93,2180.8172043010754,0.24870183579861,3.1186152855507694,58.53562530659305,17.801871784129847,0.08837757224854,0.045861844248941026,18.2125,2.871452024677831,0.5579502934341645,0.5382091027252318
P02659,female,rapid,7,1754.4285714285713,0.2857142857142857,3.097909163665466,59.96703296703296,18.076923076923077,0.0989010989010989,0.01098901098901099,18.0,3.0989010989010985,0.6043956043956044,0.5384615384615384
P02660,female,blitz,100,1872.16,0.23889665889665893,3.5107102897102895,58.76050932400933,17.860030303030303,0.06258391608391609,0.03789199689199689,22.466666666666665,3.021622377622377,0.5065097125097126,0.5062859362859363
P02661,female,blitz,14,1756.642857142857,0.2561813186813187,2.920379818594104,59.32898351648351,17.622252747252748,0.09340659340659341,0.04395604395604396,17.384615384615383,3.1813186813186816,0.6600274725274725,0.5233516483516484
P02663,female,blitz,56,2436.875,0.2467687074829932,3.0102525202971635,59.2715070643642,17.8896978021978,0.07051282051282051,0.02197802197802198,17.375,2.864233385661957,0.5530154369440085,0.5881868131868132
P02663,female,bullet,18,2191.4444444444443,0.28005698005698004,2.72555114638448,55.77264957264957,15.566239316239315,0.0704653371320038,0.023266856600189935,18.705882352941178,3.054700854700855,0.64002849002849,0.6143874643874644
P02663,female,rapid,26,1867.2692307692307,0.24725274725274726,2.9777108575185496,59.05071851225697,17.590870667793745,0.07100591715976332,0.026627218934911243,16.88,3.0333896872358412,0.5896027049873204,0.5456466610312763
P02667,female,blitz,1,2179.0,0.38461538461538464,2.625,54.84615384615385,15.538461538461538,0.15384615384615385,0.0,,2.6923076923076925,0.8461538461538461,0.6153846153846154
P02667,female,bullet,65,2209.0923076923077,0.2907163349471042,2.691032856032856,57.09031289223597,17.166074950690337,0.07344450421373498,0.03313609467455622,16.983870967741936,3.1916980455441992,0.6192935269858346,0.5712883270575578
P02667,female,rapid,34,2131.3529411764707,0.24962251800487092,3.1347042663219136,56.503123020770076,16.86413431339902,0.05307045895281189,0.03823529411764706,20.551724137931036,2.840834410687352,0.5853774493480376,0.5649066619654856
P02668,female,rapid,100,1915.67,0.2408818958818959,3.455541042291042,58.68991452991453,17.62972222222222,0.07055944055944056,0.032435897435897434,19.3,2.9877000777000777,0.549446386946387,0.536017871017871
P02669,female,bullet,100,2216.61,0.24253846153846154,2.9145459262959266,58.78361538461539,18.135384615384613,0.06430769230769232,0.04353846153846155,14.195652173913043,3.2389230769230766,0.5360769230769231,0.5431538461538462
P02670,female,blitz,100,2224.99,0.2543331668331668,3.3551626984126983,58.48067116217116,17.69592157842158,0.09120962370962371,0.05104095904095904,20.602564102564102,2.7541153846153845,0.5667800532800533,0.5408140193140194
P02671,female,blitz,11,1979.7272727272727,0.2632090132090132,2.666955266955267,60.11013986013986,17.73679098679099,0.0977078477078477,0.03496503496503497,20.636363636363637,2.9054001554001556,0.6616161616161617,0.5524475524475524
P02671,female,bullet,13,1696.0,0.32188004303388923,2.8787046287046283,59.62343105612336,18.6566702528241,0.061256051640667025,0.00591715976331361,20.5,3.0126636184328492,0.6758337816030124,0.43744396629012017
P02671,female,rapid,11,1962.909090909091,0.28607755880483154,3.2912337662337663,60.71201525746981,18.83110828565374,0.101716465352829,0.013986013986013986,17.5,3.1258741258741263,0.6467471922017377,0.4399237126509854
P02672,female,blitz,26,1765.1538461538462,0.25082481620943164,2.625869963369963,57.6192173211404,17.638766361843285,0.0656266810112964,0.02366863905325444,20.363636363636363,2.8468352160659856,0.5357270934194012,0.519445938676708
P02672,female,rapid,4,2018.0,0.28846153846153844,2.4016233766233768,57.82692307692308,16.326923076923077,0.057692307692307696,0.057692307692307696,21.5,3.0384615384615383,0.5192307692307693,0.5769230769230769
P02674,female,blitz,56,2689.3035714285716,0.2704408686551544,3.0169816790352506,58.41149921507064,17.793318288854003,0.09332482993197279,0.03414442700156986,17.38,3.081191130298273,0.5659504186289901,0.5479461015175301
P02674,female,bullet,43,2674.9767441860463,0.28573751829565786,2.9099348971441996,58.01398601398601,17.617498780289477,0.06976744186046512,0.032200357781753126,11.214285714285714,3.309969100666775,0.5682224751992194,0.5687103594080338
P02674,female,rapid,1,2308.0,0.23076923076923078,3.75,62.76923076923077,20.0,0.0,0.0,36.0,2.230769230769231,0.5384615384615384,0.3076923076923077
P02675,female,blitz,42,1963.6190476190477,0.2710487924773639,3.0677257266542983,58.78424313781457,17.31014699586128,0.05692918192918193,0.029304029304029304,15.027777777777779,3.0647245611531324,0.5810181881610453,0.5144411144411145
P02675,female,rapid,4,2120.5,0.3076923076923077,3.447916666666667,62.21153846153846,19.192307692307693,0.038461538461538464,0.0,18.75,3.5,0.5384615384615384,0.6153846153846154
P02676,female,blitz,76,2254.6447368421054,0.23223121907332436,3.1901785714285715,59.39574898785425,17.429712100764732,0.08502024291497975,0.05060728744939271,20.318840579710145,3.097053531264058,0.49730094466936575,0.5291273054430949
P02676,female,rapid,24,2090.0,0.3019230769230769,2.7392689486439488,58.97435897435898,17.960897435897436,0.0673076923076923,0.041666666666666664,20.157894736842106,2.823717948717949,0.5858974358974359,0.5814102564102565
P02677,female,blitz,40,1910.125,0.29671911421911423,3.115319264069264,59.50351689976689,17.85946386946387,0.10631410256410256,0.047080419580419586,18.676470588235293,2.90419289044289,0.5574737762237763,0.5360722610722611
P02677,female,rapid,2,2548.0,0.2692307692307693,3.0999999999999996,61.5,19.384615384615387,0.07692307692307693,0.07692307692307693,19.0,2.576923076923077,0.6153846153846154,0.5
P02678,female,blitz,3,1960.0,0.3384615384615384,2.777777777777778,55.87435897435898,17.115384615384617,0.11025641025641027,0.05897435897435898,22.0,3.0794871794871796,0.4230769230769231,0.5333333333333333
P02678,female,rapid,15,1907.3333333333333,0.2230769230769231,3.2596398046398045,60.36666666666667,18.343162393162395,0.10897435897435898,0.05128205128205129,24.6,2.714529914529914,0.5273504273504274,0.5158119658119659
P02679,female,blitz,37,1936.1891891891892,0.30595403095403095,3.0015336765336764,57.79682374682374,17.015176715176715,0.0746130746130746,0.023937398937398935,21.366666666666667,2.664015939015939,0.602852852852853,0.5705936705936706
P02679,female,bullet,26,1545.3846153846155,0.2892551892551892,3.4474358974358976,57.264379637456564,16.944331736639427,0.09687705456936226,0.06479289940828402,18.8125,2.5781018127171973,0.6261810838733916,0.557711092326477
P02679,female,rapid,37,2209.5135135135133,0.2306988806988807,3.2357835107835107,57.646525546525545,16.791553791553792,0.044005544005544,0.027578277578277584,22.185185185185187,2.8373359373359377,0.5238203238203237,0.5246120246120246
P02680,female,blitz,62,2153.1129032258063,0.28671078025916735,3.222288553740167,58.03092087124345,17.444458229942104,0.06137303556658396,0.03063826854149435,17.923076923076923,2.9345809208712432,0.5720843672456576,0.5841397849462366
P02680,female,bullet,31,2058.032258064516,0.2586911296588716,2.754502397244333,59.22434017595308,18.18463794270246,0.07530641401609144,0.02343534601599118,18.551724137931036,2.8479960899315735,0.5441637215830764,0.5329974684813394
P02680,female,rapid,7,2079.714285714286,0.21821036106750394,3.4991496598639458,57.57927786499215,16.164835164835164,0.08634222919937207,0.08791208791208792,15.0,3.241758241758242,0.5416012558869702,0.3924646781789639
P02681,female,blitz,14,1866.5714285714287,0.2710622710622711,2.859297052154195,59.22161172161172,17.98901098901099,0.06593406593406594,0.03296703296703297,12.846153846153847,3.3846153846153846,0.5402930402930403,0.5421245421245422
P02682,female,blitz,96,1697.5729166666667,0.27836656977281976,3.248155287999038,59.14630991115366,17.78127775002775,0.08387966200466201,0.044596809440559444,15.443181818181818,3.045509698634699,0.6089040878103379,0.5451338591963591
P02682,female,rapid,4,1476.25,0.23076923076923078,2.588789682539683,57.67307692307692,17.96153846153846,0.019230769230769232,0.0,16.0,3.076923076923077,0.5192307692307693,0.5192307692307693
P02683,female,blitz,100,1983.11,0.2749337606837607,3.063792568542569,57.17580769230769,17.21899358974359,0.07366666666666667,0.04212820512820513,20.670454545454547,2.853344017094017,0.5374358974358975,0.5465598290598291
P02685,female,blitz,4,2215.5,0.25,3.544751082251082,59.92307692307692,17.923076923076923,0.038461538461538464,0.0,18.5,3.0576923076923075,0.5384615384615384,0.6153846153846154
P02685,female,rapid,7,2238.0,0.23076923076923078,3.208333333333333,60.75824175824175,18.65934065934066,0.06593406593406594,0.05494505494505495,18.285714285714285,2.9120879120879124,0.5054945054945055,0.4175824175824176
P02687,female,blitz,91,2022.076923076923,0.2933361510284587,3.07474811513273,59.143181177796556,17.778773363388748,0.07971729125575279,0.04867568329106791,20.833333333333332,2.613306565229642,0.5821616417770263,0.6015873015873017
P02687,female,rapid,9,1835.111111111111,0.28205128205128205,3.294108669108669,58.74358974358975,17.76923076923077,0.042735042735042736,0.025641025641025644,21.0,2.6495726495726495,0.5982905982905984,0.5811965811965812
P02689,female,blitz,5,1765.2,0.28205128205128205,2.615873015873016,56.95,18.266666666666666,0.03076923076923077,0.07692307692307693,16.0,2.8846153846153846,0.5653846153846154,0.5192307692307693
P02689,female,bullet,95,1924.0736842105264,0.2559041835357625,3.2621749449381023,58.02272604588394,17.97980431848853,0.06787674313990104,0.036221322537112015,14.098901098901099,3.1619635627530362,0.4944804318488529,0.5784143049932523
P02690,female,blitz,45,2153.777777777778,0.2544048544048544,3.489388327721661,59.32826802826803,18.005605505605505,0.07241647241647242,0.05081585081585081,18.88095238095238,2.9087135087135088,0.5351130351130351,0.5545158545158545
P02690,female,bullet,43,1939.7441860465117,0.24362949711786921,3.1127119650375468,59.88278672232161,18.19878751739217,0.06135957066189624,0.031206519578612604,18.973684210526315,2.713377062214272,0.5466507652554164,0.5612204333134566
P02690,female,rapid,12,1821.5,0.25641025641025644,3.4946488696488696,61.705128205128204,18.794871794871796,0.14743589743589744,0.08333333333333333,22.454545454545453,2.621794871794872,0.5128205128205129,0.4679487179487179
P02693,female,blitz,1,2137.0,0.23076923076923078,2.0,61.84615384615385,17.53846153846154,0.23076923076923078,0.07692307692307693,11.0,3.4615384615384617,0.7692307692307693,0.6153846153846154
P02693,female,bullet,2,1483.5,0.3076923076923077,3.0,65.46153846153845,21.23076923076923,0.0,0.0,19.0,2.5,0.6923076923076923,0.5384615384615384
P02693,female,rapid,4,1988.0,0.19230769230769232,3.34375,62.98076923076923,19.634615384615383,0.038461538461538464,0.019230769230769232,16.0,3.7115384615384617,0.46153846153846156,0.5
P02694,female,blitz,23,1576.9130434782608,0.27959866220735785,3.5332423615032313,58.25808249721293,18.116164994425866,0.06410256410256411,0.026755852842809368,16.863636363636363,3.019732441471572,0.5503901895206242,0.49375696767001115
P02694,female,rapid,15,1981.9333333333334,0.24923076923076923,3.5315055315055313,59.22871794871795,18.121538461538464,0.0717948717948718,0.05128205128205129,17.0,3.144615384615385,0.5594871794871795,0.5323076923076923
P02695,female,blitz,37,2058.675675675676,0.23699761199761202,3.1867195117195117,58.96311196311196,17.581781206781205,0.0605974355974356,0.03556841056841057,18.575757575757574,2.6943746943746945,0.5236467736467736,0.559000684000684
P02696,female,blitz,1,1933.0,0.23076923076923078,1.875,59.07692307692308,19.692307692307693,0.3076923076923077,0.07692307692307693,,1.9230769230769231,0.5384615384615384,0.6923076923076923
P02696,female,rapid,3,2208.6666666666665,0.3230769230769231,2.801587301587302,62.374358974358984,19.2974358974359,0.2282051282051282,0.09230769230769231,25.0,2.4025641025641025,0.6282051282051282,0.6205128205128205
P02697,female,blitz,7,1584.7142857142858,0.3144355644355645,2.7681972789115648,51.090659340659336,15.135864135864136,0.04395604395604396,0.01098901098901099,21.333333333333332,2.2667332667332665,0.6376123876123876,0.6113886113886114
P02697,female,rapid,2,1191.0,0.5,2.8333333333333335,55.97916666666667,16.833333333333332,0.16666666666666666,0.0,21.5,2.854166666666667,0.875,0.7291666666666667
P02698,female,blitz,50,1986.66,0.28074125874125877,3.3536284271284273,58.18395221445221,17.9262972027972,0.09982051282051282,0.053910256410256416,21.391304347826086,2.770993006993007,0.6134603729603729,0.5733834498834499
P02698,female,bullet,21,1967.2857142857142,0.3307895807895808,2.622826908541194,57.3444240944241,17.626577126577125,0.11212861212861214,0.055250305250305255,16.5,2.6389906389906392,0.6256613756613757,0.6172161172161172
P02698,female,rapid,26,1886.1923076923076,0.22781065088757396,3.216585865115277,59.778106508875744,18.653846153846153,0.08579881656804735,0.0591715976331361,18.210526315789473,2.665680473372781,0.5088757396449705,0.4940828402366864
P02699,female,blitz,58,1998.2068965517242,0.26604214750766475,3.087480718515201,60.19048537669227,18.38942910537738,0.07839100554617796,0.022546419098143235,16.372549019607842,2.7222945158289984,0.584001774087981,0.5740698956216197
P02700,female,blitz,11,2379.3636363636365,0.2579995761813944,3.3704545454545456,53.78830260648442,16.631171858444585,0.0813201949565586,0.029243483788938332,15.454545454545455,2.6458465776647597,0.5718372536554355,0.5431765204492477
P02700,female,bullet,89,2391.0898876404494,0.27758571016997985,2.606133192650047,57.172284644194754,17.08362143474503,0.07519446845289542,0.04753673292999136,16.025,2.9586574474214924,0.6104868913857678,0.5519302794583694
P02701,female,blitz,92,2253.5978260869565,0.2543204078530166,3.0814492874275485,58.202028134908566,16.994425954480302,0.08362398471094123,0.040705128205128206,20.4375,3.0664644232579015,0.5499174738305174,0.5438999406390711
P02701,female,bullet,2,1950.5,0.19930069930069932,3.1,62.86013986013985,19.548951048951047,0.0,0.0,24.5,2.9895104895104896,0.48951048951048953,0.534965034965035
P02701,female,rapid,6,2151.6666666666665,0.3183760683760684,2.428571428571429,57.20405982905982,16.0267094017094,0.06623931623931624,0.025641025641025644,25.4,3.0085470085470085,0.576923076923077,0.577991452991453
P02702,female,blitz,4,1992.25,0.15384615384615385,3.0875,57.96153846153846,17.807692307692307,0.17307692307692307,0.038461538461538464,16.0,2.5384615384615383,0.5769230769230769,0.5384615384615384
P02702,female,bullet,33,1966.5757575757575,0.22513597513597514,3.137049062049062,57.304390054390055,17.620629370629374,0.07012432012432013,0.023310023310023312,21.344827586206897,3.2072649572649574,0.5392385392385393,0.5258352758352758
P02702,female,rapid,1,2079.0,0.5384615384615384,2.5,48.30769230769231,13.153846153846153,0.0,0.0,,1.4615384615384615,0.9230769230769231,0.6923076923076923
P02704,female,blitz,5,2465.8,0.21794871794871798,2.79978021978022,56.88974358974359,18.77948717948718,0.10769230769230771,0.03076923076923077,15.0,2.717948717948718,0.482051282051282,0.6384615384615385
P02704,female,bullet,94,2288.8617021276596,0.24981431098452378,3.1650816677412426,58.53071618098214,17.9187256301618,0.08544735406437536,0.04187124931805783,16.0,2.988105275339318,0.5755150582278241,0.5458803902952839
P02704,female,rapid,1,2032.0,0.07692307692307693,3.75,63.69230769230769,21.692307692307693,0.0,0.0,13.0,3.3846153846153846,0.38461538461538464,0.38461538461538464
P02705,female,blitz,99,2452.8888888888887,0.22839231475595115,3.3111720490508367,59.443108630987425,17.701512796967343,0.09184031456758729,0.04216406489133762,20.436781609195403,3.0261633428300097,0.5131250343371555,0.5370405688587507
P02705,female,bullet,1,2289.0,0.38461538461538464,2.5,62.53846153846154,18.076923076923077,0.3076923076923077,0.07692307692307693,14.0,4.0,0.7692307692307693,0.6923076923076923
P02707,female,blitz,97,2196.855670103093,0.25299786124528395,3.10124601915839,56.739949054382045,16.969000072092854,0.06608511763150939,0.045202220459952425,22.457831325301203,2.7016317016317015,0.5472568668444957,0.5428592026530171
P02707,female,bullet,3,1867.0,0.23076923076923075,2.8222222222222224,56.820512820512825,16.974358974358974,0.07692307692307693,0.10256410256410257,18.0,2.6153846153846154,0.5128205128205129,0.5641025641025641
P02708,female,blitz,67,2485.10447761194,0.2579224258328736,3.0759037811276615,58.95624773236713,18.150311131654416,0.09358427642009731,0.03561861024547592,18.963636363636365,2.7539723957634403,0.554377214824976,0.5518660444033578
P02708,female,bullet,2,2331.0,0.3076923076923077,2.8055555555555554,60.730769230769226,19.03846153846154,0.11538461538461539,0.038461538461538464,9.5,3.5769230769230766,0.7307692307692308,0.6153846153846154
P02708,female,rapid,31,2057.0,0.2540362862943508,3.9022634175859983,60.23579646160291,18.526151268086753,0.10785988205343043,0.0467919177596597,18.9,3.079340014823886,0.5535110051239084,0.4617640424092037
P02709,female,blitz,21,2615.809523809524,0.27472527472527475,3.6393824429538713,57.476190476190474,16.978021978021978,0.06227106227106227,0.03663003663003663,20.0,2.9304029304029307,0.5677655677655677,0.5531135531135531
P02709,female,bullet,79,2162.0506329113923,0.3047015923598202,2.983109576780463,59.10359756277478,18.174052108229322,0.06131249200869455,0.02787244401168452,13.987012987012987,3.176493267632508,0.6205590471413257,0.5431532953684853
P02711,female,blitz,2,2114.5,0.38461538461538464,2.5625,55.30769230769231,16.346153846153847,0.07692307692307693,0.07692307692307693,14.5,3.269230769230769,0.6153846153846154,0.7692307692307693
P02711,female,bullet,4,2023.75,0.23076923076923078,2.75,56.55769230769231,16.25,0.11538461538461539,0.019230769230769232,21.0,2.2884615384615383,0.5384615384615384,0.4807692307692308
P02712,female,blitz,74,1933.3783783783783,0.31411988911988914,3.035755198255198,58.92699237699238,17.59388426888427,0.0817914067914068,0.023492723492723494,20.107692307692307,2.8095807345807344,0.6180353430353431,0.6132016632016632
P02712,female,rapid,26,1787.0384615384614,0.27514792899408286,3.2626554001554,61.473372781065095,18.002218934911244,0.08284023668639054,0.03550295857988166,22.8,2.9038461538461537,0.5414201183431953,0.5650887573964497
P02713,female,blitz,47,2479.340425531915,0.23338788870703764,3.3936300696939,58.94631751227496,17.42847790507365,0.05941080196399346,0.03813420621931261,20.195121951219512,2.9662847790507367,0.5374795417348609,0.5152209492635025
P02713,female,bullet,53,2406.603773584906,0.28011611030478956,2.9526273516839554,59.236574746008706,17.525399129172712,0.07982583454281568,0.03483309143686503,16.74,3.2322206095791004,0.6081277213352686,0.5820029027576198
P02714,female,blitz,25,1803.64,0.24846153846153846,3.500285714285714,58.77576923076923,17.17602564102564,0.0885897435897436,0.041282051282051285,19.416666666666668,2.741153846153846,0.5114102564102564,0.5233333333333333
P02714,female,bullet,74,1759.662162162162,0.2598488973488974,3.0583557583557583,59.32343058593058,17.578597341097343,0.056228756228756234,0.03164256914256914,19.3943661971831,2.8132902007902008,0.5378987753987754,0.5122144372144373
P02714,female,rapid,1,1860.0,0.38461538461538464,2.5,58.69230769230769,18.846153846153847,0.15384615384615385,0.0,11.0,2.230769230769231,0.5384615384615384,0.5384615384615384
P02715,female,blitz,2,2378.0,0.3076923076923077,2.35,58.80769230769231,17.576923076923077,0.11538461538461539,0.0,14.5,3.4615384615384617,0.6923076923076923,0.5769230769230769
P02715,female,bullet,98,1993.234693877551,0.2565069850784137,3.0702493934636794,56.770620649192075,16.76331922046208,0.07181231466945753,0.04615582829868545,19.873417721518987,2.7563420706277846,0.5794602223173652,0.5301397015682731
P02716,female,blitz,100,2735.27,0.2669786324786325,3.060035317623553,57.91301221001221,17.40099023199023,0.05726923076923077,0.03153846153846154,16.642105263157895,3.1096153846153847,0.5774566544566544,0.5708901098901099
P02717,female,blitz,92,2562.2608695652175,0.2399665551839465,3.266960123210123,58.40886287625418,17.73913043478261,0.061872909698996656,0.0234113712374582,15.067415730337078,3.016722408026756,0.5309364548494984,0.5334448160535118
P02717,female,bullet,8,1948.0,0.25,3.453174603174603,60.36538461538461,18.201923076923077,0.08653846153846154,0.019230769230769232,13.25,2.9903846153846154,0.5673076923076923,0.5
P02720,female,blitz,25,2433.96,0.26666666666666666,2.6692417582417587,56.44282051282051,17.360128205128206,0.10487179487179488,0.03384615384615385,18.0,3.026923076923077,0.5571794871794872,0.6012820512820514
P02720,female,bullet,75,2474.04,0.28991452991452993,2.6525084545084545,56.25299145299146,16.938347578347578,0.05641025641025641,0.028148148148148148,16.02777777777778,3.151111111111111,0.5840455840455842,0.5698005698005698
P02721,female,blitz,66,1844.9848484848485,0.29300699300699307,2.9386923818407773,59.092395104895104,17.90113636363636,0.0648018648018648,0.02403846153846154,14.548387096774194,2.8610431235431233,0.6167540792540793,0.5713869463869463
P02721,female,bullet,28,1723.142857142857,0.31112637362637363,2.8323166223010943,56.127747252747255,16.863324175824175,0.06043956043956045,0.016483516483516484,14.74074074074074,2.7527472527472527,0.6586538461538461,0.6246565934065934
P02723,female,blitz,25,1804.92,0.27760683760683763,3.1942844932844934,59.54324786324786,17.736410256410256,0.06153846153846154,0.04752136752136752,18.736842105263158,3.064273504273504,0.6064957264957265,0.5911111111111111
P02723,female,rapid,13,1962.3846153846155,0.23076923076923078,3.00006105006105,61.28994082840237,19.02958579881657,0.10059171597633136,0.04733727810650888,24.846153846153847,2.7810650887573964,0.5502958579881657,0.5029585798816568
P02724,female,blitz,33,1976.3636363636363,0.29490358126721766,3.328968253968254,59.424364272091545,18.427332768241858,0.09395881895881897,0.024009324009324012,15.878787878787879,3.252293918203009,0.6060853288126016,0.5493377834286924
P02724,female,rapid,24,2028.4583333333333,0.30795130795130793,2.642727873977874,60.30335405335405,18.187532375032376,0.11004273504273504,0.03583916083916084,15.85,2.9863377363377364,0.6227984977984978,0.5188746438746439
P02725,female,blitz,100,2288.7,0.2555211455211455,3.175887570762571,58.25961721611721,16.897480352980352,0.08089010989010989,0.04567948717948719,16.266666666666666,3.00080352980353,0.5674027639027639,0.5616591741591742
P02726,female,blitz,11,1584.3636363636363,0.3363442113442114,2.626859504132231,54.82051282051282,15.935314685314687,0.0743006993006993,0.013986013986013986,20.545454545454547,2.800699300699301,0.6529720279720279,0.5141802641802642
P02727,female,blitz,12,2222.25,0.27564102564102566,3.6214285714285714,58.666666666666664,18.05128205128205,0.14743589743589744,0.038461538461538464,16.083333333333332,2.9615384615384617,0.5705128205128206,0.5448717948717948
P02727,female,bullet,14,1925.7142857142858,0.2857142857142857,3.586139455782313,57.291208791208796,16.895604395604398,0.07142857142857142,0.03846153846153847,18.166666666666668,3.098901098901099,0.5164835164835165,0.5824175824175823
P02728,female,bullet,98,2007.8775510204082,0.2896871835647346,2.7592609771181205,57.10566542301236,17.141385825059295,0.05254354489048367,0.014128728414442699,18.373626373626372,3.0209280515402965,0.640134695236736,0.599391594799758
P02728,female,rapid,2,1934.5,0.42307692307692313,1.7666666666666666,62.230769230769226,19.923076923076923,0.038461538461538464,0.0,18.5,2.5384615384615383,0.5769230769230769,0.6538461538461539
P02729,female,blitz,61,2573.2622950819673,0.2672191196781361,3.081809894273732,58.514381793070314,17.613553113553113,0.07566204287515764,0.04287515762925599,18.4375,2.986128625472888,0.5836636041554074,0.563336936287756
P02729,female,bullet,17,2225.6470588235293,0.2723981900452489,3.13781512605042,57.479185520361995,16.85927601809955,0.06470588235294118,0.04208144796380091,16.6875,3.4343891402714934,0.5692307692307693,0.5561085972850679
P02730,female,blitz,7,1796.142857142857,0.26263736263736265,2.846768707482993,55.247252747252745,16.525274725274723,0.05824175824175824,0.02197802197802198,13.285714285714286,3.3626373626373627,0.5505494505494506,0.5472527472527473
P02731,female,blitz,10,1667.6,0.3230769230769231,2.5802525252525252,59.676923076923075,17.3,0.07692307692307693,0.046153846153846156,11.333333333333334,3.230769230769231,0.7,0.5307692307692308
P02731,female,bullet,25,1960.88,0.2806153846153846,2.699555555555556,56.98276923076923,16.663384615384615,0.07876923076923077,0.032615384615384616,13.142857142857142,3.0553846153846154,0.5501538461538462,0.5698461538461539
P02731,female,rapid,34,1330.4411764705883,0.2996552467140703,2.9774997877939056,56.853706097823746,16.668045679810383,0.1026395173453997,0.051809954751131225,13.125,3.1355957767722473,0.6391079508726568,0.5287438052143935
P02732,female,blitz,99,2455.848484848485,0.27461562007016554,3.1099598434526663,57.78424925243107,17.7670116079207,0.07652044924772199,0.0359480586753314,16.80851063829787,3.2114795978432342,0.5811906948270584,0.5455899319535683
P02732,female,rapid,1,2121.0,0.23076923076923078,3.4285714285714284,59.15384615384615,19.076923076923077,0.0,0.0,12.0,2.6153846153846154,0.38461538461538464,0.6153846153846154
P02733,female,rapid,1,1043.0,0.38461538461538464,2.4444444444444446,61.07692307692308,18.923076923076923,0.07692307692307693,0.07692307692307693,11.0,2.923076923076923,0.6923076923076923,0.8461538461538461
P02734,female,blitz,49,1893.5714285714287,0.273499742887498,3.0501943634596693,59.61497334864682,17.69124979329061,0.07113464766525991,0.031172908723929135,20.153846153846153,2.7876350406962653,0.5751223832856486,0.5721470139837487
P02734,female,bullet,17,1794.764705882353,0.32051282051282054,2.5846171802054156,58.050904977375566,17.522247360482655,0.1048265460030166,0.027903469079939666,16.6875,3.2281297134238307,0.6161387631975868,0.5395927601809954
P02734,female,rapid,34,2228.470588235294,0.23424908424908425,3.5734084542908073,59.450716440422326,17.77760180995475,0.04266321913380738,0.0248868778280543,17.14814814814815,2.6468110321051497,0.5457821590174532,0.5448717948717948
P02736,female,blitz,19,1422.1052631578948,0.2899074609600925,2.597013366750209,57.06362058993638,16.89415847310584,0.06477732793522267,0.03643724696356275,23.555555555555557,2.339358010410642,0.6388085598611914,0.601792943898207
P02736,female,rapid,81,1776.111111111111,0.2782311652682023,3.059360358434432,58.53930979856906,17.46938082493638,0.07009314416721824,0.0330311663644997,19.45205479452055,3.074951043469562,0.5740221369851,0.5466256651441836
P02737,female,blitz,40,1133.875,0.25630341880341884,2.9662400793650794,57.38275641025641,16.71549145299145,0.04700854700854701,0.04230769230769231,21.771428571428572,3.1866880341880344,0.579551282051282,0.575982905982906
P02737,female,bullet,2,1721.5,0.35384615384615387,3.583333333333333,55.49230769230769,16.257692307692306,0.0,0.0,13.5,3.55,0.6576923076923077,0.5961538461538461
P02737,female,rapid,17,1597.0588235294117,0.29690570867041455,2.7471988795518207,55.116001645413405,16.06554230083642,0.06334841628959277,0.0497737556561086,23.714285714285715,2.9563508387037802,0.5517619635266694,0.5636455048219754
P02738,female,blitz,58,1265.896551724138,0.3002213303937442,3.0751762126762126,57.02599412082171,16.4857771538806,0.0624447391688771,0.04918213969938108,19.471698113207548,3.177516449068173,0.6069706155913053,0.5719984038949556
P02738,female,rapid,42,1495.4761904761904,0.29326995755567187,3.271426853569711,57.245584045584046,16.73949938949939,0.05128205128205129,0.05,22.341463414634145,2.978696435839293,0.5961654747369034,0.58289726146869
P02739,female,blitz,3,1230.6666666666667,0.3333333333333333,3.255555555555555,54.48717948717948,16.333333333333332,0.025641025641025644,0.0,18.0,2.8205128205128207,0.4615384615384615,0.6410256410256411
P02739,female,rapid,24,1366.2916666666667,0.2435897435897436,3.3616973304473308,59.41346153846154,17.919871794871796,0.019230769230769232,0.012820512820512822,15.0,3.1666666666666665,0.5512820512820513,0.5576923076923077
P02740,female,blitz,60,1263.5833333333333,0.31662652162652166,2.9748743386243386,57.80480362230362,17.160887445887447,0.11095136345136346,0.024358974358974363,17.229166666666668,3.0109176934176936,0.6359121434121434,0.6055315980315981
P02741,female,blitz,2,2527.0,0.19230769230769232,2.416666666666667,56.30769230769231,17.73076923076923,0.07692307692307693,0.07692307692307693,9.5,3.0,0.5,0.576923076923077
P02741,female,bullet,98,2465.938775510204,0.27274511203082635,2.728946988385764,56.844717187574325,17.02214095428381,0.056223538366395515,0.03389467675181961,15.355555555555556,2.950840825840826,0.5890823462252034,0.5756350792065078
P02742,female,blitz,63,2221.0,0.2634937813509242,3.1965969215969214,58.666113648256506,17.25672211386497,0.09389023674737962,0.02912960055817199,15.64406779661017,3.1657733800590946,0.5685372828229971,0.5490640312068884
P02742,female,bullet,11,1960.4545454545455,0.27622377622377625,2.097979797979798,52.85804195804196,15.460839160839159,0.08111888111888112,0.04615384615384615,13.428571428571429,2.8580419580419583,0.6167832167832168,0.6587412587412588
P02742,female,rapid,8,1652.375,0.28552350427350426,3.178472222222222,57.2678952991453,17.270432692307693,0.060897435897435896,0.025240384615384616,18.285714285714285,2.9147970085470085,0.6287393162393162,0.5686431623931624
P02743,female,blitz,78,1815.9871794871794,0.280531149761919,3.0024423226346304,56.52252555137171,17.022189349112427,0.08953041260733569,0.028671826748749824,18.159420289855074,2.8941595441595442,0.6457269938039168,0.5644955471878549
P02743,female,bullet,6,1407.1666666666667,0.34871794871794876,1.987962962962963,54.498717948717946,17.02692307692308,0.08974358974358976,0.038461538461538464,20.4,2.9115384615384614,0.735897435897436,0.7064102564102565
P02743,female,rapid,16,1722.0,0.2624198717948718,3.0196428571428573,58.74759615384615,18.196714743589745,0.09915865384615385,0.04146634615384616,15.4,2.719551282051282,0.578926282051282,0.5841346153846154
P02744,female,blitz,9,2082.3333333333335,0.24786324786324787,2.965873015873016,58.26495726495726,17.76068376068376,0.10256410256410257,0.07692307692307693,17.333333333333332,3.307692307692308,0.5128205128205129,0.5042735042735043
P02744,female,bullet,91,2228.065934065934,0.30040655315380593,2.9725322296750867,57.16445276335386,17.418407599726283,0.08889828120597351,0.03291671698265105,18.070588235294117,3.027090125991225,0.6002294408887816,0.588042909471481
P02745,female,blitz,5,1154.4,0.2953846153846154,3.1,58.987692307692306,16.015384615384615,0.06153846153846154,0.03076923076923077,16.0,2.9630769230769234,0.6153846153846153,0.5353846153846153
P02745,female,rapid,7,1292.0,0.23861852433281006,3.055844155844156,57.009419152276294,16.33751962323391,0.06593406593406594,0.03296703296703297,17.333333333333332,2.6923076923076925,0.618524332810047,0.521193092621664
P02746,female,blitz,3,2487.6666666666665,0.2820512820512821,3.972222222222222,59.92307692307693,18.897435897435898,0.10256410256410257,0.025641025641025644,16.666666666666668,2.5384615384615383,0.5128205128205129,0.5641025641025641
P02746,female,bullet,97,2503.1134020618556,0.24333862014274388,3.01112286911256,59.269230769230774,17.995479777954007,0.08156225218080888,0.044310071371927044,19.469135802469136,2.792525773195876,0.5385804916732752,0.5592188739095956
P02747,female,blitz,1,2206.0,0.23076923076923078,4.0,62.76923076923077,18.846153846153847,0.15384615384615385,0.0,17.0,3.076923076923077,0.6923076923076923,0.46153846153846156
P02747,female,bullet,1,2243.0,0.15384615384615385,2.7777777777777777,58.46153846153846,18.384615384615383,0.0,0.0,22.0,3.6923076923076925,0.5384615384615384,0.6923076923076923
P02749,female,blitz,2,2113.0,0.2692307692307693,3.0125,60.84615384615385,16.423076923076923,0.07692307692307693,0.038461538461538464,16.5,3.5384615384615383,0.6538461538461539,0.5
P02749,female,bullet,98,2173.3061224489797,0.2694106064004023,2.8677831522219277,58.52129876925795,17.61678182928183,0.07564320600034886,0.03366474795046224,17.817204301075268,2.9777264968591504,0.5858223409243817,0.5321658217066381
P02750,female,blitz,64,2188.390625,0.2622274426961927,3.1416768127705628,59.14989741161616,18.204216443278945,0.08915416181041182,0.02403846153846154,16.983050847457626,2.982856509809635,0.5767233634421135,0.5599331657925408
P02750,female,bullet,10,2104.3,0.21235431235431235,3.307380952380952,60.21305361305362,19.03181818181818,0.09434731934731935,0.03141025641025641,14.4,2.957051282051282,0.49527972027972034,0.499009324009324
P02751,female,blitz,100,2342.05,0.2807960372960373,2.8196727994227997,56.54118609168609,16.66276651126651,0.06505516705516706,0.02886946386946387,16.21590909090909,2.8803776223776225,0.6084949494949495,0.6002917637917637
P02752,female,blitz,29,1552.1724137931035,0.31147951665193047,2.937606359158083,59.60302092543472,18.028558797524315,0.12001178897730622,0.0246684350132626,18.695652173913043,2.927040966696139,0.646816976127321,0.5802829354553493
P02753,female,blitz,7,2098.4285714285716,0.37362637362637363,2.7514739229024943,53.24175824175824,15.626373626373626,0.05494505494505495,0.0,22.8,2.6813186813186816,0.7472527472527473,0.7252747252747253
P02753,female,bullet,89,2118.6067415730336,0.33703933394944635,2.739075344131524,57.53203416433753,17.52707685572854,0.08241758241758243,0.031008005727106852,17.24390243902439,2.823649353143735,0.6302136377979075,0.5768946409395848
P02753,female,rapid,4,2260.5,0.23717948717948717,2.4418650793650793,61.19551282051282,17.42628205128205,0.09615384615384616,0.09615384615384616,15.0,3.1346153846153846,0.6522435897435898,0.5128205128205128
P02754,female,blitz,93,1981.4516129032259,0.2544568931665706,3.129279501860147,59.35295970457261,17.68074458397039,0.07074132558003526,0.031430934656741114,16.77906976744186,3.1161607806769096,0.5787260529196013,0.532064232064232
P02754,female,bullet,7,1618.857142857143,0.22344322344322345,3.1337868480725626,59.70329670329671,16.952380952380953,0.05494505494505495,0.01098901098901099,17.142857142857142,3.197802197802198,0.5238095238095238,0.5128205128205128
P02755,female,blitz,12,2432.5833333333335,0.29472934472934476,3.207837301587302,58.462250712250714,17.848219373219372,0.058903133903133904,0.032051282051282055,17.818181818181817,3.157834757834758,0.6058404558404559,0.6283475783475784
P02755,female,bullet,88,2246.4545454545455,0.24656489343989343,2.7953126734376736,58.194524225774224,17.51078400765901,0.08157051282051282,0.03329691142191143,20.925925925925927,2.7280812937062935,0.5547952047952048,0.5305746336996336
P02756,female,blitz,15,1836.4,0.3349002849002849,2.5743833943833945,57.198447293447295,17.56377492877493,0.07955840455840456,0.04843304843304844,19.083333333333332,2.8464529914529915,0.648062678062678,0.6167094017094017
P02756,female,bullet,24,1489.5833333333333,0.3311965811965812,3.099226699226699,55.57514245014246,16.78668091168091,0.1007834757834758,0.038461538461538464,20.047619047619047,3.1203703703703702,0.5858262108262108,0.5733618233618234
P02757,female,blitz,100,2466.36,0.2320213675213675,3.227826257076257,58.34647008547008,17.637782051282052,0.06760683760683761,0.03544871794871795,16.53846153846154,3.1037264957264954,0.542982905982906,0.5296410256410257
P02758,female,blitz,100,2719.19,0.22034615384615386,3.36719338994339,59.80079487179487,18.088141025641026,0.08692307692307694,0.050769230769230775,18.06382978723404,2.9095384615384616,0.5049102564102564,0.5122051282051282
P02759,female,rapid,2,1459.0,0.3803418803418803,1.875,52.799145299145295,15.632478632478632,0.09401709401709402,0.05555555555555555,15.0,3.269230769230769,0.7564102564102564,0.7350427350427351
P02760,female,blitz,1,1917.0,0.3076923076923077,3.5714285714285716,60.46153846153846,21.153846153846153,0.15384615384615385,0.0,9.0,2.8461538461538463,0.8461538461538461,0.6153846153846154
P02761,female,blitz,41,1938.5365853658536,0.27528142589118204,3.121747967479675,58.16126745882844,17.066677089847822,0.0702522409839483,0.03392745465916198,17.512820512820515,3.1043047738169687,0.6058890973525121,0.5461329997915364
P02761,female,bullet,4,1562.25,0.3269230769230769,2.237878787878788,57.98076923076923,16.865384615384613,0.13461538461538464,0.038461538461538464,13.25,3.6923076923076925,0.6346153846153846,0.6153846153846154
P02761,female,rapid,27,1974.037037037037,0.23646723646723647,3.142259592259592,60.33048433048433,17.900284900284902,0.09401709401709403,0.05413105413105414,15.0,3.1623931623931623,0.5384615384615384,0.5441595441595442
P02762,female,blitz,78,1780.1538461538462,0.2885917857071703,2.89735680985681,58.23744844898691,17.461860219552527,0.0770597991751838,0.02958579881656805,19.347826086956523,3.0345750403442713,0.6231884924192617,0.5833328352559122
P02762,female,rapid,6,1816.8333333333333,0.2692307692307692,3.125132275132275,57.57692307692307,18.012820512820515,0.10256410256410257,0.025641025641025644,23.6,2.4743589743589745,0.6666666666666666,0.5
P02763,female,blitz,98,2221.561224489796,0.2664380404176323,3.204836999734959,57.25332660536742,16.983891505320077,0.06864767885176049,0.02770800627943485,17.045454545454547,2.887903366474795,0.5597163041040591,0.5574655503226932
P02763,female,rapid,2,2272.5,0.3076923076923077,2.458333333333333,50.80769230769231,15.461538461538462,0.038461538461538464,0.0,10.0,3.4230769230769234,0.6923076923076923,0.6153846153846154
P02764,female,rapid,100,2279.03,0.24604351204351205,3.251164862914863,58.38158818958819,18.093539238539236,0.06019735819735819,0.03256410256410256,15.791208791208792,2.7789242424242424,0.5755967365967366,0.530979020979021
P02765,female,blitz,100,2344.19,0.2579895104895105,3.0964741092241095,57.75082556332556,17.147705905205907,0.06783216783216783,0.04278943278943279,15.258426966292134,3.1978302253302253,0.5660742035742036,0.5331662781662782
P02766,female,bullet,100,2184.59,0.2682700077700078,2.7581980519480522,54.549572261072264,16.216940947940948,0.06417832167832169,0.04076923076923077,14.180851063829786,3.1818228438228435,0.5473989898989899,0.5117878787878788
P02768,female,rapid,100,2131.26,0.2520151515151515,3.503727540433423,58.770983877233874,17.595603923853922,0.09242094017094017,0.04797649572649573,19.53846153846154,2.8856468531468535,0.5291684149184149,0.5577123154623155
P02769,female,blitz,5,2553.6,0.12307692307692308,4.187142857142857,62.2,18.16923076923077,0.06153846153846154,0.046153846153846156,21.2,2.846153846153846,0.38461538461538464,0.4153846153846154
P02769,female,bullet,95,2483.936842105263,0.2698186024501814,3.0607653019495125,58.72950733477049,17.694435564435565,0.07758767548241233,0.030916451969083547,16.666666666666668,3.0500194542299806,0.5656527682843473,0.5844728955255272
P02770,female,blitz,21,1887.4285714285713,0.2710622710622711,3.054923383494812,59.014652014652015,18.21245421245421,0.07692307692307693,0.025641025641025644,14.857142857142858,2.8205128205128207,0.6190476190476191,0.5531135531135531
P02770,female,bullet,14,1781.5714285714287,0.30146520146520145,2.421003401360544,57.70961538461539,17.176190476190477,0.07353479853479854,0.027472527472527476,18.714285714285715,3.134065934065934,0.61492673992674,0.5080586080586081
P02771,female,blitz,99,1344.7474747474748,0.2848780568477538,3.109389992723326,57.16852289125017,16.860426133910984,0.06838548656730475,0.03301950574677848,19.24390243902439,2.869253670011246,0.6139914238399087,0.5929942672366915
P02771,female,rapid,1,1565.0,0.23076923076923078,2.8,56.23076923076923,19.0,0.07692307692307693,0.0,11.0,2.4615384615384617,0.7692307692307693,0.38461538461538464
P02773,female,blitz,93,2685.2473118279568,0.2748532829177991,3.135970690002948,59.36596855951694,18.16273302563625,0.07887811113617565,0.03902549063839387,16.51685393258427,2.840391687165881,0.5792160348611961,0.5640809310164149
P02773,female,bullet,7,2586.1428571428573,0.28271728271728275,2.187981859410431,55.86413586413586,17.596403596403597,0.13186813186813187,0.05494505494505495,13.2,2.8541458541458544,0.7432567432567433,0.6773226773226774
P02774,female,blitz,99,2041.1919191919192,0.24225746195443165,3.531128509537601,58.921967874998174,17.81723764451037,0.08038628038628039,0.04062419062419062,15.516129032258064,3.016429866429866,0.5628211294877962,0.5292256004377217
P02774,female,bullet,1,2536.0,0.3076923076923077,2.5,56.61538461538461,16.76923076923077,0.23076923076923078,0.0,15.0,3.3846153846153846,0.5384615384615384,0.5384615384615384
P02775,female,blitz,97,2250.463917525773,0.25572142633998307,3.121945465759899,57.809760857699,17.35107504179669,0.07411231380303546,0.03903313181663697,17.77173913043478,2.97114466289724,0.5503486204517133,0.5519744859951046
P02775,female,bullet,1,1881.0,0.15384615384615385,5.0,63.61538461538461,18.846153846153847,0.0,0.0,12.0,2.3846153846153846,0.5384615384615384,0.6153846153846154
P02775,female,rapid,2,2000.0,0.23076923076923078,2.4375,49.88461538461539,14.346153846153847,0.038461538461538464,0.038461538461538464,23.5,2.730769230769231,0.46153846153846156,0.5769230769230769
P02776,female,blitz,96,2411.90625,0.25792378917378916,3.1229423864534156,59.21572293447293,17.74465811965812,0.07371794871794872,0.03766025641025641,21.011764705882353,3.032852564102564,0.5527065527065528,0.5610754985754985
P02776,female,bullet,1,2137.0,0.3333333333333333,1.0,55.666666666666664,17.0,0.3333333333333333,0.0,22.0,1.8333333333333333,0.5,1.0
P02776,female,rapid,3,2371.0,0.32167832167832167,2.972222222222222,63.56643356643357,19.955710955710956,0.08158508158508158,0.025641025641025644,17.5,2.72960372960373,0.6223776223776224,0.40792540792540793
P02777,female,bullet,3,1257.0,0.40256410256410263,2.6444444444444444,57.62264957264957,17.276495726495725,0.11452991452991453,0.053418803418803416,23.0,2.894017094017094,0.6606837606837607,0.6807692307692307
P02778,female,blitz,94,2100.0106382978724,0.3038397772440326,2.824297894776618,58.05886418545993,17.379793610644676,0.09561413763541424,0.039919920505026886,20.92105263157895,2.633345289462311,0.6098212957255511,0.6085480122714165
P02779,female,blitz,17,1881.9411764705883,0.3099841335135453,3.1475606909430436,56.277722277722276,16.694717047658223,0.0801551389786684,0.031674208144796386,21.066666666666666,2.9725568549097963,0.5705470999588647,0.5925251219368866
P02779,female,bullet,83,1750.132530120482,0.299050046339203,2.665835636919974,56.94560807331892,16.924330655957164,0.07271650705385645,0.02252085264133457,21.16216216216216,2.8792606322726804,0.609718360621975,0.585410874266296
P02780,female,blitz,1,2293.0,0.15384615384615385,4.571428571428571,62.76923076923077,20.76923076923077,0.07692307692307693,0.0,25.0,2.6153846153846154,0.46153846153846156,0.23076923076923078
P02780,female,bullet,99,2520.3333333333335,0.21339833006499673,3.464221175272869,58.35770124936792,17.541488758155424,0.05821801655134989,0.03064836398169732,17.46153846153846,2.8089786756453425,0.46429465596132263,0.5064676064676065
P02781,female,blitz,27,2006.7777777777778,0.27969150191372416,2.8101691518358187,56.419235085901754,16.379464157241934,0.06805951250395695,0.020461020461020465,20.705882352941178,2.679185012518346,0.5916717027828139,0.6271259604592937
P02781,female,bullet,73,2110.8356164383563,0.2901592319400539,3.02600614758149,59.45403055848261,17.71678082191781,0.09238086875073177,0.02910958904109589,16.0,3.062158997775436,0.5649162861491628,0.5507493267767241
P02782,female,blitz,100,2412.58,0.23997208347208349,3.3519133366633365,58.384027444777445,17.640304084804082,0.07675000000000001,0.043425213675213674,20.528735632183906,2.9608308358308357,0.5058630258630259,0.559169635919636
P02784,female,blitz,100,1716.24,0.23116666666666666,3.4746352813852814,58.72741341991342,17.449111555111557,0.0550990675990676,0.02097319347319347,13.66326530612245,3.07828971028971,0.524510323010323,0.505464368964369
P02785,female,blitz,20,1633.65,0.29775641025641025,3.001492673992674,60.88108974358975,18.25673076923077,0.09262820512820513,0.046153846153846156,19.055555555555557,2.7346153846153847,0.6221153846153846,0.5679487179487179
P02785,female,rapid,4,1946.0,0.2554945054945055,3.775,59.43681318681318,17.645604395604394,0.09065934065934066,0.019230769230769232,14.25,2.980769230769231,0.5714285714285714,0.5934065934065934
P02786,female,bullet,96,2452.6770833333335,0.2812884453509454,3.0402082581770085,57.09250153781404,17.250831633644136,0.0738960113960114,0.046607905982905984,13.54945054945055,3.0688637173012174,0.5681292087542088,0.5052933177933178
P02786,female,rapid,4,2008.75,0.34615384615384615,2.4402777777777778,58.53846153846154,17.846153846153847,0.038461538461538464,0.038461538461538464,13.0,3.269230769230769,0.6153846153846154,0.6153846153846154
P02787,female,blitz,35,2100.4,0.3002093144950288,3.1602721088435373,57.94859410430839,17.4603872318158,0.09239141810570382,0.02857142857142857,17.933333333333334,2.8359637188208615,0.6173260073260073,0.601683237397523
P02787,female,rapid,32,1950.8125,0.22596153846153846,3.9012705176767675,59.54326923076923,18.064903846153847,0.06009615384615385,0.038461538461538464,17.21875,3.09375,0.5384615384615384,0.5048076923076923
P02788,female,blitz,58,1499.396551724138,0.28293545534924847,3.474455142558591,59.000486295313884,17.638240495137048,0.051193633952254645,0.019893899204244034,19.153846153846153,3.0426171529619808,0.575361037430003,0.5344532861774242
P02788,female,rapid,42,1752.642857142857,0.3081825581825582,2.777697467876039,60.1750333000333,17.94259906759907,0.08285695785695786,0.035131535131535135,18.42105263157895,2.9158850408850405,0.5905760905760905,0.596930846930847
P02789,female,blitz,100,2175.04,0.26406857031857034,3.0797087079587078,59.422089937839935,17.777124708624708,0.0713951048951049,0.036524475524475526,18.146341463414632,2.7876206293706294,0.5784811577311577,0.5584716394716395
P02790,female,blitz,100,2378.14,0.25141025641025644,3.2921812990930635,57.29901709401709,16.8296047008547,0.09364316239316241,0.039294871794871795,21.576923076923077,2.721228632478632,0.572275641025641,0.5655235042735043
P02791,female,blitz,48,2582.875,0.22694493006993008,3.3055250883375886,60.06112810800311,18.475378787878785,0.061613733488733495,0.02577457264957265,18.86046511627907,2.9413243006993004,0.5012626262626263,0.509870337995338
P02791,female,bullet,49,2599.4285714285716,0.25588697017268447,3.278766528256324,59.573521716378856,18.205520669806383,0.0706436420722135,0.01883830455259027,16.70212765957447,3.2433281004709578,0.5381998953427525,0.5189691261119832
P02791,female,rapid,3,2430.0,0.3333333333333333,2.644230769230769,57.38461538461539,18.205128205128204,0.05128205128205129,0.0,19.0,2.897435897435898,0.5384615384615384,0.5641025641025642
P02792,female,bullet,100,2253.9,0.24345920745920746,3.0371911976911976,58.067667832167835,16.605317016317017,0.06647435897435898,0.022511655011655016,17.606382978723403,2.9443234265734266,0.566441724941725,0.5827249417249417
P02793,female,blitz,65,2429.3230769230768,0.2647301416532186,2.973693251193251,57.654532006455085,17.546911421911425,0.07023489331181638,0.03818361126053434,16.066666666666666,3.0073471400394474,0.5909539178769948,0.5523892773892775
P02793,female,bullet,16,2196.875,0.2980769230769231,2.7807539682539684,55.01442307692308,17.086538461538463,0.07692307692307693,0.014423076923076924,19.0,2.9663461538461537,0.6201923076923077,0.6105769230769231
P02793,female,rapid,1,2040.0,0.15384615384615385,2.3636363636363638,53.15384615384615,18.615384615384617,0.07692307692307693,0.0,20.0,2.769230769230769,0.5384615384615384,0.46153846153846156
P02794,female,bullet,1,1531.0,0.38461538461538464,1.4,65.53846153846153,21.076923076923077,0.23076923076923078,0.0,17.0,2.923076923076923,0.6923076923076923,0.46153846153846156
P02794,female,rapid,48,1850.625,0.28105777324527326,3.340198112073112,56.95301371082621,16.99936463998964,0.0690215455840456,0.04106570512820513,17.210526315789473,2.9082167832167833,0.5753326534576534,0.561648131960632
P02795,female,blitz,3,2097.0,0.35897435897435903,2.4646464646464645,60.05128205128205,17.666666666666668,0.12820512820512822,0.025641025641025644,15.0,3.205128205128205,0.6410256410256411,0.5641025641025641
P02796,female,blitz,37,2103.5405405405404,0.25511725511725514,3.2001443001443004,58.42909942909943,17.242079242079242,0.08000708000708001,0.05405405405405406,15.529411764705882,3.0526710526710525,0.526998526998527,0.5003345003345003
P02796,female,bullet,5,2087.6,0.15384615384615385,3.220054945054945,58.969230769230776,18.092307692307692,0.10769230769230771,0.09230769230769231,13.4,2.9846153846153847,0.43076923076923085,0.4
P02798,female,rapid,8,1790.375,0.1746794871794872,3.8111111111111113,57.32532051282051,16.86217948717949,0.04807692307692308,0.04807692307692308,19.428571428571427,2.5721153846153846,0.46794871794871795,0.5272435897435898
P02799,female,blitz,3,1770.6666666666667,0.15384615384615385,4.125,55.452991452991455,15.726495726495726,0.0,0.0,7.0,2.564102564102564,0.25641025641025644,0.49572649572649574
P02799,female,bullet,97,1612.381443298969,0.26209349070173815,3.197514169679118,58.94743758532419,18.22636329878598,0.07282145117196663,0.028614855934443562,16.655172413793103,3.0383741115699876,0.5933494626793596,0.5660546498175364
P02800,female,blitz,60,1939.75,0.2506410256410257,3.107977161727162,58.08878205128205,17.70576923076923,0.0782051282051282,0.032051282051282055,18.724137931034484,2.8349358974358974,0.5226495726495727,0.5136752136752137
P02800,female,bullet,23,1890.1739130434783,0.2842809364548495,2.687618420227116,56.67224080267559,16.842809364548497,0.07692307692307693,0.06020066889632107,16.52173913043478,3.0033444816053514,0.5953177257525084,0.5585284280936456
P02800,female,rapid,17,1678.6470588235295,0.2475661593308652,3.091965877259995,58.98169477581242,18.398327163033045,0.07239819004524888,0.031674208144796386,18.4375,2.854415192650487,0.5369189633895517,0.5661593308652132
P02801,female,rapid,86,1378.9767441860465,0.2889634267541244,2.9505876875062924,57.36785430331942,17.027966607036376,0.03810375670840788,0.02635658914728682,14.620253164556962,2.976103160405486,0.6312413039157225,0.6359670045716558
P02803,female,blitz,83,1570.2650602409637,0.23821810719401082,3.3339752951198736,58.372516539685215,17.655727806330216,0.06820990254725195,0.024482545566882914,16.985915492957748,2.893253834518895,0.5334474762185605,0.5265056228911651
P02803,female,rapid,17,1919.8823529411766,0.21085972850678733,3.8186507936507934,60.934841628959276,18.576923076923077,0.08144796380090498,0.04072398190045249,17.058823529411764,2.753846153846154,0.5493212669683258,0.5004524886877828
P02804,female,blitz,83,2185.3373493975905,0.2612604263206673,2.836285956936205,57.105838739573684,17.10982391102873,0.055607043558850794,0.01881371640407785,16.786666666666665,2.849860982391103,0.559870250231696,0.540778498609824
P02804,female,rapid,17,1927.2941176470588,0.3309954751131222,3.3407563025210085,58.98970588235294,18.302262443438917,0.1085972850678733,0.031674208144796386,18.0,2.6859728506787333,0.6701357466063349,0.6251131221719457
P02806,female,blitz,40,1563.325,0.3,2.9985218253968253,58.82115384615385,17.517857142857142,0.09395604395604396,0.046153846153846156,17.83783783783784,2.5428571428571427,0.6436813186813187,0.6151098901098901
P02806,female,bullet,59,1240.5084745762713,0.30891674239131867,2.9892319074522464,56.4904070035426,16.749530507157626,0.06726192827887743,0.03288787483702738,17.96,2.8043475827374134,0.6002772180738282,0.5696367192129904
P02806,female,rapid,1,1564.0,0.3076923076923077,2.25,65.23076923076923,17.076923076923077,0.0,0.07692307692307693,14.0,3.6153846153846154,0.6923076923076923,0.6153846153846154
P02807,female,blitz,56,1444.1964285714287,0.2823634698634699,2.863846371882086,58.5279304029304,17.242268148518146,0.07948301698301699,0.03296703296703297,26.10810810810811,2.402597402597402,0.5824488011988012,0.5663086913086913
P02807,female,bullet,39,1439.025641025641,0.307741617357002,2.5303941073171843,57.48525641025641,16.803205128205125,0.10857988165680474,0.037919132149901384,26.857142857142858,2.5384615384615383,0.6045364891518737,0.5757396449704142
P02807,female,rapid,5,1678.4,0.21538461538461542,3.005800865800866,59.38461538461538,16.584615384615383,0.09230769230769231,0.03076923076923077,25.75,3.184615384615385,0.4769230769230769,0.49230769230769234
P02808,female,blitz,87,2119.689655172414,0.2937413161551093,3.1686287850080954,58.38063976253632,17.36527269027269,0.09195402298850575,0.03958149130562924,18.653846153846153,2.8518343087308606,0.6225390509873269,0.5852599188806085
P02808,female,bullet,1,1697.0,0.07692307692307693,3.8333333333333335,64.53846153846153,19.153846153846153,0.0,0.07692307692307693,17.0,2.8461538461538463,0.23076923076923078,0.5384615384615384
P02808,female,rapid,12,1974.75,0.1730769230769231,3.1986261423761424,60.442307692307686,18.147435897435898,0.07051282051282053,0.04487179487179488,22.916666666666668,2.8205128205128207,0.5128205128205129,0.467948717948718
P02809,female,blitz,2,1953.5,0.2692307692307693,2.744343891402715,58.30769230769231,18.0,0.038461538461538464,0.15384615384615385,16.5,2.615384615384615,0.5769230769230769,0.5384615384615384
P02809,female,rapid,2,1959.5,0.15384615384615385,3.166666666666667,63.53846153846153,19.807692307692307,0.07692307692307693,0.0,13.0,3.6153846153846154,0.5769230769230769,0.5769230769230769
P02810,female,blitz,82,1804.9268292682927,0.2995747139039822,3.0608929011368033,57.625760215394365,17.600250257872208,0.08724162016844944,0.038350673716527374,22.140625,2.85382067119872,0.5899584155681716,0.573743735938858
P02810,female,rapid,18,1823.6666666666667,0.27884615384615385,2.990023248356582,57.923611111111114,17.149572649572647,0.06410256410256411,0.03418803418803419,21.3125,2.665598290598291,0.5389957264957265,0.563034188034188
P02811,female,bullet,100,2154.51,0.2800720668220668,2.8144274891774894,57.2322937062937,16.891125679875678,0.09841103341103341,0.03606934731934732,16.833333333333332,3.0496550116550116,0.592494560994561,0.5647581585081585
P02812,female,blitz,100,2302.91,0.2611620046620047,3.448613775113775,60.39026282051282,18.204365384615386,0.06692307692307692,0.023076923076923078,18.231578947368423,2.891562937062937,0.5551520979020979,0.5486532634032634
P02813,female,blitz,7,1853.0,0.2857142857142857,3.065244279529994,57.087912087912095,16.703296703296704,0.07692307692307694,0.07692307692307694,15.4,2.857142857142857,0.6043956043956044,0.5384615384615384
P02813,female,bullet,36,1653.2222222222222,0.2737678987678988,2.7378340795007463,57.156773781773786,16.881761294261295,0.11103341103341104,0.05846930846930847,18.5,2.776842601842602,0.5652319902319902,0.6371156621156621
P02813,female,rapid,1,2065.0,0.18181818181818182,2.0,62.45454545454545,18.727272727272727,0.18181818181818182,0.0,17.0,2.4545454545454546,0.6363636363636364,0.6363636363636364
P02814,female,blitz,90,1384.611111111111,0.28330977664310997,3.266641814975148,57.925576583909915,17.45389770723104,0.08823713323713324,0.03067426400759734,17.975,2.9207760141093475,0.6238595355262022,0.5963983547316881
P02814,female,bullet,5,1226.2,0.24423076923076925,3.6666666666666665,60.815384615384616,17.671153846153846,0.2,0.12307692307692308,16.6,2.946153846153846,0.5923076923076923,0.5961538461538461
P02814,female,rapid,5,1674.4,0.3307692307692308,3.396190476190476,56.676923076923075,17.95897435897436,0.03076923076923077,0.03076923076923077,19.2,2.712820512820513,0.5948717948717949,0.6282051282051282
P02815,female,blitz,91,2334.230769230769,0.2321885989468407,3.151342034034341,59.80984308731562,18.019543185751978,0.08870250628492388,0.03775482758999243,18.5,2.992094444017521,0.5293333040585788,0.5191086386141331
P02815,female,rapid,9,2290.0,0.2136752136752137,3.425925925925926,60.495726495726494,18.264957264957264,0.07692307692307693,0.017094017094017096,21.0,3.2735042735042734,0.4358974358974359,0.49572649572649574
P02816,female,blitz,26,1826.3461538461538,0.2624683009298394,2.6782350128503976,58.2755705832629,17.06339814032122,0.10355029585798817,0.06508875739644972,18.653846153846153,2.940828402366864,0.536348267117498,0.5105663567202029
P02816,female,bullet,18,1845.8333333333333,0.2529202279202279,2.6344797178130515,58.05480769230769,16.98568376068376,0.10292022792022792,0.06677350427350429,19.0,3.0739316239316237,0.5558404558404558,0.5005698005698006
P02816,female,rapid,7,1567.142857142857,0.4054945054945055,2.724489795918367,54.25164835164835,15.945054945054945,0.1208791208791209,0.04395604395604396,21.4,2.295604395604396,0.7703296703296704,0.631868131868132
P02817,female,blitz,23,2409.1304347826085,0.2714338801295323,3.0330227743271223,58.85353294048946,17.196315761533153,0.08695652173913043,0.03678929765886288,16.954545454545453,3.382385730211817,0.567287784679089,0.5483357222487657
P02817,female,bullet,74,2226.7162162162163,0.2965201465201465,2.827358096108096,59.72503712503712,17.496876546876546,0.10088110088110089,0.04534823284823285,16.742424242424242,3.0257647757647756,0.5839582714582715,0.5577566577566577
P02817,female,rapid,3,1904.6666666666667,0.3952991452991453,2.466666666666667,56.68162393162393,17.316239316239315,0.07692307692307693,0.0,25.0,2.3461538461538463,0.6858974358974358,0.5491452991452992
P02818,female,blitz,34,2058.823529411765,0.30790826820238587,2.9205466918702214,58.6523275743864,17.563022761552173,0.08498903057726588,0.05538872891814069,17.5,2.9906999862882215,0.6341697518168106,0.5813142739613328
P02818,female,bullet,5,2309.2,0.26153846153846155,2.6724358974358973,57.46153846153847,18.615384615384617,0.12307692307692308,0.0,17.8,2.8307692307692305,0.6,0.43076923076923074
P02819,female,blitz,28,2245.8214285714284,0.25531135531135535,3.2880323341457793,57.299847374847374,17.2746336996337,0.06727716727716727,0.035836385836385834,19.384615384615383,3.140903540903541,0.5695665445665445,0.5294261294261294
P02820,female,blitz,99,1934.121212121212,0.2398040231373565,3.2924453322015905,58.34823448156782,17.282349132349133,0.0749374082707416,0.03807303807303808,15.905263157894737,3.167940084606751,0.5529698696365363,0.5313649313649313
P02820,female,bullet,1,1818.0,0.15384615384615385,2.4,55.53846153846154,15.307692307692308,0.07692307692307693,0.07692307692307693,10.0,3.923076923076923,0.6153846153846154,0.46153846153846156
P02822,female,blitz,43,1907.7441860465117,0.2550685748360167,3.152498405986778,58.8850626118068,18.00603756708408,0.06618962432915922,0.03398926654740608,17.897435897435898,2.7561866428145496,0.5717799642218248,0.5562760882528325
P02822,female,bullet,26,1847.7307692307693,0.2958579881656805,2.8732961482961485,56.16863905325444,17.319526627218934,0.07100591715976332,0.038461538461538464,18.08695652173913,2.8609467455621305,0.621301775147929,0.5236686390532544
P02822,female,rapid,31,2095.064516129032,0.29897987317342156,2.729646697388633,57.98643507030604,17.464254204576786,0.1003584229390681,0.052109181141439205,18.75,2.8855252274607115,0.57488282326992,0.5285911221395092
P02823,female,blitz,2,2283.5,0.2692307692307693,3.142857142857143,58.19230769230769,16.76923076923077,0.07692307692307693,0.038461538461538464,24.5,2.3461538461538463,0.6153846153846154,0.5769230769230769
P02823,female,bullet,98,2292.8979591836733,0.282950382950383,2.8454954059545896,55.35829289757861,17.041100566100564,0.07009419152276296,0.04866562009419152,21.512820512820515,2.8161528947243233,0.579193425621997,0.5671958993387565
P02824,female,rapid,6,2314.3333333333335,0.3717948717948718,3.293253968253968,59.67948717948718,18.871794871794872,0.06410256410256411,0.025641025641025644,10.166666666666666,3.128205128205128,0.6410256410256411,0.6025641025641025
P02826,female,blitz,2,2019.0,0.3076923076923077,2.869047619047619,55.65384615384615,16.46153846153846,0.0,0.0,22.5,3.3846153846153846,0.5769230769230769,0.6923076923076923
P02826,female,bullet,81,2138.061728395062,0.2906435128657351,2.664572704387519,57.126356668023334,17.438786008230455,0.06377696377696378,0.027825261158594492,12.71830985915493,3.2001107945552394,0.6022758106091439,0.5788970288970289
P02826,female,rapid,7,1237.5714285714287,0.2857142857142857,2.5214285714285714,49.824175824175825,14.318681318681318,0.05494505494505495,0.05494505494505495,17.0,2.8351648351648353,0.5054945054945056,0.6263736263736265
P02827,female,bullet,100,2238.84,0.29056981906981905,2.683805278055278,57.079397352647355,17.26349913974914,0.0879502997002997,0.03593406593406594,16.144444444444446,3.013934010434011,0.6032599067599067,0.5840117382617382
P02828,female,blitz,40,1998.8,0.2698051948051948,2.987239010989011,57.65741237928738,17.244572094572096,0.07123397435897436,0.03477564102564103,19.060606060606062,2.8407155344655344,0.6136707042957043,0.5556755744255744
P02828,female,bullet,40,1865.95,0.32844405594405596,2.654710497835498,57.078339160839164,16.40424825174825,0.06304195804195804,0.015384615384615385,21.0,2.993234265734266,0.6496853146853148,0.6061363636363637
P02828,female,rapid,20,1917.2,0.2855477855477856,2.593431707181707,52.8544289044289,15.963636363636363,0.07062937062937064,0.015384615384615385,23.444444444444443,2.8346153846153848,0.6441142191142191,0.6472610722610723
P02829,female,blitz,100,2648.18,0.2762606837606838,2.8887607319151436,58.749658119658115,17.80587606837607,0.08698717948717949,0.037264957264957266,16.56382978723404,2.9064957264957263,0.5737179487179488,0.5714529914529914
P02830,female,blitz,1,1890.0,0.0,5.333333333333333,59.53846153846154,18.692307692307693,0.07692307692307693,0.0,16.0,3.5384615384615383,0.38461538461538464,0.3076923076923077
P02830,female,bullet,90,1754.0333333333333,0.2862517112517113,2.697101972101972,58.749834887334885,17.115501165501165,0.09325720575720575,0.03645197395197396,17.80952380952381,3.1347323972323973,0.6176328301328301,0.5966995966995967
P02830,female,rapid,9,1994.5555555555557,0.25641025641025644,3.7064814814814815,63.12820512820513,18.188034188034187,0.07692307692307693,0.05982905982905984,14.88888888888889,3.017094017094017,0.5897435897435898,0.5555555555555556
P02831,female,blitz,39,2126.974358974359,0.2339990493836648,3.0039599289599286,58.60707099168638,17.190497252035716,0.09270216962524655,0.036971290817444664,15.421052631578947,2.9796070026839256,0.5340340571109802,0.5056518979595902
P02831,female,bullet,47,1914.6170212765958,0.25668303327877795,3.307337815848454,59.434169849063466,17.518130569194398,0.08076013820694672,0.042862338607019455,14.911111111111111,3.0638297872340425,0.5565739225313693,0.52147663211493
P02831,female,rapid,14,2032.7142857142858,0.26373626373626374,3.230323644609359,61.84615384615385,18.846153846153843,0.04395604395604396,0.005494505494505495,15.285714285714286,3.2362637362637363,0.6153846153846153,0.554945054945055
P02832,female,blitz,100,1806.96,0.2603322510822511,3.0750248917748917,59.19118212343213,18.040017982017982,0.07738233988233989,0.03387917637917638,20.096385542168676,2.8240579698079697,0.533735791985792,0.5414751082251082
P02833,female,blitz,100,2103.03,0.2674114774114774,2.940448412698413,59.54840018315018,17.806826923076922,0.09583241758241759,0.04521703296703297,20.357894736842105,2.791007020757021,0.5623079975579975,0.5639990842490843
P02834,female,blitz,10,2033.7,0.27692307692307694,3.247521645021645,56.56769230769231,16.71076923076923,0.053846153846153856,0.053846153846153856,22.6,2.9246153846153846,0.5615384615384615,0.5476923076923077
P02834,female,bullet,90,1833.0555555555557,0.29393569393569396,2.7507213157213157,56.01506919006919,16.557783882783884,0.10363247863247863,0.05085470085470086,18.666666666666668,3.0045380545380547,0.6298026048026047,0.5806369556369556
P02835,female,blitz,74,2162.7432432432433,0.24430636930636931,3.2839911523735053,57.848406098406095,17.382504882504882,0.038461538461538464,0.02115227115227115,19.56140350877193,2.789012789012789,0.5963585963585963,0.568047943047943
P02835,female,bullet,11,2112.5454545454545,0.3328671328671329,3.098809523809524,57.918881118881124,16.48951048951049,0.06993006993006994,0.02097902097902098,17.7,2.9342657342657343,0.5846153846153846,0.6601398601398601
P02835,female,rapid,15,1143.2666666666667,0.31137473637473634,2.45976911976912,59.49814074814074,17.905083805083805,0.05541958041958042,0.03583916083916084,20.11111111111111,2.7745199245199244,0.7213175713175713,0.6032134532134532
P02836,female,blitz,100,2504.8,0.23692812742812744,3.134914196914197,59.05163694638694,17.627501165501165,0.09543997668997668,0.03712703962703963,19.414634146341463,2.90043006993007,0.551683954933955,0.5518047785547785
P02837,female,blitz,31,2497.8064516129034,0.27457264957264954,2.7240050272308336,56.97587537910118,16.949579542321477,0.09804935208161016,0.054590570719602986,18.714285714285715,2.911186931348222,0.5577956989247312,0.5905017921146954
P02837,female,bullet,67,2596.194029850746,0.2636650662770066,2.763311149878314,55.757706224124135,16.58994798733605,0.06820356260654768,0.039322617680826635,16.70909090909091,2.7702571060780015,0.5822487214278259,0.5692125039139965
P02837,female,rapid,2,2339.0,0.42307692307692313,1.7166666666666668,54.730769230769226,15.730769230769232,0.0,0.0,13.5,3.4615384615384617,0.8076923076923077,0.5769230769230769
P02840,female,bullet,100,2400.82,0.29434149184149183,2.8637688977688978,57.90966394716394,17.705810023310022,0.07663558663558664,0.03460664335664336,15.488888888888889,3.1178739316239317,0.5459799922299922,0.5733595571095571
P02841,female,blitz,13,1325.923076923077,0.3353057199211046,2.8053446553446553,56.15187376725839,16.633136094674555,0.1183431952662722,0.05325443786982249,19.384615384615383,2.331360946745562,0.7337278106508875,0.5601577909270217
P02841,female,bullet,87,1019.816091954023,0.30545686752583306,2.7971948549534758,55.75642454607972,16.515766864042725,0.07275272620100207,0.03555359072600452,20.986666666666668,2.688750457715975,0.6291866498763051,0.5790625083728532
P02842,female,blitz,49,1440.530612244898,0.2993316207601922,2.896542176644217,58.289286110714684,17.696327482041767,0.07415600272743131,0.025815454386882958,16.767441860465116,2.7324699110413393,0.6495448995448996,0.5767169338597911
P02842,female,bullet,9,1162.4444444444443,0.29836829836829837,2.7287037037037036,53.55555555555556,15.463869463869464,0.05128205128205129,0.008547008547008548,16.5,2.836052836052836,0.574980574980575,0.5578865578865578
P02842,female,rapid,42,1987.7380952380952,0.2908341658341658,2.8429589357110365,58.0827922077922,17.538628038628037,0.059065934065934064,0.026785714285714284,16.857142857142858,3.1345321345321344,0.6224192474192475,0.5974858474858474
P02843,female,blitz,43,1569.093023255814,0.264342892249869,3.29566344508205,60.080577691042805,18.344143582515674,0.05658101588334147,0.025044722719141328,18.642857142857142,3.0445284689470737,0.5625079055311614,0.5411358667172621
P02843,female,bullet,8,1122.25,0.3204399766899767,3.0125,55.49868881118881,16.697479603729604,0.061043123543123544,0.009615384615384616,18.75,2.6190996503496504,0.6644813519813519,0.6775932400932401
P02843,female,rapid,18,1622.9444444444443,0.23504273504273504,3.49484126984127,58.572649572649574,18.085470085470085,0.05982905982905984,0.025641025641025644,18.0,2.871794871794872,0.5427350427350428,0.4914529914529915
P02844,female,blitz,51,2196.843137254902,0.23567119155354452,3.2789258127493426,57.66402714932127,16.900829562594268,0.06033182503770739,0.04619155354449472,16.369565217391305,2.9513574660633486,0.5497737556561086,0.5139517345399699
P02844,female,rapid,1,1771.0,0.23076923076923078,3.0,52.46153846153846,15.846153846153847,0.0,0.0,36.0,3.5384615384615383,0.6923076923076923,0.46153846153846156
P02845,female,blitz,34,2249.3823529411766,0.2867377720318897,3.0511974953151424,59.66971019176901,17.972716009480713,0.10393772893772894,0.03393665158371041,19.14814814814815,3.026395173453997,0.5872926093514329,0.5572344322344323
P02845,female,bullet,13,2219.0,0.22926304464766004,3.2135531135531137,62.160408821947286,18.872512103281334,0.0863905325443787,0.018827326519634213,19.75,2.9731038192576658,0.5661108122646584,0.5356643356643357
P02845,female,rapid,1,2247.0,0.46153846153846156,2.0,60.38461538461539,18.692307692307693,0.15384615384615385,0.0,17.0,3.076923076923077,0.6153846153846154,0.38461538461538464
P02846,female,blitz,41,2048.682926829268,0.23051460734387566,3.4268641114982574,60.593768426695256,18.34409005628518,0.056285178236397754,0.04274323237737872,23.526315789473685,2.846703296703297,0.515625837577057,0.5431385687483249
P02846,female,bullet,58,1978.6379310344828,0.22293424965838762,2.8003968253968257,57.374332851056984,17.064375854031027,0.0583554376657825,0.046419098143236075,19.4468085106383,2.931360019291054,0.5221143798730006,0.5418053211156659
P02846,female,rapid,1,1957.0,0.46153846153846156,2.25,56.30769230769231,16.692307692307693,0.15384615384615385,0.0,23.0,2.923076923076923,0.6923076923076923,0.7692307692307693
P02847,female,blitz,41,1295.560975609756,0.33258367648611553,2.7357380424453597,57.46049682025292,17.18991415088976,0.04824443848834093,0.036116322701688554,23.523809523809526,2.272603412847315,0.641202293641318,0.61272792248402
P02847,female,rapid,3,1521.0,0.22792022792022792,3.944444444444444,60.193732193732195,17.57264957264957,0.037037037037037035,0.025641025641025644,18.5,2.3504273504273505,0.43304843304843305,0.5185185185185185
P02848,female,blitz,100,2311.45,0.27310897435897435,3.0484834054834056,58.04576923076923,17.41409188034188,0.08579059829059829,0.032991452991452994,17.16304347826087,3.155940170940171,0.5780555555555555,0.5251068376068376
P02849,female,rapid,1,1929.0,0.23076923076923078,2.2,55.53846153846154,16.615384615384617,0.0,0.0,22.0,3.076923076923077,0.5384615384615384,0.46153846153846156
P02850,female,blitz,2,2375.0,0.358974358974359,2.5,62.44871794871794,18.0,0.038461538461538464,0.0,23.5,2.8461538461538463,0.7564102564102564,0.5128205128205128
P02850,female,bullet,98,2240.0204081632655,0.24227716727716728,3.0504431792697098,60.41120050584337,17.46851779173208,0.06390633176347461,0.025418628990057562,21.75,3.0601364904936337,0.5385640153497296,0.5791819291819291
P02851,female,bullet,100,1713.43,0.27633943833943836,2.491884532134532,54.42490903540904,16.898094627594627,0.09507387057387058,0.037153846153846155,18.410958904109588,2.4664517704517706,0.5694700854700855,0.5779444444444445
P02852,female,blitz,8,1858.25,0.3354700854700855,2.5352858946608947,58.64102564102564,17.232905982905983,0.06196581196581197,0.04807692307692308,16.166666666666668,3.1207264957264957,0.6463675213675214,0.47863247863247865
P02852,female,rapid,6,1694.8333333333333,0.4631410256410256,1.8074074074074076,54.483974358974365,16.11858974358974,0.05128205128205129,0.012820512820512822,30.0,2.0913461538461537,0.8461538461538461,0.671474358974359
P02853,female,blitz,79,2325.481012658228,0.2197928653624856,3.2477793758322426,58.8899442329822,17.611967779056386,0.07544480835620077,0.040214216163583255,19.17808219178082,2.943241568558024,0.5272019120120386,0.5328494290519608
P02853,female,bullet,21,2131.809523809524,0.2893772893772894,2.670736274307703,55.78021978021978,16.494505494505493,0.04395604395604396,0.025641025641025644,18.36842105263158,2.772893772893773,0.5641025641025641,0.6153846153846154
P02854,female,blitz,13,1811.0,0.3269230769230769,2.8471916971916973,57.307199211045365,17.357988165680474,0.07100591715976332,0.02366863905325444,18.46153846153846,2.9339250493096647,0.6725838264299804,0.6203155818540433
P02854,female,bullet,87,2332.32183908046,0.2648835838491011,2.8847937503109917,57.832817565576185,17.061793889380095,0.09394341290893016,0.04339817270851754,17.60759493670886,3.0953679143334316,0.5832350918557816,0.5761617054720503
P02857,female,blitz,3,1910.0,0.25641025641025644,3.3301587301587303,57.3076923076923,18.76923076923077,0.025641025641025644,0.0,17.333333333333332,2.8205128205128207,0.6410256410256411,0.5897435897435898
P02857,female,bullet,10,1686.2,0.29615384615384616,3.0207142857142855,62.01474358974359,18.775641025641026,0.07756410256410257,0.023076923076923078,17.7,3.153205128205128,0.575,0.5512820512820513
P02858,female,blitz,100,2469.94,0.22910256410256413,3.3725477716727714,57.82510683760684,17.808504273504273,0.0685897435897436,0.03852564102564102,18.261363636363637,2.706388888888889,0.5159188034188034,0.5540170940170941
P02859,female,blitz,2,1823.0,0.42307692307692313,1.9220779220779223,58.46153846153846,15.23076923076923,0.038461538461538464,0.0,20.0,3.5,0.7307692307692308,0.6923076923076923
P02859,female,rapid,98,1976.2755102040817,0.2404439947807295,3.144355442809825,58.036502358186034,17.103374346741692,0.07085669432608209,0.02616872922995372,17.696629213483146,3.0229557007618233,0.5611614575900291,0.5593086335433274
P02861,female,rapid,100,2058.53,0.2693939393939394,3.3024171106671103,58.88086247086247,17.790101010101008,0.09626262626262626,0.03740481740481741,25.318181818181817,2.666736596736597,0.5968997668997669,0.5634265734265734
P02862,female,blitz,49,2226.734693877551,0.2617036025199291,3.10878905674824,59.910548635038424,17.916583416583418,0.10024669208342678,0.04709576138147567,21.130434782608695,2.9547126343044714,0.5529062773960733,0.5097738995698179
P02862,female,bullet,1,1929.0,0.23076923076923078,2.4,53.92307692307692,17.53846153846154,0.0,0.0,12.0,2.8461538461538463,0.6923076923076923,0.7692307692307693
P02862,female,rapid,12,2278.3333333333335,0.2451923076923077,3.8488636363636366,62.46153846153846,18.78205128205128,0.10416666666666667,0.05128205128205129,21.9,2.876602564102564,0.5112179487179488,0.4727564102564103
P02863,female,blitz,47,2160.191489361702,0.2511839224605182,3.834346504559271,58.692552482978016,17.614513500683714,0.07986162773396817,0.0458265139116203,19.5609756097561,2.9289820108969042,0.5875882982265961,0.5463518750752794
P02863,female,bullet,8,1987.75,0.3076923076923077,3.2739087301587304,59.49038461538461,17.009615384615383,0.07692307692307693,0.019230769230769232,19.285714285714285,2.6346153846153846,0.6538461538461539,0.625
P02864,female,blitz,61,1994.8032786885246,0.26626228962294535,3.1095622501360203,57.719290409044504,17.085327377540494,0.07031315678856663,0.0193549619779128,17.884615384615383,2.9185608107739256,0.6053105364580774,0.6083355169420743
P02864,female,bullet,39,1918.7692307692307,0.28778913394298006,2.822980722980723,57.4113322574861,17.116550116550115,0.1048951048951049,0.03353057199211045,17.62857142857143,2.790747713824637,0.6058812981889905,0.5628474090012551
P02865,female,blitz,97,2334.3092783505153,0.2376460881615521,3.193988829040375,58.020392265237625,17.486944184109134,0.05313243457573355,0.028548770816812053,17.096385542168676,2.5838640168537075,0.5381881863840626,0.5510717804532237
P02865,female,bullet,3,2413.6666666666665,0.20512820512820515,3.2731481481481484,60.94871794871795,18.64102564102564,0.07692307692307693,0.05128205128205129,15.333333333333334,2.358974358974359,0.5128205128205128,0.4102564102564103
P02866,female,blitz,78,2505.5,0.24486357659434582,3.138805852267391,59.071663379355684,17.348496055226825,0.09196252465483234,0.03558514135437212,18.041666666666668,2.828443458251151,0.5679240631163709,0.5557199211045365
P02866,female,bullet,22,2342.2272727272725,0.23093573093573092,3.053318903318903,60.17682317682318,18.03846153846154,0.1003996003996004,0.05144855144855145,15.619047619047619,2.8705183705183703,0.5617160617160617,0.5527805527805527
P02867,female,blitz,62,2272.7580645161293,0.2351530190239868,3.189502746357585,58.83097601323408,17.953515301902396,0.06720430107526883,0.027295285359801493,20.67241379310345,2.9812241521918943,0.5217535153019024,0.5181141439205955
P02867,female,rapid,38,2168.184210526316,0.24068825910931177,3.3205107027475447,59.84291497975708,17.9834008097166,0.06538461538461539,0.028340080971659923,19.515151515151516,2.987246963562753,0.5291497975708502,0.5097165991902833
P02868,female,blitz,86,2409.732558139535,0.23407019337251897,3.165729716020414,57.48009838998212,17.680658488798024,0.07871198568872989,0.044722719141323794,18.428571428571427,2.9350988159127693,0.508859357696567,0.503290314336826
P02868,female,bullet,14,2368.0,0.22403846153846155,3.7712327355184496,58.39175824175824,17.853983516483517,0.04395604395604396,0.025412087912087912,13.923076923076923,3.0509615384615385,0.5737637362637363,0.4375
P02869,female,blitz,73,2453.0,0.22523709167544786,3.4902553686800264,59.80839480154548,18.23709167544784,0.06875658587987354,0.03161222339304531,22.78125,2.8758342114506497,0.5351246926589392,0.5279241306638567
P02870,female,blitz,100,2296.36,0.26,3.08375704197763,58.118461538461546,17.16923076923077,0.0876923076923077,0.038461538461538464,18.055555555555557,3.091538461538461,0.5515384615384615,0.5715384615384616
P02871,female,blitz,13,1276.3076923076924,0.3628064243448859,3.0490426240426243,55.65021132713441,16.818596787827556,0.07193575655114116,0.028740490278951817,14.9,2.6704987320371933,0.6939983093829247,0.5930684699915469
P02875,female,blitz,8,2003.875,0.3153846153846154,2.327777777777778,58.97692307692308,18.328846153846154,0.11153846153846154,0.05384615384615385,19.428571428571427,3.123076923076923,0.6,0.575
P02875,female,bullet,90,1940.388888888889,0.29763042513042515,2.613823614656948,55.47844340844341,16.42707496207496,0.08155751655751657,0.05350778850778851,19.853658536585368,2.8304921004921004,0.6030065305065305,0.5861567136567136
P02875,female,rapid,2,1822.0,0.2692307692307693,2.5,55.69230769230769,17.5,0.15384615384615385,0.07692307692307693,23.5,3.230769230769231,0.6538461538461539,0.5384615384615384
P02877,female,blitz,36,2229.777777777778,0.22985347985347987,3.384131994548661,58.712759462759465,17.9004884004884,0.07051282051282053,0.0405982905982906,22.46875,2.795177045177045,0.5225885225885226,0.5158730158730159
P02877,female,bullet,21,1989.047619047619,0.23076923076923078,3.4073644609358897,59.2967032967033,18.223443223443223,0.0695970695970696,0.029304029304029304,20.05263157894737,2.7216117216117217,0.5347985347985349,0.46886446886446886
P02878,female,blitz,24,1423.1666666666667,0.3083770396270396,2.8813161375661376,57.187805944055945,16.696780303030305,0.09876651126651127,0.06880341880341881,18.583333333333332,3.100971250971251,0.6035013597513598,0.5718142968142969
P02878,female,bullet,66,1668.2575757575758,0.316036236490782,2.524233678779133,57.56272515363424,16.882937769301407,0.10889489298580209,0.05953768453768454,17.0327868852459,2.994666949212404,0.5989969626333264,0.5689058416331144
P02878,female,rapid,10,1554.1,0.2692307692307693,3.420598290598291,61.62307692307693,18.484615384615385,0.07692307692307693,0.06153846153846154,20.3,3.0,0.5384615384615385,0.49230769230769234
P02879,female,blitz,67,2195.4477611940297,0.27646656825761307,3.0806378530259124,58.19592058024894,17.465764583675032,0.08505549177190969,0.039418293149636435,18.07017543859649,2.9357297760282832,0.607839010077816,0.549002241539555
P02879,female,bullet,16,2204.6875,0.2932692307692308,2.8585565476190475,59.54807692307692,18.197115384615383,0.09134615384615385,0.04807692307692308,17.5,2.7163461538461537,0.6153846153846154,0.5673076923076923
P02879,female,rapid,17,2154.0588235294117,0.26901595136889256,3.01687675070028,60.58318021847434,18.327318433200787,0.11131221719457014,0.04524886877828055,23.5,2.582576900223959,0.6265917089446501,0.5691256455962338
P02880,female,blitz,4,1827.0,0.25,3.2,61.769230769230774,18.865384615384617,0.13461538461538464,0.09615384615384616,16.25,2.7115384615384617,0.5384615384615385,0.6346153846153846
P02880,female,rapid,10,2041.6,0.28211538461538466,2.6636111111111114,61.39307692307692,18.306346153846157,0.058653846153846154,0.023076923076923078,18.444444444444443,2.9690384615384615,0.6584615384615384,0.5211538461538462
P02881,female,blitz,8,1928.375,0.2302836052836053,3.143353174603175,55.24562937062937,16.90608003108003,0.06730769230769232,0.04982517482517483,17.5,2.7582556332556334,0.5325369075369075,0.48193473193473196
P02883,female,blitz,15,1508.4666666666667,0.31384615384615383,2.497755392755393,53.62871794871795,16.956923076923076,0.08512820512820514,0.0358974358974359,21.5,2.2830769230769232,0.5456410256410256,0.6266666666666667
P02883,female,bullet,47,1609.6808510638298,0.2661211129296236,2.676573721786488,56.16792144026187,16.855155482815057,0.05777414075286416,0.020130932896890344,22.675,2.8793780687397708,0.562684124386252,0.5865793780687398
P02883,female,rapid,4,1361.25,0.40384615384615385,2.5520833333333335,54.82692307692308,16.326923076923077,0.019230769230769232,0.019230769230769232,15.333333333333334,2.9423076923076925,0.7115384615384616,0.5
P02884,female,blitz,100,2464.22,0.23867599067599068,3.3371146207593574,59.95284207459207,18.00421911421911,0.07467832167832168,0.042833333333333334,18.526315789473685,3.0409009324009326,0.5307698135198136,0.5235699300699301
P02885,female,blitz,19,1656.6315789473683,0.2261422787738577,3.941938178780284,61.32620011567381,18.57894736842105,0.08039329091960672,0.032388663967611336,21.4375,2.9022556390977443,0.4881434355118566,0.5072296124927703
P02886,female,blitz,1,1881.0,0.15384615384615385,2.3,64.84615384615384,19.0,0.0,0.0,15.0,2.769230769230769,0.5384615384615384,0.38461538461538464
P02886,female,rapid,99,2019.030303030303,0.26702024126266555,3.3059776643109977,60.66958316655287,18.56734968174362,0.0984222567555901,0.03232323232323232,17.63157894736842,3.0752211312817375,0.5859906367482125,0.5336294177203268
P02887,female,blitz,25,2130.84,0.24148251748251748,2.908746031746032,59.19918881118881,17.717510489510488,0.07132867132867134,0.05594405594405595,16.263157894736842,2.787048951048951,0.6175664335664336,0.5640279720279721
P02888,female,blitz,5,2153.6,0.3076923076923077,3.1604761904761904,58.49230769230769,17.892307692307693,0.015384615384615385,0.0,18.0,3.0,0.6,0.6307692307692307
P02888,female,bullet,34,2031.5294117647059,0.21801727684080627,3.7768928783634665,59.74660633484163,17.490538872891815,0.08371040723981901,0.05018510900863843,17.90909090909091,3.0252982311805843,0.5043192102015631,0.48519127930892636
P02889,female,blitz,62,2321.5967741935483,0.2403501516404742,3.32176045280884,58.90398400882272,17.99844913151365,0.07937000275709953,0.038461538461538464,21.78181818181818,2.7639922801213124,0.537944582299421,0.5271229666390956
P02889,female,bullet,1,1881.0,0.15384615384615385,4.333333333333333,57.07692307692308,17.846153846153847,0.15384615384615385,0.07692307692307693,22.0,3.076923076923077,0.46153846153846156,0.46153846153846156
P02892,female,bullet,100,2256.28,0.28837121212121214,2.7403613053613056,57.57266802641802,17.1645202020202,0.06614607614607615,0.03613344988344989,19.127906976744185,2.728417832167832,0.5795473970473971,0.5652301864801865
P02893,female,blitz,89,1490.0898876404494,0.25572367707199173,3.237098107884625,59.06819725218602,17.705109341345295,0.07474797362437813,0.023565385924936486,20.253012048192772,2.7300089111886865,0.579011500359815,0.5417630122686303
P02893,female,rapid,11,1633.3636363636363,0.26509853782581055,3.6058441558441556,60.74586776859505,17.850206611570247,0.11315956770502225,0.02097902097902098,16.6,3.0437857596948508,0.5984583598219962,0.5089001907183726
P02894,female,blitz,98,1989.3163265306123,0.28768986115924894,3.0025628000117797,58.49946380150462,17.418633747205174,0.09651708835382306,0.0609105180533752,14.279569892473118,3.1869626971667784,0.5763066865107681,0.5317495429740328
P02894,female,rapid,2,2044.0,0.5384615384615384,2.65,53.53846153846153,16.384615384615387,0.11538461538461539,0.038461538461538464,12.5,2.730769230769231,0.6538461538461539,0.5769230769230769
P02895,female,rapid,12,1963.0833333333333,0.2673992673992674,2.9312319624819625,58.60989010989011,17.178571428571427,0.025641025641025644,0.032051282051282055,18.0,3.13003663003663,0.5347985347985348,0.5274725274725275
P02896,female,blitz,9,1682.0,0.28589743589743594,2.636904761904762,58.760683760683754,17.497008547008548,0.05982905982905984,0.008547008547008548,25.333333333333332,2.516239316239316,0.6145299145299146,0.6166666666666667
P02896,female,bullet,61,1830.7868852459017,0.27194649612682403,2.864273476978395,59.637619347865254,17.52639164114574,0.05926860025220681,0.032606737524770314,24.615384615384617,2.7114438839848676,0.5751576292559899,0.5759412718429112
P02896,female,rapid,30,1800.2666666666667,0.2233067858067858,3.906782106782107,60.945299145299145,18.194133644133647,0.07382802382802382,0.04074721574721575,22.5,2.8094535094535096,0.516945091945092,0.5426767676767678
P02897,female,blitz,24,2576.0833333333335,0.2435897435897436,3.2148151616901615,58.60256410256411,18.381410256410255,0.0608974358974359,0.012820512820512822,14.25,3.108974358974359,0.5384615384615384,0.5224358974358975
P02897,female,bullet,50,2282.56,0.23164102564102562,3.1687394272394274,59.58428205128205,18.103358974358976,0.08525641025641026,0.04487179487179487,16.13953488372093,3.1053333333333337,0.5122564102564102,0.501948717948718
P02897,female,rapid,26,2350.153846153846,0.2485207100591716,3.279571817071817,58.94378698224852,17.5207100591716,0.08579881656804735,0.02366863905325444,18.92,2.9792899408284024,0.5621301775147929,0.5473372781065089
P02898,female,blitz,95,2323.1473684210528,0.24611143242722192,3.0330288622626087,58.547192982456146,17.762659533449007,0.08248987854251012,0.03974358974358975,19.1375,2.5465538847117792,0.5711095045305572,0.556576055523424
P02898,female,bullet,5,2150.0,0.23076923076923078,2.6399999999999997,54.49230769230769,15.615384615384617,0.015384615384615385,0.015384615384615385,23.5,2.292307692307692,0.5538461538461539,0.6461538461538462
P02900,female,blitz,88,2362.7954545454545,0.25269522144522144,3.108088045991754,59.18269230769231,18.117934149184148,0.06993006993006994,0.04195804195804196,18.475,2.9798222610722607,0.530011655011655,0.5362762237762237
P02900,female,bullet,12,2391.3333333333335,0.2884615384615385,3.134935897435897,58.28205128205128,17.205128205128204,0.032051282051282055,0.032051282051282055,14.9,3.3461538461538463,0.5384615384615384,0.5705128205128206
P02901,female,blitz,100,2159.3,0.24826079476079477,3.136401515151515,58.54262803862804,17.544142024642024,0.06473931623931624,0.02637612387612388,17.418367346938776,2.956329725829726,0.5502329892329892,0.5339338439338439
P02903,female,blitz,7,2141.4285714285716,0.3241758241758242,3.642857142857143,58.91483516483517,17.642857142857142,0.2032967032967033,0.10164835164835165,22.75,2.7032967032967035,0.6346153846153847,0.5576923076923077
P02903,female,bullet,5,2062.4,0.3817948717948718,2.67,59.19051282051282,17.67025641025641,0.1335897435897436,0.06615384615384616,13.75,2.746666666666667,0.6594871794871795,0.6015384615384616
P02903,female,rapid,13,2088.230769230769,0.22592791823561054,3.5542009272778503,57.87197417966649,17.34965034965035,0.09682625067240452,0.03550295857988166,18.583333333333332,2.890263582571275,0.5960193652501344,0.49757934373318985
P02904,female,blitz,65,2408.369230769231,0.23925049309664698,3.193358585858586,58.43865877712031,17.826627218934913,0.0591715976331361,0.028402366863905328,19.685185185185187,2.8979289940828403,0.5342209072978304,0.5541420118343194
P02904,female,bullet,27,2232.6666666666665,0.2361823361823362,3.1065046065046067,60.80840455840456,18.234188034188033,0.09757834757834757,0.02849002849002849,19.6,2.9465811965811963,0.6145299145299146,0.5316239316239316
P02904,female,rapid,8,1921.875,0.2692307692307693,3.635314685314685,59.38461538461539,18.038461538461537,0.057692307692307696,0.009615384615384616,19.5,2.9615384615384617,0.4903846153846154,0.5673076923076923
P02905,female,blitz,3,2519.0,0.42540792540792544,2.5833333333333335,63.2426184926185,18.43822843822844,0.05808080808080809,0.0,20.333333333333332,3.732905982905983,0.8141025641025642,0.4998057498057498
P02905,female,bullet,83,2626.843373493976,0.29401522172606515,3.118373928614892,58.05291328484099,18.036313084505853,0.08404246356053585,0.017777403319571995,20.186666666666667,2.674492843167542,0.5574559309499069,0.5576478407803709
P02905,female,rapid,14,1325.642857142857,0.3023547880690738,2.9136982065553494,58.92370486656201,18.10227629513344,0.08712715855572999,0.005494505494505495,16.5,3.1994505494505496,0.6339874411302983,0.4822605965463108
P02906,female,blitz,20,1736.5,0.271474358974359,3.3030677655677656,59.33862179487179,18.07067307692308,0.07307692307692308,0.0038461538461538464,20.72222222222222,2.9408653846153845,0.6211538461538462,0.5958333333333333
P02906,female,bullet,10,1661.7,0.27692307692307694,3.775,61.92307692307693,19.03076923076923,0.1,0.015384615384615385,23.88888888888889,3.023076923076923,0.5307692307692308,0.5692307692307692
P02906,female,rapid,2,1298.0,0.2692307692307693,3.4375,60.15384615384615,16.884615384615387,0.11538461538461539,0.07692307692307693,28.5,2.5,0.5384615384615385,0.6153846153846154
P02907,female,blitz,44,2027.4772727272727,0.2810231435231435,2.959225997561559,57.665675990675986,17.510697635697635,0.07342657342657342,0.043997668997669,26.285714285714285,2.493818681318681,0.5286297036297036,0.564456376956377
P02907,female,bullet,56,1826.625,0.29545315795315796,2.8577235264735266,58.39924554612055,17.823616314241313,0.07576104451104451,0.04660200910200911,23.47826086956522,2.61339806027306,0.5754054972804973,0.6184450965700965
P02911,female,blitz,97,1936.1752577319587,0.2562780861749934,3.258061497494487,59.52577319587629,18.260183716627015,0.08610890827385673,0.035890827385672744,17.91578947368421,3.0798242135871,0.5383624107850912,0.5431932328839546
P02911,female,bullet,3,1982.3333333333333,0.23931623931623933,2.716666666666667,55.79772079772079,17.472934472934472,0.05128205128205129,0.025641025641025644,18.0,2.7521367521367517,0.5413105413105413,0.566951566951567
P02912,female,blitz,69,2210.753623188406,0.26721056721056724,3.2408186419055984,57.72445356575791,17.29333299550691,0.0843721495895409,0.04372909698996656,20.737704918032787,2.878330123982298,0.5591398939225026,0.5534137360224317
P02912,female,bullet,31,2078.1290322580644,0.27098842018196856,3.0079020441923667,58.623759305210925,17.43010752688172,0.07258064516129033,0.04166666666666667,17.466666666666665,3.088089330024814,0.5309139784946236,0.517059553349876
P02913,female,blitz,98,2304.061224489796,0.2417915417915418,3.3253633271490415,59.27839085517657,17.877522873951445,0.0796566528709386,0.04365277579563294,17.118279569892472,2.6972083472083472,0.5343755450898308,0.5222164740021883
P02913,female,rapid,2,2373.0,0.40909090909090906,1.75,56.68181818181819,16.772727272727273,0.045454545454545456,0.09090909090909091,16.5,3.0,0.8181818181818181,0.40909090909090906
P02914,female,bullet,100,2333.07,0.27102331002331004,3.0022181429681427,59.725389277389276,18.351119658119657,0.06731623931623931,0.03597435897435897,18.170454545454547,2.588897435897436,0.5566542346542347,0.5671274281274281
P02916,female,blitz,63,1967.7460317460318,0.25162800162800164,3.6380500011452392,59.246133496133496,18.105413105413106,0.08547008547008547,0.031746031746031744,18.152542372881356,2.8763736263736264,0.538970288970289,0.5694953194953195
P02916,female,rapid,24,1510.8333333333333,0.2996216746216746,3.5811507936507936,60.19171569171569,18.517127548377548,0.06637691012691013,0.027065527065527065,16.09090909090909,3.0619785307285308,0.645560458060458,0.5958624708624708
P02917,female,blitz,97,2434.3505154639174,0.25009011606949755,3.1703934095686677,58.82171436810612,17.875495638382237,0.07627424122269484,0.03835339917814145,16.344444444444445,3.0601254415687404,0.5551870809602768,0.542642924086223
P02917,female,bullet,3,2194.0,0.3076923076923077,2.706878306878307,57.58974358974359,17.102564102564102,0.12820512820512822,0.05128205128205129,15.666666666666666,3.051282051282051,0.5641025641025642,0.5897435897435898
P02918,female,blitz,91,2344.5494505494507,0.2569545838776608,3.0899666545836553,58.44430569430569,17.373453469607316,0.069843617920541,0.028740490278951817,20.094117647058823,3.0697283485745026,0.5563955275493737,0.573455390763083
P02918,female,bullet,9,2061.777777777778,0.23076923076923078,2.9149029982363315,55.01709401709402,15.811965811965813,0.05982905982905984,0.017094017094017096,23.77777777777778,3.068376068376068,0.5555555555555556,0.5384615384615385
P02920,female,blitz,98,2334.1326530612246,0.2301976368302899,3.115448893510118,59.421091323642344,17.70410428573694,0.07447116375687804,0.04046435423986444,18.24468085106383,2.902210034863096,0.5248705376256397,0.531238432769045
P02920,female,bullet,2,2098.5,0.3076923076923077,1.9910714285714286,55.61538461538461,15.923076923076923,0.07692307692307693,0.07692307692307693,10.0,2.884615384615385,0.6923076923076923,0.5384615384615385
P02921,female,bullet,100,1793.58,0.3008760683760684,3.1377525252525253,59.26263675213675,17.6975,0.08773076923076922,0.027884615384615386,17.835443037974684,2.9631452991452987,0.6053547008547009,0.5946923076923077
P02922,female,blitz,3,2040.0,0.3333333333333333,3.4166666666666665,57.64102564102564,16.871794871794872,0.05128205128205129,0.05128205128205129,16.333333333333332,2.871794871794872,0.6923076923076924,0.6923076923076924
P02923,female,blitz,71,2412.0,0.2700581109031813,3.132244789639156,58.762444597655865,17.31683246331134,0.0989855215207328,0.035949965527430315,15.771428571428572,2.9655372796217865,0.5810302373682655,0.5266226731015463
P02923,female,bullet,22,2258.818181818182,0.2508991008991009,2.92492784992785,56.580769230769235,16.76083916083916,0.05844155844155845,0.04495504495504496,13.227272727272727,2.998651348651349,0.5932567432567433,0.5598401598401599
P02923,female,rapid,7,2261.4285714285716,0.14285714285714285,4.089285714285714,57.1978021978022,16.824175824175825,0.04395604395604396,0.02197802197802198,17.142857142857142,3.1758241758241756,0.5274725274725275,0.42857142857142855
P02924,female,blitz,73,1978.7945205479452,0.23552444511348622,3.3520898431857336,58.1603500761035,17.91861357820262,0.07701088865472427,0.0641100908224196,17.789473684210527,2.6879907003194674,0.5346178935220032,0.5144630103534212
P02924,female,rapid,1,1978.0,0.23076923076923078,2.5714285714285716,66.0,22.076923076923077,0.23076923076923078,0.07692307692307693,13.0,2.8461538461538463,0.46153846153846156,0.3076923076923077
P02925,female,blitz,34,1973.3823529411766,0.26960784313725494,3.1246923011628893,57.60542986425339,17.13702865761689,0.08371040723981901,0.04660633484162896,21.17391304347826,2.8199849170437408,0.5459276018099547,0.5572398190045249
P02925,female,bullet,66,2024.1060606060605,0.29106802288620476,2.738827502463866,57.84541481246026,17.393282475100655,0.09510754397118035,0.046620046620046623,15.423728813559322,3.0679195804195802,0.608248569612206,0.5917779190506464
P02926,female,blitz,47,1592.6808510638298,0.27032187670485547,2.9858526598448214,58.253136933988,18.123295144571742,0.07364975450081833,0.03927986906710311,15.88888888888889,3.0597381342062198,0.5656028368794326,0.5065466448445172
P02926,female,rapid,10,1764.5,0.2230769230769231,3.691255411255411,55.93846153846154,16.73846153846154,0.046153846153846156,0.038461538461538464,20.3,3.146153846153846,0.5307692307692308,0.5
P02927,female,blitz,8,1457.875,0.31190996503496504,3.59375,58.86775932400933,17.53978001165501,0.052229020979020976,0.04181235431235431,13.571428571428571,3.1646270396270397,0.6395906177156176,0.6307473776223776
P02927,female,bullet,15,1472.6666666666667,0.3230769230769231,2.3590476190476193,55.70549450549451,15.85934065934066,0.0923076923076923,0.05054945054945055,14.153846153846153,3.2615384615384615,0.5692307692307692,0.5978021978021978
P02927,female,rapid,23,1619.391304347826,0.3356585443541965,2.716701173222912,60.6998778998779,18.40207039337474,0.1274300578648405,0.03831820353559484,12.095238095238095,3.0906407602059778,0.6655836916706482,0.5900939640070074
P02928,female,blitz,10,2090.6,0.2830769230769231,2.997008547008547,57.83538461538461,17.65692307692308,0.09230769230769231,0.06153846153846154,20.875,2.8461538461538463,0.5846153846153846,0.5015384615384615
P02928,female,bullet,90,2091.5333333333333,0.28787952787952786,2.7644074752408088,58.18101953601954,17.176621896621896,0.08658119658119659,0.054051689051689056,16.80246913580247,3.0443732193732194,0.5636263736263737,0.5607285307285308
P02930,female,blitz,73,2286.986301369863,0.26095890410958905,3.1177153136057245,58.32453459782227,17.507481559536355,0.08940990516332983,0.035914998243765366,17.723076923076924,2.776712328767123,0.5636283807516684,0.5538812785388129
P02930,female,bullet,17,2163.823529411765,0.20956690368455075,3.4905251611133963,57.972031889678945,17.369812540400776,0.031674208144796386,0.05128205128205128,18.928571428571427,2.675694893341952,0.5494720965309201,0.5586511527687998
P02930,female,rapid,10,2334.3,0.2846153846153846,4.613492063492063,58.8,17.646153846153844,0.1,0.06153846153846154,18.3,2.730769230769231,0.5230769230769231,0.5384615384615385
P02931,female,blitz,79,2175.4430379746836,0.2418783747897672,3.165664100315999,58.17964208786994,18.00254246456778,0.06999891810018392,0.055299833780846436,16.51948051948052,2.831388372527613,0.5488256469269128,0.5355822096328425
P02931,female,bullet,21,2129.095238095238,0.25345950345950347,2.834628598914313,57.03083028083027,16.904354904354904,0.0987993487993488,0.045584045584045586,18.36842105263158,2.9364061864061863,0.6163003663003663,0.5437525437525438
P02932,female,blitz,46,1947.5434782608695,0.2773974214191606,3.446221532091097,60.21877669432017,18.383498445998445,0.08672848890240195,0.029473244147157192,18.095238095238095,3.0153635615592136,0.5786297036297036,0.5499023922936966
P02932,female,rapid,2,2005.5,0.4423076923076923,3.55,58.52884615384615,16.115384615384613,0.0,0.0,21.5,2.9615384615384617,0.6346153846153846,0.5961538461538461
P02933,female,blitz,89,2187.5730337078653,0.22288245462402767,3.534861050310489,61.13443532123307,18.698739556323826,0.07196053010659752,0.03723710746182657,19.44,2.451246038605589,0.5201598962834918,0.5234514549121291
P02933,female,bullet,11,2078.3636363636365,0.3038628038628039,3.0680735930735934,56.37279387279387,16.82017982017982,0.09107559107559107,0.02097902097902098,14.9,2.8964368964368963,0.6060606060606061,0.5773393273393274
P02934,female,blitz,37,1712.8918918918919,0.25936390936390935,2.957806832806833,59.16304941304941,17.95797790797791,0.08201348201348202,0.019635019635019638,19.06451612903226,2.548814548814549,0.5544514794514794,0.555972930972931
P02934,female,bullet,14,1460.357142857143,0.2796092796092796,3.0570861678004535,56.21306471306472,16.813186813186814,0.0763125763125763,0.027472527472527476,15.0,2.7912087912087915,0.5421245421245422,0.6117216117216117
P02936,female,blitz,48,1913.8958333333333,0.25801282051282054,3.016387200762201,59.43910256410256,17.51121794871795,0.09615384615384616,0.03044871794871795,20.13157894736842,2.7099358974358974,0.576923076923077,0.5592948717948718
P02936,female,bullet,9,1687.888888888889,0.27350427350427353,3.2466490299823634,58.5897435897436,16.51282051282051,0.1111111111111111,0.025641025641025644,21.666666666666668,3.1196581196581197,0.5811965811965812,0.5213675213675214
P02936,female,rapid,43,2085.906976744186,0.2609909470374587,3.2871790999697974,60.533088035995014,18.119396107768203,0.08112430205453462,0.03398926654740608,19.435897435897434,2.9707676044885347,0.5588307041795414,0.5239063262319076
P02937,female,blitz,1,2231.0,0.38461538461538464,2.4166666666666665,51.76923076923077,15.076923076923077,0.0,0.0,31.0,1.5384615384615385,0.7692307692307693,0.8461538461538461
P02937,female,rapid,1,2297.0,0.2857142857142857,1.3333333333333333,54.142857142857146,15.0,0.0,0.0,8.0,3.2857142857142856,0.5714285714285714,1.0
P02938,female,blitz,36,2223.777777777778,0.2640669515669516,2.8135231281064614,59.01210826210826,17.44355413105413,0.09722222222222222,0.038461538461538464,18.78787878787879,3.0245726495726495,0.5644586894586895,0.6114672364672366
P02938,female,bullet,1,2223.0,0.46153846153846156,1.2,43.15384615384615,12.384615384615385,0.0,0.0,10.0,1.9230769230769231,0.8461538461538461,0.8461538461538461
P02938,female,rapid,3,2009.3333333333333,0.3076923076923077,2.2583333333333333,52.794871794871796,15.435897435897436,0.025641025641025644,0.05128205128205129,21.333333333333332,3.2307692307692304,0.5384615384615384,0.6153846153846154
P02939,female,blitz,90,1740.9444444444443,0.28096163096163096,3.1255872214205547,57.87005617838952,17.1994486994487,0.07353757353757355,0.02432212848879516,21.013157894736842,2.8098247431580763,0.641811737645071,0.5787758537758538
P02939,female,rapid,10,1992.3,0.29149184149184154,3.0545421245421247,58.641083916083915,17.703613053613054,0.07896270396270397,0.024475524475524476,21.0,2.9054778554778555,0.6115967365967366,0.6336247086247087
P02941,female,blitz,10,2469.7,0.25288461538461543,3.1156349206349203,61.64807692307693,17.733653846153846,0.10769230769230771,0.053846153846153856,19.333333333333332,3.0067307692307694,0.5548076923076923,0.5365384615384616
P02941,female,bullet,90,2345.6,0.2452991452991453,3.105723134889802,60.014529914529916,17.895726495726496,0.0811965811965812,0.03333333333333333,19.709302325581394,2.982905982905983,0.5290598290598291,0.5504273504273505
P02942,female,blitz,80,2507.4875,0.19801379176379177,3.5074940337440337,59.25226301476302,17.582641317016318,0.07934391996891997,0.049358974358974364,17.71641791044776,2.858736402486403,0.49653506216006216,0.510195707070707
P02942,female,bullet,20,2484.8,0.23138111888111887,3.2407936507936506,57.996765734265736,17.73417832167832,0.06538461538461539,0.038461538461538464,18.25,2.910576923076923,0.5354020979020979,0.5507867132867134
P02943,female,blitz,17,1610.1176470588234,0.3105889208830386,3.0716440422322773,59.30305886923534,17.740167512226336,0.08861808126514009,0.013574660633484163,23.307692307692307,2.9175693587458293,0.6216349010466657,0.5778314822432469
P02945,female,blitz,99,2438.808080808081,0.2498704998704999,3.1264911995972606,59.32435465768799,17.472923681257015,0.1077117327117327,0.05523180523180523,19.654761904761905,2.8082642665976003,0.5475157558490892,0.5442566692566693
P02945,female,rapid,1,1913.0,0.23076923076923078,8.75,63.84615384615385,19.076923076923077,0.07692307692307693,0.07692307692307693,21.0,2.6923076923076925,0.46153846153846156,0.6153846153846154
P02946,female,blitz,32,1749.25,0.30142227564102564,2.3871201714951713,57.933079594017094,16.745104288073037,0.10320087898212899,0.024475524475524476,21.791666666666668,2.7225724796037296,0.6659424776612277,0.6414693813131314
P02946,female,bullet,1,1703.0,0.23076923076923078,3.875,61.53846153846154,20.46153846153846,0.0,0.0,23.0,2.3846153846153846,0.6153846153846154,0.5384615384615384
P02946,female,rapid,2,1874.0,0.11538461538461539,3.1964285714285716,62.34615384615385,18.46153846153846,0.11538461538461539,0.07692307692307693,8.0,3.0769230769230766,0.46153846153846156,0.46153846153846156
P02947,female,blitz,100,2276.23,0.2652913752913753,2.877410894660895,58.38612276612276,17.250800310800308,0.05495726495726496,0.02230769230769231,22.941860465116278,3.0191530691530692,0.5530303030303031,0.570924630924631
P02948,female,blitz,19,2371.4736842105262,0.27530364372469635,3.0446684894053315,57.829959514170035,16.86234817813765,0.09716599190283401,0.04048582995951417,17.5,3.137651821862348,0.5910931174089068,0.5789473684210527
P02948,female,bullet,24,2171.9166666666665,0.2435897435897436,2.735648148148148,57.1784188034188,16.768162393162395,0.08653846153846155,0.038995726495726496,17.391304347826086,2.9807692307692304,0.5491452991452991,0.5507478632478633
P02949,female,blitz,8,2470.875,0.2905982905982906,2.969237012987013,59.248931623931625,17.74145299145299,0.10576923076923078,0.04807692307692308,13.142857142857142,2.9764957264957266,0.6164529914529915,0.5395299145299146
P02949,female,bullet,84,2249.3809523809523,0.2894240019240019,2.6185279667422527,57.577820327820326,17.30895817145817,0.06773088023088022,0.027625152625152628,18.367088607594937,2.7676439301439304,0.6027426277426278,0.5870004995004996
P02949,female,rapid,8,2065.75,0.27622377622377625,3.0519914113664113,58.24038461538461,17.897727272727273,0.06118881118881119,0.028846153846153848,16.0,3.0463286713286712,0.5428321678321678,0.5568181818181818
P02950,female,blitz,16,1517.25,0.26734203296703296,2.834747023809524,57.04676053113553,17.210660866910867,0.07251602564102565,0.06543803418803419,13.8125,2.956692612942613,0.5666971916971917,0.5807387057387058
P02950,female,rapid,84,1890.3333333333333,0.3119616824973968,2.419144413787271,56.30662561644705,16.697316308030594,0.06076892684035541,0.03926282051282052,13.113924050632912,3.0242821992821995,0.6162786287786288,0.6256231533017248
P02951,female,bullet,100,2444.9,0.2593426573426574,2.893614746364747,57.70323076923077,17.27998601398601,0.08846153846153847,0.04253846153846154,16.31578947368421,3.0680769230769234,0.5596433566433566,0.5536713286713286
P02952,female,blitz,4,2001.25,0.19230769230769232,3.2326923076923073,58.30769230769231,18.076923076923077,0.057692307692307696,0.019230769230769232,12.5,3.0769230769230766,0.5576923076923077,0.4807692307692307
P02952,female,rapid,1,2159.0,0.125,4.5,60.125,15.875,0.25,0.0,15.0,4.0,0.625,0.5
P02953,female,blitz,99,2443.4646464646466,0.2687663346754256,3.13092566804688,59.12579465988557,17.83738433283888,0.08412092957547504,0.05010242282969556,19.568181818181817,2.7998304725577454,0.5586476654658473,0.5673059263968355
P02953,female,rapid,1,1019.0,0.5384615384615384,2.0,55.53846153846154,15.0,0.23076923076923078,0.15384615384615385,16.0,2.1538461538461537,0.6923076923076923,0.3076923076923077
P02954,female,blitz,25,2205.76,0.3004639804639805,3.030333333333333,57.185592185592185,17.20239316239316,0.08708180708180709,0.052307692307692305,18.1,3.130695970695971,0.5831990231990232,0.6148962148962149
P02954,female,bullet,47,2078.872340425532,0.30414620840152756,2.9845199717540143,54.95171849427168,17.01582105837425,0.09983633387888707,0.07228587015821059,16.113636363636363,2.963447899618112,0.6025641025641025,0.6058374249863612
P02954,female,rapid,28,2085.785714285714,0.26800421800421803,2.934102504638219,59.17851037851038,17.776789876789877,0.10436785436785437,0.0463980463980464,17.923076923076923,3.074381174381174,0.5168775668775669,0.5397990897990897
P02955,female,blitz,7,2243.285714285714,0.282574568288854,2.692176870748299,61.55102040816327,18.551020408163264,0.11616954474097331,0.02197802197802198,16.333333333333332,2.877551020408163,0.598116169544741,0.6718995290423863
P02955,female,bullet,93,2391.978494623656,0.2823913243268082,2.858929839575001,58.68700027570995,17.496696075728334,0.08754710045032625,0.03841558680268358,16.476190476190474,3.058691756272401,0.6166276077566399,0.563833746898263
P02956,female,blitz,100,1679.88,0.23989224664224665,3.2592226662226667,58.557011294261294,17.66371855921856,0.07355677655677656,0.04223199023199023,17.011111111111113,2.8119102564102563,0.5778049450549451,0.5375262515262516
P02958,female,blitz,8,2061.75,0.25961538461538464,3.553571428571429,59.02884615384615,17.692307692307693,0.07692307692307693,0.06730769230769232,18.142857142857142,3.2884615384615383,0.5576923076923077,0.5384615384615384
P02958,female,bullet,92,1855.1521739130435,0.24217575902358512,3.6714791850661412,59.29028471528471,18.215252501122066,0.07698279980888677,0.033325370281892024,16.853658536585368,2.811428064688934,0.5193456905413427,0.5813581346190041
P02959,female,bullet,100,2577.32,0.28209373959373957,2.9842447274947275,58.30678196803196,17.812176573426573,0.07411421911421912,0.033216783216783216,15.642105263157895,3.3023018648018647,0.5623197635697637,0.5717728105228105
P02960,female,bullet,100,2675.87,0.24166083916083916,3.024878246753247,56.830576923076926,16.811351981351983,0.06538461538461539,0.03775641025641026,20.304347826086957,2.9329428904428902,0.5517191142191142,0.5796794871794871
P02961,female,blitz,89,2522.123595505618,0.247225994978804,3.2266709881878417,59.57169883799097,17.770977212550246,0.07649092480553156,0.030127176194591928,16.353658536585368,3.1684371184371187,0.5726001838361389,0.5468487193206294
P02961,female,bullet,11,2507.2727272727275,0.30069930069930073,3.296031746031746,62.44755244755245,19.16083916083916,0.06993006993006994,0.02097902097902098,16.272727272727273,3.076923076923077,0.5664335664335665,0.5174825174825175
P02962,female,blitz,96,2235.3645833333335,0.24123931623931624,3.214651899026899,59.42198406339031,17.884450676638178,0.06656205484330484,0.03605769230769231,16.876404494382022,2.9328481125356127,0.5352742165242165,0.5243344907407407
P02962,female,rapid,4,2000.0,0.3241758241758242,1.85,61.81043956043956,18.153846153846153,0.15384615384615385,0.07692307692307693,16.333333333333332,3.010989010989011,0.6813186813186813,0.5494505494505495
P02964,female,blitz,51,2122.5882352941176,0.2500879839115133,3.169000933706816,59.7861571979219,17.918883023294786,0.10826210826210826,0.052895089659795544,19.62162162162162,2.927832244008715,0.5261270320093849,0.5379462041226747
P02964,female,bullet,34,2301.235294117647,0.2868778280542987,3.128256302521008,59.0,17.63529411764706,0.07918552036199096,0.03393665158371041,17.586206896551722,2.913574660633484,0.5859728506787331,0.5642533936651584
P02966,female,blitz,69,2061.463768115942,0.2550482528743398,3.0328103221965113,60.3388140040314,18.10307590959765,0.09010562706214881,0.03893674763239981,17.46875,2.8675072914203352,0.6122912514216862,0.526906748645879
P02967,female,bullet,100,2078.03,0.2674195804195804,2.7106189643689644,54.99755167055167,16.331591297591295,0.07248174048174048,0.058525641025641034,13.24468085106383,2.9954304584304583,0.5886235431235431,0.5601499611499612
P02968,female,blitz,27,1857.7777777777778,0.3319088319088319,2.6049863716530384,58.067307692307686,17.496201329534664,0.07407407407407407,0.017094017094017096,15.625,3.3249050332383665,0.6728395061728395,0.6231006647673314
P02968,female,rapid,32,1679.96875,0.274352297008547,2.8804056186868685,55.888842147435895,16.179200053418803,0.06730769230769232,0.053952991452991456,13.533333333333333,3.0731436965811967,0.630355235042735,0.5990985576923077
P02969,female,blitz,84,2231.5238095238096,0.22985347985347987,3.5095117184402898,60.45,17.88653846153846,0.0771978021978022,0.03873626373626374,22.666666666666668,3.0511904761904765,0.5184981684981684,0.5242673992673993
P02970,female,blitz,3,1887.0,0.2783882783882784,2.433333333333333,53.99633699633699,15.564102564102564,0.0,0.0,14.333333333333334,3.5128205128205128,0.695970695970696,0.5787545787545788
P02970,female,bullet,8,1885.625,0.33653846153846156,2.6219291125541124,59.44230769230769,17.58653846153846,0.019230769230769232,0.009615384615384616,17.8,2.8653846153846154,0.6346153846153846,0.5
P02970,female,rapid,5,1823.4,0.23846153846153845,3.1083333333333334,59.55384615384615,16.973846153846154,0.046153846153846156,0.03076923076923077,18.5,2.676923076923077,0.6107692307692307,0.5
P02972,female,blitz,100,2153.82,0.24263461538461542,3.087814259270141,59.38685256410256,18.01955128205128,0.062211538461538464,0.029461538461538463,19.858695652173914,2.892628205128205,0.5219166666666667,0.5212435897435898
P02973,female,blitz,15,1743.4,0.33978243978243977,2.4584656084656085,57.2971250971251,17.63912198912199,0.10854700854700855,0.05726495726495727,14.4,2.6393162393162393,0.6618104118104119,0.5587801087801088
P02974,female,bullet,100,2178.34,0.3057863247863248,2.6066536796536797,55.88626312576312,16.29155006105006,0.07810805860805861,0.02230769230769231,17.835164835164836,3.1218162393162396,0.6453229548229548,0.5897277167277167
P02975,female,blitz,97,2430.061855670103,0.2405788655788656,3.144774841424326,57.93491416945025,17.209157394724404,0.072077836253094,0.028692956528008077,22.358024691358025,3.0294639495670426,0.5195281522601111,0.5540165733464703
P02975,female,bullet,3,2039.6666666666667,0.2467948717948718,4.177777777777778,56.34615384615385,17.958333333333332,0.025641025641025644,0.0,27.0,3.0993589743589745,0.6442307692307693,0.7532051282051282
P02976,female,blitz,5,2312.6,0.3261538461538461,2.352619047619048,60.736923076923084,18.167692307692306,0.09692307692307693,0.015384615384615385,16.75,2.758461538461538,0.5138461538461538,0.4492307692307692
P02976,female,rapid,13,2141.5384615384614,0.24786324786324787,3.1777777777777776,59.45627876397107,17.559500328731097,0.08875739644970415,0.02366863905325444,21.09090909090909,3.094017094017094,0.5522682445759369,0.5489809335963182
P02977,female,blitz,95,2233.7368421052633,0.25299595141700404,3.1294224196855778,58.36457489878542,17.62705802968961,0.07044534412955465,0.03991902834008097,19.93421052631579,2.8191363022941966,0.556923076923077,0.5457085020242914
P02977,female,rapid,5,2364.0,0.26153846153846155,3.289150849150849,58.861538461538466,17.676923076923078,0.12307692307692308,0.09230769230769231,19.75,2.769230769230769,0.5230769230769231,0.5538461538461539
P02978,female,blitz,58,1881.6896551724137,0.2226827291482464,3.678643219807013,59.029675066313,17.846706454465075,0.037466843501326265,0.026525198938992044,17.314814814814813,2.9643383436486883,0.5677497789566756,0.5441534040671971
P02978,female,bullet,33,1951.5757575757575,0.2690568690568691,3.033056758056758,57.832367632367635,17.426458726458726,0.03263403263403264,0.013986013986013986,13.03225806451613,3.0202427202427202,0.6068783068783069,0.5783549783549784
P02978,female,rapid,9,1970.4444444444443,0.20512820512820515,3.6966490299823636,57.16239316239316,16.786324786324784,0.017094017094017096,0.008547008547008548,20.0,3.2735042735042734,0.5641025641025641,0.5555555555555556
P02980,female,blitz,94,2721.0851063829787,0.24631751227495913,3.0264911685614373,58.88297872340426,17.576923076923077,0.07446808510638298,0.038461538461538464,20.357142857142858,2.8428805237315875,0.5597381342062193,0.5654664484451718
P02980,female,bullet,6,2627.3333333333335,0.25641025641025644,2.8997113997114,61.89743589743589,18.69230769230769,0.07692307692307693,0.05128205128205129,14.5,3.192307692307692,0.5,0.576923076923077
P02981,female,blitz,39,2320.5641025641025,0.24116908732293352,3.547332297332297,59.41922180383719,18.212479827864442,0.05719921104536489,0.03783396091088399,16.77777777777778,2.8583467814237045,0.542764927380312,0.5083378160301237
P02981,female,bullet,61,2189.1311475409834,0.2878603181881871,3.1635849123554043,58.67964990383023,18.105036493561084,0.10376877221139517,0.03955061332110512,16.803571428571427,2.9549272676321854,0.5745853872903054,0.557833377915345
P02983,female,blitz,92,2051.4565217391305,0.26688794297489954,3.2687545847871937,57.69451707712577,17.27635468396338,0.08154454241410763,0.044838012229316576,15.185185185185185,2.947196040674301,0.5845140366879498,0.5651287118678423
P02983,female,bullet,7,1546.7142857142858,0.2846153846153846,3.204138321995465,60.4,19.047252747252745,0.06593406593406594,0.01098901098901099,13.857142857142858,3.4879120879120875,0.5945054945054945,0.4384615384615384
P02983,female,rapid,1,1948.0,0.15384615384615385,5.5,64.15384615384616,19.923076923076923,0.07692307692307693,0.07692307692307693,,2.0,0.3076923076923077,0.5384615384615384
P02985,female,blitz,50,2234.74,0.23705128205128204,3.138699855699856,57.675427350427356,17.17111111111111,0.08623931623931626,0.05606837606837607,15.5,2.902564102564103,0.5172222222222222,0.5161538461538462
P02985,female,bullet,15,2025.0666666666666,0.25641025641025644,3.07,57.98461538461538,17.28205128205128,0.0717948717948718,0.05641025641025642,14.133333333333333,3.174358974358974,0.5538461538461539,0.5128205128205129
P02985,female,rapid,1,1784.0,0.25,2.6666666666666665,66.08333333333333,21.25,0.25,0.08333333333333333,11.0,3.0,0.8333333333333334,0.5
P02986,female,blitz,60,2147.45,0.23790931290931291,3.6755796055796055,60.65434010434011,18.228751803751802,0.08361638361638363,0.03717948717948718,20.927272727272726,2.9425019425019423,0.5361166611166611,0.5131840381840382
P02986,female,bullet,24,1703.2083333333333,0.3448717948717949,2.56875,57.34615384615385,17.452564102564104,0.04807692307692308,0.019230769230769232,14.75,3.2634615384615384,0.6544871794871795,0.607051282051282
P02986,female,rapid,16,2162.9375,0.3103146853146853,3.109457760376878,59.67023601398601,16.912769522144522,0.07506555944055944,0.024912587412587416,17.923076923076923,3.0136582167832167,0.5998688811188811,0.5243298368298368
P02987,female,blitz,18,2290.8888888888887,0.26495726495726496,3.5200617283950617,58.18376068376069,17.991452991452988,0.06837606837606838,0.038461538461538464,15.11111111111111,2.952991452991453,0.5811965811965812,0.5470085470085471
P02987,female,bullet,2,2251.5,0.3076923076923077,3.043269230769231,57.96153846153847,18.03846153846154,0.038461538461538464,0.038461538461538464,20.5,2.9615384615384617,0.5769230769230769,0.5769230769230769
P02987,female,rapid,4,2496.0,0.25,2.89375,58.480769230769226,18.71153846153846,0.11538461538461539,0.09615384615384616,13.5,2.75,0.46153846153846156,0.5961538461538461
P02989,female,blitz,24,2282.25,0.23263888888888892,3.279896723646724,59.93002136752137,17.74198717948718,0.05822649572649572,0.028846153846153844,19.045454545454547,2.724626068376068,0.5352564102564102,0.5267094017094017
P02989,female,bullet,56,1715.8035714285713,0.26776556776556776,2.7970854542283115,57.43499694749695,16.828548534798536,0.08363858363858365,0.030067155067155068,21.9375,2.8481913919413917,0.5932310744810746,0.6044261294261294
P02989,female,rapid,2,2175.0,0.3076923076923077,3.1333333333333333,56.88461538461539,18.53846153846154,0.07692307692307693,0.0,14.0,2.423076923076923,0.4230769230769231,0.6153846153846154
P02991,female,blitz,100,2496.41,0.24088461538461542,3.2546324508824505,58.54857692307692,17.79503846153846,0.06923076923076923,0.03538461538461539,18.568181818181817,2.806653846153846,0.5548461538461539,0.5283846153846153
P02992,female,blitz,38,1898.3684210526317,0.2678812415654521,3.1534014231382654,59.861167341430495,18.06612685560054,0.07304318488529014,0.040654520917678814,21.705882352941178,2.888663967611336,0.5578609986504723,0.5539811066126855
P02993,female,blitz,2,1486.5,0.15384615384615385,4.678571428571429,60.57692307692308,18.53846153846154,0.0,0.0,14.5,2.769230769230769,0.46153846153846156,0.46153846153846156
P02993,female,rapid,2,1907.5,0.19444444444444442,1.5,47.91666666666667,14.402777777777779,0.0,0.0,,2.013888888888889,0.6527777777777778,0.9166666666666667
P02994,female,blitz,23,1999.5652173913043,0.26674098848011896,3.1240965556182947,59.106819026384244,17.856484578223707,0.08082497212931995,0.03593459680416202,19.72222222222222,2.931029357116314,0.5373281308063916,0.5587513935340023
P02994,female,rapid,77,2193.714285714286,0.25408293005695604,3.0750426341335433,58.3134335361608,17.493598825417006,0.08373142009505646,0.040465162543084625,24.80952380952381,2.8634819725728815,0.543114245062297,0.5347619912554978
P02995,female,blitz,8,2158.125,0.31490384615384615,3.5106150793650794,57.83413461538461,17.39423076923077,0.11298076923076923,0.0,25.285714285714285,2.7115384615384617,0.6923076923076923,0.5721153846153846
P02995,female,bullet,12,2094.5833333333335,0.26282051282051283,3.1396825396825396,60.53846153846154,18.596153846153843,0.10256410256410257,0.05128205128205129,18.75,3.057692307692308,0.5833333333333334,0.5448717948717948
P02995,female,rapid,3,1516.0,0.4615384615384615,2.0317460317460316,54.230769230769226,14.589743589743591,0.05128205128205129,0.0,23.5,2.7179487179487176,0.6666666666666666,0.641025641025641
P02998,female,blitz,5,1497.6,0.3538461538461538,2.8514285714285714,54.83076923076923,16.52307692307692,0.06153846153846154,0.07692307692307693,21.5,2.6307692307692307,0.6153846153846153,0.6
P02998,female,rapid,3,1659.6666666666667,0.40792540792540793,2.5027777777777778,62.256410256410255,19.84149184149184,0.05128205128205129,0.025641025641025644,21.0,2.6456876456876457,0.6993006993006993,0.5710955710955711
P02999,female,blitz,69,1844.4492753623188,0.26217510347945133,3.394047619047619,59.08134904547948,17.849600922427012,0.0692214790040877,0.03601068818460123,16.793650793650794,2.8274386643951863,0.5960959732698863,0.5389625270060053
P02999,female,bullet,13,1665.1538461538462,0.2856015779092702,3.026923076923077,59.88494411571335,18.19362261669954,0.07212360289283366,0.028928336620644313,15.538461538461538,3.0849441157133466,0.5754109138724524,0.5822485207100592
P02999,female,rapid,18,1985.2777777777778,0.2952797202797203,3.021560846560847,60.46811706811707,18.026800051800052,0.06815591815591816,0.020435120435120437,16.0,2.9196581196581195,0.6000971250971251,0.5629305879305879
P03000,female,blitz,100,2308.05,0.24392582417582417,3.333970862470862,59.10133516483516,17.74375,0.08575549450549451,0.04,16.355555555555554,2.9394478021978023,0.49885164835164836,0.5138626373626374
P03001,female,blitz,100,2307.11,0.2696709401709402,3.0061925296925294,58.157256410256416,17.375021367521366,0.08057264957264958,0.041880341880341884,14.9,3.0517521367521367,0.5786239316239317,0.5228675213675213
P03002,female,blitz,14,2070.3571428571427,0.27142857142857146,4.520436507936508,61.03492063492063,18.50488400488401,0.10463980463980464,0.03846153846153847,16.833333333333332,2.9756410256410257,0.5921855921855922,0.5699633699633699
P03002,female,bullet,1,1943.0,0.3076923076923077,3.0,56.92307692307692,18.153846153846153,0.15384615384615385,0.0,11.0,3.0,0.46153846153846156,0.46153846153846156
P03002,female,rapid,38,1903.2368421052631,0.24935590725064413,3.5706305390515913,60.12348178137652,18.343209422156793,0.08943687891056312,0.030732425469267577,19.6,3.0384615384615388,0.5524475524475525,0.5541037909458962
P03003,female,blitz,80,2288.25,0.2562815656565657,3.1122095265845267,58.243742715617714,17.48189831002331,0.08369512432012433,0.04142628205128206,16.72972972972973,2.90167297979798,0.5297227078477078,0.5175432206682207
P03003,female,bullet,11,2122.818181818182,0.2530197075651621,3.3084915084915085,58.80848696757787,17.74411951684679,0.08518753973299428,0.05149396058486968,14.1,3.1932612841703754,0.5767641449459632,0.5203432930705657
P03003,female,rapid,9,2200.8888888888887,0.2268842268842269,2.756922398589065,58.2074592074592,17.278166278166278,0.08547008547008547,0.042735042735042736,13.375,3.56021756021756,0.574980574980575,0.5376845376845377
P03004,female,blitz,100,1610.05,0.24757564657564657,3.1577777777777776,59.075630369630375,17.908617160617162,0.06198801198801199,0.025804195804195806,14.574468085106384,2.827399267399267,0.5482745032745033,0.5212920412920413
P03005,female,blitz,2,1866.0,0.2692307692307693,3.678571428571429,58.57692307692308,17.153846153846153,0.0,0.0,23.5,2.3076923076923075,0.5,0.5
P03005,female,bullet,8,1968.75,0.22115384615384617,3.6194444444444445,60.125,17.759615384615383,0.057692307692307696,0.028846153846153848,14.75,3.394230769230769,0.5480769230769231,0.5480769230769231
P03005,female,rapid,14,1682.2857142857142,0.16483516483516486,4.066496598639456,62.917582417582416,18.74175824175824,0.1263736263736264,0.07692307692307694,13.5,3.120879120879121,0.4945054945054945,0.4450549450549451
P03006,female,blitz,83,2330.0843373493976,0.24292935979682967,3.2251611296474962,58.41853594865643,17.31643309836081,0.042348882710328495,0.01760889712696942,16.228915662650603,3.3004731546900223,0.5652224616080038,0.5662588415600464
P03006,female,bullet,17,1685.6470588235295,0.28763197586727,2.4134453781512604,56.274622926093514,16.60105580693816,0.00980392156862745,0.013951734539969833,19.928571428571427,2.849622926093514,0.6104826546003016,0.556787330316742
P03007,female,blitz,38,2251.2368421052633,0.2631486934118513,2.9033614046771943,58.51918476260581,17.05161023187339,0.07955465587044536,0.057287449392712554,17.794117647058822,3.0537587412587412,0.5433796466691203,0.5481505336768495
P03007,female,bullet,61,1912.655737704918,0.29673182009247584,2.816053391053391,58.80691467002942,17.225662042875157,0.0807061790668348,0.02900378310214376,16.849056603773583,3.212799495586381,0.6405317360235393,0.5532891971416561
P03007,female,rapid,1,2065.0,0.38461538461538464,4.75,54.46153846153846,15.615384615384615,0.0,0.0,,3.6153846153846154,0.38461538461538464,0.5384615384615384
P03008,female,blitz,37,2074.2162162162163,0.2667359667359667,3.553928278928279,57.660291060291065,16.744074844074845,0.056133056133056136,0.04158004158004158,22.666666666666668,3.0035343035343036,0.5498960498960499,0.5760914760914762
P03009,female,blitz,70,2695.457142857143,0.25833333333333336,3.2084440851546114,58.68681318681318,17.613553113553113,0.07152014652014652,0.04175824175824176,17.080645161290324,2.975457875457875,0.5368131868131869,0.5422161172161172
P03009,female,rapid,30,2374.133333333333,0.20666666666666667,3.4363936988936987,59.603012820512824,18.221282051282053,0.09903846153846155,0.04262820512820513,20.074074074074073,2.890448717948718,0.5253205128205128,0.540448717948718
P03010,female,blitz,1,2309.0,0.23076923076923078,1.5,45.92307692307692,15.384615384615385,0.07692307692307693,0.0,,1.7692307692307692,0.9230769230769231,0.6923076923076923
P03010,female,bullet,42,2538.595238095238,0.20773670773670774,3.2557620289763145,61.59074259074259,18.453046953046954,0.06776556776556777,0.0347985347985348,18.941176470588236,2.916805416805417,0.47347097347097344,0.5626040626040626
P03011,female,blitz,100,2502.7,0.24950174825174826,3.172676517926518,58.761832750582755,17.844358974358975,0.07937062937062937,0.03230769230769231,16.692307692307693,2.831520979020979,0.5359673659673659,0.5418851981351981
P03012,female,blitz,11,2106.818181818182,0.2474747474747475,3.2229437229437234,58.788578088578085,17.073853923853925,0.052059052059052056,0.03807303807303807,17.714285714285715,3.1428127428127426,0.6074592074592075,0.5040404040404041
P03012,female,bullet,42,2058.5238095238096,0.2971001221001221,2.659575411361126,60.27814407814408,17.92055860805861,0.09531440781440782,0.03044871794871795,17.514285714285716,2.984798534798535,0.5980006105006105,0.5623321123321123
P03012,female,rapid,6,2350.8333333333335,0.3097319347319347,2.8833333333333333,59.66501554001554,18.150155400155402,0.10256410256410257,0.038461538461538464,17.2,2.5811965811965814,0.6417055167055167,0.5714840714840715
P03013,female,blitz,95,2329.915789473684,0.24033641796799693,3.1335938184622396,58.579853479853476,17.684827453248506,0.0853624445729709,0.05987083092346251,17.839506172839506,2.90628976286871,0.5148207056101793,0.5122373240794293
P03013,female,bullet,4,2310.75,0.2692307692307693,2.6044642857142857,56.65384615384615,17.21153846153846,0.057692307692307696,0.019230769230769232,15.25,2.980769230769231,0.5961538461538461,0.5384615384615385
P03013,female,rapid,1,2003.0,0.3076923076923077,2.2857142857142856,51.53846153846154,17.0,0.07692307692307693,0.07692307692307693,26.0,3.6923076923076925,0.6153846153846154,0.6923076923076923
P03014,female,blitz,92,1751.4565217391305,0.2926122790253225,2.95013580923907,57.14911012900143,17.217333240431067,0.06104375696767001,0.020853240961936616,15.185185185185185,2.8952629797738494,0.6190466236661889,0.595843287147635
P03014,female,bullet,8,1725.875,0.25961538461538464,3.535416666666667,57.90384615384615,16.317307692307693,0.09615384615384616,0.06730769230769232,15.5,3.3173076923076925,0.5480769230769231,0.5769230769230769
P03015,female,blitz,94,1815.531914893617,0.2722074025265515,3.158155260814835,57.89735161410694,17.690664093589625,0.07403294105421765,0.028641571194762686,17.6,2.9844027131261175,0.5767674996398401,0.5094902142774483
P03015,female,bullet,6,1221.0,0.2692307692307692,2.711111111111111,54.23076923076923,16.384615384615383,0.025641025641025644,0.038461538461538464,20.2,2.7820512820512824,0.5256410256410257,0.5384615384615384
P03016,female,blitz,64,2039.390625,0.259581043956044,3.1118517766955267,59.02835393772894,17.33919986263736,0.07351762820512821,0.028846153846153848,16.96551724137931,2.936195054945055,0.5824061355311355,0.5486893315018315
P03016,female,bullet,14,1768.9285714285713,0.3095238095238096,2.591636934494077,56.3974358974359,16.53113553113553,0.04945054945054945,0.02442002442002442,19.545454545454547,2.9462759462759465,0.622100122100122,0.5970695970695971
P03016,female,rapid,22,2020.7272727272727,0.27622377622377625,3.1969467401285585,58.933566433566426,17.695804195804197,0.052447552447552455,0.03496503496503497,16.61904761904762,3.0664335664335667,0.5944055944055944,0.6398601398601399
P03017,female,blitz,5,2251.6,0.22637362637362637,3.986666666666667,55.91868131868132,16.026373626373626,0.10329670329670329,0.03076923076923077,12.8,2.9076923076923076,0.5450549450549451,0.4989010989010989
P03018,female,blitz,23,1534.5652173913043,0.2840022296544036,2.458402346445825,56.33361204013378,17.03985507246377,0.053511705685618735,0.030100334448160536,19.6,2.7371794871794872,0.5869565217391305,0.6056298773690079
P03018,female,rapid,11,1682.090909090909,0.3267641449459631,3.105638301092846,58.29179910998093,17.36935791481246,0.050222504767959315,0.02097902097902098,17.09090909090909,2.5937698664971394,0.5740623013350287,0.582326764144946
P03019,female,rapid,100,2130.23,0.25128579753579755,3.0906014263514265,58.01151506826507,17.48236072261072,0.0768041958041958,0.030139860139860142,17.827956989247312,2.969439393939394,0.5906411921411922,0.5474802697302698
P03020,female,blitz,3,1019.6666666666666,0.42735042735042733,2.9583333333333335,56.89743589743589,16.0,0.0,0.0,27.0,3.1794871794871793,0.7692307692307692,0.5555555555555556
P03020,female,rapid,54,1365.5925925925926,0.2755805922472589,2.9078014064125175,56.861375866931425,17.03361175861176,0.07463380241158019,0.024024432357765694,20.386363636363637,3.0423616506949838,0.6071714293936517,0.6158083685861464
P03021,female,blitz,2,2006.0,0.045454545454545456,3.75,58.13636363636364,16.363636363636363,0.0,0.045454545454545456,14.5,2.712121212121212,0.43939393939393934,0.5151515151515151
P03023,female,blitz,42,1693.3809523809523,0.24464886964886967,3.0745284477427335,59.73530636030635,18.047313797313798,0.07771395271395272,0.04891867391867392,18.81081081081081,3.261668886668887,0.5466986716986717,0.46292596292596294
P03023,female,bullet,15,1337.6,0.2553418803418804,2.748888888888889,58.94465811965812,17.41068376068376,0.0717948717948718,0.03397435897435897,18.88888888888889,3.135042735042735,0.5166666666666667,0.5258547008547009
P03023,female,rapid,43,1782.0697674418604,0.23968892864241703,3.564896924780646,59.960579407672434,18.526152852315644,0.061568276684555764,0.03540548598688134,19.365853658536587,3.1096899224806203,0.5208010335917312,0.5127410057642616
P03024,female,bullet,100,1634.3,0.283488455988456,3.367203823953824,58.907566322566325,17.97553418803419,0.05721139971139971,0.017062937062937066,20.45977011494253,2.9675535575535577,0.5727458652458652,0.5848024198024198
P03026,female,blitz,7,2230.285714285714,0.26684981684981685,3.102040816326531,53.92967032967033,15.797619047619047,0.11410256410256411,0.07014652014652015,18.2,2.9340659340659343,0.5203296703296704,0.534981684981685
P03026,female,rapid,7,1858.5714285714287,0.17802197802197803,4.031890331890332,59.963736263736266,18.716483516483517,0.08351648351648353,0.04395604395604396,15.333333333333334,2.6659340659340662,0.4076923076923077,0.4230769230769231
P03027,female,blitz,55,1779.3272727272727,0.26331849968213605,3.0383549783549784,58.92307692307693,17.746217418944692,0.07692307692307693,0.03776223776223776,16.181818181818183,2.9135410044500953,0.5527018436109346,0.5574062301335029
P03027,female,bullet,1,1885.0,0.23076923076923078,3.0,59.0,18.846153846153847,0.15384615384615385,0.07692307692307693,10.0,1.6923076923076923,0.46153846153846156,0.3076923076923077
P03027,female,rapid,14,1928.5,0.304029304029304,2.648104871319157,57.74587912087912,16.84478021978022,0.05036630036630037,0.02197802197802198,18.46153846153846,2.6584249084249083,0.6034798534798534,0.6126373626373626
P03028,female,blitz,10,1894.6,0.2653846153846154,3.1411904761904763,57.73461538461538,16.797435897435896,0.0782051282051282,0.047435897435897434,16.5,3.0166666666666666,0.5269230769230769,0.6602564102564102
P03029,female,blitz,13,1743.7692307692307,0.21992110453648916,3.558852258852259,60.62278106508875,17.48717948717949,0.06508875739644972,0.0591715976331361,18.90909090909091,3.2445759368836296,0.4930966469428008,0.5241617357001972
P03029,female,rapid,6,1642.1666666666667,0.2820512820512821,4.346212121212122,61.230769230769226,18.115384615384617,0.10256410256410257,0.012820512820512822,16.5,3.5256410256410255,0.5897435897435898,0.4871794871794872
P03030,female,blitz,94,1629.3510638297873,0.27540978525021076,2.935566236364109,57.04702797202797,16.5443708773496,0.07684868323166195,0.026580865942568074,13.472527472527473,2.9905489014531565,0.5987266279819471,0.5789013291672866
P03030,female,rapid,6,1608.5,0.19230769230769232,3.408333333333333,55.166666666666664,16.333333333333332,0.038461538461538464,0.012820512820512822,15.6,3.051282051282051,0.44871794871794873,0.6025641025641025
P03031,female,bullet,5,1441.8,0.35384615384615387,2.19,57.27692307692307,17.753846153846155,0.06153846153846154,0.015384615384615385,19.4,3.4769230769230766,0.6153846153846154,0.6153846153846154
P03031,female,rapid,7,1604.5714285714287,0.2527472527472528,3.3576066790352503,57.043956043956044,17.53846153846154,0.03296703296703297,0.01098901098901099,22.166666666666668,3.2747252747252746,0.5824175824175823,0.5824175824175823
P03032,female,blitz,31,1269.6451612903227,0.31270521593102235,2.8738991295442906,56.721576810286486,16.67027596059854,0.08992530766724316,0.03808557034363486,18.5,3.1722372609469387,0.6035290874000552,0.6144321628192596
P03032,female,bullet,1,1012.0,0.23076923076923078,3.75,62.30769230769231,20.23076923076923,0.15384615384615385,0.0,11.0,3.3846153846153846,0.6153846153846154,0.38461538461538464
P03032,female,rapid,51,1382.2745098039215,0.3101908984261926,2.8526610644257704,57.04357298474945,16.86440193793135,0.07141551259198319,0.03370812194341606,18.325581395348838,3.131960631960632,0.656813230342642,0.6054664289958408
P03033,female,blitz,100,2414.38,0.2611025641025641,3.270817640692641,58.110371794871796,17.34505128205128,0.08206410256410257,0.029692307692307695,17.515463917525775,3.0735769230769234,0.5829358974358975,0.5552820512820513
P03034,female,blitz,29,1667.9655172413793,0.2711980548187445,3.1486104891277304,59.09553492484527,17.982515473032713,0.07493368700265253,0.026326259946949603,18.24137931034483,2.7680150309460654,0.5743147656940761,0.5442528735632184
P03034,female,rapid,10,1730.2,0.3237762237762238,2.1929545454545454,53.9416083916084,16.16806526806527,0.06923076923076923,0.007692307692307693,19.428571428571427,2.293240093240093,0.6446386946386946,0.6301864801864803
P03035,female,blitz,37,1806.2702702702702,0.29246939246939246,3.118906693906694,58.75821205821206,17.684130284130283,0.1001848001848002,0.035343035343035345,14.833333333333334,3.341141141141141,0.5716331716331716,0.5884961884961886
P03035,female,bullet,63,1656.142857142857,0.27725607725607726,3.2738559059987633,58.96241536241536,17.782406482406483,0.10545010545010546,0.04051504051504052,15.714285714285714,3.2015096015096014,0.5701631701631702,0.5313575313575313
P03036,female,blitz,100,1911.27,0.2910400155400156,2.8638615828615825,57.10253216228216,17.204824314574314,0.08238350538350538,0.03835805860805861,18.591397849462364,2.8449336774336773,0.5844989454989455,0.5724315406815407
P03039,female,bullet,100,2648.39,0.27163247863247864,2.9158749043354306,57.59148076923076,16.925226495726495,0.07228632478632478,0.030064102564102566,18.524390243902438,2.9355,0.5962628205128205,0.5677371794871795
P03040,female,blitz,54,2453.6296296296296,0.26337448559670784,3.1339613061835285,58.413421968977524,17.260208926875595,0.06980056980056981,0.03482114593225704,16.4468085106383,2.9968344412788857,0.5666350110794556,0.5906932573599241
P03041,female,blitz,97,2144.6701030927834,0.2755573178253591,3.17596188596795,59.838117895849855,17.961961406291305,0.06720415895673627,0.028548770816812053,17.84269662921348,3.2108203365935326,0.5652920962199313,0.5670719887214732
P03041,female,rapid,3,2000.0,0.3183760683760684,3.016666666666667,57.94871794871795,16.98076923076923,0.0,0.025641025641025644,19.333333333333332,3.0811965811965814,0.5534188034188033,0.5235042735042735
P03042,female,blitz,33,1429.7878787878788,0.27502901139264774,3.0287425537425534,57.461850270941184,16.999648836012472,0.07595182595182595,0.02097902097902098,20.666666666666668,2.942338469611197,0.6147564556655466,0.6017512790240063
P03043,female,blitz,38,2223.157894736842,0.291497975708502,2.8737687020581757,56.86875843454791,17.054571524966263,0.09159919028340081,0.03036437246963563,17.419354838709676,2.7255398110661266,0.5961538461538461,0.5592105263157895
P03043,female,bullet,62,2141.0967741935483,0.2827336641852771,2.717789781902685,55.75874689826303,16.660649296939617,0.054094292803970226,0.028535980148883377,17.879310344827587,2.918362282878412,0.5905293631100083,0.5662117452440033
P03044,female,blitz,5,1855.4,0.25961538461538464,2.9044444444444446,58.89697802197802,18.259890109890108,0.07115384615384615,0.03076923076923077,19.75,3.154945054945055,0.5478021978021979,0.4288461538461538
P03044,female,rapid,95,2070.536842105263,0.2266102318733898,3.2960971776761254,59.14004232609496,17.600776591829224,0.07959514170040487,0.05232793522267207,18.322222222222223,3.0021383879278614,0.556947000368053,0.5198951048951049
P03045,female,blitz,10,1553.0,0.3368589743589744,2.96,56.92467948717949,17.810683760683762,0.062072649572649574,0.015384615384615385,20.285714285714285,2.6688034188034186,0.5985042735042735,0.4655982905982906
P03045,female,rapid,90,2048.5333333333333,0.28293789543789544,3.062180412180412,59.11879555629555,18.01654179154179,0.08717717467717469,0.031837606837606836,17.13095238095238,2.891841800175133,0.5841553508220175,0.5561045436045435
P03047,female,blitz,2,2024.5,0.2692307692307693,5.15,62.153846153846146,19.153846153846153,0.038461538461538464,0.0,31.5,2.3076923076923075,0.46153846153846156,0.38461538461538464
P03047,female,bullet,95,1724.621052631579,0.2607692307692308,3.098151439204071,57.713211875843456,17.160134952766533,0.08360323886639677,0.06808367071524966,31.081967213114755,2.4023751686909582,0.5394197031039136,0.5227665317139002
P03047,female,rapid,3,1864.3333333333333,0.3128205128205128,4.541666666666667,60.18461538461539,19.266666666666666,0.12564102564102564,0.0,14.666666666666666,3.051282051282051,0.6410256410256411,0.541025641025641
P03051,female,blitz,44,1843.409090909091,0.2990870240870241,2.9425449550449554,55.9166083916084,16.523387723387724,0.10337995337995337,0.04133644133644134,20.5609756097561,2.847999222999223,0.6499028749028749,0.5856643356643357
P03052,female,blitz,69,1732.6376811594203,0.2558922558922559,3.5625266795343524,59.72270249878946,17.921358512662863,0.04516739299347995,0.04223956397869442,17.074074074074073,2.947332860376339,0.5094366181322704,0.559159881985969
P03052,female,bullet,2,1388.5,0.2692307692307693,2.767857142857143,61.30769230769231,18.53846153846154,0.0,0.038461538461538464,14.5,3.0384615384615383,0.5384615384615385,0.5384615384615385
P03052,female,rapid,3,1624.6666666666667,0.38461538461538464,2.7055555555555557,59.71794871794871,18.94871794871795,0.05128205128205129,0.025641025641025644,14.0,3.3333333333333335,0.641025641025641,0.5641025641025642
P03054,female,blitz,100,2383.6,0.23416200466200468,3.2727435064935064,58.31734032634033,18.272369463869463,0.10603729603729604,0.05664102564102565,18.522727272727273,2.949705128205128,0.529027972027972,0.5396445221445222
P03055,female,blitz,6,2007.3333333333333,0.16666666666666666,3.1656746031746033,58.38461538461539,16.564102564102566,0.05128205128205129,0.038461538461538464,26.4,3.0384615384615383,0.3974358974358974,0.4230769230769231
P03055,female,bullet,2,1583.0,0.2692307692307693,2.388888888888889,56.42307692307692,15.5,0.07692307692307693,0.0,15.0,2.4230769230769234,0.5,0.5384615384615384
P03056,female,blitz,100,1967.15,0.2939886224886225,2.9024897324897325,57.366643828393826,17.487746919746918,0.07430652680652682,0.02662393162393163,13.844444444444445,3.159779664779665,0.6238437950937952,0.5652715062715062
P03057,female,blitz,100,2237.28,0.268525641025641,3.111203823953824,58.352243589743594,17.7100641025641,0.06692307692307692,0.02846153846153846,12.815217391304348,3.304679487179487,0.5742948717948718,0.5410897435897436
P03058,female,blitz,100,2133.26,0.24934659784659785,3.3708939393939397,60.0314121989122,18.46339649239649,0.08932439782439783,0.03584615384615385,12.272727272727273,3.120279054279054,0.5799360639360639,0.5251873681873682
P03059,female,blitz,54,1717.8148148148148,0.28936372269705607,3.388231835944254,58.46107010273677,17.314703660536992,0.05334326167659501,0.034081196581196585,18.866666666666667,3.079530346197013,0.5646259604592938,0.577568419235086
P03059,female,bullet,4,1976.0,0.3076923076923077,2.711607142857143,58.88461538461539,17.557692307692307,0.038461538461538464,0.0,16.25,3.4423076923076925,0.5961538461538461,0.5961538461538461
P03059,female,rapid,37,1799.2972972972973,0.23953073953073956,2.8276578526578526,59.038387288387284,17.944287694287695,0.04608454608454609,0.018711018711018712,18.941176470588236,2.914092664092664,0.5107662607662607,0.5757350757350758
P03061,female,bullet,100,2154.31,0.2973742368742369,2.893891414141414,59.154807081807085,17.78398595848596,0.08255128205128205,0.029525641025641026,15.159574468085106,3.172564102564103,0.6207411477411477,0.5702002442002442
P03062,female,blitz,26,1808.8076923076924,0.25266272189349115,2.9812271062271063,59.00473372781065,17.427810650887576,0.08284023668639054,0.044378698224852076,20.571428571428573,2.870414201183432,0.5568047337278107,0.5443786982248521
P03062,female,bullet,3,2277.0,0.3190883190883191,2.5,59.49287749287749,17.415954415954417,0.16524216524216526,0.05128205128205129,10.0,2.891737891737892,0.7321937321937323,0.7578347578347578
P03062,female,rapid,1,2490.0,0.14285714285714285,1.0,48.57142857142857,13.714285714285714,0.0,0.14285714285714285,17.0,2.857142857142857,0.7142857142857143,0.7142857142857143
P03063,female,blitz,100,2200.52,0.22385664335664338,3.3333420288861464,59.1604560994561,17.11756682206682,0.07487179487179488,0.06363986013986014,20.292134831460675,2.9417766122766125,0.5031950271950272,0.5186585081585082
P03064,female,rapid,2,1276.5,0.3076923076923077,2.45,50.46153846153847,13.653846153846153,0.038461538461538464,0.0,22.5,2.769230769230769,0.6153846153846154,0.7692307692307692
P03065,female,blitz,100,2238.17,0.23338655788655788,3.1847121963004317,57.63180691530692,17.2991216006216,0.09543162393162394,0.05123931623931624,17.608695652173914,2.9716993006993007,0.5272024087024088,0.529430846930847
P03067,female,blitz,100,1185.21,0.32859915084915087,2.5372911255411257,56.133606310356306,17.253798396048396,0.06597008547008548,0.021384615384615384,16.079545454545453,2.646567821067821,0.6730896603396603,0.6429155011655011
P03068,female,blitz,58,2272.5,0.2749778956675508,3.1241715181370355,57.04376657824933,17.089412024756854,0.0665340406719717,0.038461538461538464,16.816326530612244,2.895888594164456,0.5513925729442971,0.56421308576481
P03068,female,bullet,38,2161.184210526316,0.2341880341880342,3.3216478696741856,57.50238416554206,17.372334682861,0.0708502024291498,0.05465587044534413,14.90625,3.0140350877192983,0.545119208277103,0.5600539811066126
P03068,female,rapid,4,2018.75,0.21153846153846156,2.66112012987013,60.5,19.26923076923077,0.057692307692307696,0.038461538461538464,18.0,3.0961538461538463,0.4807692307692308,0.44230769230769235
P03069,female,blitz,100,1908.41,0.2837558275058275,2.9583149350649354,58.35027084027084,17.502710345210346,0.07972397047397048,0.027672882672882673,19.307692307692307,2.955271728271728,0.5829457764457764,0.5526231268731269
P03071,female,blitz,49,2205.3673469387754,0.21350078492935637,3.6509865418028684,61.21193092621664,18.921507064364206,0.059654631083202514,0.026687598116169546,19.244897959183675,3.1507064364207222,0.4819466248037677,0.49607535321821034
P03071,female,rapid,51,2056.8627450980393,0.22628624099212336,3.2772246272246277,61.31447963800905,18.714471258588905,0.08295625942684766,0.04675716440422323,19.52173913043478,3.136500754147813,0.5098877157700688,0.48139768728004023
P03072,female,blitz,99,2162.979797979798,0.2587407541952996,3.278988603988604,56.46742595227443,17.536561866864897,0.05615562888290161,0.03292756626089959,16.585106382978722,2.894503924806955,0.5479610176579873,0.5557352860383163
P03072,female,bullet,1,1866.0,0.23076923076923078,2.1,52.30769230769231,16.76923076923077,0.0,0.0,34.0,3.3076923076923075,0.6153846153846154,0.5384615384615384
P03073,female,blitz,15,1072.5333333333333,0.29333333333333333,3.2283068783068787,57.98615384615385,16.801538461538463,0.041025641025641026,0.015384615384615385,20.214285714285715,3.1117948717948716,0.5769230769230769,0.58
P03074,female,bullet,95,1809.6736842105263,0.2698006379585327,3.085898838004101,58.777850570482144,17.714806158753525,0.08997178260336156,0.034885290148448045,18.39080459770115,3.00389338731444,0.587857931542142,0.552383756594283
P03074,female,rapid,5,1882.6,0.23076923076923078,2.9642857142857144,62.47692307692307,17.846153846153847,0.03076923076923077,0.07692307692307693,14.25,3.1076923076923078,0.5384615384615385,0.4153846153846154
P03077,female,blitz,11,1986.2727272727273,0.25874125874125875,2.9172766627312083,59.96503496503497,17.447552447552447,0.08391608391608392,0.06293706293706293,20.4,2.8881118881118883,0.5874125874125874,0.5104895104895104
P03077,female,bullet,82,2071.0975609756097,0.2650491784638126,2.6565762151128003,57.3717820797089,16.92370231394622,0.06729063619307522,0.04527687759395077,21.09375,2.6327719028938543,0.5602947865142988,0.576763886519984
P03077,female,rapid,7,1967.142857142857,0.2527472527472528,3.3293650793650795,59.81318681318681,17.681318681318682,0.05494505494505495,0.02197802197802198,21.428571428571427,2.5824175824175826,0.6263736263736265,0.5384615384615384
P03079,female,blitz,8,1589.0,0.2763986013986014,3.3577628968253967,56.07893356643357,16.236013986013987,0.04807692307692308,0.028846153846153848,18.833333333333332,3.0228146853146853,0.6172202797202797,0.5170454545454546
P03079,female,bullet,16,1745.875,0.33666958041958045,2.328373015873016,55.868618881118884,16.922115384615385,0.07211538461538462,0.04895104895104895,17.153846153846153,2.7096153846153848,0.6420891608391609,0.581993006993007
P03081,female,blitz,47,1514.3617021276596,0.29946767180809736,3.1459887630100396,56.50284431880176,17.05741126485807,0.0425531914893617,0.021767594108019643,18.022727272727273,2.8667410603580814,0.6074749127940617,0.5822174279621088
P03081,female,bullet,53,1420.698113207547,0.34808901790033864,2.6435834082060494,54.76959361393323,16.598693759071118,0.05930495081438478,0.03112401225608773,16.51063829787234,2.9543621996452187,0.6495323334945977,0.5913965489437187
P03082,female,bullet,100,1723.3,0.29249808524808524,2.705065157065157,56.86012950937951,16.900326562326562,0.07158319458319458,0.023141025641025645,22.64367816091954,2.917369658119658,0.6419738594738595,0.5718188478188478
P03083,female,blitz,48,2014.5,0.23774558774558774,3.332872625060125,57.61086413586414,17.47235680985681,0.09551282051282052,0.041666666666666664,15.666666666666666,2.9035339660339656,0.5433233433233433,0.5259240759240759
P03083,female,bullet,20,1726.65,0.23442307692307693,2.840973054723055,55.07899572649573,16.7316452991453,0.0625,0.03141025641025641,18.46153846153846,2.4980982905982905,0.5970299145299146,0.536517094017094
P03084,female,blitz,66,2221.742424242424,0.2575475030020485,3.1037605492150946,59.15827859009677,17.9738998375362,0.06930846930846932,0.03613053613053613,16.6,2.854081019990111,0.5580861058133786,0.5383538178992725
P03084,female,bullet,34,2191.0588235294117,0.26772247360482654,2.95054700201759,58.76866515837104,17.895927601809955,0.07711161387631976,0.020361990950226245,14.096774193548388,2.633107088989442,0.5897435897435898,0.5671191553544495
P03086,female,blitz,51,1972.8235294117646,0.2916228651522769,2.9879445717681015,60.23254033548151,17.833260965613906,0.1040571628806923,0.050992580404345116,19.733333333333334,2.9774117494705727,0.5965766259883907,0.5718287703581821
P03086,female,bullet,31,1809.2903225806451,0.3205817480011029,2.6696736954801468,57.23842018196857,16.58995037220844,0.0794044665012407,0.029983457402812243,19.814814814814813,3.02784670526606,0.6281362007168458,0.6214502343534601
P03086,female,rapid,9,2139.5555555555557,0.24216524216524218,3.4205266955266955,63.655270655270655,19.25997150997151,0.07834757834757836,0.0698005698005698,18.88888888888889,2.9871794871794872,0.5683760683760685,0.5427350427350428
P03087,female,blitz,5,1493.0,0.38461538461538464,2.5644444444444447,56.06153846153846,16.184615384615384,0.06153846153846154,0.03076923076923077,17.25,2.5384615384615388,0.676923076923077,0.6923076923076923
P03087,female,bullet,1,1601.0,0.38461538461538464,2.857142857142857,52.23076923076923,16.53846153846154,0.07692307692307693,0.07692307692307693,11.0,3.769230769230769,0.9230769230769231,0.8461538461538461
P03088,female,blitz,100,2280.12,0.2861153846153846,3.035177489177489,57.11835897435897,16.864397435897434,0.07865384615384616,0.03166666666666667,17.731182795698924,2.824717948717949,0.6000512820512821,0.568923076923077
P03089,female,blitz,39,1906.6923076923076,0.24506903353057202,3.1489133415604007,58.79635108481263,18.1284516765286,0.07223865877712032,0.021696252465483238,15.5,3.253205128205128,0.5106015779092703,0.5359960552268245
P03090,female,blitz,7,2330.8571428571427,0.23076923076923078,3.093131868131868,57.989010989010985,17.142857142857142,0.1208791208791209,0.04395604395604396,13.0,3.3076923076923075,0.5714285714285714,0.5274725274725275
P03090,female,bullet,93,2335.967741935484,0.28964333157881544,2.834434114272824,56.63847908364037,17.675148507406572,0.07954232147780535,0.023986765922249794,12.373626373626374,3.2576785221946514,0.5664761761535956,0.572546808030679
P03092,female,blitz,3,1085.0,0.35897435897435903,3.074074074074074,58.94871794871795,18.76923076923077,0.025641025641025644,0.0,19.0,3.205128205128205,0.6410256410256411,0.5897435897435898
P03092,female,bullet,23,1281.0434782608695,0.4574230117708379,2.825017253278123,55.88104648974215,16.33905225209573,0.06671227323401237,0.013935340022296542,14.714285714285714,3.2165551839464883,0.7226034834730486,0.7239173869608652
P03092,female,rapid,9,1422.4444444444443,0.36721611721611724,2.440824915824916,59.0530118030118,17.066849816849818,0.09493284493284494,0.008547008547008548,19.428571428571427,2.932437932437933,0.7321937321937322,0.5924908424908425
P03093,female,rapid,1,1596.0,0.23076923076923078,5.6,66.38461538461539,18.846153846153847,0.15384615384615385,0.0,15.0,3.0,0.6153846153846154,0.5384615384615384
P03094,female,blitz,76,2015.9473684210527,0.25697255960413856,2.949083171945014,58.018106162843004,17.406432748538013,0.08333333333333334,0.03441295546558704,19.134328358208954,2.8872019793072425,0.5538686459739092,0.5867071524966262
P03094,female,bullet,24,1948.0416666666667,0.2670940170940171,3.1146164021164022,57.73317307692307,17.158653846153847,0.10283119658119659,0.04487179487179488,18.40909090909091,3.155982905982906,0.6012286324786325,0.547008547008547
P03098,female,blitz,3,2033.6666666666667,0.3304843304843305,3.1888888888888887,59.31339031339032,18.564102564102566,0.05128205128205129,0.06267806267806268,26.333333333333332,2.948717948717949,0.5213675213675214,0.6096866096866097
P03098,female,bullet,2,2053.0,0.3205128205128205,2.725,57.16346153846154,18.650641025641026,0.07692307692307693,0.0,21.0,2.4615384615384617,0.6057692307692308,0.5641025641025641
P03098,female,rapid,5,1154.0,0.4576923076923077,2.506666666666667,55.51282051282051,17.19102564102564,0.03076923076923077,0.047435897435897434,17.25,3.098717948717949,0.7461538461538462,0.535897435897436
P03099,female,blitz,5,2198.4,0.3076923076923077,3.5961904761904764,57.90769230769231,17.56923076923077,0.07692307692307693,0.046153846153846156,20.5,2.7846153846153845,0.5076923076923077,0.5538461538461539
P03099,female,rapid,21,1935.5714285714287,0.41724148867006006,2.488888888888889,61.944805723377144,18.24339205767777,0.09847982705125562,0.00763125763125763,15.5,3.321215821215821,0.6952928024356596,0.5350503993361135
P03102,female,blitz,57,2398.245614035088,0.22716026663395086,3.671825396825397,60.35161500293079,18.342497171444542,0.08768351531509426,0.04719768535558009,20.77777777777778,2.729825242983138,0.5529229542387437,0.5064068485121117
P03102,female,bullet,8,2117.375,0.23696581196581198,2.941666666666667,57.526923076923076,17.265491452991455,0.05523504273504273,0.06485042735042736,14.142857142857142,3.264423076923077,0.5872863247863248,0.5114316239316239
P03102,female,rapid,35,1731.5428571428572,0.2327838827838828,3.3127097505668934,60.28452380952381,18.02930402930403,0.0794871794871795,0.05531135531135531,20.551724137931036,2.8562271062271063,0.5025641025641026,0.51996336996337
P03105,female,blitz,100,1966.27,0.27139998889998895,2.988411616161616,58.69668581418581,17.46846237096237,0.06487373737373738,0.03143162393162393,14.978947368421053,2.9873407148407147,0.5659952547452548,0.560463147963148
P03106,female,blitz,59,2676.898305084746,0.23995002172968277,3.110119964780982,59.236473272490215,17.912755323772274,0.08898305084745763,0.027379400260756193,17.87037037037037,2.979954367666232,0.5476423294219904,0.5257496740547588
P03106,female,bullet,41,2610.9024390243903,0.29424640400250157,2.884467700321359,58.067698561601006,17.01078799249531,0.06238273921200751,0.01876172607879925,16.76923076923077,3.0941213258286426,0.6127267041901189,0.610381488430269
P03107,female,bullet,100,2793.42,0.2601648351648352,2.9580576759841466,58.621098901098904,17.915320512820514,0.08021062271062272,0.02480769230769231,13.410526315789474,3.0302289377289378,0.5715934065934065,0.5670970695970696
P03108,female,blitz,49,2214.7551020408164,0.26493982208267924,3.045912930606808,58.800863422292,17.322448979591837,0.07692307692307693,0.03453689167974883,18.5,2.9251962323390894,0.58283621140764,0.5687598116169544
P03108,female,bullet,6,2074.8333333333335,0.2435897435897436,2.9416666666666664,57.46153846153846,16.346153846153847,0.07692307692307693,0.038461538461538464,19.833333333333332,2.628205128205128,0.5256410256410257,0.5512820512820513
P03108,female,rapid,21,1844.2857142857142,0.2872405372405373,3.037004801920768,59.19810744810744,17.40995115995116,0.08791208791208792,0.047619047619047616,21.555555555555557,2.7506105006105006,0.6285103785103785,0.5473137973137974
P03109,female,blitz,64,2515.15625,0.2828125,2.9000146554834054,57.53822115384615,17.22247596153846,0.08533653846153846,0.03245192307692308,18.466666666666665,2.816105769230769,0.5706730769230769,0.5834134615384615
P03109,female,bullet,8,1860.75,0.3357371794871795,3.2280257936507937,56.15464743589744,16.822115384615383,0.029647435897435896,0.010416666666666666,18.5,2.590544871794872,0.6274038461538461,0.5104166666666667
P03110,female,blitz,15,2017.0,0.2558974358974359,3.560752765752766,59.49846153846154,18.263076923076923,0.06820512820512821,0.0358974358974359,22.76923076923077,2.54974358974359,0.5682051282051283,0.5256410256410257
P03110,female,rapid,34,2190.470588235294,0.22058823529411764,3.8764652830829305,60.539969834087486,18.63288084464555,0.07307692307692308,0.0414027149321267,17.433333333333334,3.0491704374057313,0.5296380090497738,0.47767722473604823
P03111,female,blitz,57,1597.9122807017543,0.2409029566924304,3.5517307254149357,59.72937062937063,18.52555514660778,0.08391608391608392,0.03643724696356276,15.350877192982455,2.9800024536866645,0.5493068335173599,0.4967243283032757
P03111,female,rapid,37,1664.1081081081081,0.22661122661122662,3.9366151866151866,57.360187110187105,17.663086163086163,0.06860706860706861,0.052899052899052904,16.970588235294116,2.962751212751213,0.5533033033033032,0.4978054978054979
P03112,female,blitz,25,2240.16,0.25846153846153846,3.0395952380952385,59.23692307692308,18.054505494505495,0.0676923076923077,0.027692307692307693,17.125,3.065054945054945,0.5841758241758241,0.5556043956043957
P03112,female,bullet,75,2211.9466666666667,0.2598705738705739,2.8014427794427794,57.45316971916972,17.41785754985755,0.06474806674806675,0.027631257631257632,18.265625,2.9483386243386245,0.5665429385429386,0.5730891330891331
P03113,female,bullet,100,1847.62,0.25393162393162394,3.143525058275058,58.62470085470086,17.72042735042735,0.08692307692307694,0.047692307692307694,18.06896551724138,2.5871794871794873,0.5487179487179488,0.5598290598290598
P03115,female,blitz,6,2344.6666666666665,0.25641025641025644,2.896296296296296,59.87179487179487,17.85897435897436,0.11538461538461538,0.08974358974358976,15.333333333333334,2.807692307692308,0.5256410256410257,0.5256410256410257
P03115,female,bullet,94,2343.3617021276596,0.26778505182760504,2.8168605035626313,58.29893617021277,17.135270049099837,0.08674304418985271,0.04909983633387889,16.01098901098901,3.1069558101472996,0.613911620294599,0.5827059465357338
P03116,female,blitz,86,1882.5,0.2599419959885076,3.5028406670848535,60.874483655879004,18.5205616089337,0.08050089445438283,0.029591532498509245,21.824324324324323,2.8902938147124195,0.5490554019623787,0.5301214289586383
P03116,female,bullet,10,1750.2,0.26153846153846155,3.126904761904762,59.20769230769231,17.23076923076923,0.046153846153846156,0.023076923076923078,25.0,2.7846153846153845,0.5538461538461539,0.5307692307692308
P03116,female,rapid,4,1957.0,0.25,3.197916666666667,62.36538461538461,18.173076923076923,0.019230769230769232,0.019230769230769232,23.0,2.730769230769231,0.5576923076923077,0.5769230769230769
P03117,female,blitz,99,2542.6767676767677,0.27361846907301457,3.00643307309974,58.07555155282428,17.077995573450117,0.09164606437333711,0.03651903651903652,22.50632911392405,2.896138541593087,0.5493748675566857,0.5602870193779285
P03117,female,bullet,1,2275.0,0.38461538461538464,2.8333333333333335,43.23076923076923,12.461538461538462,0.0,0.0,29.0,2.8461538461538463,0.46153846153846156,0.6153846153846154
P03118,female,blitz,2,2159.5,0.3076923076923077,2.660839160839161,62.5,17.923076923076923,0.23076923076923078,0.07692307692307693,26.0,3.0,0.5384615384615384,0.5384615384615385
P03119,female,rapid,19,1944.157894736842,0.2388663967611336,3.1051501860712385,58.28744939271255,17.408906882591094,0.05263157894736842,0.032388663967611336,19.176470588235293,2.805668016194332,0.5303643724696356,0.5546558704453441
P03120,female,blitz,7,1765.0,0.2956043956043956,4.086734693877551,58.37252747252747,16.556043956043958,0.08351648351648353,0.07252747252747252,17.75,2.730769230769231,0.5758241758241758,0.6351648351648352
P03120,female,bullet,93,2091.8064516129034,0.31755615949164334,2.583329424458457,55.753082043404625,16.532621739073353,0.0987021938634842,0.04544290834613415,13.597560975609756,2.802208305434112,0.6328711909357071,0.6195957566925309
P03121,female,blitz,6,1767.5,0.23076923076923075,4.2101851851851855,62.01282051282052,19.474358974358974,0.10256410256410257,0.06410256410256411,15.666666666666666,2.858974358974359,0.5,0.4743589743589744
P03121,female,rapid,22,1877.6818181818182,0.19930069930069932,3.091025514889151,59.52097902097903,18.045454545454547,0.09090909090909091,0.045454545454545456,16.681818181818183,2.9580419580419584,0.5244755244755245,0.479020979020979
P03122,female,blitz,100,1543.61,0.24812054612054613,3.2855565823065827,59.6224343989344,17.814883005883008,0.06624059274059274,0.03457697857697858,19.471910112359552,3.005159396159396,0.5426598956598956,0.5434721944721944
P03123,female,blitz,16,2403.625,0.23702686202686205,2.6547641594516596,57.471916971916976,17.020299145299145,0.08653846153846154,0.04326923076923077,19.23076923076923,2.896291208791209,0.5148809523809524,0.568986568986569
P03123,female,bullet,10,2118.0,0.27692307692307694,2.8958730158730157,60.97692307692307,18.123076923076923,0.09230769230769231,0.023076923076923078,17.1,3.053846153846154,0.6538461538461539,0.5538461538461539
P03124,female,blitz,48,2580.7291666666665,0.28620337995337997,3.1234502765752765,60.76636072261072,18.5027972027972,0.08974358974358976,0.030740093240093243,15.186046511627907,2.9065850815850816,0.582833139083139,0.562291181041181
P03124,female,bullet,22,2535.090909090909,0.23776223776223776,3.184860720087993,61.51048951048951,18.653846153846153,0.08041958041958043,0.017482517482517484,13.666666666666666,2.9790209790209787,0.5244755244755245,0.5
P03124,female,rapid,30,2349.6666666666665,0.25512820512820517,2.891255694196871,59.95726495726496,18.264102564102565,0.0935897435897436,0.04914529914529915,14.266666666666667,3.197435897435897,0.5213675213675214,0.5200854700854701
P03126,female,rapid,9,1728.6666666666667,0.24786324786324787,3.6891534391534395,58.24786324786325,17.41025641025641,0.09401709401709403,0.042735042735042736,12.75,2.8119658119658117,0.5384615384615385,0.5470085470085471
P03131,female,blitz,99,2119.2929292929293,0.2790813843844147,3.0051918900403747,59.148620122862546,17.79901554674282,0.09435595268928604,0.038214310941583673,19.397727272727273,2.9360330186087764,0.5803786561362319,0.574873779419234
P03131,female,rapid,1,1087.0,0.15384615384615385,4.8,67.6923076923077,22.0,0.15384615384615385,0.0,14.0,3.0,0.23076923076923078,0.3076923076923077
P03132,female,blitz,86,2244.6279069767443,0.2507879717182043,3.501109936575053,59.22345387170968,17.939254834312976,0.056283542039356,0.037015503875969,17.949367088607595,3.0054934406678595,0.5135765397393304,0.5148096089956554
P03132,female,bullet,14,2279.0714285714284,0.304029304029304,2.4833333333333334,56.58791208791208,17.593406593406595,0.0989010989010989,0.01098901098901099,18.0,2.6062271062271063,0.5915750915750916,0.6373626373626374
P03134,female,blitz,9,2020.0,0.2777777777777778,2.761111111111111,58.46153846153847,17.566951566951566,0.06125356125356126,0.0,14.555555555555555,3.263532763532764,0.6196581196581197,0.5612535612535612
P03134,female,bullet,87,2458.735632183908,0.22834713179540767,2.778127125109884,57.26441202475685,17.069381480588376,0.06450781019746538,0.034630120837017386,14.947368421052632,2.9662219007046593,0.5198356241459691,0.5196152506497335
P03134,female,rapid,4,1955.0,0.23076923076923078,3.1823232323232324,61.25,19.326923076923077,0.15384615384615385,0.07692307692307693,22.25,2.8076923076923075,0.4807692307692308,0.5192307692307693
P03135,female,rapid,53,1231.4150943396226,0.27130720432607225,3.0940130624092888,57.30976298334789,16.805361619512563,0.06350368708859275,0.04361047757274173,19.65,2.8731173438720607,0.6260401024551968,0.5919779382043533
P03136,female,blitz,100,1678.15,0.2692520257520258,3.1194718614718613,58.70527264402264,17.452235597735598,0.07235919635919635,0.028733266733266736,18.177777777777777,3.0691540404040403,0.5712972027972029,0.5608407980907981
P03137,female,blitz,56,1686.6785714285713,0.2857059607059607,2.900969714809001,59.89887612387612,18.033379120879122,0.09995421245421246,0.0386904761904762,13.092592592592593,3.298397435897436,0.5744380619380619,0.5206834831834832
P03137,female,bullet,18,1329.388888888889,0.2873931623931624,2.7760521885521885,54.51869658119658,15.981303418803419,0.0811965811965812,0.03418803418803419,16.941176470588236,2.996794871794872,0.6175213675213675,0.561965811965812
P03137,female,rapid,26,1991.3461538461538,0.2956854043392505,2.7884670884670886,59.55300788954635,18.24854536489152,0.0775887573964497,0.03143491124260355,12.64,3.324852071005917,0.5618343195266272,0.5587031558185405
P03138,female,blitz,38,1843.7105263157894,0.2861918782971415,3.0474329763803447,58.34109311740891,18.28614587167219,0.062170285854496375,0.06531407189301927,16.228571428571428,2.9040608514292727,0.6118114341798552,0.5345969819654031
P03138,female,bullet,58,1854.344827586207,0.29171020550330895,2.9567082821393167,58.11208906036492,18.113120595879217,0.07519492002250623,0.06027114647804303,15.81132075471698,2.829997588618278,0.6002197036679795,0.5485089623020658
P03138,female,rapid,4,2098.0,0.23076923076923078,3.1666666666666665,58.11538461538461,17.288461538461537,0.057692307692307696,0.07692307692307693,20.25,2.3653846153846154,0.5192307692307692,0.576923076923077
P03139,female,blitz,43,1627.860465116279,0.28177249107481667,2.792703356075449,55.55245077919497,16.43976243394848,0.09219849917524336,0.04534612674147558,16.16216216216216,2.864329468980632,0.5956643485713253,0.5926689589480287
P03139,female,bullet,57,1602.7894736842106,0.2789248762932974,2.7811536416799574,56.2825086219823,16.67772529614635,0.07624831309041837,0.036137351926825614,16.607843137254903,2.9499550157444894,0.5697031039136302,0.5531039136302294
P03140,female,blitz,81,2220.814814814815,0.24576030964919854,3.3075352802204656,57.908813922702805,17.021623643845867,0.06634867190422747,0.028741834297389853,17.63888888888889,2.8998496359607473,0.576753287864399,0.559684451351118
P03140,female,bullet,4,2340.0,0.23076923076923078,3.4459401709401707,59.92307692307693,18.51923076923077,0.038461538461538464,0.019230769230769232,21.0,3.5384615384615383,0.5769230769230769,0.5
P03140,female,rapid,15,2081.866666666667,0.2170940170940171,3.4408241758241758,61.06324786324787,17.66837606837607,0.06709401709401709,0.05170940170940171,18.214285714285715,3.068803418803419,0.5641025641025641,0.505982905982906
P03143,female,blitz,27,1934.1851851851852,0.21367521367521367,3.6151969429747206,59.12535612535613,18.037037037037038,0.06552706552706554,0.03418803418803419,16.04,2.8974358974358974,0.4843304843304843,0.47008547008547014
P03143,female,bullet,68,2075.5588235294117,0.21924333836098542,3.096242156536274,57.64283245349422,17.58184074912016,0.04575163398692811,0.03720462543991956,14.032786885245901,3.0749120160884864,0.5394702111613876,0.5422951231774761
P03144,female,blitz,65,2019.1692307692308,0.2749506903353057,3.1023643023643026,58.72080867850099,17.410946745562132,0.08530571992110454,0.046153846153846156,18.196428571428573,3.0562130177514795,0.598422090729783,0.5699211045364891
P03145,female,blitz,100,1898.74,0.2285897435897436,3.652866883116883,59.19064102564103,17.68121794871795,0.06474358974358975,0.03384615384615385,20.06896551724138,2.885064102564103,0.5392948717948718,0.5267948717948718
P03146,female,blitz,33,2386.757575757576,0.24708624708624713,3.25699654376125,59.997668997668995,17.925407925407924,0.09324009324009325,0.04195804195804196,20.333333333333332,2.983682983682984,0.5268065268065268,0.5431235431235432
P03147,female,blitz,25,1995.6,0.21846153846153846,3.5072539682539685,55.90338461538461,16.735384615384614,0.08307692307692309,0.04307692307692308,17.545454545454547,2.929230769230769,0.5310769230769231,0.5716923076923077
P03147,female,bullet,67,1776.1641791044776,0.2526980482204363,3.126243242661153,55.8600076540375,16.85753922694221,0.07449292001530808,0.03252965939533104,18.379310344827587,2.918082663605052,0.5444316877152698,0.5700918484500574
P03147,female,rapid,8,1834.625,0.3044871794871795,3.8685515873015874,59.45192307692308,17.596153846153847,0.125,0.057692307692307696,18.571428571428573,3.106837606837607,0.6442307692307693,0.592948717948718
P03148,female,blitz,95,1867.9263157894736,0.26620145935935413,3.2742974569290357,57.34052210946948,17.10317813765182,0.057138037401195295,0.026999550157444898,17.71590909090909,2.9162955173481486,0.5730782959730328,0.5693311951206689
P03148,female,rapid,5,1812.0,0.24615384615384617,3.831684981684982,59.87692307692307,17.215384615384615,0.046153846153846156,0.046153846153846156,19.0,3.1230769230769235,0.6615384615384615,0.5538461538461539
P03149,female,blitz,49,1026.6938775510205,0.295304015712179,3.1269922254616134,55.62308269961331,16.068047315496294,0.053436359558808544,0.03307605093319379,16.80851063829787,3.309680002537146,0.6151414345291897,0.5735139010649215
P03149,female,rapid,2,1629.0,0.2153846153846154,1.5,55.223076923076924,16.43846153846154,0.0,0.0,16.5,3.4,0.7461538461538462,0.49230769230769234
P03151,female,blitz,92,2364.521739130435,0.2580457585892369,3.005175923110706,58.25040095773792,17.561285936285937,0.07908516604168779,0.045812430323299895,18.641025641025642,2.8373718371000978,0.5661977213607648,0.5640299314212358
P03151,female,rapid,4,2330.75,0.23076923076923078,2.8541666666666665,61.07692307692307,16.76923076923077,0.019230769230769232,0.0,24.0,3.0961538461538463,0.5,0.6153846153846154
P03153,female,blitz,96,2356.1145833333335,0.27453796203796205,3.1241065358252857,57.88439748908499,17.60448371073371,0.09249344405594406,0.05054754273504274,14.6,2.9100512334887334,0.5898749398749399,0.5683649683649684
P03153,female,bullet,4,2193.75,0.23076923076923078,2.5622564935064935,59.09615384615385,17.5,0.13461538461538464,0.11538461538461539,15.666666666666666,3.4423076923076925,0.4423076923076923,0.5192307692307693
P03156,female,blitz,99,2583.5757575757575,0.25050875050875054,3.311939211181635,58.720172420172425,17.63977873977874,0.07716727716727717,0.024320124320124325,17.92222222222222,3.0126410626410625,0.5573371073371073,0.5486920486920487
P03156,female,bullet,1,2470.0,0.23076923076923078,2.0,69.23076923076923,19.0,0.23076923076923078,0.07692307692307693,16.0,3.769230769230769,0.46153846153846156,0.6153846153846154
P03157,female,blitz,64,1737.953125,0.24442822802197803,3.163474025974026,60.1114268543956,18.34368418040293,0.07293669871794872,0.038461538461538464,13.629032258064516,3.174144345238095,0.5500543727106227,0.5332074175824176
P03157,female,bullet,7,1528.857142857143,0.2625152625152625,3.322278911564626,56.8974358974359,17.755799755799753,0.04395604395604396,0.01098901098901099,13.428571428571429,3.2673992673992673,0.5409035409035409,0.5140415140415141
P03157,female,rapid,5,1886.0,0.21538461538461542,2.6866666666666665,56.676923076923075,17.553846153846155,0.06153846153846154,0.046153846153846156,11.6,3.0153846153846153,0.5076923076923077,0.49230769230769234
P03158,female,blitz,57,1931.8947368421052,0.2885552556605189,3.0920149256714353,58.258940620782724,17.450258659469185,0.059634128055180695,0.0310391363022942,22.6,2.7571187584345482,0.5774029089818564,0.5300232418653471
P03158,female,bullet,25,1873.32,0.37386013986013983,2.855334159820228,59.62602797202797,18.29876923076923,0.09834965034965036,0.04923076923076923,20.666666666666668,2.9461305361305365,0.655030303030303,0.6025827505827506
P03158,female,rapid,18,1897.6666666666667,0.23456790123456792,4.001455026455027,58.82146248812915,17.783950617283953,0.0892687559354226,0.05318138651471985,20.133333333333333,2.7773029439696106,0.5113960113960114,0.4862298195631529
P03159,female,blitz,26,1655.3461538461538,0.29164201183431954,2.9541153291153295,56.573471400394475,17.48757396449704,0.05621301775147929,0.01664201183431953,13.130434782608695,2.857223865877712,0.6,0.565310650887574
P03159,female,bullet,1,1499.0,0.38461538461538464,1.9090909090909092,58.69230769230769,18.46153846153846,0.07692307692307693,0.0,13.0,2.076923076923077,0.6153846153846154,0.6923076923076923
P03159,female,rapid,23,1882.4782608695652,0.25863991081382387,3.411886493727926,59.89632107023411,17.887402452619845,0.07803790412486065,0.026755852842809368,15.217391304347826,2.99405425492382,0.5302861389817912,0.5373467112597548
P03160,female,blitz,86,2389.4186046511627,0.2687785728483403,3.190934679016074,59.37033392963626,17.77912442854303,0.08258795468097795,0.03234943351222421,14.734939759036145,2.954144305307096,0.5460196779964223,0.5362999403697077
P03160,female,bullet,14,2011.357142857143,0.2616758241758242,2.5994124922696353,61.26442307692308,18.709478021978022,0.04945054945054945,0.02197802197802198,14.571428571428571,3.0418956043956045,0.6002747252747253,0.5487637362637363
P03161,female,blitz,74,2094.864864864865,0.26095413595413597,3.022482284982285,59.64751464751465,18.436925124425123,0.08860565110565112,0.035343035343035345,20.274193548387096,2.9071221571221573,0.5526719901719902,0.5391584766584767
P03161,female,bullet,1,1837.0,0.15384615384615385,3.8333333333333335,58.0,18.692307692307693,0.0,0.0,21.0,2.6923076923076925,0.46153846153846156,0.38461538461538464
P03161,female,rapid,1,1983.0,0.36363636363636365,2.0,57.09090909090909,17.272727272727273,0.09090909090909091,0.0,19.0,2.1818181818181817,0.5454545454545454,0.7272727272727273
P03162,female,blitz,90,2269.5444444444443,0.2741915491915492,2.9156755898422566,59.695857845857844,18.132233198899865,0.08928047261380595,0.0383687300353967,18.261904761904763,2.795318261984929,0.5666506333173,0.5497289747289748
P03162,female,bullet,9,1988.888888888889,0.20268620268620272,2.6126527793194456,58.38705738705739,17.51770451770452,0.06837606837606838,0.042735042735042736,17.625,2.945054945054945,0.47374847374847373,0.5665445665445665
P03162,female,rapid,1,1847.0,0.3076923076923077,2.0,50.38461538461539,14.0,0.0,0.0,40.0,2.6923076923076925,0.6923076923076923,0.46153846153846156
P03164,female,bullet,100,1591.41,0.28392468642468643,2.820832251082251,57.88722985347986,17.118437257187257,0.06760683760683761,0.020769230769230772,21.03448275862069,3.024012099012099,0.5730194805194805,0.5825337162837163
P03165,female,blitz,14,2244.6428571428573,0.2417582417582418,2.8709183673469387,57.48351648351648,17.23076923076923,0.0989010989010989,0.03296703296703297,21.615384615384617,2.631868131868132,0.5714285714285714,0.6263736263736265
P03165,female,bullet,86,2350.767441860465,0.21963824289405684,3.450510923185342,57.479382826475856,17.595776187636652,0.06478334327171537,0.039127410057642614,14.87012987012987,2.828960445239515,0.5035231564301332,0.5204482210296164
P03169,female,blitz,24,2224.7916666666665,0.31581196581196586,3.120734126984127,57.141880341880345,16.67291666666667,0.08066239316239317,0.028846153846153844,24.095238095238095,2.8384081196581197,0.6185363247863248,0.5614316239316239
P03169,female,bullet,2,2468.5,0.19230769230769232,2.45,58.11538461538461,16.846153846153847,0.19230769230769232,0.038461538461538464,14.5,3.5,0.6538461538461539,0.38461538461538464
P03169,female,rapid,3,1717.3333333333333,0.17948717948717952,4.477777777777778,57.72435897435897,17.05128205128205,0.08333333333333333,0.025641025641025644,18.0,3.0769230769230766,0.5192307692307693,0.4679487179487179
P03171,female,blitz,100,2659.07,0.24794522144522144,3.0487299326490502,59.33647261072261,17.44424592074592,0.07892307692307693,0.04,18.236559139784948,2.9922418414918415,0.5344702797202797,0.5398554778554778
P03172,female,blitz,15,2180.2,0.3403846153846154,2.6386243386243384,60.062820512820515,18.487820512820512,0.07692307692307693,0.025641025641025644,16.933333333333334,2.9692307692307693,0.6358974358974359,0.6467948717948718
P03172,female,bullet,1,2007.0,0.38461538461538464,2.75,57.38461538461539,15.846153846153847,0.07692307692307693,0.0,15.0,4.0,0.8461538461538461,0.5384615384615384
P03172,female,rapid,84,2066.25,0.37266414141414145,2.5171768707482993,57.38606671106671,17.094974238724237,0.06673534798534798,0.025132275132275134,16.45205479452055,3.015872090872091,0.6776191401191402,0.6203988141488141
P03173,female,blitz,77,1756.4545454545455,0.3276530828478881,3.0140125747268605,58.84207679045341,17.4951664857509,0.07589614570134051,0.05634935050519466,13.883333333333333,3.0572604163513257,0.6291306096500902,0.5883944338489793
P03173,female,rapid,2,1931.0,0.42307692307692313,1.6805555555555556,61.57692307692308,18.576923076923077,0.0,0.038461538461538464,10.5,2.8846153846153846,0.5769230769230769,0.6923076923076923
P03174,female,blitz,10,1909.8,0.275,3.747070707070707,59.41410256410256,19.05897435897436,0.10064102564102564,0.0,16.0,2.7333333333333334,0.5615384615384615,0.47435897435897434
P03175,female,blitz,60,1616.65,0.2518131868131868,3.1181355218855216,58.62957875457876,17.989906898656898,0.07772283272283273,0.029304029304029304,18.352941176470587,3.0061477411477413,0.5756211843711844,0.538695054945055
P03176,female,blitz,100,1945.8,0.24582051282051282,3.199963924963925,59.36430128205129,18.067794871794874,0.09163461538461538,0.04083333333333334,16.130434782608695,3.0277564102564103,0.530724358974359,0.5308076923076923
P03177,female,rapid,100,1836.39,0.2548468475968476,2.905779220779221,59.819217005217006,17.95540972915973,0.1185493672993673,0.03973845598845599,10.72,3.231680264180264,0.608503663003663,0.44522521922521924
P03179,female,blitz,60,1580.5666666666666,0.26799857549857553,3.04485088985089,59.39403133903134,17.29059829059829,0.07844729344729345,0.02820512820512821,18.964285714285715,3.112991452991453,0.5808618233618233,0.5748504273504274
P03179,female,rapid,18,1613.388888888889,0.24893162393162394,3.0030864197530867,57.313746438746435,16.417735042735043,0.06410256410256411,0.008547008547008548,20.529411764705884,3.3376068376068377,0.6292735042735043,0.5918803418803419
P03180,female,bullet,100,2893.78,0.2673455710955711,2.7137981185481186,58.46103729603729,17.55755536130536,0.10272727272727274,0.05475524475524476,14.357894736842105,3.0234965034965033,0.5946503496503497,0.5562062937062937
P03181,female,blitz,53,2150.377358490566,0.2656023222060958,3.1012107913051308,58.827285921625545,17.683599419448477,0.08708272859216257,0.027576197387518146,18.150943396226417,3.2177068214804065,0.5660377358490566,0.5921625544267053
P03181,female,bullet,47,1844.9574468085107,0.32609234736894316,2.423051180497989,58.233509398403015,17.35377919952388,0.08183306055646482,0.02618657937806874,13.173913043478262,3.3989981649556116,0.6118509150424044,0.5334771611367356
P03182,female,blitz,16,1687.1875,0.287603021978022,2.5684433621933622,58.15436126373626,16.81155563186813,0.078125,0.04807692307692308,16.642857142857142,2.912860576923077,0.6185611263736264,0.6088598901098902
P03182,female,bullet,63,1488.5238095238096,0.2989311394073299,2.8877614008566392,58.71752233656996,17.46577514196562,0.08966897300230633,0.03265499932166599,17.203389830508474,2.9871620443049016,0.5967217086264704,0.5295559819369343
P03182,female,rapid,9,1534.5555555555557,0.18414918414918416,3.1560846560846563,59.08080808080808,17.902874902874903,0.03418803418803419,0.017094017094017096,19.555555555555557,2.6705516705516703,0.4794094794094794,0.49650349650349646
P03183,female,blitz,97,2463.8762886597938,0.2586002771569782,3.0964617856370436,58.671433205969294,17.46359551101819,0.0742177925167616,0.034892942109436956,18.296296296296298,2.796642876024319,0.5950904765337756,0.5609719318482205
P03183,female,bullet,3,2562.0,0.25641025641025644,2.824074074074074,60.333333333333336,16.69230769230769,0.05128205128205129,0.07692307692307693,16.5,2.743589743589743,0.7435897435897436,0.7435897435897436
P03184,female,blitz,77,2069.8571428571427,0.25874125874125875,3.22573310527856,59.36663336663337,17.756243756243755,0.06693306693306694,0.026973026973026976,16.91176470588235,2.8521478521478523,0.5524475524475525,0.5554445554445554
P03184,female,bullet,23,2065.913043478261,0.2752826883261666,2.689315515402472,58.43526039178214,17.11132345914955,0.07692307692307693,0.04013377926421405,15.954545454545455,3.269549291288422,0.6017677974199713,0.5519987259117694
P03185,female,blitz,100,1561.0,0.28593006993007,3.260050865800866,59.08240273615274,18.533621323121324,0.08622252747252748,0.03960805860805861,15.577777777777778,2.892189754689755,0.5836182151182151,0.5669788267288267
P03186,female,blitz,37,1598.2162162162163,0.28953073953073954,2.7911625911625912,59.061330561330564,17.95297000297,0.08894498894498894,0.03135828135828136,19.676470588235293,2.8434907434907433,0.6191515691515692,0.5955119955119955
P03186,female,rapid,1,1646.0,0.3076923076923077,3.0,61.76923076923077,17.53846153846154,0.07692307692307693,0.0,14.0,2.6923076923076925,0.6923076923076923,0.38461538461538464
P03187,female,blitz,40,2305.05,0.24038461538461536,3.21890873015873,58.52097902097902,17.565734265734267,0.08723776223776224,0.06416083916083917,21.0,2.923251748251748,0.5370629370629371,0.5272727272727272
P03187,female,bullet,10,1746.4,0.3223076923076923,2.422142857142857,60.10230769230769,17.744615384615383,0.08384615384615385,0.017692307692307695,22.428571428571427,2.5884615384615386,0.6138461538461539,0.5376923076923077
P03187,female,rapid,3,2243.3333333333335,0.20512820512820515,3.3762626262626263,60.48717948717948,18.461538461538463,0.15384615384615385,0.05128205128205129,25.666666666666668,2.9230769230769234,0.5128205128205129,0.4358974358974359
P03188,female,blitz,31,2581.1612903225805,0.26426799007444174,3.399308755760369,57.7433829611249,17.42907361455749,0.09966914805624484,0.05479735318444996,21.275862068965516,2.770264681555004,0.5252274607113316,0.5076509511993383
P03188,female,bullet,69,2420.521739130435,0.2719058719058719,3.0390535792709703,56.255063535498316,17.10366710584102,0.0781583955496999,0.03906849993806516,15.859375,2.9261014347970873,0.5428710580884494,0.5209194991803687
P03189,female,blitz,42,2496.9523809523807,0.25873663373663375,3.1442589156874874,57.971764346764346,17.365072427572425,0.06308506308506309,0.031135531135531136,18.342105263157894,2.9888028638028636,0.5761298886298887,0.5052840677840678
P03189,female,bullet,21,2367.190476190476,0.2677322677322677,2.908997616140473,60.25840825840826,17.687312687312687,0.07326007326007326,0.03296703296703297,21.11111111111111,3.052614052614053,0.5797535797535798,0.5291375291375291
P03189,female,rapid,15,1774.0,0.3967365967365967,2.723304473304473,55.86223776223776,16.365850815850816,0.0811965811965812,0.01581196581196581,21.857142857142858,2.8844599844599847,0.7313908313908314,0.6825951825951826
P03191,female,blitz,6,2199.5,0.23076923076923075,4.8694444444444445,62.12435897435898,18.487179487179485,0.08076923076923077,0.05128205128205129,17.333333333333332,2.9384615384615387,0.6166666666666667,0.6461538461538462
P03191,female,bullet,93,2165.8817204301076,0.27774125516061,2.8579062514546387,57.61153165830585,16.950479538382762,0.09325566906212067,0.022332506203473948,18.265060240963855,2.870677261806294,0.5929184614668486,0.6148405358082778
P03191,female,rapid,1,2068.0,0.25,4.5,56.0,15.375,0.0,0.125,14.0,4.0,0.625,0.375
P03192,female,blitz,36,2339.277777777778,0.2059116809116809,3.5924391966058633,60.254415954415954,18.064245014245014,0.05982905982905984,0.04309116809116809,16.90909090909091,2.927991452991453,0.5092592592592592,0.48960113960113966
P03192,female,bullet,64,2442.40625,0.21736232517482518,3.113069872835498,58.654217657342656,18.01715472027972,0.078125,0.03966346153846154,12.677966101694915,2.940384615384615,0.48436407342657345,0.5053758741258741
P03195,female,bullet,100,2469.42,0.2703908313908314,2.89970868020868,57.804595182595186,17.135724164724166,0.07068376068376069,0.029230769230769234,15.104166666666666,3.0433488733488736,0.5720765345765346,0.5443197358197358
P03196,female,blitz,46,2222.7391304347825,0.2549669533365186,2.9254572118702553,58.92267877050485,18.050664914795348,0.07127926421404683,0.030100334448160536,15.945945945945946,2.817327599936296,0.5690794712533843,0.5739966555183946
P03196,female,bullet,2,2111.0,0.3076923076923077,2.7125,66.5,18.46153846153846,0.19230769230769232,0.11538461538461539,12.5,3.3076923076923075,0.6923076923076923,0.6153846153846154
P03196,female,rapid,9,1759.6666666666667,0.27528490028490027,2.859656084656085,55.736111111111114,16.47863247863248,0.05128205128205129,0.025641025641025644,19.25,2.6837606837606836,0.646011396011396,0.525997150997151
P03197,female,bullet,100,1915.28,0.28457206682206687,3.047859806859807,59.23983896658897,17.19496114996115,0.06291763791763792,0.03942307692307692,20.833333333333332,2.8947494172494173,0.567197940947941,0.5493890831390832
P03198,female,blitz,51,2121.5098039215686,0.27630452336334693,3.094530251883193,59.50636683577861,17.68716882246294,0.08875634169751818,0.06305894541188659,19.914893617021278,2.924859454271219,0.567580785227844,0.5651827475356888
P03198,female,bullet,1,2210.0,0.38461538461538464,2.0,59.23076923076923,18.53846153846154,0.0,0.0,15.0,3.0,0.5384615384615384,0.5384615384615384
P03199,female,blitz,84,2743.1190476190477,0.2754065379065379,3.106684172309172,58.80669885669886,17.429791042291043,0.08258408258408259,0.04136141636141636,19.36986301369863,2.896345321345321,0.5957459207459207,0.5754495504495505
P03199,female,bullet,7,2660.714285714286,0.25874125874125875,2.5932539682539684,60.05594405594405,18.406593406593405,0.1228771228771229,0.04595404595404595,21.0,2.2977022977022976,0.6293706293706294,0.6163836163836164
P03199,female,rapid,9,2158.4444444444443,0.2666666666666667,2.789472256138923,59.06324786324787,17.774358974358975,0.07094017094017095,0.008547008547008548,18.285714285714285,2.5213675213675213,0.5393162393162394,0.5991452991452992
P03200,female,blitz,57,2329.280701754386,0.23684892105944738,3.525905245365079,59.77694625063046,17.620291988713042,0.09765672923567661,0.04318488529014845,17.21818181818182,3.184585395111711,0.5054867160130317,0.5266293161030003
P03200,female,bullet,43,2237.3488372093025,0.2964709708895755,2.920054945054945,57.76762617227734,17.255743481324878,0.059982653005908826,0.025581395348837212,16.18421052631579,2.9394156231365534,0.5252019298530927,0.6069550604434325
P03202,female,bullet,90,1610.8777777777777,0.29249676249676254,2.7322654197654197,55.17522274022274,16.52537555037555,0.056779331779331775,0.03287749287749288,14.655172413793103,2.951003626003626,0.6181157731157731,0.5923348873348874
P03202,female,rapid,10,1552.7,0.3,2.7363492063492063,56.51538461538462,16.984615384615385,0.038461538461538464,0.03076923076923077,11.8,3.407692307692308,0.6230769230769231,0.5615384615384615
P03203,female,blitz,89,2327.483146067416,0.24171920464055294,3.3367623692309745,58.70867241372859,17.65975890526452,0.06323002839856773,0.03333744906778615,18.44871794871795,2.9168455763961383,0.5719674208438253,0.5557445051827075
P03203,female,bullet,2,2364.0,0.28205128205128205,2.1363636363636367,58.05128205128205,17.724358974358974,0.038461538461538464,0.038461538461538464,36.0,2.6923076923076925,0.4807692307692308,0.717948717948718
P03203,female,rapid,9,2126.5555555555557,0.26495726495726496,3.352645502645503,59.84615384615385,18.538461538461537,0.07692307692307693,0.042735042735042736,21.333333333333332,3.034188034188034,0.5299145299145299,0.4786324786324786
P03205,female,blitz,100,2682.72,0.231993006993007,3.358140304140304,60.50005147630148,18.09661421911422,0.08478729603729604,0.03900641025641026,17.73469387755102,2.9151835664335666,0.5090200077700078,0.5273611111111112
P03206,female,blitz,76,2108.0789473684213,0.26539250223460753,3.132236842105263,58.05265786844734,17.42602134707398,0.07834270992165729,0.037633419212366584,14.408450704225352,2.990890688259109,0.6041721436458278,0.5461643619538357
P03206,female,bullet,24,1769.7083333333333,0.33422364672364674,2.810566863691864,57.36356837606837,16.954131054131054,0.0898860398860399,0.028846153846153844,13.695652173913043,3.33974358974359,0.6661680911680912,0.6028846153846154
P03207,female,blitz,48,2310.875,0.2933420745920746,2.9496340465090465,59.609860625485624,17.823110916860916,0.10677690365190366,0.04836829836829837,21.767441860465116,2.7952117327117327,0.6004880536130536,0.5744221056721057
P03207,female,bullet,51,2089.3529411764707,0.230517848164907,2.966681521093286,58.4910759175465,17.446455505279033,0.06730769230769232,0.0386500754147813,17.25531914893617,2.8893916540975364,0.5470713926596279,0.4983031674208145
P03207,female,rapid,1,1999.0,0.15384615384615385,3.5,58.84615384615385,16.307692307692307,0.0,0.0,16.0,3.5384615384615383,0.6923076923076923,0.46153846153846156
P03208,female,blitz,5,1974.6,0.12307692307692308,3.9952380952380957,56.56923076923077,16.123076923076923,0.10769230769230771,0.07692307692307693,16.2,3.0307692307692307,0.43076923076923074,0.46153846153846156
P03208,female,bullet,92,1950.4239130434783,0.26418364244451203,2.793378873541917,56.38529948312557,17.06418364244451,0.07466555183946488,0.036356035269078754,16.55421686746988,2.832471875950137,0.5719139556096078,0.5488674369109152
P03208,female,rapid,3,1411.0,0.3333333333333333,2.3333333333333335,56.358974358974365,16.41025641025641,0.10256410256410257,0.05128205128205129,14.0,2.5128205128205128,0.5897435897435898,0.5384615384615384
P03209,female,blitz,85,2162.705882352941,0.2698624251565428,3.032422838599309,58.552053567347684,17.835890122948946,0.08568490333196216,0.03790849673202615,19.580246913580247,2.817253987842223,0.5752301293477764,0.581510123863065
P03209,female,rapid,15,1731.8,0.25641025641025644,3.009189514189514,57.98461538461538,17.533333333333335,0.06153846153846154,0.041025641025641026,19.333333333333332,2.8461538461538463,0.5743589743589743,0.6153846153846153
P03211,female,blitz,53,2344.8867924528304,0.2618529269472666,3.1785591797522987,59.05382196419932,17.734397677793904,0.06966618287373005,0.026124818577648767,16.62,2.806361877116594,0.552491533623609,0.5585389453313981
P03211,female,bullet,47,2181.31914893617,0.2630263353667609,3.1236078932887446,58.62696027376879,17.83151316768338,0.10438922779348313,0.03436988543371522,13.891304347826088,3.153102216932004,0.5539056687992858,0.5198928730843625
P03213,female,blitz,89,2046.4831460674156,0.24535436473638722,3.3028870629994227,58.39574330164217,17.426858254105444,0.07778738115816768,0.05704407951598964,18.71794871794872,2.8101771823681934,0.5181503889369058,0.5226879861711323
P03213,female,bullet,8,1842.875,0.2403846153846154,2.955048076923077,57.71153846153846,17.01923076923077,0.04807692307692308,0.028846153846153848,14.0,2.769230769230769,0.5384615384615384,0.5192307692307693
P03213,female,rapid,3,1821.0,0.3772893772893773,2.375,56.12454212454213,16.249084249084248,0.07692307692307693,0.05128205128205129,18.0,3.2930402930402933,0.6263736263736264,0.5750915750915752
P03214,female,rapid,100,1704.42,0.271256993006993,3.0202449494949497,58.17531468531469,17.580360916860915,0.09606177156177158,0.0503482905982906,20.041666666666668,2.9175858585858583,0.6071113053613054,0.5572954545454545
P03216,female,blitz,56,1587.4285714285713,0.30870617477760337,2.9993210162853017,59.89938186813187,17.621794871794872,0.07703754578754578,0.02758699633699634,24.195121951219512,2.7186355311355315,0.5871762166405023,0.5844289638932496
P03216,female,bullet,43,1210.4418604651162,0.3043096438445276,2.7872957146212958,58.27074321027809,17.599056757196294,0.08440396812489837,0.050089445438282656,24.606060606060606,2.6608228980322,0.5664660920474874,0.584290128476175
P03216,female,rapid,1,1815.0,0.15384615384615385,3.7142857142857144,63.61538461538461,20.846153846153847,0.0,0.0,20.0,3.6153846153846154,0.46153846153846156,0.38461538461538464
P03217,female,bullet,8,2087.875,0.24615384615384617,3.139880952380952,59.510576923076925,17.399038461538463,0.13076923076923078,0.057692307692307696,18.285714285714285,3.351923076923077,0.5240384615384616,0.4701923076923077
P03217,female,rapid,1,2353.0,0.38461538461538464,2.3,57.61538461538461,15.692307692307692,0.0,0.0,22.0,3.076923076923077,0.6153846153846154,0.46153846153846156
P03220,female,blitz,96,2275.2291666666665,0.250267094017094,3.2049437830687832,58.62131855413105,17.730235042735043,0.0608974358974359,0.02403846153846154,21.698795180722893,2.8174946581196583,0.5609018874643875,0.5360265313390313
P03220,female,bullet,4,2039.5,0.36713286713286714,2.559722222222222,57.08391608391608,16.396853146853147,0.11538461538461539,0.057692307692307696,19.0,2.9667832167832167,0.6276223776223776,0.5734265734265734
P03221,female,blitz,64,1535.828125,0.28370696144133645,2.99869227994228,59.35328647047397,17.621837364024863,0.0827839695027195,0.031884348290598295,18.508474576271187,3.0825957896270397,0.57178910499223,0.5181381118881119
P03221,female,bullet,2,1140.5,0.2692307692307693,3.2666666666666666,47.80769230769231,15.423076923076923,0.038461538461538464,0.0,27.0,2.269230769230769,0.5384615384615385,0.5384615384615385
P03221,female,rapid,29,1565.4137931034484,0.25375773651635725,2.847706125292332,56.67970822281167,17.080680813439436,0.058797524314765696,0.023872679045092837,23.09090909090909,2.5698496905393458,0.5417771883289124,0.5194518125552609
P03222,female,blitz,11,2364.0,0.30069930069930073,2.966666666666667,58.33566433566434,17.95804195804196,0.06993006993006994,0.04895104895104896,19.0,2.7762237762237763,0.5594405594405595,0.6293706293706294
P03222,female,rapid,7,1781.0,0.17582417582417584,2.7016233766233766,57.00732600732601,16.853479853479854,0.08791208791208792,0.02197802197802198,22.166666666666668,2.7326007326007327,0.5091575091575091,0.5054945054945055
P03223,female,blitz,43,2020.2790697674418,0.2411647783740807,3.634954644838366,59.607245080500896,17.554253627509443,0.0518783542039356,0.03719439475253429,19.81578947368421,2.9382975551580204,0.5301977738024249,0.577807592923872
P03223,female,rapid,14,1334.0,0.2380952380952381,3.872108843537415,60.53250915750915,18.385531135531135,0.07829670329670331,0.016483516483516484,20.083333333333332,3.14010989010989,0.5526556776556777,0.4967948717948718
P03224,female,blitz,49,2319.8571428571427,0.2681425717140003,2.9563224250388593,59.04545454545454,17.244666048237477,0.06750392464678179,0.03639217924932211,17.558139534883722,2.912837162837163,0.5592264877979164,0.5505030683602112
P03224,female,bullet,43,2303.7441860465115,0.2420989862850328,2.7938418816325794,57.863893858079905,16.837805605247464,0.06633870005963029,0.023255813953488372,16.275,3.150715563506261,0.5772212283840191,0.509242695289207
P03224,female,rapid,8,2526.875,0.23076923076923078,3.0580131673881676,58.09615384615385,17.432692307692307,0.07692307692307693,0.04807692307692308,16.571428571428573,2.8653846153846154,0.5,0.5192307692307693
P03225,female,blitz,34,2191.264705882353,0.24115133232780295,3.1233363042186575,58.393464052287584,17.373629964806437,0.05203619909502263,0.029411764705882353,17.387096774193548,2.999723479135244,0.5315736551030669,0.5504273504273505
P03225,female,bullet,63,1962.857142857143,0.23938530605197275,3.457156974418879,59.62266040837469,18.15064494588304,0.07730417730417731,0.0472644639311306,19.305084745762713,2.961305097019383,0.5107437536008965,0.506667582858059
P03225,female,rapid,3,2151.6666666666665,0.23076923076923075,5.558333333333334,54.743589743589745,16.51282051282051,0.025641025641025644,0.025641025641025644,18.666666666666668,3.1538461538461537,0.5384615384615384,0.4871794871794872
P03226,female,blitz,57,2516.9122807017543,0.27300944669365723,2.9749690368111423,57.83713450292398,17.10847953216374,0.0756860098965362,0.04048582995951418,17.38888888888889,3.205645524066577,0.5914080071974809,0.5305668016194333
P03226,female,bullet,43,2311.7441860465115,0.28600178890876565,2.9786788147253263,58.93627012522361,17.635286225402506,0.08228980322003579,0.026833631484794278,15.21951219512195,3.367397137745975,0.6245527728085868,0.5619409660107335
P03228,female,blitz,5,1121.8,0.18461538461538463,5.022222222222222,59.89230769230769,18.415384615384617,0.10769230769230771,0.03076923076923077,24.2,3.184615384615385,0.5846153846153846,0.5538461538461539
P03228,female,bullet,1,1019.0,0.23076923076923078,3.3333333333333335,60.23076923076923,17.846153846153847,0.0,0.0,18.0,3.4615384615384617,0.5384615384615384,0.38461538461538464
P03228,female,rapid,7,1163.857142857143,0.3103467960610818,2.0275510204081635,57.976480662194945,17.045411731126016,0.04897959183673469,0.0,24.833333333333332,2.863465106322249,0.6659911517054374,0.7235193378050521
P03229,female,rapid,100,2003.94,0.256738011988012,2.8039524919524923,57.64801107226107,17.20036605061605,0.050942307692307696,0.023557692307692307,20.188235294117646,2.818468281718282,0.5777564935064935,0.583193056943057
P03230,female,blitz,100,2351.78,0.24585897435897436,3.0781961233211232,57.19779487179487,17.400929487179486,0.08179487179487181,0.048461538461538466,14.76923076923077,3.040538461538462,0.5648269230769231,0.5361217948717949
P03231,female,bullet,100,1758.77,0.2641083916083916,3.430175407925408,60.01706993006993,18.105244755244755,0.07954370629370629,0.04392832167832168,18.45054945054945,3.072994755244755,0.5292517482517483,0.5396538461538462
P03232,female,blitz,100,2121.65,0.2666313686313686,3.0541132756132754,58.72876429126429,17.514989676989675,0.08255827505827507,0.03257575757575758,21.65,2.8814113664113665,0.5557503052503052,0.5612891552891552
P03233,female,blitz,100,2266.43,0.2464545177045177,3.3918413759443173,59.308706349206346,17.94422435897436,0.07851495726495726,0.03527472527472528,17.582417582417584,2.990502442002442,0.5309493284493285,0.5261492673992675
P03234,female,rapid,4,1018.0,0.25,3.361904761904762,46.769230769230774,13.423076923076923,0.019230769230769232,0.038461538461538464,16.5,2.173076923076923,0.5576923076923077,0.6730769230769231
P03236,female,blitz,40,1994.6,0.22756410256410256,3.653105158730159,61.87043269230769,18.719310897435896,0.08055555555555556,0.04401709401709401,19.47222222222222,3.2145833333333336,0.5292467948717949,0.5244123931623932
P03237,female,blitz,26,2019.5384615384614,0.2916173570019724,2.826035076035076,60.21801446416831,17.7879355687048,0.11462853385930309,0.05042735042735043,15.192307692307692,3.2192636423405654,0.5700197238658777,0.5416831032215648
P03237,female,bullet,17,1911.0,0.330316742081448,2.7830065359477123,55.23529411764706,17.190045248868778,0.05429864253393665,0.03619909502262444,14.6875,3.203619909502262,0.5701357466063349,0.5882352941176471
P03239,female,blitz,61,2139.55737704918,0.23921815889029005,3.0558954706495687,56.19861286254729,16.67074401008827,0.053720050441361925,0.037326607818411094,18.714285714285715,2.8759142496847416,0.5408575031525851,0.5471626733921816
P03239,female,bullet,5,2181.2,0.2,3.0949999999999998,61.369230769230775,17.984615384615385,0.03076923076923077,0.06153846153846154,17.2,2.8307692307692305,0.6,0.5692307692307692
P03239,female,rapid,2,1995.0,0.15384615384615385,2.511904761904762,59.65384615384616,17.46153846153846,0.19230769230769232,0.07692307692307693,9.0,2.3076923076923075,0.5,0.5769230769230769
P03241,female,blitz,11,2346.181818181818,0.22377622377622378,3.7310134310134306,58.16083916083917,17.342657342657343,0.055944055944055944,0.013986013986013986,14.636363636363637,3.1608391608391604,0.46853146853146854,0.4755244755244755
P03242,female,rapid,2,1990.0,0.38461538461538464,1.8571428571428572,52.57692307692308,14.538461538461538,0.038461538461538464,0.0,17.0,2.730769230769231,0.5769230769230769,0.6538461538461539
P03243,female,blitz,83,2149.9036144578313,0.2885383023937241,2.7166592778038563,58.54877271323055,17.36943672124395,0.0813636831709121,0.029039233858510972,18.515625,2.730641446906507,0.6093506894711714,0.5770747324964193
P03243,female,bullet,17,2159.705882352941,0.3442433383609855,2.441736694677871,55.14504776269482,16.54660633484163,0.07692307692307693,0.00904977375565611,23.333333333333332,2.939617898441428,0.6516339869281046,0.6434891905480141
P03244,female,blitz,47,1372.9787234042553,0.2519263242667498,3.3845380978359705,59.55439430545814,17.35480996544826,0.05148468552723873,0.024549918166939445,22.11111111111111,2.8632660483724317,0.5517704517704518,0.5230509443275401
P03244,female,bullet,25,1161.28,0.29645054945054944,3.1741904761904762,57.02013186813187,16.794241758241757,0.053230769230769234,0.015384615384615385,22.095238095238095,2.940186813186813,0.5818351648351648,0.577956043956044
P03244,female,rapid,28,1478.2142857142858,0.2664835164835165,3.070466487877202,57.0521978021978,16.623626373626372,0.03846153846153847,0.016483516483516484,23.074074074074073,2.78021978021978,0.5467032967032968,0.5494505494505495
P03245,female,blitz,100,2427.56,0.22337606837606838,3.448945693195693,59.0202094017094,17.632995726495725,0.07846153846153847,0.034038461538461545,19.565217391304348,3.0434700854700854,0.5151623931623932,0.523517094017094
P03246,female,blitz,79,2411.227848101266,0.29137455371632587,3.0469133890019964,59.2107270366764,17.62800227198961,0.08946770529049011,0.0375365141187926,17.136986301369863,3.0234177215189875,0.5847776695877961,0.5743752028562155
P03246,female,rapid,1,2151.0,0.38461538461538464,3.8333333333333335,51.46153846153846,15.153846153846153,0.0,0.0,37.0,2.4615384615384617,0.5384615384615384,0.6923076923076923
P03247,female,blitz,76,1980.8815789473683,0.2869577790630422,2.9455964722412094,58.27518074031232,17.37369144013881,0.10368469250048198,0.040654520917678814,19.384615384615383,2.8464912280701755,0.5781930788509736,0.55487998843262
P03247,female,bullet,8,1504.375,0.28146853146853146,2.8958333333333335,60.04370629370629,17.51923076923077,0.09965034965034966,0.0,20.5,2.965034965034965,0.5996503496503497,0.5437062937062938
P03247,female,rapid,16,2160.25,0.2355769230769231,3.7424107142857146,60.37980769230769,18.091346153846153,0.08173076923076923,0.04326923076923077,15.5,3.1298076923076925,0.4951923076923077,0.44230769230769235
P03248,female,blitz,4,2193.5,0.3995726495726496,3.288095238095238,57.1965811965812,16.899572649572647,0.09615384615384616,0.0,17.333333333333332,3.0790598290598292,0.6666666666666667,0.5918803418803419
P03248,female,bullet,67,1738.2238805970148,0.290696865323731,2.9987815252740626,60.0107800160039,17.80114288696378,0.07370838117106775,0.038576349024110224,19.310344827586206,2.8845945099676444,0.5850676686497581,0.5438471975785408
P03248,female,rapid,29,2042.3793103448277,0.26038903625110527,3.320030352788973,56.945118100290514,17.31931287103701,0.04244031830238727,0.023872679045092837,18.695652173913043,2.8980674497915877,0.5785019578123026,0.5417456107111279
P03249,female,blitz,100,2364.86,0.24106837606837608,3.2335134032634034,57.9013782051282,17.229273504273504,0.08527777777777779,0.033685897435897436,17.361702127659573,2.921121794871795,0.5392200854700855,0.5317307692307692
P03250,female,blitz,96,1702.3958333333333,0.28470632376882377,2.9075674614737115,58.835780423280426,18.109353696072446,0.06129044566544567,0.03463668854293855,19.011363636363637,2.8620443503256006,0.5989141356328856,0.5679045202482703
P03250,female,bullet,4,1358.5,0.23076923076923078,2.38125,63.59615384615385,18.480769230769234,0.15384615384615385,0.07692307692307693,19.5,2.9423076923076925,0.5,0.4807692307692308
P03251,female,blitz,71,2851.845070422535,0.24895057993649547,3.020158190392678,59.33262394882114,17.936827257249792,0.05868544600938968,0.029449423815620997,19.71875,2.893122136079883,0.5876388869346616,0.5605368809594161
P03251,female,bullet,29,2617.206896551724,0.2839803874286633,3.2597999701447975,60.519873804356564,17.754240012860702,0.1142793987621574,0.03183023872679045,18.77777777777778,3.07889237199582,0.5927578168957479,0.4942729684108994
P03252,female,blitz,26,1975.6538461538462,0.2692307692307692,3.041660422910423,59.29585798816568,17.899408284023668,0.0621301775147929,0.03254437869822486,13.041666666666666,2.8106508875739644,0.591715976331361,0.5029585798816568
P03252,female,rapid,20,1931.6,0.19230769230769232,3.744610389610389,60.06153846153846,18.092307692307692,0.06923076923076923,0.038461538461538464,15.15,2.9653846153846155,0.45384615384615384,0.43076923076923074
P03253,female,blitz,51,2128.5098039215686,0.2550626932979874,3.4198141727553493,59.601083230495,17.67618416441946,0.07855477855477856,0.055980620686503044,17.816326530612244,3.070048143577555,0.5512729100964395,0.48162050367932724
P03253,female,bullet,49,2287.265306122449,0.23791854404099302,2.916459787378155,57.9356442876851,17.502935839670535,0.07724588336833235,0.0423861852433281,16.26086956521739,2.883475368169246,0.5009463325789856,0.5035474729352281
P03254,female,blitz,47,1461.0851063829787,0.36296534434832306,2.675091338921126,55.573091211389084,16.49134907645546,0.03577273790039748,0.017094017094017096,15.238095238095237,2.714993635206401,0.6496018756657055,0.6231262827007508
P03254,female,bullet,2,1129.5,0.34615384615384615,2.428571428571429,57.15384615384615,15.884615384615383,0.07692307692307693,0.0,23.5,2.3846153846153846,0.6538461538461539,0.7307692307692308
P03254,female,rapid,22,1565.8636363636363,0.2867132867132867,3.231954245991679,58.66783216783217,17.426573426573427,0.055944055944055944,0.013986013986013986,13.619047619047619,3.1818181818181817,0.6713286713286714,0.5524475524475524
P03255,female,blitz,16,2090.375,0.3141025641025641,2.8675347222222225,54.28285256410256,16.643830128205128,0.08253205128205128,0.03886217948717949,17.333333333333332,2.7600160256410255,0.6614583333333334,0.6125801282051282
P03255,female,rapid,2,1508.5,0.5,2.466666666666667,46.34615384615385,12.423076923076923,0.07692307692307693,0.0,38.0,2.730769230769231,0.6538461538461539,0.7307692307692308
P03256,female,blitz,13,1229.6153846153845,0.42800788954635105,2.219078144078144,53.300460223537144,15.548980933596319,0.04733727810650888,0.02366863905325444,18.875,2.539776462853386,0.7573964497041421,0.5884286653517423
P03256,female,rapid,1,1376.0,0.5384615384615384,2.0,46.15384615384615,13.76923076923077,0.15384615384615385,0.07692307692307693,,1.3846153846153846,0.6923076923076923,0.7692307692307693
P03257,female,blitz,88,2139.5454545454545,0.26197079435715803,3.1853603949526406,59.01653419181828,17.58554526281799,0.07419143356643357,0.031299666242848065,16.12987012987013,3.0771641237550327,0.5850794722953814,0.5425054427895337
P03257,female,bullet,10,1954.5,0.2585081585081585,3.12,57.4416083916084,17.263752913752914,0.05524475524475525,0.015384615384615385,17.0,3.024125874125874,0.5372960372960373,0.5564102564102564
P03257,female,rapid,2,2009.5,0.15384615384615385,3.125,55.96153846153846,16.384615384615387,0.15384615384615385,0.11538461538461539,13.0,2.9615384615384617,0.5,0.46153846153846156
P03258,female,blitz,8,1318.75,0.33653846153846156,2.6401785714285713,55.375,15.961538461538462,0.11538461538461539,0.06730769230769232,13.833333333333334,2.673076923076923,0.5576923076923077,0.6057692307692307
P03258,female,bullet,12,1345.8333333333333,0.2638888888888889,2.728188131313131,51.438087606837605,15.248931623931623,0.052884615384615384,0.0795940170940171,13.125,3.0440705128205128,0.5149038461538461,0.5200854700854701
P03259,female,blitz,9,1879.7777777777778,0.3325563325563326,3.328110161443495,61.132090132090134,18.358974358974358,0.05439005439005439,0.008547008547008548,18.375,2.966588966588967,0.6021756021756022,0.5446775446775447
P03259,female,bullet,5,2354.4,0.298974358974359,2.65,58.64076923076923,17.28051282051282,0.03666666666666667,0.0,19.666666666666668,2.88,0.7348717948717949,0.4879487179487179
P03259,female,rapid,1,1918.0,0.15384615384615385,3.6666666666666665,65.53846153846153,19.923076923076923,0.07692307692307693,0.07692307692307693,17.0,3.3846153846153846,0.23076923076923078,0.38461538461538464
P03260,female,blitz,28,2292.6071428571427,0.233974358974359,3.112709314495029,57.5187728937729,17.794871794871796,0.10714285714285714,0.07234432234432234,16.16,2.901098901098901,0.5737179487179488,0.4546703296703297
P03260,female,bullet,32,1945.8125,0.27986596736596736,2.8110863095238097,54.20640297202797,16.75761217948718,0.06490384615384616,0.028846153846153848,15.74074074074074,2.598266317016317,0.6008886946386947,0.6044944638694639
P03260,female,rapid,4,1762.0,0.23461538461538461,3.0458333333333334,55.13942307692308,16.848076923076924,0.04423076923076923,0.025,16.666666666666668,3.1788461538461537,0.5634615384615385,0.5778846153846153
P03261,female,blitz,100,2216.86,0.2632848817848818,3.031679487179487,59.53832817182817,17.892078754578755,0.0861888111888112,0.03538461538461539,22.746666666666666,2.5568334998335,0.5666821511821512,0.5534433899433899
P03262,female,blitz,49,2108.7755102040815,0.27880690737833597,2.897529284774183,57.26687598116169,16.641130298273154,0.08791208791208793,0.0423861852433281,18.0,2.907064364207221,0.5893249607535322,0.535949764521193
P03262,female,bullet,15,1943.9333333333334,0.28307692307692306,2.8251948051948053,58.834871794871795,17.523076923076925,0.10256410256410257,0.04615384615384615,20.642857142857142,2.9056410256410254,0.6225641025641026,0.5558974358974359
P03262,female,rapid,2,1691.0,0.2692307692307693,2.958333333333333,56.69230769230769,18.153846153846153,0.11538461538461539,0.038461538461538464,15.5,3.1153846153846154,0.5,0.46153846153846156
P03263,female,blitz,10,1433.2,0.32344322344322346,2.5534126984126986,58.8,18.22234432234432,0.06813186813186814,0.023076923076923078,15.625,2.547985347985348,0.6021978021978022,0.5967032967032967
P03263,female,bullet,60,1853.25,0.30351981351981355,2.8610732323232324,58.854823232323234,17.52642191142191,0.0708974358974359,0.032051282051282055,17.73076923076923,2.940961538461538,0.6048174048174049,0.5523368298368297
P03264,female,blitz,100,2098.9,0.28410822510822514,3.044465367965368,57.99344122544123,17.454720446220445,0.06373626373626375,0.027692307692307693,18.576470588235296,2.92615342990343,0.5722402597402598,0.5786298701298701
P03265,female,blitz,23,1996.5217391304348,0.2809364548494983,3.045393374741201,57.508361204013376,16.83612040133779,0.07692307692307693,0.043478260869565216,17.0,3.060200668896321,0.5819397993311037,0.5819397993311037
P03265,female,rapid,77,2016.5714285714287,0.2809012416155273,3.0209446312960444,58.145170702313564,17.519407576550435,0.0749710606853464,0.03990057561486133,18.802816901408452,2.8919505098076526,0.5660613196327482,0.5909974945689231
P03266,female,blitz,27,1956.0,0.25997150997151,3.37600074822297,59.40811965811966,17.18613485280152,0.07122507122507123,0.05151946818613485,18.52,3.205840455840456,0.5398860398860399,0.5826210826210827
P03266,female,bullet,1,1841.0,0.3076923076923077,3.0,59.46153846153846,19.53846153846154,0.15384615384615385,0.0,,2.6923076923076925,0.5384615384615384,0.6923076923076923
P03266,female,rapid,25,1825.52,0.27384615384615385,3.0460620490620487,60.51692307692308,18.45846153846154,0.06461538461538462,0.024615384615384615,21.166666666666668,2.9046153846153846,0.5384615384615384,0.56
P03267,female,blitz,23,1762.6521739130435,0.243561872909699,3.3863714787627828,58.31479933110368,18.21897993311037,0.043478260869565216,0.032190635451505016,17.47826086956522,2.61814381270903,0.5241638795986622,0.49414715719063546
P03267,female,bullet,25,1413.72,0.2897902097902098,2.7814444444444444,56.880279720279724,16.633006993006994,0.0662937062937063,0.027692307692307693,17.136363636363637,2.6833566433566434,0.5948717948717949,0.5818181818181818
P03267,female,rapid,1,1689.0,0.38461538461538464,2.5,53.15384615384615,18.153846153846153,0.07692307692307693,0.0,15.0,2.769230769230769,0.6923076923076923,0.5384615384615384
P03270,female,blitz,100,2549.58,0.25243589743589745,3.269788961038961,59.95935897435898,18.2674358974359,0.07153846153846154,0.03153846153846154,19.696629213483146,2.9038461538461537,0.5182051282051282,0.5334615384615384
P03272,female,blitz,7,2469.285714285714,0.28815628815628813,3.2293341579055865,59.26129426129426,17.421245421245423,0.04395604395604396,0.04884004884004884,13.142857142857142,3.0879120879120876,0.6056166056166056,0.507936507936508
P03272,female,bullet,93,2436.0860215053763,0.22826957988248311,3.113641943480653,58.36864533316147,17.316524335879173,0.0663003663003663,0.04218362282878412,13.406976744186046,3.0269461721074626,0.5242982823627985,0.5088513636900733
P03276,female,blitz,43,1468.7674418604652,0.2621790354348494,2.948952984999497,58.87065647530764,17.606449106449105,0.07411774272239388,0.03413834227787716,15.268292682926829,3.1195135613740264,0.6017554796624565,0.5774561355956705
P03276,female,bullet,10,1060.7,0.2907692307692308,2.8355952380952383,57.469230769230776,16.573076923076922,0.1453846153846154,0.053846153846153856,17.555555555555557,2.8069230769230766,0.6615384615384615,0.5007692307692307
P03276,female,rapid,1,1515.0,0.3076923076923077,1.4,44.92307692307692,13.384615384615385,0.07692307692307693,0.0,27.0,2.4615384615384617,0.6923076923076923,0.6153846153846154
P03277,female,blitz,8,2322.75,0.25961538461538464,3.086489898989899,56.57692307692307,17.932692307692307,0.009615384615384616,0.009615384615384616,23.833333333333332,2.855769230769231,0.6153846153846154,0.5288461538461539
P03277,female,rapid,27,1988.7407407407406,0.22317188983855651,3.1336179252845917,58.660493827160494,17.677825261158596,0.05128205128205128,0.019943019943019946,15.64,3.25,0.5460588793922128,0.49430199430199434
P03278,female,blitz,68,1774.1617647058824,0.26498868778280543,3.1369609149020916,59.72949346405228,18.03702551533434,0.07631347410759176,0.02795060331825038,17.43548387096774,3.2080033936651584,0.5299428104575163,0.5457987682252388
P03278,female,bullet,27,2059.4814814814813,0.27730294396961064,3.0864785420340977,57.91381766381766,17.79392212725546,0.0771604938271605,0.017094017094017096,16.5,3.2321937321937324,0.5377492877492878,0.5712250712250713
P03278,female,rapid,2,1979.5,0.3269230769230769,3.083333333333333,63.20384615384616,19.93076923076923,0.0,0.038461538461538464,15.0,3.5576923076923075,0.5923076923076923,0.5538461538461539
P03279,female,blitz,48,2064.3958333333335,0.27420692733192736,3.1522667147667147,57.01220527158028,16.827673194860694,0.07051282051282053,0.02403846153846154,17.441860465116278,2.8723044894919894,0.5975296694046695,0.5540039243164243
P03279,female,rapid,8,1746.5,0.27884615384615385,3.419345238095238,59.58653846153846,17.528846153846153,0.057692307692307696,0.009615384615384616,17.0,2.8653846153846154,0.5384615384615384,0.5865384615384616
P03280,female,bullet,69,2322.217391304348,0.2891625282929631,2.739293556684861,57.59778385865343,16.826123554384424,0.08438622569057352,0.03922164791730009,20.952380952380953,2.875257592648897,0.597339053860793,0.5885133385133385
P03280,female,rapid,9,2346.8888888888887,0.28418803418803423,3.1080549080549082,60.25142450142451,18.193732193732195,0.04344729344729345,0.0,13.555555555555555,2.8482905982905984,0.5868945868945868,0.5341880341880342
P03281,female,blitz,91,2304.296703296703,0.264375581683274,2.9812557101018644,58.010347558424485,17.6870533312841,0.06539614231921925,0.03465765004226543,17.428571428571427,2.9693138058522677,0.5386173655404425,0.5660888257042104
P03281,female,bullet,9,1823.6666666666667,0.3190883190883191,2.3223544973544974,56.90693257359924,16.42165242165242,0.07692307692307693,0.042735042735042736,19.571428571428573,3.0218423551756883,0.5109211775878442,0.6248812915479582
P03282,female,blitz,100,2475.02,0.25892440892440893,3.1444115606615606,58.22618548118548,17.487532467532468,0.07551282051282052,0.0376923076923077,14.293478260869565,3.084206349206349,0.577065157065157,0.551016206016206
P03283,female,blitz,5,2203.0,0.36923076923076925,2.6488095238095237,55.76923076923076,16.015384615384615,0.13846153846153847,0.07692307692307693,17.25,2.8,0.6307692307692309,0.6461538461538462
P03283,female,rapid,1,1712.0,0.3076923076923077,2.6,57.92307692307692,18.153846153846153,0.0,0.0,,1.3846153846153846,0.6153846153846154,0.5384615384615384
P03285,female,bullet,100,2328.61,0.23551892551892553,3.0348860583860584,59.42645909645909,17.799920634920635,0.07527472527472528,0.05102564102564103,16.95505617977528,2.856825396825397,0.4978998778998779,0.5213247863247863
P03286,female,blitz,56,2557.7321428571427,0.23334478021978025,3.33411216759431,58.39484126984127,18.090201465201464,0.08236034798534798,0.03846153846153847,20.791666666666668,2.8778426434676434,0.5008394383394383,0.4956501831501831
P03286,female,bullet,44,2636.7272727272725,0.2514568764568765,2.8090270840270843,58.69493006993007,18.20337995337995,0.09455128205128206,0.043706293706293704,20.357142857142858,2.934149184149184,0.5171911421911422,0.5441433566433567
P03288,female,blitz,99,2046.8383838383838,0.2659240030452152,3.1140948557615227,58.01787194287194,17.47980120328605,0.07879317652044926,0.03671426777487384,17.304347826086957,2.872216644186341,0.6036022899659264,0.5759007266583024
P03288,female,rapid,1,2010.0,0.3,1.6666666666666667,54.9,14.5,0.0,0.0,24.0,2.9,0.6,0.5
P03289,female,blitz,57,2319.2631578947367,0.24260145312776893,3.0678697520802785,58.33046047519732,17.83617892828419,0.07983001404054035,0.04819108766477188,15.212765957446809,2.800286945023787,0.5260090786406576,0.5280333701386334
P03291,female,blitz,37,1776.1081081081081,0.31534996534996534,3.243130218130218,59.32828597828598,17.482374682374683,0.10353430353430354,0.03388773388773389,17.63888888888889,3.1683991683991684,0.6273735273735274,0.6061677061677062
P03291,female,bullet,46,1778.2608695652175,0.2933853586027499,2.821282702804442,56.01012634708287,15.876277406168711,0.07127926421404683,0.0385776662950576,18.25581395348837,3.1380063173541433,0.6261845039018952,0.5660767372723895
P03291,female,rapid,17,2047.5294117647059,0.2895927601809955,2.8181983049630106,59.411764705882355,17.710407239819006,0.1085972850678733,0.027149321266968326,16.4,3.0678733031674206,0.5972850678733032,0.6018099547511312
P03292,female,blitz,18,1774.6666666666667,0.2843175343175343,3.388293650793651,58.93595139428473,17.480402313735645,0.06636881636881636,0.017094017094017096,14.625,3.1526374859708195,0.6274065440732107,0.5564296814296815
P03292,female,rapid,14,1200.2142857142858,0.31084054834054836,2.9730158730158727,54.67677322677322,15.472456709956711,0.09688644688644689,0.040293040293040296,18.333333333333332,2.8430361305361305,0.6702089577089577,0.6941946941946942
P03294,female,blitz,100,2646.66,0.2565811965811966,3.201599539349539,59.38367521367522,17.844529914529915,0.07068376068376069,0.03461538461538462,18.894736842105264,2.8663247863247863,0.5282905982905983,0.5433333333333333
P03297,female,blitz,93,2011.0967741935483,0.2671483235999365,3.0107142857142857,57.98147730405795,17.682376912215624,0.06533385968869841,0.028122415219189414,16.02247191011236,2.9121028314576702,0.5385628409821959,0.5435015999532129
P03297,female,bullet,7,1844.5714285714287,0.2967032967032967,2.2505494505494505,59.879120879120876,17.46153846153846,0.07692307692307694,0.03296703296703297,19.857142857142858,2.7692307692307696,0.5274725274725275,0.5274725274725275
P03298,female,blitz,59,2391.6610169491523,0.26687211093990754,2.782456526524323,57.48930702066295,17.171158784718106,0.08048674489352456,0.027379400260756193,15.0,2.8159239066018724,0.5659377345818024,0.5866698273477935
P03298,female,bullet,41,1791.7073170731708,0.28929092587629174,2.577475099426319,56.548709014562675,16.857023735072517,0.10373149885345007,0.05526668453497722,15.0,2.824357485333095,0.5932964054915275,0.5654962923255606
P03300,female,blitz,4,2301.75,0.2692307692307693,2.583730158730159,58.86538461538461,18.653846153846153,0.13461538461538464,0.057692307692307696,24.5,3.1538461538461537,0.5384615384615385,0.5192307692307693
P03300,female,bullet,4,2055.25,0.2548076923076923,3.3833333333333333,55.293269230769226,16.752403846153847,0.057692307692307696,0.057692307692307696,16.0,3.1346153846153846,0.6298076923076923,0.5865384615384616
P03300,female,rapid,40,2055.825,0.40209686147186147,2.3380699855699856,60.641307650682656,18.2374386030636,0.08520541958041958,0.012393162393162394,16.79310344827586,2.9831997863247866,0.7310366716616716,0.538011988011988
P03301,female,blitz,4,2175.5,0.28846153846153844,3.0375,55.38461538461539,16.769230769230766,0.038461538461538464,0.057692307692307696,20.25,3.269230769230769,0.6730769230769231,0.6730769230769231
P03301,female,bullet,96,2179.8645833333335,0.2793192918192918,3.091999609187109,59.17374708624709,17.713261304667554,0.075054285991786,0.028221778221778224,16.06451612903226,3.037333152958153,0.5832722832722833,0.5700585872460873
P03303,female,blitz,91,2283.098901098901,0.2591977619450147,3.2008749187320618,59.25465255135585,17.371861959774048,0.10460693153000847,0.0347985347985348,18.08641975308642,3.1467650176441384,0.5680372740812302,0.5560083994149928
P03303,female,bullet,8,1949.875,0.3076923076923077,2.3927714646464646,56.43269230769231,15.817307692307693,0.125,0.009615384615384616,20.142857142857142,3.057692307692308,0.6153846153846154,0.6730769230769231
P03303,female,rapid,1,2008.0,0.38461538461538464,2.4,50.61538461538461,15.846153846153847,0.15384615384615385,0.07692307692307693,22.0,3.3846153846153846,0.6153846153846154,0.6153846153846154
P03304,female,blitz,93,2724.6021505376343,0.2504306923661762,3.3148660707484234,58.21987931423415,17.332188719285494,0.08222903142257981,0.04339674662255307,17.734177215189874,3.0562291651001328,0.5466175401659272,0.5546935442096732
P03304,female,bullet,7,2717.1428571428573,0.26373626373626374,3.262337662337662,59.340659340659336,16.967032967032967,0.1098901098901099,0.07692307692307694,12.666666666666666,3.1978021978021975,0.5824175824175823,0.4945054945054945
P03305,female,blitz,94,2611.5106382978724,0.2583205801290908,3.142383325893964,58.96202644872857,17.63429921142687,0.08087922715582291,0.0387104030721052,18.63855421686747,2.9375828072636585,0.5735611905824672,0.5527787815021857
P03305,female,bullet,6,2611.5,0.2948717948717949,2.991462241462241,57.05128205128205,18.08974358974359,0.025641025641025644,0.012820512820512822,13.5,3.1025641025641026,0.576923076923077,0.5128205128205129
P03306,female,blitz,39,2100.7948717948716,0.2045155699001853,3.706411039103347,58.11300878608571,17.866968501583887,0.0738599007829777,0.05953021337636722,15.741935483870968,2.877980993365609,0.5160331121869584,0.5421672344749268
P03306,female,bullet,61,1774.967213114754,0.2573410196361016,3.303734061930783,58.991908364859185,18.003954606413625,0.08304809944154208,0.047447998267670405,18.09433962264151,2.845986436150371,0.5580125703076523,0.5355113920687692
P03307,female,blitz,57,2378.59649122807,0.24985005248163142,3.403970146926803,60.56148919306814,18.502313475997685,0.07422402159244265,0.032388663967611336,16.423076923076923,3.0464408885461514,0.5584634663582032,0.5520585652164599
P03307,female,rapid,1,2007.0,0.15384615384615385,3.1666666666666665,59.84615384615385,18.384615384615383,0.07692307692307693,0.07692307692307693,39.0,2.5384615384615383,0.6153846153846154,0.38461538461538464
P03309,female,blitz,72,2333.2916666666665,0.2419494086160753,3.374396783771784,59.19786001036001,17.75298929465596,0.08823005698005698,0.05146011396011396,20.73015873015873,2.8268583268583267,0.5300143529310196,0.5360361089527756
P03309,female,bullet,20,1974.25,0.32740384615384616,3.0017243867243866,59.361538461538466,17.935096153846153,0.1125,0.03076923076923077,17.473684210526315,3.058653846153846,0.5778846153846154,0.5894230769230769
P03309,female,rapid,8,1899.5,0.20192307692307693,3.3089127886002885,60.66346153846154,17.35576923076923,0.019230769230769232,0.019230769230769232,19.5,3.0673076923076925,0.4807692307692308,0.3942307692307692
P03311,female,blitz,100,2519.09,0.25120221445221447,3.1368676046176045,59.003566045066044,17.857526223776222,0.056577894327894326,0.03416006216006216,17.831460674157302,2.946991452991453,0.5349572649572649,0.5410013597513598
P03312,female,blitz,86,1835.4418604651162,0.26622279529256276,3.332986425718984,58.10016827487758,17.210406357208683,0.06778654162375093,0.029582497605753422,20.28985507246377,2.89007049152398,0.5922644216248867,0.6083123594751502
P03312,female,rapid,14,1720.0,0.3164835164835165,2.6944160997732425,59.567032967032965,18.282417582417583,0.1043956043956044,0.05274725274725275,15.25,3.120879120879121,0.632967032967033,0.5813186813186813
P03313,female,blitz,9,2344.4444444444443,0.25641025641025644,2.6930555555555555,57.94871794871795,17.085470085470085,0.06837606837606838,0.042735042735042736,17.333333333333332,3.2051282051282053,0.5555555555555556,0.5726495726495727
P03313,female,bullet,91,2186.3406593406594,0.31141081141081145,2.5921470165975657,57.18142434488588,16.859145128375896,0.07061208022746485,0.03442711135018827,19.613333333333333,2.821802129494437,0.6173473961935501,0.5960343075727691
P03314,female,blitz,83,2599.987951807229,0.250939656060138,2.943141694140426,57.89340696117804,17.588443517660387,0.07429718875502009,0.037071362372567196,16.7375,2.668996498815776,0.5723149006281537,0.5468025949953661
P03314,female,bullet,10,2408.9,0.27403846153846156,2.4872619047619047,57.299038461538466,17.384615384615383,0.12019230769230771,0.07884615384615386,13.0,2.516346153846154,0.6211538461538462,0.625
P03314,female,rapid,7,2409.714285714286,0.1456043956043956,3.200453514739229,61.689560439560445,18.69230769230769,0.12362637362637363,0.06593406593406594,17.428571428571427,2.3104395604395607,0.47802197802197804,0.543956043956044
P03315,female,blitz,16,2241.9375,0.2503205128205128,3.0579184704184703,58.24046474358974,18.464022435897437,0.1358173076923077,0.07291666666666667,17.4,2.3637820512820515,0.5934294871794872,0.5558493589743589
P03315,female,bullet,5,1642.0,0.19780219780219782,2.7964285714285717,54.12967032967033,16.654945054945053,0.015384615384615385,0.07472527472527472,17.5,2.789010989010989,0.4417582417582418,0.45274725274725275
P03315,female,rapid,79,2198.7974683544303,0.2629372034435326,3.173184498342726,56.215242422837356,16.8345288326301,0.04913061621922382,0.031320999675430054,19.455882352941178,2.8784601474474893,0.5689301556390164,0.5597255065609495
P03316,female,blitz,18,2224.3888888888887,0.2542735042735043,3.272927843761177,59.751068376068375,18.324786324786327,0.06285612535612535,0.030270655270655273,16.266666666666666,2.683048433048433,0.5931267806267806,0.5131766381766382
P03318,female,blitz,100,2262.55,0.2533974358974359,2.9550685148185147,59.30967948717948,17.849615384615387,0.0955128205128205,0.03852564102564102,18.43010752688172,2.696474358974359,0.5335897435897435,0.5282692307692308
P03319,female,blitz,27,2032.9259259259259,0.30520590520590524,2.6465023659468105,57.99088319088319,17.364983164983165,0.05698005698005698,0.026159026159026162,16.36,2.863584563584564,0.5968919968919969,0.5749028749028748
P03319,female,bullet,73,1862.3287671232877,0.2784813360155826,2.6317378777995217,56.97255643899479,16.944645613138764,0.08301561452246384,0.03075007184596226,18.532258064516128,3.0560057902523656,0.5661110578918798,0.5682025736820258
P03320,female,blitz,4,1872.25,0.19230769230769232,4.170833333333333,59.53846153846154,17.28846153846154,0.038461538461538464,0.0,14.75,2.8653846153846154,0.5,0.5192307692307693
P03320,female,bullet,94,1561.8297872340424,0.2559017223910841,3.3621143041355808,59.39698971241524,17.673371663797194,0.07645120836610199,0.03193437767905853,17.083333333333332,2.8842930119525865,0.566452873367767,0.5635828710296795
P03320,female,rapid,2,1812.5,0.3846153846153846,4.583333333333333,54.53846153846153,14.76923076923077,0.0,0.07692307692307693,22.0,3.1153846153846154,0.6153846153846154,0.6153846153846154
P03321,female,blitz,92,2540.021739130435,0.2269973987365292,3.245370013440666,59.27924563359346,17.700510962467487,0.08219063545150503,0.039548494983277595,17.24705882352941,3.06996469713861,0.5087142326272761,0.5269230769230769
P03321,female,bullet,8,2352.875,0.3076923076923077,2.9595238095238097,60.45192307692307,17.807692307692307,0.08653846153846154,0.028846153846153848,14.285714285714286,3.019230769230769,0.5769230769230769,0.5096153846153846
P03322,female,blitz,66,1817.060606060606,0.25865939615939615,3.1980815060360515,59.52969252969253,17.402074314574314,0.10271672771672771,0.05167055167055168,18.0,3.0588439338439337,0.5932817182817183,0.560482572982573
P03322,female,bullet,1,1406.0,0.3076923076923077,4.5,50.61538461538461,14.692307692307692,0.15384615384615385,0.0,18.0,3.0,0.6923076923076923,0.6153846153846154
P03322,female,rapid,1,1922.0,0.3076923076923077,1.1666666666666667,57.38461538461539,16.384615384615383,0.07692307692307693,0.07692307692307693,18.0,2.769230769230769,0.6153846153846154,0.6923076923076923
P03323,female,blitz,3,1588.6666666666667,0.2852564102564103,2.5,57.51282051282052,17.496794871794872,0.025641025641025644,0.05128205128205129,22.0,1.6121794871794872,0.625,0.6762820512820512
P03323,female,rapid,5,1698.2,0.2,3.2916666666666665,58.84615384615385,18.903846153846153,0.03076923076923077,0.0,14.4,2.926923076923077,0.3692307692307692,0.40384615384615385
P03324,female,bullet,98,2348.8571428571427,0.23252957360100218,3.224406630784182,59.98843894201037,18.16966466073609,0.09154337725766298,0.06314320600034885,19.76086956521739,2.771970093398665,0.5041835148978006,0.5390224854510569
P03324,female,rapid,2,2000.0,0.5,2.1,55.5,16.346153846153847,0.0,0.0,14.0,2.4230769230769234,0.8076923076923077,0.6538461538461539
P03325,female,blitz,3,1451.0,0.3076923076923077,2.752380952380953,60.94871794871795,19.71794871794872,0.0,0.025641025641025644,16.666666666666668,2.6666666666666665,0.5897435897435898,0.6923076923076924
P03325,female,rapid,1,1561.0,0.2727272727272727,3.25,57.0,16.90909090909091,0.0,0.0,15.0,3.0,0.45454545454545453,0.6363636363636364
P03326,female,blitz,14,2426.8571428571427,0.24542124542124544,3.2571563240680885,59.05173992673993,17.762362637362635,0.03846153846153847,0.05494505494505495,15.538461538461538,2.828754578754579,0.5512820512820513,0.4858058608058608
P03326,female,bullet,1,2355.0,0.07692307692307693,3.3333333333333335,62.0,20.076923076923077,0.0,0.07692307692307693,15.0,2.5384615384615383,0.5384615384615384,0.15384615384615385
P03328,female,blitz,97,1305.8350515463917,0.3367238145588661,2.6053888837393995,56.839762471205766,16.936279470815553,0.07217816547713454,0.011102299762093579,19.555555555555557,2.5754339589391133,0.6571718087182005,0.6033061440277936
P03328,female,bullet,1,1017.0,0.23076923076923078,2.8,58.69230769230769,17.692307692307693,0.0,0.0,27.0,3.230769230769231,0.5384615384615384,0.6153846153846154
P03328,female,rapid,2,1002.5,0.23076923076923078,2.958333333333333,55.88461538461539,17.03846153846154,0.038461538461538464,0.038461538461538464,10.0,2.269230769230769,0.5,0.5
P03330,female,blitz,34,1889.764705882353,0.23453311394487866,3.151687854629031,57.35732208967503,17.012361168243523,0.07322089675030852,0.013574660633484163,21.5,3.137741670094611,0.5822912381735912,0.5444055944055944
P03330,female,bullet,1,1957.0,0.3076923076923077,3.2,52.69230769230769,15.615384615384615,0.15384615384615385,0.0,17.0,3.923076923076923,0.6153846153846154,0.6153846153846154
P03330,female,rapid,65,2168.5538461538463,0.24043571812802583,3.388459275766968,59.87042525850218,17.805961986731216,0.06954754647062339,0.0328940290478752,19.892857142857142,3.172413185105493,0.5229092702169625,0.5477051580897734
P03331,female,blitz,8,2226.75,0.3243006993006993,2.759386446886447,54.084790209790214,16.5270979020979,0.11713286713286714,0.038461538461538464,11.875,3.118006993006993,0.5681818181818182,0.6005244755244755
P03331,female,bullet,15,2689.866666666667,0.26666666666666666,3.857150997150997,55.93846153846154,17.058119658119658,0.06666666666666667,0.015384615384615385,15.071428571428571,2.9606837606837604,0.6068376068376068,0.6188034188034187
P03332,female,blitz,1,2183.0,0.3076923076923077,2.6666666666666665,59.07692307692308,19.384615384615383,0.23076923076923078,0.07692307692307693,8.0,3.5384615384615383,0.5384615384615384,0.46153846153846156
P03332,female,rapid,13,2037.6153846153845,0.3843195266272189,2.387087912087912,55.880177514792905,16.80355029585799,0.06508875739644972,0.02958579881656805,18.333333333333332,3.073372781065089,0.629585798816568,0.571301775147929
P03333,female,bullet,85,2016.3882352941177,0.2723049499520088,3.089599975188211,58.78265322912382,17.368971616618676,0.07725215960510079,0.029864253393665163,17.192307692307693,3.0750884409707937,0.5736295077471548,0.575228301110654
P03333,female,rapid,15,1533.4666666666667,0.2743589743589744,3.245728715728716,56.86282051282051,16.31923076923077,0.04615384615384615,0.03076923076923077,15.76923076923077,3.0179487179487183,0.5974358974358974,0.6653846153846155
P03334,female,blitz,68,2277.044117647059,0.25656573818338524,3.0471252807649867,58.24442640692641,17.334860972360975,0.06436651583710408,0.03186274509803922,17.852459016393443,2.674860678537149,0.5554519010401363,0.5809599714011479
P03334,female,bullet,27,2125.1111111111113,0.23678667012000346,2.7738068515846295,58.5304670638004,18.3687818354485,0.06661918328584995,0.03311965811965812,13.173913043478262,2.776884226884227,0.5300548217214884,0.5426141759475093
P03334,female,rapid,5,2099.0,0.3230769230769231,2.85,56.261538461538464,16.984615384615385,0.09230769230769231,0.03076923076923077,19.8,2.846153846153846,0.676923076923077,0.5538461538461539
P03335,female,blitz,11,2658.7272727272725,0.2948717948717949,3.097915972915973,56.9988344988345,16.72027972027972,0.07692307692307693,0.06410256410256411,16.125,2.8834498834498836,0.5897435897435898,0.6853146853146853
P03335,female,bullet,89,2656.325842696629,0.29074234130413906,2.629280176752087,54.42457745126285,16.510443676174013,0.08513396715643907,0.041594641313742436,16.155844155844157,2.902681743973879,0.6162729280706809,0.5588807260155575
P03336,female,blitz,13,1699.3076923076924,0.34714003944773175,2.8076340326340326,57.439184746877054,17.435897435897434,0.10059171597633136,0.04733727810650888,19.615384615384617,3.1380670611439845,0.6489151873767258,0.5811965811965811
P03336,female,rapid,18,1636.4444444444443,0.2777777777777778,2.8406474698141366,59.021367521367516,18.594017094017094,0.10256410256410257,0.042735042735042736,19.0,3.0683760683760686,0.5470085470085471,0.47435897435897434
P03337,female,blitz,94,2116.840425531915,0.2365347418538908,3.3747850258488556,59.23627436393394,17.899227545504143,0.09465563986840582,0.05579526856122601,21.580246913580247,2.849584221924647,0.5355581180049265,0.5355808494106367
P03337,female,bullet,6,1728.1666666666667,0.19230769230769232,3.380357142857143,61.14102564102564,19.076923076923077,0.05128205128205129,0.05128205128205129,23.166666666666668,2.192307692307692,0.4615384615384615,0.5
P03339,female,blitz,10,2166.5,0.31538461538461543,2.770122655122655,57.10769230769231,16.892307692307693,0.08461538461538462,0.053846153846153856,14.222222222222221,2.8307692307692305,0.6,0.6230769230769231
P03339,female,bullet,1,2027.0,0.15384615384615385,3.375,63.38461538461539,20.76923076923077,0.07692307692307693,0.0,19.0,3.0,0.3076923076923077,0.46153846153846156
P03339,female,rapid,1,1947.0,0.3076923076923077,3.142857142857143,47.76923076923077,15.846153846153847,0.0,0.0,16.0,2.3846153846153846,0.46153846153846156,0.6923076923076923
P03340,female,blitz,91,2305.5384615384614,0.2551124089585628,3.280593867455535,58.21260241589912,17.54899313141071,0.054253438868823486,0.03127641589180051,15.71264367816092,3.0116110995231873,0.540026518048496,0.5515998043470571
P03340,female,bullet,1,2076.0,0.38461538461538464,2.3333333333333335,42.23076923076923,12.846153846153847,0.0,0.0,28.0,2.3846153846153846,0.6923076923076923,0.6153846153846154
P03340,female,rapid,8,2074.375,0.27884615384615385,3.3290945165945165,58.14423076923077,18.08653846153846,0.06730769230769232,0.019230769230769232,15.875,3.2211538461538463,0.5384615384615384,0.5384615384615384
P03341,female,blitz,18,1782.1666666666667,0.30502136752136755,3.498892773892774,58.27759971509972,17.297364672364672,0.07959401709401709,0.04772079772079772,18.235294117647058,2.664351851851852,0.5868945868945868,0.5979344729344729
P03341,female,bullet,78,2019.179487179487,0.2845453691607538,2.771054159515698,57.90643608528224,17.146417898340975,0.071752606367991,0.03266498458806151,18.761194029850746,2.9146191415422185,0.6038367615290692,0.5807337961184115
P03341,female,rapid,4,2093.0,0.23076923076923078,3.3895833333333334,59.30769230769231,17.057692307692307,0.15384615384615385,0.07692307692307693,21.0,2.5769230769230766,0.6730769230769231,0.5576923076923077
P03342,female,blitz,8,2238.125,0.27377136752136755,2.8245129870129873,59.072916666666664,17.693376068376068,0.04006410256410256,0.030448717948717948,17.4,2.7785790598290596,0.6196581196581197,0.6530448717948718
P03342,female,bullet,92,2306.554347826087,0.26332218506131555,2.910143268567182,58.9992474916388,17.54351409460105,0.07775919732441472,0.04180602006688963,17.602409638554217,3.020552635770027,0.5782986940595637,0.5728041885650582
P03343,female,blitz,35,2298.0,0.23956043956043957,3.1717862296433723,60.213186813186816,18.4,0.10109890109890111,0.03956043956043956,18.647058823529413,3.057142857142857,0.5296703296703297,0.5340659340659341
P03343,female,bullet,65,2268.6923076923076,0.25394195548041704,3.0803601953601953,58.689506903353056,17.753888419273036,0.09213863060016907,0.03888419273034657,14.435483870967742,2.968205128205128,0.5386221470836855,0.5501324316708932
P03344,female,blitz,38,1683.3947368421052,0.28795546558704455,2.7904562542720437,59.35366059379217,17.603604363472783,0.09367971210076474,0.033288349077822764,22.59259259259259,2.606387764282501,0.60453216374269,0.5804093567251463
P03344,female,bullet,29,1847.1379310344828,0.35832194625298075,2.248209549071618,55.869285025319506,16.55657704364601,0.077095892613134,0.03527851458885942,20.80952380952381,2.632241513275996,0.6411093695576454,0.6621151836669078
P03344,female,rapid,12,1963.25,0.3490675990675991,3.007028619528619,58.90034965034965,17.734848484848484,0.07692307692307693,0.04487179487179488,23.25,2.7371794871794872,0.5722610722610723,0.5477855477855478
P03345,female,blitz,31,2267.2903225806454,0.22373862696443342,3.2972070939812874,60.02903225806452,18.533829611248965,0.08023159636062863,0.029983457402812243,18.47826086956522,2.7372208436724565,0.5391645988420182,0.541025641025641
P03345,female,bullet,69,2034.7536231884058,0.25061846366194196,3.054131375870506,59.95831077135425,18.337490046185696,0.06905292774857992,0.03381642512077295,18.076923076923077,2.9603121516164994,0.5082417582417583,0.5328077719382067
P03346,female,blitz,51,2510.0,0.285608073843368,2.8781837987720342,58.04806609512492,17.457579675226736,0.08491704374057317,0.03619909502262444,15.533333333333333,2.770954535660418,0.5906877436289202,0.5897729721259133
P03346,female,bullet,49,2291.6326530612246,0.27334224732183915,3.059511067164128,57.90654492899391,16.946783828416482,0.09556950985522415,0.051726957849406834,14.866666666666667,3.0097826210071106,0.6157791188403433,0.5828926742192049
P03347,female,blitz,34,2183.0882352941176,0.2742300183476654,3.100627558715794,59.872769713946184,17.92125611316788,0.05606746194981489,0.04123303167420815,23.37037037037037,3.0007445169209874,0.583597366685602,0.5529078764372882
P03347,female,rapid,4,2237.75,0.23076923076923078,3.4023809523809523,59.46153846153846,18.096153846153847,0.038461538461538464,0.038461538461538464,15.0,2.9423076923076925,0.5961538461538461,0.5384615384615384
P03348,female,blitz,79,2057.784810126582,0.2639659918140931,3.017217592534048,58.11893521387192,17.2293826778004,0.07574208491930011,0.03425688235814818,14.710144927536232,2.9918604250882734,0.6081715401335654,0.5729537691563008
P03348,female,bullet,21,2055.8571428571427,0.19943019943019943,3.1701590737305025,57.96011396011396,17.755799755799757,0.052910052910052914,0.04924704924704925,21.529411764705884,3.0667480667480667,0.47374847374847373,0.5482295482295483
P03349,female,blitz,48,2791.7083333333335,0.25353899572649574,2.964908326627077,57.90905448717948,17.349448005698004,0.08043981481481481,0.03552350427350428,20.35,2.7037259615384617,0.5710247507122507,0.6190571581196581
P03349,female,bullet,52,2696.846153846154,0.2717448150140458,3.118029886779887,59.40194847887156,17.973914440260593,0.0872370151216305,0.0438034188034188,15.142857142857142,2.9575115055884287,0.5918952842029765,0.5602362381208535
P03351,female,blitz,82,2474.9268292682927,0.27528568991983626,2.983463503657191,57.242975012792094,16.91503922906362,0.049029222809710615,0.027204502814258912,19.445945945945947,2.8587504974700098,0.6013630678264825,0.6080860196713855
P03351,female,bullet,18,2283.9444444444443,0.26884226884226886,2.8653018278018276,56.54584304584304,17.55205905205905,0.06565656565656566,0.03146853146853147,17.27777777777778,2.837218337218337,0.5796425796425796,0.5901320901320902
P03352,female,blitz,100,2289.54,0.2563316683316683,3.1572354589854594,59.363761738261736,17.680057942057942,0.07251831501831502,0.02935897435897436,16.24418604651163,3.0963300033300034,0.5653746253746254,0.5685039960039959
P03353,female,blitz,10,2298.9,0.2230769230769231,3.2180677655677656,57.861538461538466,17.107692307692307,0.06923076923076923,0.007692307692307693,22.375,2.4846153846153847,0.5615384615384615,0.5
P03353,female,bullet,85,2210.0823529411764,0.2657068421774304,3.0383655886597065,59.286987522281635,17.523817359111476,0.06441793500617031,0.023693953105717813,16.435897435897434,2.859893048128342,0.5767265414324239,0.5166780931486814
P03353,female,rapid,5,2128.8,0.23076923076923078,3.585079365079365,57.66153846153846,17.83076923076923,0.015384615384615385,0.015384615384615385,22.4,2.4153846153846152,0.5692307692307692,0.4153846153846154
P03354,female,blitz,8,1859.125,0.23763736263736265,3.314583333333333,59.77335164835165,18.22664835164835,0.11401098901098902,0.038461538461538464,16.375,2.8502747252747254,0.4945054945054945,0.5521978021978022
P03355,female,blitz,64,2239.65625,0.30295563811188814,2.5565614507020755,57.970618444055944,17.348855441433567,0.10168269230769231,0.03125,17.15,3.099057583041958,0.6149994536713287,0.5731124344405595
P03355,female,bullet,36,2158.9166666666665,0.30924630924630925,2.5004619608786274,55.74592074592075,16.312742812742812,0.0709013209013209,0.017094017094017096,17.4,2.972610722610723,0.6351981351981352,0.6027583527583528
P03357,female,rapid,100,2037.31,0.27549708624708624,3.0698927183927185,59.217395687645684,17.633026806526807,0.08075174825174825,0.05117715617715618,16.354166666666668,2.980688228438228,0.5835250582750583,0.5800827505827506
P03358,female,blitz,15,2334.6,0.2431623931623932,2.8393121693121697,59.74529914529914,17.621794871794872,0.05641025641025642,0.0358974358974359,16.416666666666668,2.771794871794872,0.5683760683760684,0.5572649572649573
P03358,female,bullet,84,2364.2261904761904,0.27785409035409037,2.984916406344978,59.19284188034188,17.915979853479854,0.09012515262515264,0.025641025641025644,17.602739726027398,2.9381868131868134,0.5808150183150184,0.5734890109890111
P03358,female,rapid,1,2284.0,0.46153846153846156,2.8,59.92307692307692,17.692307692307693,0.0,0.0,7.0,2.230769230769231,0.6923076923076923,0.6923076923076923
P03359,female,blitz,94,1363.095744680851,0.24306299492469707,3.5070185429227982,58.99070223511713,17.57612148489808,0.08410682107490618,0.04183942535006365,22.092105263157894,2.8327592620145814,0.5627591380250955,0.5666321562598158
P03359,female,rapid,6,1668.0,0.3051282051282051,2.331259018759019,55.651282051282045,18.079487179487177,0.05128205128205129,0.025641025641025644,23.5,2.294871794871795,0.6794871794871794,0.6769230769230768
P03360,female,bullet,100,2527.3,0.27357029082029083,2.977358225108225,58.245157703407706,17.85730527805528,0.07974125874125874,0.04023076923076923,17.114583333333332,2.9134405594405592,0.5679286546786547,0.5389094516594517
P03361,female,blitz,15,1953.9333333333334,0.261965811965812,3.1256517556517553,57.25128205128205,17.72564102564103,0.03076923076923077,0.015384615384615385,16.833333333333332,2.7350427350427347,0.5824786324786325,0.5683760683760684
P03361,female,rapid,5,1970.6,0.27692307692307694,2.6392857142857142,58.95384615384616,16.661538461538463,0.09230769230769231,0.03076923076923077,18.25,2.769230769230769,0.6307692307692309,0.7230769230769231
P03362,female,blitz,25,1816.6,0.3076923076923077,3.0653492063492065,57.606153846153845,17.283076923076923,0.06153846153846154,0.018461538461538463,20.625,2.901538461538461,0.5907692307692308,0.6246153846153846
P03363,female,blitz,11,2264.090909090909,0.20979020979020982,3.6646464646464647,60.87412587412587,18.727272727272727,0.09090909090909091,0.027972027972027972,16.545454545454547,3.076923076923077,0.5104895104895105,0.46853146853146854
P03363,female,rapid,33,1935.1515151515152,0.27970766607130243,3.0963323713323714,60.88949838040747,18.842983531619897,0.07888222888222889,0.04240128558310377,17.870967741935484,2.7004223049677596,0.6039727948818857,0.5277790391426755
P03364,female,blitz,60,2382.5,0.27358974358974364,2.9946057183557184,58.662179487179486,17.326923076923077,0.07346153846153847,0.023461538461538464,15.224137931034482,2.935,0.616025641025641,0.6071794871794871
P03364,female,bullet,40,2336.0,0.23704545454545456,3.0845661976911978,59.02202797202797,17.447604895104895,0.10454545454545454,0.021153846153846155,13.594594594594595,3.0098076923076924,0.6173776223776224,0.5657517482517482
P03365,female,blitz,1,1731.0,0.23076923076923078,3.8333333333333335,57.15384615384615,17.0,0.15384615384615385,0.0,16.0,4.538461538461538,0.46153846153846156,0.5384615384615384
P03365,female,rapid,1,1705.0,0.23076923076923078,2.6666666666666665,60.69230769230769,18.692307692307693,0.23076923076923078,0.07692307692307693,17.0,3.0,0.6153846153846154,0.6153846153846154
P03368,female,bullet,99,2196.626262626263,0.24380064380064378,3.05117974057368,59.41223221223221,17.849439449439448,0.0967032967032967,0.05850815850815851,13.410526315789474,3.1961260961260964,0.51001221001221,0.5114441114441115
P03368,female,rapid,1,2002.0,0.3333333333333333,2.6666666666666665,66.22222222222223,21.22222222222222,0.1111111111111111,0.0,15.0,3.0,0.5555555555555556,0.4444444444444444
P03369,female,blitz,96,2653.3333333333335,0.2386039886039886,3.317543047230547,56.5329415954416,18.299234330484328,0.10612535612535613,0.12811609686609687,19.61904761904762,2.343304843304843,0.5633903133903134,0.4998219373219373
P03369,female,bullet,4,2625.25,0.1778846153846154,3.552380952380952,57.342948717948715,18.552884615384613,0.15865384615384615,0.15865384615384615,15.25,2.126602564102564,0.4551282051282051,0.4519230769230769
P03370,female,blitz,21,1748.3809523809523,0.26800976800976806,2.8247165532879817,58.116300366300365,17.406898656898658,0.07326007326007326,0.014652014652014652,17.6,2.9075091575091574,0.5760073260073261,0.5882173382173382
P03370,female,bullet,79,1452.9746835443038,0.31203458988269117,2.815395680269098,57.12476700514676,16.767723837344093,0.07478091528724441,0.035053554040895815,14.356164383561644,3.0981406778875136,0.6465155098066491,0.5976213659757963
P03371,female,bullet,100,1347.28,0.2661538461538462,2.708877705627706,55.091538461538455,16.346923076923076,0.05615384615384616,0.04461538461538462,17.60919540229885,2.7453846153846153,0.5546153846153846,0.5607692307692308
P03373,female,blitz,13,1962.8461538461538,0.2596975673898751,2.734024309024309,59.73241288625904,17.961867192636422,0.08481262327416174,0.02958579881656805,19.272727272727273,2.9894806048652205,0.5516107823800132,0.6134122287968442
P03373,female,bullet,70,2056.214285714286,0.28046049188906336,2.726389602461031,58.71253663003663,17.27193746729461,0.07102564102564103,0.027472527472527472,19.0,2.9924751439037154,0.5362244897959183,0.613490319204605
P03373,female,rapid,17,2000.8823529411766,0.36994378170848763,2.498845598845599,55.8045043192102,17.51403743315508,0.10187851364321954,0.03249691484985603,18.384615384615383,2.57802001919649,0.6569141642671055,0.6115281777046483
P03375,female,blitz,6,2089.3333333333335,0.19487179487179487,3.6717171717171717,58.682051282051276,18.133333333333336,0.11025641025641027,0.0846153846153846,19.4,2.651282051282051,0.5743589743589744,0.4692307692307692
P03375,female,bullet,16,1975.0,0.296875,2.5238681457431458,57.71514423076923,17.427884615384617,0.07692307692307693,0.0625,13.066666666666666,2.8461538461538463,0.6298076923076923,0.5805288461538461
P03375,female,rapid,15,1979.3333333333333,0.2772649572649573,3.1707936507936507,59.46752136752137,18.338632478632476,0.06307692307692309,0.041025641025641026,15.818181818181818,2.651025641025641,0.5996581196581197,0.46923076923076923
P03377,female,blitz,90,1494.1,0.2754209987543321,3.3293346160012827,57.999794002293996,17.3962255645589,0.06275755109088442,0.022058188724855394,18.802325581395348,3.0164345222678555,0.5248679715346383,0.5231002947669614
P03377,female,rapid,10,1691.7,0.16153846153846155,3.9426587301587306,59.46153846153847,18.092307692307692,0.046153846153846156,0.038461538461538464,16.5,3.161538461538462,0.4230769230769231,0.4384615384615385
P03378,female,bullet,2,1155.5,0.35384615384615387,2.625,55.51538461538462,15.01923076923077,0.0,0.1,16.5,3.3038461538461537,0.7076923076923077,0.7076923076923077
P03379,female,blitz,11,1449.2727272727273,0.2948717948717949,3.132776314594496,55.726689976689975,17.356643356643357,0.05011655011655012,0.014568764568764568,24.142857142857142,2.2593240093240095,0.6037296037296037,0.662004662004662
P03379,female,bullet,2,1506.5,0.3076923076923077,2.571428571428571,54.30769230769231,17.53846153846154,0.07692307692307693,0.0,14.0,2.9615384615384617,0.5,0.7307692307692308
P03379,female,rapid,36,1475.0833333333333,0.31235662485662485,2.8571608946608946,56.50706931956932,16.92605496355496,0.05368011618011618,0.040293040293040296,25.3125,2.4525900025900027,0.6433164058164058,0.5881757131757133
P03381,female,blitz,100,2025.82,0.30061771561771566,3.02024025974026,59.16251515151515,17.601613053613054,0.10286305361305362,0.046153846153846156,16.908045977011493,2.9824289044289043,0.607743006993007,0.580469696969697
P03382,female,bullet,67,1628.2089552238806,0.2978281668580176,2.6345577722443396,56.01834417655313,16.82076795509631,0.05117361908406685,0.02168643959688736,19.517857142857142,2.8449706595228985,0.6152315346345197,0.5779563719862227
P03383,female,blitz,6,2345.6666666666665,0.32051282051282054,2.5625,51.666666666666664,15.294871794871796,0.025641025641025644,0.025641025641025644,12.2,2.3846153846153846,0.6410256410256411,0.6794871794871794
P03383,female,bullet,3,1944.0,0.3076923076923077,2.5090909090909093,50.3076923076923,15.282051282051283,0.05128205128205129,0.025641025641025644,27.666666666666668,2.5128205128205128,0.6410256410256411,0.6410256410256411
P03383,female,rapid,5,1696.0,0.26,3.073888888888889,51.627692307692314,15.226153846153846,0.06615384615384616,0.06615384615384616,18.5,2.5692307692307694,0.5461538461538462,0.6169230769230769
P03384,female,blitz,12,1398.25,0.2678062678062678,3.062905844155844,60.08760683760684,18.44088319088319,0.05769230769230769,0.025641025641025644,16.583333333333332,3.08974358974359,0.584045584045584,0.6581196581196581
P03384,female,rapid,88,1250.1022727272727,0.29357435493799133,3.027744225471498,55.81726619340256,16.96747028224301,0.04873825669280216,0.018515575333757153,18.825,2.9136096857687765,0.6239354080263171,0.5986903248266885
P03385,female,blitz,98,2092.2755102040815,0.24909297052154195,3.0012429039214754,58.14861329147043,17.74017966160823,0.09579626722483865,0.040266875981161694,19.382978723404257,2.976957962672248,0.5463282748997035,0.5364730507587651
P03385,female,bullet,2,2450.0,0.23076923076923078,2.2142857142857144,61.23076923076923,18.53846153846154,0.15384615384615385,0.0,14.5,3.1923076923076925,0.5384615384615385,0.42307692307692313
P03386,female,blitz,2,2036.0,0.19230769230769232,3.875,66.23076923076923,20.192307692307693,0.0,0.038461538461538464,19.5,3.0,0.3846153846153846,0.38461538461538464
P03386,female,bullet,98,1171.6938775510205,0.3406093906093906,2.7662172011661808,58.906266154480434,17.4039615146758,0.09022624201195631,0.022534013605442178,22.67058823529412,2.794404206904207,0.6436347382775954,0.5711017157445729
P03387,female,blitz,23,1926.7826086956522,0.23773690078037904,3.6283643892339543,59.41053511705685,18.07608695652174,0.08082497212931995,0.0234113712374582,17.38095238095238,2.8422519509476034,0.5,0.496098104793757
P03387,female,rapid,23,1722.7826086956522,0.22176301958910657,3.0864044168391995,59.73356426182513,18.00121834687052,0.06103678929765887,0.020066889632107024,16.38095238095238,3.0357620640229332,0.5239608217869087,0.4756330625895843
P03388,female,blitz,57,2194.4210526315787,0.278759252443463,2.9612578454683716,57.38663967611336,17.043051977262504,0.107399910031489,0.050290352921931875,16.058823529411764,3.157046170204065,0.5850713613871509,0.5560156218050956
P03388,female,rapid,15,2235.266666666667,0.27179487179487183,3.2500962000962,58.841025641025645,17.71794871794872,0.0717948717948718,0.025641025641025644,15.266666666666667,3.328205128205128,0.558974358974359,0.5538461538461539
P03389,female,blitz,100,2592.9,0.2845648795648796,2.9164996637349576,58.37527195027195,17.201695804195804,0.09732905982905983,0.056623931623931624,19.333333333333332,3.034737762237762,0.586052836052836,0.6048795648795648
P03390,female,blitz,28,1526.8214285714287,0.2878902843188557,3.1471513605442176,59.55315279958137,17.875558171986743,0.0706436420722135,0.04249520320948892,16.454545454545453,2.68040293040293,0.671101517530089,0.5592534449677307
P03390,female,rapid,48,1998.2083333333333,0.26168345543345545,3.1619584986772487,57.102323717948714,17.26030028998779,0.07431891025641026,0.041038995726495726,15.477272727272727,2.8333886599511597,0.5811355311355312,0.5700396825396826
P03392,female,blitz,18,2178.4444444444443,0.23884140550807217,3.2700617283950617,58.02659069325736,17.91405508072175,0.06837606837606838,0.025641025641025644,18.571428571428573,2.5992402659069325,0.5645773979107312,0.4886039886039886
P03392,female,bullet,82,2179.560975609756,0.25538570508082703,2.7359691460301216,54.80352895749237,16.300410294312734,0.07427937915742794,0.04409005628517824,19.78787878787879,2.8021028767979987,0.561898298178786,0.5707283908503421
P03393,female,blitz,60,2141.2166666666667,0.2078703703703704,3.6962234524734527,58.8906339031339,18.04747150997151,0.07457264957264957,0.023183760683760688,21.958333333333332,2.7198717948717945,0.5159544159544159,0.5376424501424502
P03393,female,bullet,31,2162.5806451612902,0.24278946859592024,3.1319702698734955,58.544455544455545,17.81561449303385,0.04556733588991654,0.027746447101285814,18.862068965517242,3.0430859463117526,0.562104562104562,0.5917415917415918
P03393,female,rapid,9,1873.2222222222222,0.24786324786324787,3.082154882154882,58.04273504273504,17.48717948717949,0.10256410256410257,0.025641025641025644,21.444444444444443,3.1367521367521367,0.5555555555555556,0.4871794871794872
P03394,female,blitz,7,1254.0,0.35274725274725277,3.2857142857142856,50.340659340659336,15.569230769230769,0.06923076923076923,0.01098901098901099,15.0,2.5934065934065935,0.5945054945054945,0.6197802197802197
P03395,female,blitz,4,1307.5,0.2548076923076923,3.1607142857142856,61.25961538461538,19.447115384615387,0.11858974358974358,0.13782051282051283,15.0,3.184294871794872,0.4118589743589744,0.5096153846153846
P03395,female,rapid,27,1426.5555555555557,0.31179067845734515,3.024627841294508,59.36975740309073,17.920755170755168,0.07881470381470382,0.01972934472934473,18.571428571428573,2.9982579149245816,0.6267057017057017,0.5754600337933672
P03396,female,blitz,23,2559.782608695652,0.21739130434782608,3.100640904988731,58.60535117056856,17.695652173913043,0.06354515050167224,0.03678929765886288,13.631578947368421,2.9565217391304346,0.5518394648829432,0.5183946488294314
P03396,female,bullet,69,2672.8260869565215,0.2584169453734671,2.7933972629624804,58.40762064022933,17.545054945054947,0.06450071667462973,0.028826246217550568,12.893939393939394,3.2951186494664757,0.6081541646759038,0.5697165153686893
P03396,female,rapid,8,2160.5,0.17307692307692307,3.5721153846153846,59.94230769230769,17.759615384615383,0.057692307692307696,0.038461538461538464,18.125,2.980769230769231,0.5576923076923077,0.5384615384615384
P03397,female,bullet,100,2239.12,0.26509809634809633,3.053821178821179,58.13901262626263,17.480677544677544,0.09130439005439006,0.04325097125097125,18.766666666666666,3.116440947940948,0.5704118104118104,0.5326371406371406
P03399,female,blitz,98,2345.8061224489797,0.25869850104543984,3.0689422555569017,57.54308928033418,17.73660749681158,0.06056047127475699,0.034751812813037304,13.382022471910112,2.9061896153732887,0.5566454520536154,0.5971403879567145
P03399,female,bullet,1,2311.0,0.3076923076923077,3.5454545454545454,51.07692307692308,14.615384615384615,0.23076923076923078,0.15384615384615385,10.0,2.3076923076923075,0.7692307692307693,0.7692307692307693
P03399,female,rapid,1,1755.0,0.3076923076923077,3.0,55.84615384615385,17.692307692307693,0.07692307692307693,0.0,14.0,3.923076923076923,0.6923076923076923,0.6153846153846154
P03401,female,blitz,100,2317.49,0.26323076923076927,2.9338863636363635,58.48702097902098,17.509216783216786,0.07475524475524475,0.023846153846153847,18.455555555555556,3.2031468531468534,0.5993006993006993,0.5574405594405595
P03402,female,blitz,61,1941.1475409836066,0.26314414183266643,3.1900101947233095,58.5416527006691,18.04667763930059,0.08585349077152356,0.031525851197982346,17.406779661016948,2.8941248187149826,0.5662600605223556,0.5394280582805172
P03403,female,blitz,100,2366.19,0.2771794871794872,2.95654372016872,56.91476282051283,17.167365384615383,0.06448076923076923,0.036923076923076927,18.829545454545453,3.051589743589744,0.5690961538461539,0.5563269230769231
P03404,female,blitz,5,1209.0,0.18461538461538463,2.9646031746031745,58.230769230769226,16.953846153846154,0.06153846153846154,0.015384615384615385,19.8,2.8461538461538463,0.5692307692307692,0.5230769230769231
P03404,female,rapid,54,1564.3333333333333,0.27154558404558404,3.1249617666284335,59.556564577397914,17.78199192782526,0.07751661918328585,0.037037037037037035,18.826923076923077,3.1379392212725548,0.5826804368471036,0.5885565052231718
P03405,female,blitz,81,2134.0246913580245,0.2568450411043004,2.9834367792701126,57.46459911830282,17.235757726498466,0.08603317121835641,0.04836182336182337,16.95774647887324,2.7897398212213025,0.6088297504964172,0.5686528492084048
P03405,female,bullet,11,1733.4545454545455,0.30069930069930073,2.600108225108225,56.9020979020979,16.88111888111888,0.1328671328671329,0.055944055944055944,14.75,2.5314685314685317,0.5734265734265734,0.5384615384615384
P03405,female,rapid,7,1823.142857142857,0.30769230769230765,2.879586683158112,58.12087912087912,16.406593406593405,0.07692307692307694,0.06593406593406594,19.166666666666668,2.9120879120879124,0.6153846153846153,0.5494505494505495
P03406,female,blitz,9,2337.222222222222,0.34676434676434675,2.537457912457912,59.289377289377285,17.886446886446887,0.08547008547008547,0.07692307692307693,13.625,3.032967032967033,0.6373626373626373,0.6178266178266179
P03406,female,bullet,65,2490.153846153846,0.3064036817882972,2.5718087468087467,56.23358974358975,17.21345496383958,0.08676528599605524,0.028454963839579225,11.830769230769231,3.2607297830374753,0.6797304404996714,0.5904470742932281
P03406,female,rapid,8,2089.625,0.2884615384615385,2.9307539682539683,55.09615384615385,16.826923076923077,0.08653846153846154,0.009615384615384616,19.25,2.951923076923077,0.6153846153846154,0.6057692307692308
P03407,female,blitz,2,1495.0,0.2692307692307693,2.9375,60.65384615384616,17.53846153846154,0.11538461538461539,0.0,,2.1923076923076925,0.5,0.6923076923076923
P03407,female,bullet,4,1661.25,0.2884615384615385,2.7916666666666665,56.34615384615385,16.173076923076923,0.13461538461538464,0.07692307692307693,16.75,2.9615384615384617,0.6346153846153846,0.5192307692307693
P03407,female,rapid,94,2142.340425531915,0.2411146182422778,3.3256829458957116,58.84634349102434,17.80691132153898,0.08257865066375705,0.04393980723767958,18.337209302325583,2.846657184423142,0.5462853635725976,0.5416504299483023
P03408,female,blitz,8,1403.625,0.3244047619047619,2.857142857142857,58.75538003663004,17.449175824175825,0.06891025641025642,0.019230769230769232,16.5,3.4258241758241756,0.7788461538461539,0.6726190476190477
P03408,female,rapid,2,1680.5,0.07692307692307693,3.0892857142857144,57.34615384615384,17.53846153846154,0.0,0.038461538461538464,10.5,3.653846153846154,0.34615384615384615,0.42307692307692313
P03409,female,blitz,100,1695.82,0.25244172494172495,3.0511393606393606,58.01092657342658,17.68997668997669,0.0841025641025641,0.0417948717948718,19.98936170212766,2.7004312354312354,0.5781701631701632,0.5325291375291376
P03410,female,blitz,44,2191.818181818182,0.2838207247298156,2.9084680471044106,58.411755668573846,17.743828141555415,0.08041958041958043,0.033741258741258745,16.333333333333332,2.901639648230557,0.6019389701207882,0.597176308539945
P03410,female,bullet,49,2299.6530612244896,0.2643380429094715,3.1261711644364705,58.68663875806733,17.632478632478634,0.07582417582417583,0.0423861852433281,17.023255813953487,3.0704692133263563,0.5788854003139717,0.5614599686028258
P03410,female,rapid,1,2107.0,0.5384615384615384,2.0,50.84615384615385,15.846153846153847,0.07692307692307693,0.0,,1.0769230769230769,0.9230769230769231,0.5384615384615384
P03411,female,bullet,100,2439.07,0.2334386446886447,3.1211432178932177,58.54697802197802,18.19315934065934,0.08669871794871796,0.05971153846153847,11.0,2.9867811355311358,0.5261813186813187,0.5014194139194139
P03412,female,rapid,4,2100.75,0.34294871794871795,2.782142857142857,57.02991452991453,15.473290598290598,0.14957264957264957,0.019230769230769232,15.5,2.9305555555555554,0.5694444444444444,0.6164529914529915
P03413,female,blitz,99,2339.070707070707,0.21234783734783735,3.7346443960080324,61.53088578088578,18.666990416990416,0.10975135975135976,0.05672105672105673,23.11904761904762,2.600815850815851,0.4734848484848485,0.5042411292411293
P03413,female,rapid,1,2173.0,0.15384615384615385,2.5714285714285716,59.0,17.923076923076923,0.0,0.0,24.0,2.3846153846153846,0.3076923076923077,0.6153846153846154
P03414,female,blitz,87,2312.9885057471265,0.2584684153649671,3.140109124591883,58.94161508989095,17.899218980253462,0.08629531388152077,0.029251399941055117,19.727272727272727,2.919977404460163,0.566553688967482,0.543044503389331
P03414,female,rapid,1,2013.0,0.23076923076923078,4.5,60.76923076923077,17.76923076923077,0.07692307692307693,0.07692307692307693,29.0,3.0,0.6153846153846154,0.6923076923076923
P03415,female,blitz,73,1972.9315068493152,0.28315269205680166,3.227515368953725,58.878578118989076,17.75294211116129,0.07878635823841303,0.0306170237677087,20.83582089552239,2.806667001187549,0.585669961697359,0.5301854918293275
P03415,female,rapid,27,1945.2222222222222,0.2962509712509713,2.848593741649297,58.47534965034965,17.613947163947163,0.08878528878528878,0.04036087369420703,19.318181818181817,2.8835405335405335,0.6341686091686092,0.5904687904687905
P03416,female,blitz,4,1973.5,0.1571241258741259,3.9583333333333335,51.94820804195804,16.6326486013986,0.11166958041958042,0.057692307692307696,18.333333333333332,2.8103146853146854,0.4344405594405594,0.6433566433566433
P03416,female,bullet,1,2035.0,0.4444444444444444,3.5,58.55555555555556,17.555555555555557,0.1111111111111111,0.0,14.0,3.3333333333333335,0.5555555555555556,0.6666666666666666
P03416,female,rapid,16,1241.75,0.3055555555555556,2.4235863095238095,49.46129807692308,14.272382478632478,0.056290064102564104,0.024439102564102564,15.545454545454545,2.571527777777778,0.603125,0.7260149572649572
P03419,female,blitz,58,2508.7241379310344,0.2523762157382847,2.922495329214396,57.42882404951371,17.556089743589745,0.05785809018567639,0.03183023872679045,15.307692307692308,3.0184571175950485,0.5566976127320955,0.503315649867374
P03419,female,bullet,42,2457.2380952380954,0.25745682888540034,3.110438569367141,57.69518576661434,17.454997383568813,0.05128205128205129,0.03453689167974883,10.825,3.2600732600732605,0.5774463631606489,0.5130821559392988
P03421,female,blitz,46,2410.782608695652,0.24413026586939632,2.8937631209370336,58.560014864362685,17.20556737948042,0.08893280632411067,0.05016722408026757,15.511627906976743,3.0297118340596603,0.5476504172156347,0.5701158744637006
P03421,female,rapid,7,2339.8571428571427,0.2967032967032967,3.68968253968254,57.92307692307692,18.21978021978022,0.1098901098901099,0.06593406593406594,13.714285714285714,3.076923076923077,0.5274725274725275,0.5384615384615384
P03422,female,rapid,1,2001.0,0.5384615384615384,1.75,55.92307692307692,17.23076923076923,0.15384615384615385,0.0,,3.076923076923077,0.7692307692307693,0.6153846153846154
P03425,female,rapid,24,1819.0416666666667,0.2692307692307692,2.8991116522366522,58.0,16.512820512820515,0.08333333333333333,0.041666666666666664,19.133333333333333,2.4615384615384612,0.5833333333333334,0.592948717948718
P03426,female,blitz,2,1674.0,0.23076923076923078,3.0375,65.5,21.76923076923077,0.15384615384615385,0.0,16.5,3.230769230769231,0.6153846153846154,0.5384615384615385
P03426,female,bullet,20,1835.25,0.27769230769230774,3.9739989177489177,59.295,17.709615384615383,0.10500000000000001,0.03076923076923077,18.11111111111111,2.8434615384615385,0.6411538461538462,0.5796153846153846
P03426,female,rapid,2,1207.0,0.2692307692307693,2.294642857142857,54.19230769230769,15.5,0.0,0.038461538461538464,29.0,3.4615384615384617,0.5769230769230769,0.5
P03428,female,blitz,90,1932.6444444444444,0.23494098494098495,3.2719019560686227,60.583923483923485,18.34065934065934,0.11230667480667482,0.04177350427350427,17.94047619047619,2.9648402523402524,0.5512718762718763,0.5240537240537241
P03428,female,bullet,1,1989.0,0.23076923076923078,4.8,61.69230769230769,20.384615384615383,0.07692307692307693,0.0,26.0,3.0,0.46153846153846156,0.38461538461538464
P03428,female,rapid,9,1638.7777777777778,0.2408702408702409,3.268104118104118,61.47863247863248,18.835275835275834,0.08547008547008547,0.044289044289044295,16.625,2.9339549339549342,0.5003885003885004,0.574980574980575
P03431,female,bullet,1,1094.0,0.3076923076923077,3.2,54.76923076923077,15.307692307692308,0.0,0.0,26.0,2.230769230769231,0.5384615384615384,0.6923076923076923
P03431,female,rapid,30,1086.8,0.2865229215229215,3.169216524216524,56.49376845376845,17.29635198135198,0.09531468531468532,0.032004662004662,19.75,2.2554467754467757,0.5923931623931623,0.6030458430458431
P03432,female,blitz,63,2321.1746031746034,0.2858252858252858,2.9786982417934795,57.689310689310695,17.494283494283493,0.0757020757020757,0.02442002442002442,17.065573770491802,3.226995226995227,0.5831945831945832,0.5426795426795427
P03432,female,bullet,10,2110.0,0.23846153846153845,3.2394841269841272,60.569230769230764,17.96923076923077,0.1,0.053846153846153856,15.6,3.5615384615384613,0.5769230769230769,0.45384615384615384
P03432,female,rapid,14,2190.3571428571427,0.24725274725274726,3.333191609977324,60.12087912087912,17.76923076923077,0.09340659340659341,0.03846153846153847,17.615384615384617,3.021978021978022,0.5879120879120878,0.5714285714285714
P03433,female,blitz,91,2009.1758241758241,0.2249179392036535,3.6749681332098914,59.588611754545816,17.584964851997817,0.07365930772524179,0.03128849172805217,15.333333333333334,2.8629447475601326,0.5267090052804339,0.5132493879746627
P03433,female,bullet,2,1220.0,0.2692307692307693,4.333333333333333,57.96153846153846,18.230769230769234,0.0,0.0,11.5,2.6538461538461537,0.5384615384615384,0.5
P03433,female,rapid,7,1745.7142857142858,0.3296703296703297,3.0188775510204082,56.46153846153846,17.12087912087912,0.0989010989010989,0.03296703296703297,16.285714285714285,2.923076923076923,0.6373626373626374,0.5714285714285714
P03434,female,blitz,100,2486.52,0.2494459706959707,3.2161529552319026,58.443420329670325,17.632069597069595,0.08990384615384617,0.04634615384615385,18.851063829787233,2.8819642857142855,0.5608608058608059,0.5380998168498169
P03435,female,blitz,100,2301.94,0.24227225552225554,3.3714910367410367,59.6527973970474,17.997379675879678,0.0672371794871795,0.02431623931623932,16.103092783505154,3.06171361971362,0.576193611943612,0.5514702242202243
P03436,female,blitz,80,2471.775,0.22475524475524478,3.3206678391053392,60.01648601398601,18.474825174825177,0.08094405594405595,0.03496503496503497,18.835616438356166,2.9587412587412585,0.5196853146853148,0.521451048951049
P03436,female,bullet,7,1351.7142857142858,0.2857142857142857,3.164625850340136,58.340659340659336,18.21978021978022,0.07692307692307694,0.03296703296703297,17.285714285714285,3.076923076923077,0.5824175824175823,0.5494505494505495
P03436,female,rapid,1,2077.0,0.46153846153846156,1.625,50.53846153846154,14.76923076923077,0.15384615384615385,0.0,,2.076923076923077,0.7692307692307693,0.7692307692307693
P03437,female,blitz,15,1615.5333333333333,0.25094905094905096,2.6904232804232806,60.078588078588076,17.823043623043624,0.1328005328005328,0.026573426573426578,17.214285714285715,3.121678321678322,0.5352647352647353,0.5248085248085248
P03437,female,bullet,1,1400.0,0.5384615384615384,2.0,58.0,17.076923076923077,0.0,0.07692307692307693,13.0,3.5384615384615383,0.7692307692307693,0.7692307692307693
P03437,female,rapid,2,1670.0,0.23076923076923078,2.4625,66.42307692307692,18.807692307692307,0.038461538461538464,0.0,19.5,2.8846153846153846,0.5,0.5
P03438,female,blitz,11,2088.909090909091,0.2601398601398601,2.933261183261183,56.96153846153846,16.594405594405593,0.06293706293706293,0.02097902097902098,16.272727272727273,2.993006993006993,0.6083916083916084,0.5531468531468531
P03438,female,bullet,89,2414.8651685393256,0.24882358590223758,2.880858093217644,58.7941995582445,17.630173821185057,0.06395851339671564,0.03063478344377221,17.378048780487806,2.927014309036781,0.5482569864592337,0.5598770767310093
P03440,female,blitz,100,2182.9,0.2818451270951271,3.1382311022311025,57.76475513375513,17.444205766455767,0.06817307692307692,0.029285159285159287,19.154761904761905,2.456891025641026,0.6086227661227661,0.5917421189921189
P03441,female,blitz,88,2575.534090909091,0.22528607755880484,3.2203830418319055,58.81571837253655,17.50818499682136,0.07008900190718373,0.03337571519389701,17.764705882352942,2.8565638906547997,0.5145422759059123,0.5073903369357915
P03441,female,bullet,6,2420.5,0.2435897435897436,3.190909090909091,59.51282051282052,18.884615384615383,0.038461538461538464,0.0,13.166666666666666,3.064102564102564,0.5256410256410257,0.5256410256410257
P03441,female,rapid,6,2281.5,0.2094017094017094,3.596825396825397,58.36004273504273,18.136752136752136,0.09081196581196582,0.05128205128205129,13.833333333333334,2.7446581196581197,0.4305555555555556,0.5074786324786325
P03442,female,bullet,100,1932.37,0.27869685869685873,2.7063378843378842,56.68966144966145,17.168366355866354,0.048506216006216005,0.03264957264957265,16.824175824175825,3.0616361416361415,0.5774150849150849,0.5704612054612055
P03444,female,blitz,14,2354.0,0.30665168165168166,2.8811507936507934,60.29832667332668,17.49829337329337,0.08387445887445888,0.04395604395604396,18.166666666666668,3.284632034632035,0.6115551115551116,0.5926157176157176
P03444,female,bullet,86,2169.9418604651164,0.26894007155635063,2.937004048922654,59.52049045915325,17.44979377857285,0.11365782150665873,0.060139634267541243,15.506024096385541,3.158306002782747,0.5658691115086465,0.5386578215066588
P03445,female,bullet,100,1976.5,0.29854387279387284,2.7112348484848483,57.669778749028744,17.299586913086912,0.07403943278943279,0.027832167832167833,16.56382978723404,2.8879914252414256,0.6223542846042845,0.5841851759351759
P03446,female,blitz,80,2358.9125,0.2642628205128205,3.167352577977578,59.26963141025641,17.938181089743587,0.06274038461538461,0.025,18.171875,2.726963141025641,0.5686698717948718,0.5552083333333333
P03446,female,bullet,2,2299.5,0.3076923076923077,3.3,60.38461538461539,18.076923076923077,0.07692307692307693,0.07692307692307693,24.0,1.9615384615384615,0.5769230769230769,0.46153846153846156
P03446,female,rapid,18,2106.6666666666665,0.27004985754985755,3.050853775853776,55.540135327635326,15.908618233618235,0.033297720797720795,0.015491452991452992,18.923076923076923,2.885719373219373,0.6002492877492878,0.583974358974359
P03448,female,blitz,38,1477.8947368421052,0.32136649899807795,3.024018379281537,57.60031488978857,17.929855232486812,0.05555555555555556,0.024291497975708502,17.193548387096776,3.062062937062937,0.6072772256982784,0.6053705066862962
P03449,female,blitz,75,2342.8933333333334,0.25393162393162394,2.98005291005291,59.28027065527065,18.081096866096864,0.0717948717948718,0.04410256410256411,18.515625,2.840698005698006,0.5237606837606837,0.5671652421652422
P03449,female,bullet,25,2131.32,0.2707692307692308,2.908077922077922,59.612307692307695,17.83076923076923,0.06461538461538462,0.04307692307692308,17.2,3.227692307692308,0.5876923076923076,0.5292307692307693
P03450,female,blitz,6,2562.0,0.3333333333333333,2.799272486772487,60.551282051282044,17.85897435897436,0.07692307692307693,0.038461538461538464,20.4,3.1538461538461537,0.6282051282051282,0.5641025641025641
P03450,female,bullet,94,2637.0851063829787,0.2702989386500025,2.9232223450308554,58.19699139512969,17.645233224222586,0.09117442840847097,0.03297872340425532,16.0,2.9944285324604474,0.5793638099489163,0.5417534593066508
P03454,female,bullet,95,2501.8105263157895,0.2448987854251012,3.2368815979342296,58.226518218623475,17.852186234817815,0.07870445344129555,0.029959514170040488,15.290697674418604,2.9177935222672065,0.5466801619433198,0.5180161943319838
P03454,female,rapid,5,1566.6,0.3145299145299146,2.606153846153846,58.353846153846156,17.536752136752135,0.06153846153846154,0.015384615384615385,12.0,2.9025641025641025,0.6803418803418804,0.694017094017094
P03455,female,blitz,84,2537.7976190476193,0.24787018537018538,2.964628674896532,59.126574814074814,17.896936396936397,0.08216783216783217,0.039543789543789544,21.27027027027027,2.846736596736597,0.5301504051504052,0.5480838605838606
P03455,female,bullet,16,2524.0625,0.27824519230769235,2.589012896825397,58.03365384615385,17.093149038461537,0.05588942307692308,0.019230769230769232,22.25,3.0528846153846154,0.5661057692307693,0.623798076923077
P03456,female,blitz,94,2059.872340425532,0.2686153680834532,3.2840072457093736,60.07900813725281,18.09998054545927,0.08077584354180099,0.02536824877250409,18.129411764705882,2.978230900305369,0.5565642985855752,0.5496818193626705
P03456,female,rapid,6,2433.8333333333335,0.2820512820512821,3.3981481481481484,58.87179487179487,17.897435897435898,0.012820512820512822,0.025641025641025644,23.5,3.294871794871795,0.5512820512820512,0.6538461538461539
P03457,female,blitz,100,1363.3,0.287756438006438,2.9003253968253966,59.09908183483183,17.577787795537795,0.08252505827505828,0.03480769230769231,20.24418604651163,2.9600306637806635,0.5726121656121657,0.5514567099567099
P03458,female,blitz,28,1913.7857142857142,0.3034013605442177,3.2311379097093385,58.119727891156465,17.41363160648875,0.08516483516483517,0.030219780219780223,20.38095238095238,2.965541601255887,0.6062794348508634,0.5568027210884353
P03458,female,bullet,41,1600.3902439024391,0.2907255346279737,2.8443670150987224,58.3027947662094,17.29742209010502,0.09577414455463236,0.031626909675690165,22.416666666666668,2.8780731463658293,0.6146414561048708,0.5838511082413521
P03458,female,rapid,31,1849.8709677419354,0.30786954980503367,2.861640868092481,56.44328252392769,17.13186813186813,0.04962779156327544,0.029422190712513296,22.392857142857142,3.061680255228642,0.6055476781283233,0.6176001417936902
P03459,female,blitz,2,1965.5,0.2967032967032967,2.7857142857142856,60.098901098901095,17.51098901098901,0.0,0.038461538461538464,23.5,3.3296703296703294,0.554945054945055,0.36813186813186816
P03459,female,bullet,98,1656.3367346938776,0.267687074829932,3.05194558842518,58.771912611198324,17.835675039246468,0.05179225536368394,0.03810832025117739,20.526881720430108,2.7924254317111457,0.5224097331240188,0.5209314495028781
P03460,female,bullet,49,1698.7551020408164,0.28181325477243846,2.8032187766881647,56.178994361647426,16.246033841442003,0.08083028083028083,0.03453689167974883,14.068181818181818,3.122895358609644,0.6337024087024087,0.5714590398263868
P03460,female,rapid,51,1810.6078431372548,0.28389867213396625,3.0575149251619838,58.36684285213697,17.298610866257924,0.08636439812910403,0.0205524323171382,17.02127659574468,2.9867949044419633,0.6334057010527598,0.5786212697977404
P03461,female,blitz,7,1778.7142857142858,0.24835164835164836,3.4229591836734694,60.82967032967032,18.086813186813185,0.03626373626373626,0.02197802197802198,16.714285714285715,3.0604395604395607,0.532967032967033,0.5769230769230769
P03461,female,rapid,1,1813.0,0.23076923076923078,3.4285714285714284,67.6923076923077,20.76923076923077,0.0,0.0,17.0,3.0,0.7692307692307693,0.6923076923076923
P03464,female,blitz,99,2091.818181818182,0.25926736002493583,3.257552800734619,58.530423112241294,17.459240927422744,0.07350388107963865,0.041376272436878504,16.184782608695652,3.096694326997357,0.5770133626194233,0.539486215243791
P03464,female,rapid,1,2010.0,0.07692307692307693,2.5555555555555554,58.61538461538461,20.307692307692307,0.15384615384615385,0.07692307692307693,31.0,2.230769230769231,0.23076923076923078,0.38461538461538464
P03465,female,blitz,50,2476.62,0.2512820512820513,3.1260627705627706,56.9773076923077,17.161025641025642,0.07397435897435897,0.038461538461538464,16.51219512195122,3.0912820512820516,0.578076923076923,0.5683333333333334
P03465,female,bullet,49,2386.9591836734694,0.26709480995195284,2.646617781311659,56.95933590219305,17.112544598258882,0.08005803720089436,0.035554921269206986,16.844444444444445,3.0140573712002285,0.5989058560487132,0.5889919604205318
P03465,female,rapid,1,2041.0,0.38461538461538464,4.0,54.0,18.076923076923077,0.0,0.07692307692307693,15.0,3.4615384615384617,0.5384615384615384,0.6923076923076923
P03466,female,blitz,100,2491.16,0.2648951048951049,3.3210471342383108,58.58288267288267,17.686309246309246,0.08296037296037297,0.04424242424242425,17.123595505617978,2.8088733488733486,0.5607847707847707,0.5643978243978244
P03467,female,blitz,100,1954.44,0.2853076923076923,3.0240256132756134,58.04596153846154,17.334748834498836,0.08853205128205129,0.03461538461538462,25.602564102564102,2.5552733100233103,0.5746019813519814,0.565006993006993
P03469,female,blitz,100,2431.69,0.2778675213675214,3.0478374542124542,57.047126068376066,17.01436965811966,0.07726709401709403,0.04514957264957265,18.56179775280899,2.9375641025641026,0.5800918803418803,0.5748141025641026
P03470,female,blitz,86,2282.2441860465115,0.26495726495726496,3.117039372126581,56.956384700570744,17.034262572053272,0.08166510492091887,0.041542436891274105,16.210526315789473,3.0120396399466167,0.5678401056308033,0.5623917426243008
P03470,female,bullet,14,2138.1428571428573,0.30769230769230776,2.617918192918193,58.989010989010985,17.928571428571427,0.06593406593406594,0.016483516483516484,16.714285714285715,3.1538461538461537,0.5989010989010989,0.6043956043956044
P03472,female,blitz,4,2017.25,0.19871794871794873,3.5229166666666667,61.59935897435898,18.408653846153847,0.11858974358974358,0.05929487179487179,12.0,2.8846153846153846,0.5528846153846154,0.6233974358974359
P03472,female,bullet,93,1869.3763440860216,0.22335388625711208,3.2833314833314833,60.82796450860967,18.21011103591749,0.08231759280146378,0.042679900744416875,19.071428571428573,2.653729603729604,0.5090326340326341,0.5135166804521644
P03472,female,rapid,3,1817.6666666666667,0.3333333333333333,3.3333333333333335,60.333333333333336,18.794871794871796,0.07692307692307693,0.05128205128205129,21.333333333333332,2.6153846153846154,0.5641025641025642,0.5128205128205129
P03474,female,blitz,21,1807.7142857142858,0.2857142857142857,2.4613739435168007,58.38553113553113,17.923076923076923,0.1098901098901099,0.05128205128205129,18.22222222222222,2.6941391941391943,0.575091575091575,0.5760073260073261
P03474,female,bullet,25,1905.72,0.29479720279720284,2.467774725274725,56.57966433566434,17.555384615384614,0.07588811188811188,0.02153846153846154,14.652173913043478,3.0216783216783214,0.6377062937062937,0.5125874125874126
P03474,female,rapid,54,2001.0555555555557,0.3042684167684168,2.748232682954905,57.68591778591778,17.628993691493694,0.08080993080993082,0.035836385836385834,18.96,2.7999847374847375,0.6091676841676842,0.5552045177045177
P03475,female,blitz,56,2394.839285714286,0.2623626373626374,3.0645738219530236,58.892857142857146,17.34340659340659,0.08653846153846155,0.03983516483516484,19.88679245283019,3.0425824175824174,0.5315934065934066,0.5054945054945056
P03475,female,bullet,44,2062.318181818182,0.18983100233100234,3.4158767999677093,59.555409867909866,17.831925019425018,0.04895104895104896,0.043706293706293704,17.261904761904763,3.238150738150738,0.4561480186480187,0.45852758352758355
P03477,female,blitz,31,2383.451612903226,0.24317617866004965,3.4423090350509704,59.03722084367246,18.285359801488834,0.08188585607940448,0.02481389578163772,15.892857142857142,3.2803970223325063,0.5260545905707196,0.5409429280397022
P03477,female,bullet,21,2147.285714285714,0.2197802197802198,3.22128083556655,60.09157509157509,18.21245421245421,0.06227106227106227,0.03296703296703297,16.85,3.4761904761904763,0.5128205128205129,0.5421245421245422
P03477,female,rapid,40,2219.7,0.23846153846153845,3.244600619288119,59.63461538461538,17.723076923076924,0.075,0.021153846153846155,21.92105263157895,3.2057692307692305,0.5115384615384616,0.5211538461538462
P03479,female,blitz,30,1911.4333333333334,0.25821669071669073,2.816477873977874,57.90833925333925,17.810891608391607,0.10622766122766122,0.037307692307692306,17.653846153846153,3.018294668294668,0.6647430347430348,0.5363972138972138
P03479,female,bullet,11,1823.090909090909,0.3185703185703186,2.7194083694083697,57.21017871017871,16.516317016317018,0.1313131313131313,0.03496503496503497,18.22222222222222,2.768065268065268,0.6480186480186481,0.6585081585081585
P03479,female,rapid,12,2156.0,0.3336247086247086,2.114087301587302,56.47707847707847,17.489219114219114,0.07915695415695416,0.012820512820512822,18.8,2.9488150738150742,0.6598679098679099,0.6011072261072261
P03480,female,blitz,43,2236.5813953488373,0.2590339892665474,3.5264495840077235,57.71806797853309,18.190339892665474,0.07906976744186048,0.042933810375670844,16.27027027027027,3.110196779964222,0.5867620751341681,0.5313059033989267
P03480,female,bullet,57,2129.6315789473683,0.2778688173425016,3.141564819196398,55.9163560610929,17.914811066126855,0.0620782726045884,0.0614222522117259,14.043478260869565,3.168476747424116,0.5730164085427244,0.5554243514769831
P03481,female,blitz,14,1755.4285714285713,0.22664835164835168,3.088350340136054,56.041208791208796,16.955128205128204,0.07188644688644688,0.04945054945054945,13.416666666666666,2.956043956043956,0.5755494505494506,0.5581501831501832
P03481,female,bullet,86,1421.5348837209303,0.29670000542093566,2.9868091211114467,55.95766091143999,16.64587895954175,0.08367733687501129,0.04713390614553406,12.894117647058824,3.0456205616089336,0.6104558555139951,0.5295619432247339
P03482,female,rapid,2,1556.0,0.11538461538461539,3.4333333333333336,45.99230769230769,13.903846153846153,0.0,0.038461538461538464,21.0,2.957692307692308,0.5076923076923077,0.6846153846153846
P03485,female,blitz,2,1560.5,0.2692307692307693,2.6944444444444446,59.53846153846154,16.153846153846153,0.038461538461538464,0.0,16.5,2.9230769230769234,0.6923076923076923,0.8076923076923077
P03487,female,blitz,67,1761.2686567164178,0.2734187454336708,3.309805410178545,58.388046654837694,17.739549629475004,0.06783390738614618,0.042258115019309046,17.967741935483872,2.9319660439063426,0.6167501652576279,0.552469296872282
P03487,female,bullet,2,1692.0,0.42307692307692313,2.409090909090909,59.34615384615385,18.153846153846153,0.038461538461538464,0.0,16.5,2.1923076923076925,0.5769230769230769,0.7307692307692308
P03487,female,rapid,10,1843.8,0.2923076923076923,3.1497619047619048,59.55384615384615,18.215384615384615,0.06153846153846154,0.038461538461538464,16.333333333333332,2.923076923076923,0.6461538461538462,0.5615384615384615
P03488,female,blitz,12,2306.1666666666665,0.24465811965811968,3.7237103174603177,58.085470085470085,17.56891025641026,0.07051282051282053,0.038995726495726496,15.727272727272727,2.6645299145299144,0.47008547008547014,0.5101495726495727
P03488,female,bullet,88,2066.443181818182,0.23516634880271245,2.9865719507764963,56.37194718160628,16.9193685102776,0.07626748251748251,0.065864060182242,15.341772151898734,2.623927209154482,0.5447194850603941,0.539560817969909
P03490,female,blitz,4,1969.5,0.2884615384615385,2.98125,60.28846153846154,17.615384615384617,0.11538461538461539,0.0,15.25,3.1346153846153846,0.6538461538461539,0.6153846153846154
P03491,female,blitz,88,2349.943181818182,0.29037048809776084,3.0122441710844114,57.99030073461892,17.593116479480116,0.0725912975912976,0.03075333757151939,12.950617283950617,3.189897223988133,0.6139418662145935,0.5939985519530974
P03491,female,rapid,12,2469.1666666666665,0.3111888111888112,2.805026455026455,56.2972027972028,16.05710955710956,0.13053613053613053,0.03321678321678322,14.75,3.1783216783216783,0.7144522144522144,0.6083916083916084
P03492,female,blitz,51,2475.1960784313724,0.28201537025066437,3.475771015476898,59.739789078024366,17.99225502166679,0.10414422179128063,0.03632478632478633,17.591836734693878,2.9969774234480115,0.5641025641025641,0.5374380521439345
P03492,female,bullet,36,1950.1666666666667,0.31666666666666665,2.7552028218694886,59.17419871794872,18.26794871794872,0.07719017094017094,0.02991452991452992,15.228571428571428,3.1940170940170938,0.600267094017094,0.5527777777777777
P03492,female,rapid,13,2209.3076923076924,0.21995696611081225,3.470726495726496,59.345077998924154,17.943141473910707,0.1,0.062022592791823566,21.636363636363637,3.0654653039268425,0.5526627218934912,0.5066702528240989
P03495,female,blitz,10,2536.2,0.2043956043956044,3.1297619047619047,62.419780219780215,17.778021978021975,0.08351648351648353,0.046153846153846156,19.2,2.8384615384615386,0.5714285714285714,0.48791208791208796
P03495,female,bullet,5,2607.8,0.34615384615384615,3.0785714285714283,58.90384615384615,18.574358974358972,0.14102564102564102,0.047435897435897434,18.6,2.826923076923077,0.6884615384615385,0.6243589743589744
P03495,female,rapid,85,2520.964705882353,0.27016408428173133,3.2492313895255074,59.18724073312309,18.09328351387175,0.0781447963800905,0.03945701357466064,17.22972972972973,2.88395173453997,0.5731399972576443,0.5303565062388591
P03496,female,bullet,2,2159.0,0.18803418803418803,3.95,62.22649572649573,20.346153846153847,0.2264957264957265,0.09401709401709402,,2.7735042735042734,0.7136752136752136,0.7136752136752136
P03497,female,blitz,31,1929.032258064516,0.3084209697112923,3.382885304659498,58.33097010516366,16.94901335223916,0.059198865650478556,0.03473945409429281,15.451612903225806,3.139450155579188,0.6007916814368427,0.5730237504431053
P03497,female,bullet,47,1849.8297872340424,0.24807816297177998,3.0897416413373864,58.07963844665972,17.531679313594207,0.07299261022665278,0.036824877250409165,17.043478260869566,3.135979268957992,0.6063581808262659,0.5119277885235333
P03497,female,rapid,22,2107.181818181818,0.266983016983017,2.886703069657615,57.80244755244755,17.277222777222775,0.08158508158508158,0.03796203796203796,15.95,3.0033300033300034,0.583000333000333,0.5454545454545454
P03499,female,blitz,73,1990.0958904109589,0.2816074336622282,3.039171330952153,59.131693648816935,17.994903726410573,0.09125395152792413,0.024552160168598527,18.253968253968253,3.037005460293132,0.5552926525529266,0.5326899128268991
P03499,female,bullet,26,1854.3076923076924,0.27613412228796846,3.1917429792429792,59.137573964497044,18.175542406311635,0.08875739644970415,0.00591715976331361,19.304347826086957,3.0473372781065087,0.5433925049309665,0.5103550295857988
P03499,female,rapid,1,2008.0,0.15384615384615385,3.5,56.07692307692308,15.76923076923077,0.0,0.0,18.0,3.1538461538461537,0.38461538461538464,0.6153846153846154
P03501,female,blitz,82,2172.9634146341464,0.27978748893383043,3.0659555045225777,57.71183971854703,17.449399719521672,0.0753128984836302,0.03670008852935683,18.059701492537314,2.9016589101954957,0.5968643822302359,0.5895389163681847
P03501,female,rapid,4,1926.75,0.25,2.5166666666666666,59.82692307692308,18.03846153846154,0.057692307692307696,0.019230769230769232,24.0,2.269230769230769,0.6153846153846154,0.5769230769230769
P03502,female,blitz,61,2130.1311475409834,0.2769889946119454,2.846093978880864,56.97860636631128,16.8487714471321,0.06725514922236235,0.029487179487179487,19.037037037037038,2.8920917879934276,0.6137930375635294,0.6082569070273989
P03503,female,blitz,55,2187.581818181818,0.265967365967366,3.1199206349206348,58.87535797535798,17.237629037629038,0.08682983682983683,0.04766899766899767,17.764705882352942,3.075058275058275,0.6042124542124543,0.5508325008325009
P03503,female,bullet,45,2077.311111111111,0.30401968401968404,2.690319433652767,56.825819735819735,17.192685832685832,0.09138306138306138,0.031222481222481224,17.0,2.808176638176638,0.5945946645946646,0.6113209013209013
P03504,female,blitz,100,2635.61,0.2621510989010989,3.124037629037629,58.38456318681318,17.650535714285713,0.08670329670329671,0.05692307692307692,19.3,2.9471291208791204,0.5739065934065934,0.5742582417582418
P03507,female,blitz,68,2525.470588235294,0.24672753716871365,3.453939075630252,59.808796595561304,18.083750808015516,0.0812863606981254,0.035000538677009266,20.56451612903226,2.9254201680672267,0.5293309631544926,0.5315664727429433
P03507,female,bullet,32,2480.8125,0.31730769230769235,2.9588737651237653,56.6875,16.81971153846154,0.07211538461538462,0.02403846153846154,12.875,3.125,0.59375,0.6009615384615384
P03508,female,blitz,65,2208.3076923076924,0.24552976937592325,3.4523254523254523,58.847341077725694,18.048384734923197,0.06572619688004304,0.03747863247863248,12.137931034482758,2.975204539050693,0.5344060213290983,0.5081372046756663
P03508,female,bullet,6,2380.6666666666665,0.2948717948717949,3.7206349206349203,55.5576923076923,16.625641025641027,0.07692307692307693,0.05128205128205129,11.5,2.9564102564102566,0.5923076923076923,0.558974358974359
P03508,female,rapid,29,2077.2413793103447,0.29516517964793826,3.0594690749863163,58.703106663451486,17.74584438549956,0.0808134394341291,0.047126436781609195,11.88888888888889,3.1396109637488947,0.5786632907322562,0.5542118800739491
P03510,female,blitz,1,1227.0,0.25,1.0,48.5,14.25,0.25,0.0,,2.75,0.5,0.75
P03510,female,bullet,1,1076.0,0.3333333333333333,0.0,62.833333333333336,19.0,0.16666666666666666,0.0,,2.5,0.5,0.3333333333333333
P03512,female,blitz,7,2338.1428571428573,0.23076923076923078,3.0880952380952382,60.747252747252745,17.72893772893773,0.13186813186813187,0.01098901098901099,20.333333333333332,3.086080586080586,0.46703296703296704,0.5018315018315018
P03512,female,bullet,93,2252.2258064516127,0.2410456926585959,3.0505830191314063,58.14924322988839,17.833570551312487,0.07721131914680303,0.04067975035716971,14.844444444444445,3.002986261050777,0.5226100064809742,0.5359336004497295
P03513,female,blitz,3,2238.3333333333335,0.38461538461538464,1.7777777777777777,54.230769230769226,15.974358974358973,0.05128205128205129,0.025641025641025644,13.0,2.692307692307692,0.717948717948718,0.6153846153846154
P03513,female,rapid,8,2014.0,0.27884615384615385,3.267410714285714,57.13461538461539,18.365384615384613,0.08653846153846154,0.038461538461538464,17.285714285714285,2.5865384615384617,0.5576923076923077,0.5
P03514,female,blitz,92,2516.413043478261,0.23652917131178003,3.2765325201226734,58.71060943887031,17.500464511334076,0.10237829803047195,0.039669267930137496,17.264367816091955,2.9277220364176886,0.555369751021925,0.5131921218877741
P03514,female,bullet,2,2497.0,0.15384615384615385,3.428571428571429,63.5,18.46153846153846,0.07692307692307693,0.038461538461538464,18.5,2.769230769230769,0.42307692307692313,0.42307692307692313
P03514,female,rapid,6,1908.6666666666667,0.2435897435897436,3.187433862433862,55.48717948717948,16.128205128205128,0.07692307692307693,0.025641025641025644,13.833333333333334,2.6153846153846154,0.6282051282051282,0.5256410256410257
P03515,female,blitz,12,1518.6666666666667,0.25641025641025644,4.048759920634921,58.92307692307693,17.987179487179485,0.032051282051282055,0.025641025641025644,19.363636363636363,2.6346153846153846,0.5512820512820512,0.5384615384615384
P03515,female,bullet,77,1528.857142857143,0.32092907092907097,2.4975201926500628,55.43533966033966,16.31662504162504,0.072993672993673,0.028138528138528143,16.014492753623188,3.0723609723609724,0.6335497835497835,0.5911838161838161
P03515,female,rapid,11,1832.909090909091,0.3201243201243201,3.0713203463203467,59.599844599844594,17.79005439005439,0.09090909090909091,0.04895104895104896,20.0,2.64988344988345,0.6458430458430459,0.4913752913752914
P03516,female,bullet,74,2206.9189189189187,0.28570528570528575,3.1060903435903433,57.75259875259875,17.504819504819505,0.08466158466158466,0.041769041769041775,19.838709677419356,2.7644952644952645,0.5958125958125958,0.5723660723660724
P03516,female,rapid,26,1989.8461538461538,0.2714332675871137,3.3114635364635365,58.55202169625247,17.901479289940827,0.05752794214332676,0.023159105851413543,19.904761904761905,2.6907297830374755,0.6264299802761341,0.5752465483234714
P03517,female,blitz,100,2635.35,0.2383076923076923,3.0991947774447772,56.87571794871795,17.305871794871795,0.06153846153846154,0.03407692307692308,19.833333333333332,2.8931538461538464,0.531974358974359,0.5384102564102564
P03519,female,blitz,21,2510.7619047619046,0.260989010989011,2.8903061224489797,60.22588522588523,17.9496336996337,0.06227106227106227,0.03296703296703297,16.8,3.10958485958486,0.5915750915750916,0.5369352869352869
P03519,female,bullet,79,2426.2911392405063,0.2435897435897436,3.2065314081136864,58.849237260629664,17.41739694904252,0.057773450178513465,0.031239857189224278,16.383561643835616,3.189954560207725,0.5421129503407985,0.5185004868549172
P03521,female,blitz,33,2111.909090909091,0.2442360669633397,3.4569909047181775,59.228063855336586,17.707798262343715,0.1351522215158579,0.04956911775093594,20.70967741935484,2.7070707070707067,0.5568411386593205,0.518732782369146
P03521,female,bullet,67,1999.0746268656717,0.28425455141873057,2.6764425458455308,59.57231425291127,17.693029358701,0.07005084467771035,0.030195177956371985,18.193548387096776,2.9845333770706906,0.5834836804986059,0.5711497457766115
P03523,female,blitz,5,2285.4,0.23076923076923078,3.9214285714285717,60.661538461538456,19.153846153846153,0.03076923076923077,0.0,23.6,2.4615384615384612,0.49230769230769234,0.5076923076923077
P03523,female,rapid,1,2001.0,0.3076923076923077,2.5555555555555554,62.0,18.153846153846153,0.07692307692307693,0.0,29.0,1.6153846153846154,0.46153846153846156,0.5384615384615384
P03524,female,blitz,90,1971.9555555555555,0.26675774842441513,3.1957858499525167,58.40082534749201,17.097329923163255,0.07054368471035138,0.03010791677458344,19.7012987012987,2.9667426400759735,0.6098553915220583,0.54412177328844
P03524,female,bullet,9,2155.5555555555557,0.25641025641025644,3.611111111111111,60.623931623931625,18.871794871794872,0.05128205128205129,0.008547008547008548,16.444444444444443,3.2051282051282053,0.5641025641025641,0.49572649572649574
P03524,female,rapid,1,1373.0,0.3076923076923077,2.3333333333333335,64.92307692307692,19.53846153846154,0.15384615384615385,0.07692307692307693,,1.7692307692307692,0.6153846153846154,0.5384615384615384
P03525,female,blitz,28,2254.5714285714284,0.2631868131868132,3.051508412222698,59.173901098901105,17.82967032967033,0.0804945054945055,0.03928571428571429,14.64,3.075824175824176,0.5656593406593406,0.5134615384615385
P03525,female,bullet,72,2450.4583333333335,0.2643518518518519,2.9741778668862002,58.611057692307696,17.718019943019943,0.06269586894586894,0.03107193732193732,14.128571428571428,2.9913105413105416,0.5674501424501425,0.5451210826210826
P03526,female,blitz,95,2248.9578947368423,0.24997108155002892,3.576110176373334,57.62147259173575,17.546770451770453,0.08029689608636978,0.04379217273954116,17.428571428571427,2.798518411413148,0.5770888760362445,0.5339737163421374
P03526,female,bullet,5,2012.4,0.23076923076923078,3.690952380952381,60.50769230769231,18.815384615384616,0.09230769230769231,0.03076923076923077,18.0,2.8307692307692305,0.5692307692307692,0.676923076923077
P03527,female,bullet,8,1481.0,0.2651098901098901,3.3802083333333335,59.818681318681314,18.229395604395606,0.07692307692307693,0.057692307692307696,14.6,3.4423076923076925,0.5604395604395604,0.49313186813186816
P03527,female,rapid,40,1833.65,0.28994755244755244,3.168682844932845,58.65198135198135,17.685533216783217,0.06939102564102564,0.041185897435897435,17.925,2.9952214452214454,0.58243006993007,0.5890297202797202
P03528,female,bullet,100,2548.41,0.2683675213675214,2.8206922799422802,56.885414529914534,17.389688034188033,0.10661538461538463,0.06330769230769231,20.8,2.4532564102564103,0.5735854700854701,0.5266752136752136
P03530,female,blitz,99,2330.5252525252527,0.2750711409802319,3.342532864903631,57.91050136731955,17.47996599360236,0.09159981432708705,0.03467365967365968,16.863636363636363,3.006361315452225,0.5978506342142705,0.5822346845074118
P03530,female,bullet,1,2319.0,0.23076923076923078,3.5,59.46153846153846,17.692307692307693,0.0,0.0,9.0,4.0,0.6153846153846154,0.6153846153846154
P03531,female,blitz,1,2172.0,0.23076923076923078,2.2,60.61538461538461,18.692307692307693,0.0,0.0,,2.769230769230769,0.46153846153846156,0.7692307692307693
P03531,female,bullet,21,1918.904761904762,0.20952380952380953,3.4987708719851573,60.0989010989011,18.245054945054942,0.06593406593406594,0.03663003663003663,20.0,2.895970695970696,0.4512820512820513,0.4362637362637362
P03532,female,blitz,75,1424.2666666666667,0.30202227402227405,2.988849446849447,56.34141776741777,16.28000777000777,0.05312820512820513,0.023846153846153847,17.859375,2.920995078995079,0.6625747215747215,0.5883496503496504
P03532,female,bullet,25,1065.6,0.28374669774669775,2.780904761904762,57.06886091686091,16.77137062937063,0.052307692307692305,0.03146542346542346,16.541666666666668,3.105224553224553,0.5979238539238539,0.6113302253302253
P03533,female,blitz,6,2293.6666666666665,0.23076923076923075,3.38287037037037,60.166666666666664,18.23076923076923,0.08974358974358976,0.05128205128205129,21.8,2.5512820512820515,0.5128205128205129,0.5256410256410257
P03535,female,blitz,63,2525.095238095238,0.26908276908276907,3.237583051868766,59.556767306767306,18.181272431272433,0.07224257224257224,0.031746031746031744,15.186440677966102,3.1921504421504423,0.5244477744477745,0.5270747770747771
P03535,female,bullet,37,2413.2702702702704,0.26004851004851004,3.0883375633375634,58.08125433125433,17.422037422037423,0.06444906444906445,0.04573804573804574,14.555555555555555,3.2822245322245323,0.4814622314622315,0.4939362439362439
P03538,female,blitz,20,2036.85,0.25950854700854703,2.7756944444444445,57.43311965811965,17.132158119658122,0.07478632478632478,0.03461538461538462,21.705882352941178,2.8161324786324786,0.5840811965811966,0.5367521367521368
P03538,female,bullet,16,1967.625,0.30160256410256414,2.802817841880342,60.84903846153846,18.588301282051283,0.11346153846153847,0.028846153846153848,15.666666666666666,2.9483173076923075,0.5801282051282051,0.49911858974358975
P03539,female,bullet,100,2401.12,0.23712121212121215,3.3141134559884557,58.71219114219114,17.416783216783216,0.05635780885780886,0.022371794871794873,16.770833333333332,3.0716317016317016,0.5400407925407926,0.5606585081585082
P03545,female,blitz,97,2342.4329896907216,0.24271441616802442,3.2543640073961484,59.652327397688225,17.836719294451253,0.10395249080816091,0.04547857640641147,21.208791208791208,2.839685314685315,0.5007365486746931,0.5161584120347007
P03545,female,bullet,3,2245.0,0.25641025641025644,4.071428571428572,59.46153846153846,17.897435897435898,0.05128205128205129,0.025641025641025644,16.666666666666668,2.948717948717949,0.4615384615384615,0.5128205128205129
P03546,female,bullet,100,2276.0,0.2675592185592186,2.887263986013986,57.99972283272284,17.49083882783883,0.09433760683760685,0.03912087912087912,17.64516129032258,2.789575702075702,0.5774090354090354,0.5822411477411478
P03547,female,bullet,100,1847.36,0.2552692307692308,3.003250527250527,58.09134615384615,17.222397435897435,0.08947435897435899,0.05905128205128205,16.464285714285715,3.0578205128205127,0.6140320512820513,0.5860448717948717
P03548,female,blitz,100,2234.41,0.25244610944610946,3.449752970885324,59.82792357642357,18.108915084915083,0.08382362082362083,0.05253968253968254,17.386363636363637,2.775565656565657,0.5776648906648907,0.5365868575868575
P03552,female,bullet,100,2572.73,0.23779620379620384,3.165240675990676,57.64709140859141,17.651155844155845,0.05453846153846154,0.026923076923076925,15.741935483870968,3.095416083916084,0.518482017982018,0.5032932067932068
P03555,female,blitz,94,2284.053191489362,0.24098100481079204,3.10721019524211,60.01391905966374,17.679980657640233,0.07119476268412439,0.03942865644993305,20.68354430379747,2.8164174478004265,0.5355353865992164,0.5230161682289342
P03555,female,bullet,6,2222.3333333333335,0.38461538461538464,2.959920634920635,58.73076923076923,17.461538461538463,0.10256410256410257,0.025641025641025644,13.833333333333334,3.051282051282051,0.7051282051282052,0.6153846153846154
P03556,female,blitz,67,2365.9253731343283,0.25675120899001497,3.2838313842045186,59.050273109974604,17.655053404307136,0.10366234097577381,0.034443168771526984,19.34426229508197,2.809448097507799,0.5606350531723666,0.518920548771295
P03556,female,rapid,17,2273.823529411765,0.3076923076923077,3.0778962867198163,56.74660633484163,17.09049773755656,0.08597285067873305,0.04524886877828055,19.46153846153846,2.886877828054299,0.5520361990950227,0.5520361990950227
P03557,female,rapid,5,1822.2,0.2923076923076923,2.3040170940170936,60.41538461538462,18.630769230769232,0.07692307692307693,0.0,20.0,3.230769230769231,0.5384615384615385,0.5692307692307692
P03558,female,bullet,100,2864.49,0.24691491841491842,3.560406635031635,58.34832983682983,17.96125602175602,0.06060994560994561,0.027127039627039627,15.989583333333334,3.0879968919968923,0.527571484071484,0.5298912198912199
P03559,female,blitz,28,2093.75,0.23397435897435898,3.364469706880421,59.27770146520147,17.975732600732602,0.04395604395604396,0.013736263736263738,18.107142857142858,3.118131868131868,0.5083562271062271,0.5257554945054945
P03559,female,rapid,5,2077.0,0.21118881118881122,2.813968253968254,59.00979020979021,16.896503496503495,0.03076923076923077,0.03076923076923077,15.4,3.1356643356643357,0.5272727272727273,0.5454545454545455
P03560,female,bullet,100,1076.4,0.3265879953379954,2.5971626984126983,57.080372682872685,16.753914557664558,0.07637196137196138,0.02812728937728938,19.367816091954023,2.9447594072594074,0.6203005328005328,0.5516711066711067
P03562,female,blitz,66,2129.5151515151515,0.22573167573167574,3.289936410390956,59.3027195027195,17.824669774669772,0.04580419580419581,0.029331779331779332,19.82758620689655,2.7100621600621597,0.5157860657860658,0.5473063973063973
P03562,female,bullet,34,1662.264705882353,0.21530920060331826,3.187314319667261,59.8578431372549,17.863499245852186,0.05203619909502263,0.05467571644042232,21.866666666666667,2.831447963800905,0.5354449472096531,0.5392156862745098
P03564,female,blitz,72,2336.5138888888887,0.22960372960372963,3.3868980171063505,58.31274281274281,17.221153846153847,0.0676961926961927,0.043997668997669,15.970588235294118,2.8977272727272725,0.5177738927738927,0.49426961926961926
P03564,female,bullet,1,1597.0,0.3076923076923077,2.5714285714285716,46.07692307692308,14.461538461538462,0.07692307692307693,0.0,21.0,2.923076923076923,0.38461538461538464,0.6153846153846154
P03564,female,rapid,27,2027.6666666666667,0.22877492877492878,3.021228154561488,58.3650522317189,17.727635327635326,0.07207977207977209,0.05128205128205128,19.423076923076923,3.134852801519468,0.5331433998100665,0.4708452041785375
P03565,female,blitz,36,1933.8055555555557,0.28296102046102045,2.8917363115279784,56.73254338254338,17.60535159285159,0.07802382802382803,0.03287037037037037,18.137931034482758,3.0228276353276353,0.6173951048951049,0.546597384097384
P03565,female,bullet,63,2037.047619047619,0.30587868921202255,2.7280990173847317,58.52352092352093,17.73978428978429,0.07332913999580666,0.02600732600732601,16.916666666666668,3.131352598019265,0.5992186825520158,0.5569905403238736
P03565,female,rapid,1,2053.0,0.07692307692307693,2.875,66.84615384615384,20.692307692307693,0.23076923076923078,0.15384615384615385,17.0,3.0,0.23076923076923078,0.3076923076923077
P03567,female,blitz,32,2180.59375,0.28671875,3.1900229978354977,59.87361778846154,17.98359375,0.07193509615384616,0.037500000000000006,16.517241379310345,3.115985576923077,0.5822115384615385,0.5480769230769231
P03568,female,blitz,4,2214.5,0.25,3.1625,59.25,17.076923076923077,0.09615384615384616,0.057692307692307696,19.25,3.230769230769231,0.6346153846153846,0.5
P03568,female,rapid,4,2006.5,0.3076923076923077,2.529166666666667,56.11538461538461,15.961538461538462,0.038461538461538464,0.038461538461538464,24.75,2.7115384615384617,0.5769230769230769,0.5
P03569,female,blitz,20,1906.95,0.2538461538461539,2.776453823953824,56.80384615384615,17.53076923076923,0.0810897435897436,0.046794871794871795,18.5,2.893589743589744,0.5785256410256411,0.5262820512820513
P03569,female,bullet,80,1872.9875,0.2697863247863248,2.8061263042513045,58.21964209401709,17.705683760683762,0.09514957264957266,0.052104700854700856,17.407894736842106,3.0188034188034187,0.588931623931624,0.5677510683760684
P03570,female,blitz,1,1541.0,0.15384615384615385,2.727272727272727,59.0,16.53846153846154,0.15384615384615385,0.07692307692307693,25.0,2.4615384615384617,0.46153846153846156,0.38461538461538464
P03570,female,rapid,1,1120.0,0.38461538461538464,2.875,52.92307692307692,15.923076923076923,0.0,0.0,38.0,1.5384615384615385,0.6153846153846154,0.6153846153846154
P03571,female,blitz,10,1576.8,0.3145299145299145,3.1552472527472526,58.07692307692307,18.166666666666664,0.046153846153846156,0.023076923076923078,15.4,2.776068376068376,0.6017094017094017,0.6444444444444445
P03574,female,bullet,100,2374.0,0.2805769230769231,2.7085191752691755,57.68134615384615,16.954508547008547,0.09271367521367521,0.04803418803418804,17.714285714285715,2.9353205128205127,0.5732478632478633,0.5673076923076923
P03575,female,bullet,100,2015.91,0.2639024864024864,3.298988659001817,57.74190365190365,16.89648407148407,0.08466006216006215,0.042993395493395495,14.319148936170214,3.138310023310023,0.5952738927738928,0.5682420357420357
P03576,female,blitz,96,2345.2395833333335,0.23710421522921524,3.293123722646749,59.54487826987827,17.62362406112406,0.07917314167314167,0.041011072261072264,20.647058823529413,2.937059699559699,0.5013743201243201,0.5318643162393163
P03576,female,rapid,4,2050.5,0.39743589743589747,2.238095238095238,60.967948717948715,17.51923076923077,0.11538461538461539,0.057692307692307696,25.5,2.903846153846154,0.5705128205128205,0.6730769230769231
P03577,female,blitz,3,2163.3333333333335,0.23076923076923075,2.920634920634921,58.333333333333336,17.17948717948718,0.05128205128205129,0.05128205128205129,18.666666666666668,2.3846153846153846,0.5641025641025642,0.5384615384615384
P03577,female,bullet,97,2222.144329896907,0.2644792492730637,2.7709276691235454,58.54405233941316,17.97357916997092,0.06707639439598202,0.02788791964049696,17.86813186813187,2.929209621993127,0.5591329632566746,0.537258789320645
P03578,female,blitz,100,2209.6,0.2803192640692641,3.068998196248196,58.26350066600067,17.569448884448885,0.08746794871794872,0.023846153846153847,16.528735632183906,2.9780627705627705,0.6070250582750583,0.5650911588411589
P03579,female,blitz,57,1639.1754385964912,0.2583565557249768,2.982995659311449,58.63613564797775,18.254584791426893,0.07696645459803354,0.04662618083670716,20.511627906976745,2.80350473113631,0.5763507447717974,0.5644453499716657
P03579,female,rapid,2,1873.0,0.11538461538461539,3.571428571428571,63.65384615384615,18.307692307692307,0.07692307692307693,0.038461538461538464,19.5,2.5769230769230766,0.42307692307692313,0.6153846153846154
P03580,female,blitz,3,2033.6666666666667,0.18414918414918416,3.8333333333333335,57.251748251748246,16.92773892773893,0.08158508158508158,0.030303030303030304,20.0,2.832167832167832,0.48484848484848486,0.45920745920745926
P03580,female,bullet,97,2109.381443298969,0.22249754827074417,2.942219779075449,57.911395992323826,17.01877091980185,0.05700588071722092,0.04605131409255121,15.820224719101123,2.953607560824056,0.48149364953488666,0.5115435538115951
P03581,female,blitz,41,2084.5853658536585,0.2237420438639951,2.9609298560518074,60.27980522187839,18.74583817266744,0.08074851977291002,0.024122219244170465,21.08108108108108,2.861797078260493,0.5170784500052793,0.5244179939301891
P03581,female,bullet,59,1740.8305084745762,0.2402433724467623,3.2262665300800895,59.83459365493264,17.728748370273795,0.077922642329422,0.03259452411994785,19.446428571428573,2.9630160799652328,0.5538026944806606,0.5459582790091264
P03582,female,blitz,20,1988.1,0.21153846153846154,3.4668055555555553,58.64230769230769,16.876923076923077,0.08846153846153847,0.038461538461538464,23.8,2.5615384615384618,0.6076923076923076,0.48461538461538456
P03582,female,bullet,25,1829.76,0.27461538461538465,3.154809523809524,57.772820512820516,16.935128205128205,0.08923076923076924,0.04,19.82608695652174,2.91,0.5841025641025641,0.5274358974358975
P03582,female,rapid,36,1990.5277777777778,0.2822039072039072,2.927492646242646,55.71666751458418,16.09915293040293,0.0907110636277303,0.05240978157644824,20.03448275862069,3.008271435354769,0.6352055352055352,0.5612756071089405
P03583,female,blitz,12,2400.3333333333335,0.25,3.27732313982314,58.97435897435898,18.487179487179485,0.07692307692307693,0.019230769230769232,15.25,2.8333333333333335,0.5576923076923077,0.4615384615384615
P03583,female,bullet,87,2196.022988505747,0.24546851615817133,2.8640315623074244,58.83180803870459,17.99416656140794,0.0781287677839402,0.042314007831249216,16.883116883116884,2.8521248866076454,0.5215167973788664,0.5110412575929818
P03583,female,rapid,1,1988.0,0.38461538461538464,2.2857142857142856,61.76923076923077,17.846153846153847,0.0,0.0,20.0,3.8461538461538463,0.7692307692307693,0.5384615384615384
P03584,female,blitz,75,2610.7466666666664,0.2513286713286713,3.3623130203130205,57.46588578088578,17.749475524475525,0.09135586635586636,0.03608391608391608,22.028985507246375,2.6305400155400154,0.5280769230769231,0.5434731934731936
P03584,female,bullet,25,2444.96,0.28,2.7261172161172165,55.54461538461538,16.950769230769232,0.07384615384615385,0.06153846153846154,22.7,2.590769230769231,0.5538461538461539,0.5815384615384616
P03590,female,blitz,14,1408.2142857142858,0.32633338883338886,3.9701530612244897,60.64931596181596,18.782571595071595,0.1014957264957265,0.03128815628815629,16.1,2.640775890775891,0.5892302142302143,0.639013764013764
P03590,female,rapid,8,1610.25,0.2692307692307693,3.27296626984127,59.35576923076923,18.076923076923077,0.10576923076923078,0.028846153846153848,11.625,3.269230769230769,0.5384615384615384,0.5961538461538461
P03591,female,blitz,26,2368.8846153846152,0.2310744810744811,3.4125000000000005,59.636968160045086,17.75645721799568,0.09556213017751479,0.05029585798816568,15.0,3.0305860805860805,0.5781018127171973,0.5336620644312953
P03592,female,bullet,96,2443.5625,0.2873931623931624,2.8385556283993783,54.63264556623932,16.43279246794872,0.07398504273504274,0.03705929487179487,17.3,2.80458733974359,0.6024639423076923,0.5807291666666666
P03592,female,rapid,4,2160.75,0.23076923076923078,2.816468253968254,49.71153846153846,16.25,0.057692307692307696,0.057692307692307696,20.0,2.730769230769231,0.5384615384615385,0.4807692307692308
P03593,female,blitz,9,1563.3333333333333,0.24786324786324787,2.65489417989418,56.21367521367521,16.700854700854702,0.05982905982905984,0.017094017094017096,14.875,2.7435897435897436,0.6581196581196581,0.5384615384615384
P03593,female,rapid,9,2087.222222222222,0.20512820512820515,3.166566458233125,59.68376068376069,18.52991452991453,0.09401709401709403,0.042735042735042736,16.88888888888889,3.1025641025641026,0.4700854700854701,0.4017094017094017
P03594,female,bullet,100,2323.94,0.22464102564102564,2.810711108336108,57.61932478632479,17.866662393162393,0.06065384615384616,0.049213675213675215,18.229885057471265,2.7869786324786325,0.525448717948718,0.5189871794871795
P03595,female,blitz,99,2459.1414141414143,0.22439429257611077,3.3307422655907506,59.42715617715618,18.092798615525886,0.08715358715358716,0.04972804972804973,19.22340425531915,2.9656706929434202,0.5014303877940242,0.516811471356926
P03595,female,bullet,1,2403.0,0.23076923076923078,5.0,62.46153846153846,17.384615384615383,0.07692307692307693,0.15384615384615385,15.0,4.0,0.6153846153846154,0.5384615384615384
P03596,female,bullet,100,2614.7,0.248719474969475,2.968966921966922,59.1716101953602,17.764383394383394,0.07085164835164835,0.04989010989010989,13.33673469387755,2.982118437118437,0.5379761904761905,0.5392902930402931
P03597,female,blitz,46,2205.3478260869565,0.2760358602749907,3.1678571428571427,56.64738944630249,16.832079152731325,0.07060572277963582,0.04433760683760685,15.142857142857142,3.0520949461166853,0.5616174284652545,0.5667735042735043
P03597,female,bullet,54,2137.3703703703704,0.27095204178537513,3.13143117170895,58.89508151313707,17.979166666666668,0.06833649889205445,0.029241848686293134,18.115384615384617,2.877037828426717,0.5886158594491928,0.5427746122190567
P03599,female,bullet,100,2618.86,0.2123846153846154,3.284993173493173,56.25507692307692,17.077059829059827,0.047692307692307694,0.049461538461538467,18.955555555555556,2.7158888888888892,0.44799145299145304,0.4751452991452992
P03600,female,blitz,11,1231.6363636363637,0.35457042957042956,2.7266955266955266,54.9458041958042,16.66745754245754,0.04095904095904096,0.026973026973026972,15.875,2.9737762237762237,0.6608391608391608,0.6048701298701299
P03600,female,rapid,33,1384.2727272727273,0.32390387390387393,3.251092089728453,56.8243931993932,17.28902763902764,0.05124320124320125,0.013986013986013986,13.413793103448276,3.1355246605246605,0.6134929884929885,0.6142117142117143
P03601,female,blitz,26,2074.346153846154,0.2508523527754297,2.7525641025641026,57.348006480698785,17.627223631069786,0.07708744247205786,0.04298159105851414,18.08,2.8419836573682726,0.5434981684981686,0.5982812059735136
P03601,female,rapid,2,2009.0,0.42307692307692313,2.875,58.230769230769226,16.038461538461537,0.11538461538461539,0.07692307692307693,,1.4615384615384617,0.8846153846153846,0.6923076923076923
P03602,female,bullet,34,2598.4117647058824,0.21636500754147814,3.1993601986249045,58.24218559218559,16.857742584213174,0.07081807081807083,0.04072398190045249,16.066666666666666,2.973249299719888,0.5103928750987574,0.5639481433599081
P03602,female,rapid,66,2397.3333333333335,0.32062054107508653,2.828668280372826,57.15865296319842,17.360715547079185,0.06965811965811966,0.02503708412799322,15.507936507936508,3.3057992512537964,0.669998940453486,0.5922017376562831
P03604,female,blitz,9,2251.222222222222,0.27849002849002846,3.0259740259740258,60.06552706552706,19.60754985754986,0.07514245014245015,0.06659544159544159,15.375,2.4127492877492878,0.5708689458689459,0.5345441595441596
P03604,female,bullet,91,2340.7912087912086,0.2578261482107636,3.005064776493348,57.6930966469428,17.63913074105382,0.09340659340659341,0.053127641589180055,15.01123595505618,2.996041138348831,0.6189983093829248,0.5422513384051846
P03605,female,blitz,17,1621.3529411764705,0.23076923076923078,3.198114630467572,58.98190045248869,17.79185520361991,0.03619909502262444,0.01809954751131222,22.727272727272727,2.6787330316742084,0.502262443438914,0.49321266968325794
P03605,female,bullet,8,1606.125,0.34615384615384615,2.6803075396825395,53.78846153846154,17.067307692307693,0.057692307692307696,0.009615384615384616,25.0,2.8365384615384617,0.5961538461538461,0.5192307692307693
P03605,female,rapid,1,1807.0,0.23076923076923078,1.0,42.46153846153846,12.076923076923077,0.07692307692307693,0.07692307692307693,15.0,3.4615384615384617,0.6153846153846154,0.8461538461538461
P03606,female,blitz,100,2282.47,0.26542346542346545,3.2966703019203023,59.83933954933955,18.389238539238537,0.07125097125097125,0.023986013986013986,23.49411764705882,2.843100233100233,0.5272261072261073,0.5433177933177933
P03607,female,blitz,20,1973.85,0.3432439782439783,2.9868650793650793,58.025093240093234,17.50027972027972,0.09612665112665113,0.05141025641025641,18.666666666666668,2.7273853923853926,0.6733527583527584,0.5310683760683761
P03607,female,bullet,2,1019.0,0.07692307692307693,3.5,60.46153846153847,18.26923076923077,0.11538461538461539,0.15384615384615385,14.0,1.9615384615384617,0.5,0.5384615384615385
P03607,female,rapid,12,2423.5,0.22934472934472935,3.9359126984126984,61.12891737891738,18.84757834757835,0.07977207977207977,0.012820512820512822,18.90909090909091,2.86039886039886,0.5584045584045584,0.4123931623931624
P03609,female,bullet,98,2355.765306122449,0.31237792819425475,2.7225870218217154,56.9835265075061,17.250636778187797,0.09675443604015033,0.03296703296703297,8.979166666666666,3.2268770345300957,0.6972451018369386,0.6026074265870185
P03609,female,rapid,2,1351.0,0.34615384615384615,1.9642857142857144,49.84615384615385,13.346153846153847,0.07692307692307693,0.038461538461538464,14.0,2.4230769230769234,0.5769230769230769,0.7692307692307692
P03610,female,blitz,100,2344.25,0.2264195804195804,3.072892054024407,60.18583216783217,18.148083916083916,0.0868951048951049,0.04584615384615385,18.389473684210525,2.9827272727272724,0.49054545454545456,0.5057622377622377
P03611,female,blitz,85,2188.4,0.28689839572192516,2.9414731347084286,58.42555646967412,17.657628319393027,0.07310206133735546,0.02845651080945199,17.845070422535212,2.874738333561863,0.5835778600484484,0.575666163901458
P03611,female,bullet,14,1504.5714285714287,0.25117739403453687,3.1558956916099774,57.22919937205652,16.20486656200942,0.1043956043956044,0.08791208791208792,17.545454545454547,3.0047095761381475,0.5627943485086343,0.5777080062794349
P03613,female,blitz,70,2289.042857142857,0.24761904761904766,3.0481405895691607,56.77069597069597,17.01868131868132,0.0749084249084249,0.05,16.90740740740741,2.8553113553113554,0.531959706959707,0.5679487179487179
P03613,female,bullet,30,2019.0,0.28547008547008546,2.500647038147038,57.13739316239317,17.153632478632478,0.08012820512820513,0.0514957264957265,18.692307692307693,2.7179487179487176,0.5959401709401709,0.5606837606837607
P03614,female,blitz,45,1921.1333333333334,0.313991193991194,2.950736732403399,58.549385306051974,17.591907968574635,0.0820366053699387,0.042735042735042736,17.386363636363637,3.1718535785202455,0.61669170335837,0.5717102650435983
P03615,female,blitz,2,1025.5,0.34615384615384615,2.888888888888889,59.07692307692308,18.384615384615387,0.038461538461538464,0.0,20.5,2.615384615384615,0.6538461538461539,0.5769230769230769
P03616,female,blitz,100,2390.93,0.24700549450549453,3.1743392718392722,58.51532967032968,17.729065934065932,0.05923076923076923,0.03076923076923077,17.533333333333335,2.7349358974358973,0.5347344322344323,0.5487545787545788
P03617,female,blitz,1,1683.0,0.46153846153846156,1.8,56.61538461538461,16.615384615384617,0.07692307692307693,0.0,11.0,4.0,0.7692307692307693,0.7692307692307693
P03618,female,blitz,34,1563.7941176470588,0.26834464555052795,2.893209404974111,56.4380404725993,16.638367269984915,0.06402714932126698,0.020550527903469083,18.333333333333332,2.9563411261940673,0.6252828054298643,0.5855769230769231
P03618,female,bullet,51,1703.0392156862745,0.31308332190685134,2.6050186741363213,56.924365830248185,17.048611301552477,0.0668677727501257,0.024384112619406737,19.26530612244898,2.9681894358364946,0.657531575178634,0.550422018069077
P03618,female,rapid,15,1701.6,0.258974358974359,2.8098148148148145,52.77008547008547,15.607692307692307,0.0767094017094017,0.06752136752136752,18.454545454545453,2.6711538461538464,0.5933760683760684,0.6038461538461538
P03619,female,blitz,100,2369.04,0.25599358974358977,3.211306277056277,57.57166666666667,17.265384615384615,0.06432692307692309,0.036153846153846154,16.314606741573034,2.8874679487179487,0.599423076923077,0.5829807692307692
P03620,female,blitz,14,2353.285714285714,0.26626548055119487,3.1542647828362114,60.39333682190825,18.379295307866734,0.06680620966335252,0.02197802197802198,19.846153846153847,2.623059480202337,0.5520669806384092,0.5443049014477587
P03620,female,rapid,6,1444.5,0.358974358974359,2.861111111111111,60.07692307692307,18.75641025641026,0.10256410256410257,0.05128205128205129,13.0,3.0769230769230766,0.6282051282051282,0.5256410256410257
P03621,female,blitz,100,2026.97,0.2618129648129648,3.255937479187479,57.161206016206016,17.193147852147852,0.07147130647130648,0.03,19.177777777777777,2.9307311577311577,0.5988805638805639,0.5545485625485626
P03622,female,blitz,12,1769.5833333333333,0.2884615384615385,2.741125541125541,58.5,17.71794871794872,0.05128205128205129,0.019230769230769232,18.916666666666668,3.0961538461538463,0.6089743589743589,0.5576923076923077
P03622,female,rapid,33,1385.8484848484848,0.26787101787101786,3.1963443963443963,59.05011655011655,17.749611499611497,0.044289044289044295,0.01631701631701632,16.78125,3.0316627816627815,0.5301087801087802,0.5250582750582751
P03626,female,blitz,100,2321.91,0.23796578421578424,3.2620062715062716,60.32445679320679,18.090754245754248,0.09245004995004996,0.03373626373626373,19.263157894736842,3.0459265734265735,0.5278109390609391,0.5204045954045955
P03633,female,blitz,100,2545.7,0.25391452991452995,3.391659396159396,59.68292307692308,18.317940170940172,0.07692307692307693,0.039572649572649575,15.698924731182796,2.9968034188034185,0.5541794871794872,0.5275042735042735
P03634,female,rapid,36,1358.5,0.3488375050875051,2.935626102292769,56.03634174467508,16.82950074616741,0.07422669922669924,0.023733211233211236,16.757575757575758,3.146011396011396,0.6490766178266179,0.6020256749423416
P03637,female,blitz,4,2004.5,0.2884615384615385,2.981060606060606,60.01923076923077,18.653846153846153,0.057692307692307696,0.07692307692307693,13.0,2.8269230769230766,0.4807692307692308,0.46153846153846156
P03637,female,rapid,12,1997.5,0.35498251748251747,3.116071428571429,57.2391317016317,17.284353146853146,0.0780885780885781,0.04487179487179488,23.333333333333332,2.935518648018648,0.6527097902097901,0.5685314685314685
P03638,female,blitz,98,2599.3571428571427,0.22844496773068204,3.4510215125011046,60.84922161172162,18.346280306994593,0.06914573521716379,0.03666274201988488,19.06382978723404,2.9794261294261295,0.5433782487353915,0.5326661433804291
P03638,female,rapid,2,1633.5,0.42307692307692313,2.5,62.19230769230769,19.153846153846153,0.038461538461538464,0.038461538461538464,23.5,2.9615384615384617,0.8076923076923077,0.5769230769230769
P03639,female,blitz,36,2592.5833333333335,0.23504273504273504,2.8467991113824445,57.94871794871795,17.839743589743588,0.08974358974358974,0.057692307692307696,15.8,2.9038461538461537,0.5085470085470085,0.49572649572649574
P03639,female,bullet,2,2127.5,0.2692307692307693,2.666666666666667,58.53846153846154,15.307692307692307,0.038461538461538464,0.0,16.0,2.423076923076923,0.7307692307692308,0.6923076923076923
P03639,female,rapid,62,2082.7741935483873,0.26744832228703197,3.0634177202725588,58.08685758685759,17.464393670845286,0.05321202095395644,0.03225806451612903,19.641509433962263,2.6744141163496002,0.6071176135692264,0.5790395983944372
P03640,female,blitz,21,2230.904761904762,0.2161172161172161,3.333605415748273,60.142857142857146,17.9010989010989,0.04395604395604396,0.007326007326007326,19.05,2.9926739926739927,0.5421245421245422,0.4542124542124542
P03640,female,bullet,11,2245.909090909091,0.33375715193897015,2.7129148629148627,57.2949777495232,16.5829624920534,0.03496503496503497,0.04895104895104896,17.09090909090909,2.7724094087730453,0.6439923712650986,0.6547997457088367
P03640,female,rapid,68,2297.6176470588234,0.2683592143150967,2.978838053286583,57.01371949129302,16.717869875222817,0.06487385163855752,0.02149321266968326,19.74576271186441,2.9658559577677224,0.5962695392842452,0.6091183326477444
P03641,female,blitz,59,1425.1694915254238,0.24393121003290497,3.26477486731724,58.14428819767802,17.539200347674925,0.07051282051282051,0.05449494008816043,16.574074074074073,2.799289128950146,0.5444806605823556,0.4971875582045074
P03641,female,rapid,41,1765.4634146341464,0.2478245331903869,3.315340689121177,56.6003885003885,17.17925827559974,0.07002008831277125,0.03677298311444653,19.11111111111111,3.0168944876261947,0.5434878130000081,0.5143709948587998
P03643,female,blitz,58,2420.8275862068967,0.2513865444899928,3.29168035030104,59.96575837955149,17.93428984808295,0.09018567639257294,0.033156498673740056,17.49019607843137,3.136122498191464,0.55449722691102,0.5229081263564023
P03643,female,rapid,42,2340.9523809523807,0.24242424242424243,3.2989834900549186,60.32767232767233,18.546120546120545,0.08424908424908426,0.031135531135531136,19.5,2.93006993006993,0.531968031968032,0.527972027972028
P03644,female,blitz,55,1349.6,0.2919557715012261,3.026038305129214,57.205912572276205,17.02616883116883,0.06617079889807163,0.03125662216571308,17.39622641509434,3.1945327399872854,0.6124493688130053,0.5505520237338419
P03644,female,bullet,1,1337.0,0.1111111111111111,8.0,67.66666666666667,20.0,0.1111111111111111,0.1111111111111111,14.0,3.7777777777777777,0.5555555555555556,0.4444444444444444
P03644,female,rapid,44,1558.1818181818182,0.319527442254715,2.8720317672523556,58.06369596312778,17.150222504767957,0.08500874125874126,0.020323426573426576,15.025,3.192768595041322,0.6168693049374867,0.6217114325068871
P03646,female,blitz,82,1974.658536585366,0.2869946787629714,3.139687988163598,58.62073434695386,17.408775709385466,0.09706364096607999,0.05765210399356741,20.492753623188406,2.87426689164494,0.5980730651462358,0.5746289618240837
P03646,female,rapid,18,1953.0,0.30325692825692824,3.380759980759981,61.335729085729085,18.700304325304323,0.09116809116809116,0.0349002849002849,17.875,2.917896917896918,0.5954739704739704,0.5791569541569541
P03647,female,blitz,63,2347.2380952380954,0.2809129142462476,3.1551625363950295,58.11674745008078,18.01909448576115,0.09830909830909831,0.034274367607700945,13.054545454545455,3.0548500881834215,0.6108064774731442,0.555286688620022
P03647,female,bullet,37,2088.3513513513512,0.28492723492723493,2.9674066924066924,59.63478863478864,17.993728343728343,0.12907137907137906,0.031185031185031187,16.88235294117647,3.087733887733888,0.5776507276507277,0.5326749826749827
P03649,female,blitz,7,2003.142857142857,0.2774725274725275,2.7816326530612243,59.892857142857146,18.475274725274726,0.06593406593406594,0.05494505494505495,9.833333333333334,2.6923076923076925,0.6565934065934067,0.5467032967032968
P03649,female,bullet,4,1125.25,0.41025641025641024,2.2232142857142856,58.48397435897436,18.38301282051282,0.07692307692307693,0.019230769230769232,8.5,3.480769230769231,0.7628205128205128,0.46794871794871795
P03649,female,rapid,26,1768.076923076923,0.2869822485207101,3.3194125319125316,60.603550295857985,18.319526627218934,0.08284023668639054,0.01775147928994083,11.846153846153847,3.079881656804734,0.6153846153846154,0.5236686390532544
P03650,female,blitz,4,2009.75,0.3269230769230769,2.8029761904761905,58.76923076923077,16.980769230769234,0.11538461538461539,0.019230769230769232,30.0,3.0576923076923075,0.6346153846153846,0.5384615384615384
P03650,female,bullet,96,1805.875,0.29390834859584863,3.0995228729603728,58.76102271571022,17.425143404049653,0.07589603683353684,0.03273809523809524,18.9247311827957,2.9978432158119657,0.5926434676434676,0.5708419184981685
P03651,female,blitz,38,2354.342105263158,0.26537848116795487,3.04637256018835,57.43443749233223,16.91462703962704,0.08278125383388542,0.04507115691326218,19.310344827586206,2.736839038154828,0.5464666912035333,0.5816893632683107
P03651,female,bullet,62,2441.435483870968,0.27449808256259867,3.041933245965504,57.71450610321578,17.228063513547383,0.07146401985111663,0.056885856079404475,16.5,2.9767918013885755,0.5611449482417225,0.5541450484998872
P03652,female,blitz,100,1310.72,0.2833207070707071,3.4627979797979798,60.13218648018648,17.914624125874127,0.07324980574980575,0.04802331002331003,18.793478260869566,2.9951952214452215,0.6072292152292152,0.5978591686091687
P03653,female,blitz,74,1642.554054054054,0.2629013629013629,3.2520728145728146,58.06105707355707,17.076777051777054,0.0702908952908953,0.03784113784113784,16.955223880597014,2.8904530904530903,0.5623696498696499,0.5728879978879978
P03653,female,bullet,26,1935.1923076923076,0.29459002535925616,2.380005891544353,58.60143702451395,17.165257819103974,0.09171597633136094,0.044378698224852076,15.423076923076923,3.0536770921386305,0.6546914623837701,0.5748098055790364
P03654,female,blitz,78,2234.397435897436,0.21284200130353975,4.131007418507418,59.46541065771835,17.895952694029617,0.06789649097341406,0.03890233697926006,16.41891891891892,2.758720268335653,0.4760979760979761,0.4890141909372679
P03654,female,rapid,22,2333.3636363636365,0.23973299427844885,3.556318532922811,57.89402415766052,17.69246662428481,0.06706929434202162,0.028607755880483154,16.77777777777778,2.7635092180546725,0.5053401144310236,0.494723458359822
P03655,female,blitz,40,1856.475,0.299493006993007,2.6858829365079364,57.76486013986014,17.23365821678322,0.09621503496503497,0.03076923076923077,16.210526315789473,2.984956293706294,0.5836232517482517,0.5363723776223777
P03655,female,bullet,6,1151.5,0.3062678062678063,2.8541666666666665,58.648148148148145,16.836182336182336,0.12820512820512822,0.09544159544159543,18.0,3.1367521367521367,0.5797720797720798,0.5854700854700855
P03655,female,rapid,8,1641.125,0.3076923076923077,2.3135340354090355,59.21153846153846,18.932692307692307,0.125,0.04807692307692308,19.375,2.9711538461538463,0.5576923076923077,0.5384615384615384
P03656,female,blitz,28,2308.25,0.27533577533577536,3.0573379001950434,57.18238705738706,17.243437118437118,0.056166056166056175,0.04395604395604396,13.652173913043478,3.052350427350427,0.5550976800976801,0.5715811965811967
P03656,female,bullet,72,2154.0694444444443,0.2761775261775262,2.9032973585056916,56.91806804306805,16.976021663521664,0.07306351056351057,0.03282828282828283,16.01492537313433,3.2282509157509156,0.5551855551855552,0.5862517112517112
P03658,female,blitz,1,1816.0,0.3076923076923077,2.75,64.3076923076923,17.53846153846154,0.07692307692307693,0.0,15.0,3.3076923076923075,0.6153846153846154,0.46153846153846156
P03658,female,bullet,1,1455.0,0.38461538461538464,1.2,57.61538461538461,16.923076923076923,0.07692307692307693,0.07692307692307693,11.0,3.076923076923077,0.6923076923076923,0.6153846153846154
P03658,female,rapid,4,1565.25,0.24450549450549453,3.0277777777777777,58.832417582417584,17.74175824175824,0.054945054945054944,0.019230769230769232,14.0,3.3653846153846154,0.5824175824175825,0.6071428571428572
P03659,female,blitz,1,1858.0,0.15384615384615385,2.3,61.38461538461539,18.76923076923077,0.15384615384615385,0.0,19.0,2.923076923076923,0.46153846153846156,0.5384615384615384
P03660,female,blitz,21,2017.857142857143,0.27500145357288214,2.986214182642754,60.988313274027554,18.131780917495206,0.06786731786731787,0.029304029304029304,21.15,3.045264259549974,0.5420954706668992,0.5492761207046921
P03660,female,rapid,16,1665.125,0.23139880952380953,3.3557678432678433,59.23031135531136,17.518028846153847,0.05780677655677656,0.04779075091575092,17.0,2.9274839743589745,0.5074404761904762,0.5238095238095238
P03661,female,bullet,100,1601.0,0.2531449106449106,2.9514989177489177,57.34261849261849,17.53119075369075,0.06836538461538462,0.027756410256410256,16.844444444444445,2.846378205128205,0.5982128982128982,0.5780623543123543
P03663,female,blitz,100,2190.19,0.24495726495726497,3.161861804861805,59.29991452991453,18.062735042735042,0.08,0.04307692307692308,18.397849462365592,2.868205128205128,0.5225641025641026,0.5216239316239316
P03664,female,blitz,8,2252.75,0.3076923076923077,2.8266774891774893,55.93269230769231,16.951923076923077,0.038461538461538464,0.009615384615384616,19.0,2.9711538461538463,0.625,0.6153846153846154
P03664,female,bullet,92,2325.75,0.2957211870255349,2.59302958514915,57.696149864628126,17.029323936932634,0.06433481976960238,0.03676607209215905,18.518987341772153,2.7603785103785103,0.6361316823273345,0.5909380474597866
P03665,female,blitz,3,1465.0,0.4615384615384615,2.3000000000000003,53.205128205128204,15.025641025641027,0.025641025641025644,0.0,12.5,2.9230769230769234,0.7692307692307692,0.7948717948717948
P03666,female,blitz,18,1952.1666666666667,0.27000777000777,3.4178130511463842,58.30691530691531,17.89393939393939,0.07692307692307693,0.042735042735042736,15.1875,3.211344211344211,0.5217560217560218,0.5431235431235432
P03666,female,rapid,82,2083.8658536585367,0.23822180529497602,3.4753153012299354,59.013993120700434,18.144647696476966,0.057457786116322705,0.03189493433395872,13.480519480519481,3.293725244944757,0.5075828642901814,0.48827392120075047
P03667,female,blitz,31,2316.6129032258063,0.29181141439205954,3.256469337114498,58.69131513647643,17.488089330024813,0.06277915632754343,0.023076923076923078,15.064516129032258,3.100496277915633,0.5885856079404467,0.5042183622828784
P03667,female,bullet,3,2196.0,0.26495726495726496,2.103030303030303,50.27350427350427,15.230769230769232,0.0,0.1111111111111111,19.5,2.5042735042735043,0.6153846153846154,0.5897435897435898
P03667,female,rapid,11,2060.0,0.19813519813519817,4.116955266955267,59.907925407925404,18.313519813519815,0.07109557109557109,0.02097902097902098,10.7,2.675990675990676,0.48601398601398604,0.46503496503496505
P03668,female,blitz,22,1968.5,0.3181023521932613,3.2356240981240982,58.47552447552448,17.522833227378683,0.03239563466836194,0.014621741894469166,15.142857142857142,2.977405170586989,0.5937963551599915,0.6223776223776224
P03668,female,bullet,1,2151.0,0.25,2.5,55.916666666666664,17.333333333333332,0.0,0.08333333333333333,15.0,3.75,0.5,0.5
P03668,female,rapid,53,2049.433962264151,0.24000946642456078,3.2789689346293125,60.45958025203308,18.058909643815305,0.0830951019630265,0.02467343976777939,18.72340425531915,2.8656060920211863,0.5488913602121149,0.5086967539797729
P03669,female,blitz,41,1567.0243902439024,0.2692478253453863,3.3560007742934572,59.68033429984649,17.36834385127068,0.058161350844277676,0.03564727954971858,21.236842105263158,3.121985331741429,0.5479788504178749,0.5754391949513901
P03669,female,rapid,37,1463.4864864864865,0.261977361977362,3.4819761319761318,59.411896511896515,17.893324093324093,0.062993762993763,0.02910602910602911,21.266666666666666,3.0710325710325708,0.580919380919381,0.5756987756987757
P03670,female,blitz,100,1960.72,0.24065584415584418,3.2032494792788913,56.97710392385392,17.21297607947608,0.07447222222222223,0.04125,18.107526881720432,2.9624605394605394,0.5385466477966478,0.5677997557997557
P03671,female,blitz,47,2323.2127659574467,0.2258592471358429,3.3907541630945888,57.83493102642039,17.620294599018003,0.05400981996726678,0.032499415478138886,17.295454545454547,2.7888707037643203,0.5272387187280805,0.5036240355389292
P03671,female,bullet,8,2407.125,0.19230769230769232,3.821279761904762,61.25,18.41346153846154,0.057692307692307696,0.07692307692307693,16.5,3.1346153846153846,0.4519230769230769,0.5096153846153846
P03671,female,rapid,4,2031.0,0.19230769230769232,3.7893772893772892,59.0,18.576923076923077,0.0,0.019230769230769232,11.0,3.1923076923076925,0.40384615384615385,0.4230769230769231
P03672,female,rapid,16,2169.8125,0.2460664335664336,3.582991834554335,61.01486013986014,18.314685314685313,0.11713286713286714,0.04501748251748252,19.3125,2.8374125874125875,0.5428321678321678,0.479458041958042
P03673,female,blitz,30,2108.733333333333,0.25411162911162916,3.5903631553631556,59.15200854700855,18.179260554260555,0.056013986013986015,0.0337995337995338,18.724137931034484,2.4713468013468014,0.5761564361564362,0.5276353276353276
P03673,female,bullet,56,1904.767857142857,0.285719141969142,2.8546968408575553,59.13357683982684,18.1670125013875,0.0909739565989566,0.03364205239205239,14.944444444444445,2.883794330669331,0.5998470279720279,0.5501120407370407
P03673,female,rapid,3,2048.3333333333335,0.20512820512820515,4.7407407407407405,56.38461538461539,15.333333333333334,0.20512820512820515,0.10256410256410257,26.5,3.1282051282051277,0.5384615384615384,0.4102564102564103
P03676,female,blitz,17,2108.823529411765,0.26244343891402716,3.3920507596978187,59.13122171945702,18.02714932126697,0.07692307692307693,0.04072398190045249,20.0,2.755656108597285,0.6153846153846154,0.5475113122171946
P03678,female,blitz,74,2387.4594594594596,0.22234297234297234,3.125327844077844,58.60957285957286,17.734297234297234,0.07607257607257609,0.04270616770616771,19.80597014925373,2.998566748566749,0.5194276444276444,0.5271530271530271
P03678,female,bullet,24,2315.25,0.27504208754208753,2.6033564814814816,57.44720441595442,17.14440073815074,0.08156080031080032,0.027065527065527065,19.727272727272727,3.068376068376068,0.5989057239057239,0.576251295001295
P03678,female,rapid,2,1700.0,0.49230769230769234,2.283333333333333,48.78461538461538,15.338461538461539,0.0,0.0,19.5,3.3923076923076922,0.6846153846153846,0.6961538461538461
P03679,female,blitz,88,2613.3977272727275,0.24865834922653107,3.253336247086247,59.80158004873913,18.251834339902523,0.10652415766052131,0.04138853570671753,21.450704225352112,2.9153183937274845,0.5469802924348378,0.5283839266793812
P03679,female,rapid,12,2205.75,0.20512820512820515,3.4678811928811926,60.18589743589744,18.487179487179485,0.06410256410256411,0.025641025641025644,18.4,3.25,0.4615384615384615,0.48717948717948717
P03680,female,bullet,99,2058.7373737373737,0.25473970473970475,3.287764003673095,58.24217171717172,17.167327117327115,0.05128205128205129,0.022533022533022532,18.354166666666668,3.145959595959596,0.570027195027195,0.5528554778554778
P03680,female,rapid,1,1409.0,0.3076923076923077,3.8,54.61538461538461,15.23076923076923,0.0,0.0,33.0,1.3846153846153846,0.8461538461538461,0.6153846153846154
P03681,female,blitz,100,2479.17,0.2782735042735043,3.1249169996669997,57.45331196581196,17.69976923076923,0.05888461538461539,0.0364957264957265,17.25,3.0543119658119657,0.5906965811965812,0.5491666666666667
P03685,female,rapid,100,2350.29,0.265008214008214,3.1745682650682654,58.268066655566656,17.506751304251303,0.08732478632478634,0.043269230769230775,18.4,2.969323620823621,0.5680351870351871,0.5428650238650239
P03686,female,blitz,40,2319.75,0.2966880341880342,2.66343253968254,57.2740170940171,17.14155982905983,0.07008547008547009,0.03653846153846154,20.928571428571427,2.592094017094017,0.5941239316239316,0.5416239316239316
P03686,female,bullet,60,2453.0833333333335,0.2847578347578347,2.906571206571207,57.66891025641026,17.193678774928777,0.07564102564102564,0.03717948717948718,20.442307692307693,2.7644586894586896,0.567948717948718,0.596474358974359
P03687,female,blitz,27,1746.4074074074074,0.33966445077556195,2.629423765534877,55.717315606204494,16.451092117758783,0.09116809116809117,0.052548274770497,16.26923076923077,2.9433364988920543,0.6030389363722697,0.5672681228236784
P03687,female,bullet,5,1268.4,0.2,3.4666666666666663,58.0,17.923076923076923,0.07692307692307693,0.10769230769230771,10.75,2.846153846153846,0.5692307692307692,0.6
P03687,female,rapid,1,1388.0,0.3333333333333333,2.25,56.916666666666664,16.583333333333332,0.08333333333333333,0.0,19.0,2.8333333333333335,0.6666666666666666,0.5833333333333334
P03690,female,blitz,99,2513.6060606060605,0.2370684870684871,3.27114561925168,60.15694028194029,18.38977688977689,0.06060606060606061,0.03263403263403263,17.706521739130434,3.067293817293818,0.49278499278499277,0.5148046398046399
P03690,female,bullet,1,1879.0,0.3076923076923077,1.75,55.84615384615385,14.692307692307692,0.0,0.0,22.0,2.1538461538461537,0.5384615384615384,0.46153846153846156
P03691,female,blitz,2,2003.5,0.19871794871794873,3.3125,63.05128205128206,18.865384615384613,0.07692307692307693,0.041666666666666664,18.5,2.8301282051282053,0.4358974358974359,0.40384615384615385
P03691,female,bullet,11,2090.0,0.25874125874125875,2.824963924963925,53.74125874125875,15.503496503496505,0.07692307692307693,0.04195804195804196,23.0,2.825174825174825,0.5314685314685316,0.5384615384615384
P03691,female,rapid,10,1920.6,0.26346153846153847,2.595833333333333,58.862286324786325,17.201602564102565,0.038461538461538464,0.020192307692307693,19.375,2.871474358974359,0.5402777777777777,0.5661324786324786
P03692,female,blitz,2,1416.5,0.28205128205128205,3.083333333333333,59.82905982905983,16.50854700854701,0.05555555555555555,0.0,16.5,3.5128205128205128,0.5085470085470085,0.6025641025641025
P03692,female,bullet,85,2307.247058823529,0.25163033045385985,3.171106246694482,56.65803921568627,17.29500068558892,0.0851857945975593,0.03257918552036199,15.283783783783784,2.973072809543398,0.5179733991498697,0.5212806801042095
P03692,female,rapid,13,2284.846153846154,0.2923883808499193,3.1272893772893773,58.010068136991215,17.08228438228438,0.04142011834319527,0.01775147928994083,18.0,2.910749506903353,0.5446476600322754,0.6217410794333872
P03693,female,bullet,99,1617.9292929292928,0.277327610660944,3.2210357543690877,59.344837822110556,18.03110932277599,0.08132952905680178,0.017871017871017872,18.548387096774192,3.045536141748263,0.5758450023601539,0.5671298959177747
P03693,female,rapid,1,1739.0,0.46153846153846156,3.0,60.0,17.76923076923077,0.07692307692307693,0.0,13.0,3.076923076923077,0.6153846153846154,0.6923076923076923
P03694,female,blitz,1,2422.0,0.23076923076923078,2.375,63.07692307692308,23.76923076923077,0.0,0.07692307692307693,17.0,3.0,0.5384615384615384,0.46153846153846156
P03696,female,blitz,96,2269.8125,0.2524038461538462,3.204159830331705,58.29610710470086,17.301115117521366,0.08700587606837606,0.03175080128205129,19.804878048780488,2.929286858974359,0.5255074786324786,0.5629340277777778
P03696,female,rapid,4,2228.25,0.25,3.4375,64.0,20.192307692307693,0.057692307692307696,0.038461538461538464,18.0,2.9038461538461537,0.40384615384615385,0.5384615384615385
P03697,female,blitz,80,2312.95,0.23205128205128206,3.234837176712177,59.69022435897436,18.48669871794872,0.06354166666666668,0.031730769230769236,18.47945205479452,2.9806891025641025,0.5462339743589744,0.5368589743589743
P03697,female,bullet,20,2291.75,0.26324786324786326,3.038243145743146,58.29818376068376,18.816292735042737,0.06880341880341881,0.023344017094017094,15.894736842105264,3.154594017094017,0.5918803418803419,0.5316773504273504
P03698,female,blitz,19,2360.3684210526317,0.24291497975708504,3.300273410799727,59.68421052631579,17.437246963562753,0.08502024291497975,0.0728744939271255,21.58823529411765,2.554655870445344,0.5708502024291499,0.5789473684210527
P03698,female,bullet,6,2127.0,0.2606837606837607,3.5500000000000003,61.21916971916972,18.753968253968253,0.10256410256410257,0.05128205128205129,13.75,2.2600732600732605,0.6721611721611721,0.6294261294261294
P03698,female,rapid,67,2160.7611940298507,0.28189124308527297,3.0012649456679306,59.53241368913011,17.72339294204966,0.07791636224472046,0.03972445464982779,19.93548387096774,3.0418867202449293,0.5623154623154623,0.5562241241345719
P03699,female,blitz,65,2411.5692307692307,0.25539332462409386,3.0280658230658233,59.855710955710954,17.843181604720066,0.07034845496383958,0.027049873203719356,15.935483870967742,3.0932213086059237,0.5538333461410384,0.5504572350726197
P03699,female,bullet,34,2457.9411764705883,0.29347123464770525,2.976470588235294,61.41410795087266,18.56423723335488,0.06598793363499246,0.025075414781297135,16.6875,2.9429271708683475,0.5978237448825684,0.5799666020254255
P03699,female,rapid,1,2001.0,0.15384615384615385,2.6,62.53846153846154,20.153846153846153,0.07692307692307693,0.0,16.0,1.9230769230769231,0.46153846153846156,0.6153846153846154
P03701,female,blitz,59,1987.4406779661017,0.27686282643909765,3.495174505343997,57.72832069060883,17.64921180514401,0.0808561495002173,0.02819426336375489,18.14814814814815,2.971032686710653,0.5935703185703186,0.5432028893893301
P03701,female,rapid,41,1134.9268292682927,0.30501876172607884,2.9137049941927993,56.58226495726496,16.835631644777987,0.07914321450906817,0.023347925786950177,19.0,2.8632739212007507,0.6206952261830311,0.5903324994788409
P03703,female,blitz,94,2464.2340425531916,0.2207409611664931,3.203838330700033,58.9356940931409,17.66595000743937,0.07746615087040619,0.0458265139116203,19.185185185185187,2.8058175866686503,0.5073277786043744,0.5192754054456182
P03703,female,rapid,6,2241.6666666666665,0.2948717948717949,2.811165223665224,58.01282051282052,18.05128205128205,0.12820512820512822,0.025641025641025644,16.0,2.7820512820512824,0.6025641025641025,0.5256410256410257
P03704,female,blitz,1,2161.0,0.46153846153846156,2.3636363636363638,64.07692307692308,21.53846153846154,0.07692307692307693,0.0,11.0,2.6923076923076925,0.7692307692307693,0.9230769230769231
P03704,female,bullet,99,2041.8989898989898,0.2616679616679617,3.112464247312732,58.092061642061644,17.214526214526213,0.08725718725718727,0.05157990157990158,21.88157894736842,2.842307692307692,0.542100492100492,0.5572557072557073
P03705,female,blitz,14,1663.7142857142858,0.26932234432234436,2.8990929705215422,59.12664835164835,17.5989010989011,0.05631868131868133,0.027930402930402932,20.166666666666668,2.9407509157509155,0.6436813186813187,0.6018315018315018
P03705,female,rapid,86,1541.639534883721,0.2998709623709624,3.0814349087604898,56.56398643346317,16.885553271018388,0.0831592503104131,0.019654279828698433,16.805194805194805,3.10228408542362,0.6267176944502526,0.5470825040592483
P03707,female,blitz,51,2226.2549019607845,0.24518183341712754,3.1255708343943636,58.599715099715105,17.59581866934808,0.07088989441930618,0.05140774258421317,18.217391304347824,2.8420479302832247,0.5626780626780626,0.5069968158203453
P03707,female,bullet,41,2156.0731707317073,0.3152595372107567,2.58564565515785,57.28115488847196,16.97375442985199,0.06060037523452158,0.036481134042109654,18.58823529411765,2.8954971857410885,0.6127788200958934,0.5977069001459245
P03707,female,rapid,8,2318.0,0.3838141025641026,2.33125,57.648878205128206,16.654326923076923,0.12483974358974359,0.04423076923076923,15.8,2.41875,0.7612179487179487,0.4873397435897436
P03708,female,blitz,7,2320.714285714286,0.17582417582417584,4.060317460317461,60.75824175824176,18.032967032967033,0.05494505494505495,0.04395604395604396,20.428571428571427,3.098901098901099,0.4945054945054945,0.5054945054945055
P03708,female,bullet,53,2322.377358490566,0.29695210449927434,2.7841780860648786,56.638606676342526,16.718142235123366,0.062409288824383166,0.02902757619738752,16.62,3.030188679245283,0.5793904208998549,0.5701015965166908
P03708,female,rapid,1,1692.0,0.15384615384615385,5.333333333333333,52.46153846153846,15.384615384615385,0.0,0.0,10.0,2.8461538461538463,0.6923076923076923,0.6923076923076923
P03709,female,blitz,81,2409.8024691358023,0.25244714133603025,3.2340195909998686,58.53923202997277,17.313935721343128,0.08940545051656162,0.048470048470048474,18.690140845070424,2.9630965742076856,0.5563914823174082,0.5466748614896763
P03709,female,bullet,18,2130.0,0.2522079772079772,3.0522366522366524,58.482336182336184,17.990669515669516,0.06410256410256411,0.025641025641025644,13.0,3.000213675213675,0.5404558404558405,0.5096153846153846
P03709,female,rapid,1,2047.0,0.46153846153846156,2.0,53.92307692307692,16.384615384615383,0.0,0.0,25.0,2.4615384615384617,0.9230769230769231,0.23076923076923078
P03711,female,blitz,99,2164.949494949495,0.251040121494667,3.3644967546482696,59.01354806809352,17.846863742318288,0.09862082362082364,0.0345959595959596,19.04494382022472,2.719900049445504,0.5449177085540722,0.5431694568058204
P03711,female,rapid,1,2090.0,0.07692307692307693,4.090909090909091,60.92307692307692,18.46153846153846,0.0,0.0,28.0,3.3076923076923075,0.3076923076923077,0.6153846153846154
P03712,female,blitz,82,2656.121951219512,0.22558985729717437,3.332653897592922,58.34793052475979,17.8985360168287,0.09041588492808006,0.04332253112740918,15.657894736842104,2.7715546648473475,0.5178762294615953,0.4988657683779635
P03712,female,bullet,18,2520.1666666666665,0.25213675213675213,2.923707311207311,60.089743589743584,18.32051282051282,0.08547008547008547,0.047008547008547015,15.11111111111111,2.9145299145299144,0.5299145299145299,0.5299145299145299
P03713,female,blitz,30,2369.5333333333333,0.28615384615384615,3.280282865282865,58.672820512820515,17.972307692307695,0.038461538461538464,0.02820512820512821,18.88888888888889,2.9707692307692306,0.5661538461538461,0.5687179487179487
P03713,female,bullet,69,2352.913043478261,0.27127461910070605,3.2383932492628142,59.09782608695652,17.537904124860646,0.07144184318097362,0.03688219992567819,20.18032786885246,2.9464882943143813,0.580546265328874,0.5574136008918618
P03713,female,rapid,1,2088.0,0.15384615384615385,4.0,66.23076923076923,21.307692307692307,0.0,0.0,20.0,2.076923076923077,0.38461538461538464,0.5384615384615384
P03714,female,blitz,32,2238.53125,0.2785456730769231,2.8951808608058607,57.55258413461539,17.21424278846154,0.08563701923076923,0.038461538461538464,16.607142857142858,2.8341346153846154,0.5709134615384616,0.58203125
P03714,female,bullet,68,2026.3970588235295,0.25989304812834224,2.954850215144333,55.602392705333884,16.677046482928834,0.07692307692307693,0.0488482106129165,18.76595744680851,2.678880433292198,0.554548882490059,0.5773961332784863
P03715,female,blitz,20,2231.45,0.19923076923076924,3.3913041125541126,60.18153846153846,18.296153846153846,0.053846153846153856,0.026923076923076928,15.263157894736842,2.7615384615384615,0.4838461538461539,0.5146153846153847
P03715,female,bullet,1,1982.0,0.3076923076923077,3.0,59.92307692307692,18.76923076923077,0.3076923076923077,0.0,10.0,3.4615384615384617,0.8461538461538461,0.46153846153846156
P03717,female,blitz,16,1900.5625,0.23810096153846155,3.0196304563492062,54.979927884615385,16.421274038461537,0.028846153846153848,0.04146634615384616,16.785714285714285,2.9766826923076923,0.5673076923076923,0.5543269230769231
P03717,female,bullet,32,1859.84375,0.29280094905094906,2.9394345238095236,59.07626748251748,18.315684315684315,0.06971153846153846,0.03125,21.807692307692307,2.914491758241758,0.6210352147852148,0.5348089410589411
P03717,female,rapid,11,1621.7272727272727,0.27884615384615385,2.522907647907648,54.26748251748252,16.719405594405597,0.02534965034965035,0.0,26.375,2.832167832167832,0.6136363636363636,0.5629370629370629
P03718,female,blitz,1,1745.0,0.23076923076923078,3.6,64.38461538461539,18.0,0.07692307692307693,0.07692307692307693,13.0,3.1538461538461537,0.46153846153846156,0.46153846153846156
P03718,female,bullet,99,1498.5050505050506,0.30362905893208925,3.0362750885478156,58.13991620052226,17.331356298022964,0.08607441940775273,0.03997237330570664,18.925531914893618,3.082709658467234,0.6039011773860259,0.5782474540050297
P03719,female,blitz,100,2051.83,0.26561249861249864,3.063558441558442,58.7326726051726,17.213409396159395,0.09401048951048951,0.04100122100122101,15.543478260869565,3.136063131313131,0.6139976412476412,0.566691058941059
P03720,female,blitz,12,1217.0833333333333,0.3653846153846154,2.4790674603174603,54.67307692307693,16.51282051282051,0.07051282051282053,0.032051282051282055,16.454545454545453,2.9166666666666665,0.6474358974358975,0.6153846153846154
P03720,female,rapid,8,1471.875,0.25,2.8505605505605507,58.17307692307692,17.240384615384617,0.08653846153846154,0.028846153846153848,18.375,3.3269230769230766,0.6153846153846154,0.5384615384615384
P03721,female,blitz,95,2458.1684210526314,0.2873430662904347,3.0464732635785263,57.65134666503088,17.39847053531264,0.07530119003803214,0.02965689281478755,18.4375,2.9910350468245204,0.6167652230810126,0.5681756839651576
P03721,female,rapid,5,2277.2,0.3076923076923077,2.8040909090909087,55.2,16.230769230769234,0.09230769230769231,0.07692307692307693,14.8,3.0307692307692307,0.5846153846153845,0.6
P03722,female,bullet,47,2008.9787234042553,0.30297698755145563,3.045519019987105,57.65826141943163,17.278989981649556,0.0843835242771413,0.015752864157119476,19.071428571428573,3.092134107027724,0.6115942568070227,0.5921217080791549
P03722,female,rapid,25,1840.72,0.26076923076923075,3.9004136974136974,62.17219114219114,18.7781351981352,0.06850815850815851,0.027692307692307693,16.363636363636363,3.2113986013986016,0.54988344988345,0.4810722610722611
P03723,female,blitz,45,1942.0666666666666,0.287956487956488,3.099295272628606,58.01010101010101,17.24320124320124,0.07381507381507381,0.027661227661227663,15.80952380952381,3.133954933954934,0.6104118104118105,0.5496503496503496
P03723,female,rapid,12,1288.5,0.3108974358974359,2.6998677248677247,59.67820512820513,18.537820512820513,0.046794871794871795,0.019230769230769232,24.363636363636363,2.6487179487179486,0.6166666666666667,0.666025641025641
P03724,female,blitz,86,1074.0,0.33034442947233644,2.8866829552876068,56.58386245537408,16.818953688430433,0.06218836073487236,0.028622540250447227,20.553846153846155,2.7498124937078425,0.6319821328542259,0.6350413475413476
P03724,female,rapid,14,1063.2142857142858,0.2692307692307693,2.6685425685425685,53.5782967032967,16.142857142857142,0.07829670329670331,0.027472527472527476,14.153846153846153,2.8406593406593403,0.6195054945054945,0.6593406593406594
P03725,female,rapid,100,1738.15,0.30304717504717504,2.717365800865801,57.52885495060495,17.438929265179265,0.06568453768453769,0.019852369852369853,15.042105263157895,2.910581252081252,0.6118124930624931,0.575993894993895
P03726,female,bullet,100,2366.31,0.2503609168609169,3.0673378843378845,59.10164160839161,17.676422688422686,0.04977661227661228,0.03111111111111111,17.096774193548388,2.88305574980575,0.5680365190365191,0.5655724553224553
P03727,female,blitz,58,1978.7758620689656,0.25846280156624984,3.218383340797134,58.09340659340659,17.309599595806493,0.09071618037135279,0.05061892130857649,22.88,2.743368700265252,0.5508968043450803,0.5614058355437666
P03727,female,bullet,42,1765.0714285714287,0.25543345543345547,3.0281362156362155,59.09322344322344,17.566178266178266,0.08882783882783883,0.031135531135531136,20.775,2.8565934065934067,0.54993894993895,0.5078144078144078
P03728,female,blitz,2,1995.5,0.23076923076923078,3.0555555555555554,59.46153846153846,18.076923076923077,0.038461538461538464,0.0,12.0,3.8076923076923075,0.6923076923076923,0.6153846153846154
P03728,female,bullet,69,1897.0144927536232,0.24578999905086862,3.341067507371855,59.482830293699855,18.172092038396386,0.08701986419377725,0.03860089186176143,15.65625,3.091292403248925,0.5635518265953048,0.5409013691622387
P03728,female,rapid,1,1889.0,0.5,3.0,59.0,16.5,0.25,0.25,13.0,4.0,0.5,0.5
P03729,female,blitz,37,2102.5135135135133,0.26329076329076334,3.0883277383277385,59.52086427086427,18.40270765270765,0.06615681615681616,0.020493020493020493,13.514285714285714,3.1641421641421643,0.5453667953667953,0.5580883080883081
P03729,female,bullet,22,2145.3636363636365,0.3181818181818182,2.875906795224977,57.91958041958042,17.223776223776223,0.06993006993006994,0.02447552447552448,13.545454545454545,3.1223776223776225,0.6013986013986015,0.5699300699300699
P03730,female,bullet,100,2464.61,0.2607575757575758,2.8221780996780996,56.758502331002326,17.165477855477853,0.06398601398601399,0.03384615384615385,16.61627906976744,3.0000641025641026,0.5556934731934732,0.5664510489510489
P03731,female,blitz,2,1563.0,0.19230769230769232,3.642857142857143,63.96153846153846,20.153846153846153,0.07692307692307693,0.038461538461538464,18.0,3.0769230769230766,0.5769230769230769,0.5384615384615385
P03731,female,bullet,97,1467.1443298969073,0.2840999206978589,2.9799658531617297,57.81155167856199,17.22611683848797,0.07546920433518373,0.035685963521015066,20.0,3.054639175257732,0.6009251916468411,0.5583135077980439
P03731,female,rapid,1,1751.0,0.0,3.4,50.61538461538461,15.076923076923077,0.07692307692307693,0.0,26.0,3.1538461538461537,0.23076923076923078,0.38461538461538464
P03732,female,blitz,50,2217.1,0.2768857808857809,3.3838968253968256,59.11588111888111,17.9563986013986,0.07517715617715619,0.03705128205128205,16.958333333333332,3.0897435897435894,0.60497668997669,0.4915780885780886
P03732,female,rapid,8,2140.0,0.3146853146853147,3.110678210678211,57.25524475524475,17.3513986013986,0.06118881118881119,0.0,16.875,2.923076923076923,0.638986013986014,0.6756993006993007
P03733,female,blitz,1,1535.0,0.15384615384615385,2.75,68.46153846153847,20.76923076923077,0.15384615384615385,0.07692307692307693,19.0,3.5384615384615383,0.38461538461538464,0.5384615384615384
P03733,female,rapid,21,1659.2857142857142,0.26512006512006514,3.457385075242218,59.13056573056573,17.493691493691493,0.045584045584045586,0.029304029304029304,16.894736842105264,2.993894993894994,0.5385429385429386,0.54000814000814
P03734,female,blitz,66,2008.409090909091,0.24969685196957925,3.12817624294897,60.26201996656542,17.852231522686065,0.09324009324009325,0.04014504014504015,19.62,2.9125874125874125,0.5596436391890938,0.5543017588472134
P03734,female,rapid,4,2083.5,0.25,3.863095238095238,61.230769230769226,18.51923076923077,0.038461538461538464,0.019230769230769232,26.0,2.826923076923077,0.4807692307692308,0.5192307692307693
P03735,female,blitz,92,1903.6739130434783,0.2756443435791262,2.9066887822322607,56.93557028720072,16.581540319583798,0.07410150236237194,0.03530286138981791,16.481927710843372,2.8238506662419702,0.5947118702553486,0.56037585602803
P03735,female,bullet,8,1801.25,0.32255244755244755,2.3530844155844157,54.51311188811189,15.027097902097903,0.04807692307692308,0.019230769230769232,18.75,3.1433566433566433,0.6276223776223776,0.5472027972027972
P03737,female,blitz,27,2195.0,0.23967452300785635,3.166328630217519,59.80839592506259,18.23127428127428,0.09425451092117759,0.04843304843304844,19.96,2.8899421566088233,0.5468358801692135,0.5154450487783822
P03737,female,bullet,70,1943.8285714285714,0.24102564102564103,3.528111729540301,59.72860805860806,18.021547619047617,0.06772893772893773,0.031877289377289376,19.451612903225808,2.933434065934066,0.5444322344322344,0.533937728937729
P03737,female,rapid,3,2156.6666666666665,0.2871794871794872,2.793650793650794,58.853846153846156,18.74358974358974,0.0,0.025641025641025644,13.333333333333334,2.5512820512820515,0.6410256410256411,0.4512820512820513
P03738,female,blitz,15,1596.0,0.2861050061050061,2.578941798941799,58.38135938135938,18.312218152218154,0.13282865282865283,0.040293040293040296,16.083333333333332,2.3301912901912902,0.5972812372812373,0.532063492063492
P03740,female,blitz,1,1899.0,0.42857142857142855,4.5,65.85714285714286,19.428571428571427,0.0,0.0,,1.5714285714285714,0.5714285714285714,0.42857142857142855
P03740,female,rapid,5,1979.6,0.27692307692307694,3.3300366300366298,58.38461538461538,17.70769230769231,0.06153846153846154,0.03076923076923077,18.0,3.0923076923076924,0.5230769230769231,0.6
P03741,female,blitz,70,2031.9142857142858,0.21891798677512964,3.311132756132756,60.0748852338138,17.803551210694067,0.07687728937728938,0.03605144855144855,24.80701754385965,2.6969013129727415,0.5081686170971885,0.5614355882213025
P03741,female,bullet,30,1808.0,0.27403846153846156,2.754431216931217,58.73461538461538,17.216666666666665,0.12307692307692308,0.07435897435897436,27.952380952380953,2.3490384615384614,0.5557692307692308,0.5336538461538461
P03742,female,blitz,10,2256.3,0.20923076923076925,3.180378787878788,59.10923076923077,17.64777777777778,0.0641025641025641,0.06068376068376069,20.125,2.704102564102564,0.47752136752136753,0.5744444444444444
P03742,female,bullet,90,2240.988888888889,0.2494245877579211,3.083063077082685,59.072775187775186,17.57768669602003,0.09330829664162997,0.04816109816109816,20.25925925925926,2.8696127946127943,0.5540801174134508,0.568627730294397
P03743,female,blitz,100,1793.97,0.23135492285492287,3.4751410533910536,59.74918431568432,17.63284648684649,0.0602083472083472,0.03770634920634921,20.078651685393258,3.310198495948496,0.5314298201798202,0.5491023976023977
P03744,female,blitz,100,2050.47,0.27727075702075704,3.073489538239538,56.867143467643466,16.988534493284494,0.08403235653235655,0.04761660561660561,19.13953488372093,2.6702774725274723,0.6074420024420024,0.5740616605616605
P03745,female,blitz,13,2466.923076923077,0.27933925049309666,3.522064473987551,60.16789940828402,18.198471400394478,0.131163708086785,0.05325443786982249,20.363636363636363,3.29215976331361,0.5840729783037475,0.5495562130177515
P03745,female,bullet,37,2341.675675675676,0.28283878283878283,2.9766068016068017,58.75466200466201,17.489526239526242,0.09973697473697474,0.05422730422730423,14.970588235294118,3.153058653058653,0.6008237258237259,0.539020664020664
P03745,female,rapid,3,2094.0,0.2014652014652015,2.8666666666666667,56.146520146520146,17.333333333333332,0.025641025641025644,0.025641025641025644,29.0,2.2564102564102564,0.5714285714285715,0.4542124542124542
P03746,female,blitz,97,2454.340206185567,0.2370661984064046,3.660841510924895,58.13058419243987,17.487103961330767,0.06423473433782712,0.04039688833503267,19.29032258064516,3.0650466372115854,0.5153034250972395,0.5262641138929799
P03746,female,bullet,2,2549.5,0.23076923076923078,4.821428571428571,57.57692307692308,18.115384615384613,0.11538461538461539,0.0,13.5,3.230769230769231,0.6153846153846154,0.6153846153846154
P03748,female,blitz,100,2403.9,0.2516121378621379,3.2422164363414363,58.55593045843046,17.313303085803085,0.06831959706959707,0.03183455433455434,17.8953488372093,3.0709759684759685,0.5505812243312244,0.5765874403374404
P03750,female,blitz,9,1747.5555555555557,0.3084693084693085,2.9783549783549783,54.94871794871795,16.15850815850816,0.035742035742035744,0.042735042735042736,15.6,2.752136752136752,0.6363636363636364,0.6006216006216006
P03750,female,bullet,91,1662.1758241758241,0.2678024661541145,2.7894294655283667,55.33234814635914,16.81150927826752,0.08237766506997277,0.05740584202122664,16.727272727272727,2.845872412081204,0.5809547290316521,0.5692680030592118
P03751,female,blitz,38,1218.6052631578948,0.2938002056423109,3.3085858585858587,56.47497750787225,16.812155388471176,0.08110982584666795,0.05060728744939271,22.0,2.9329204421309685,0.5889097744360903,0.5921743461217146
P03751,female,rapid,40,1193.825,0.2944114219114219,2.8659235209235208,54.759364801864805,16.17196386946387,0.06951631701631703,0.027272727272727275,21.696969696969695,3.0609003496503497,0.6149417249417249,0.6064189976689977
P03752,female,blitz,38,2194.2105263157896,0.25792847503373817,3.0566264145211512,57.12921727395411,17.217442645074225,0.038461538461538464,0.032388663967611336,16.176470588235293,3.036774628879892,0.532051282051282,0.560391363022942
P03752,female,bullet,5,1945.2,0.24615384615384617,2.978333333333333,56.76923076923076,16.30769230769231,0.015384615384615385,0.015384615384615385,18.5,2.8,0.5538461538461539,0.5538461538461539
P03753,female,rapid,100,2069.66,0.2449685592185592,3.47975974025974,58.59917765567766,17.40958547008547,0.04966575091575092,0.026153846153846153,22.268817204301076,2.7887264957264954,0.5208299755799756,0.5091257631257631
P03754,female,blitz,80,2205.05,0.22206439393939395,3.3916592516960167,57.979071969696975,17.793808275058275,0.04711538461538462,0.027083333333333338,17.318840579710145,2.815104166666667,0.5260890151515152,0.559451486013986
P03754,female,bullet,2,2139.5,0.23076923076923078,2.508928571428571,49.92307692307692,14.923076923076923,0.038461538461538464,0.038461538461538464,20.5,3.0,0.38461538461538464,0.6923076923076923
P03754,female,rapid,18,2049.6666666666665,0.2321937321937322,3.4021285450207017,60.645477207977216,17.92681623931624,0.08155270655270656,0.030270655270655273,22.5,2.961360398860399,0.48450854700854706,0.4921652421652422
P03756,female,blitz,99,2158.6969696969695,0.26721863994591266,2.910172066990249,58.17412721958176,17.776885740522104,0.06094040639495185,0.022662522662522663,16.96629213483146,2.723107195834469,0.5685062412335139,0.5705008795917887
P03756,female,bullet,1,1898.0,0.3076923076923077,3.0,65.07692307692308,17.923076923076923,0.07692307692307693,0.0,17.0,3.923076923076923,0.5384615384615384,0.7692307692307693
P03757,female,blitz,97,2389.59793814433,0.27484800422944755,2.8753708490821897,57.56004433710619,17.272489967077597,0.09860199937519525,0.040510177108115254,15.511627906976743,3.078848556941341,0.5852858481724461,0.5843936990844207
P03757,female,bullet,3,2237.6666666666665,0.25641025641025644,2.5317460317460316,62.692307692307686,18.17948717948718,0.05128205128205129,0.0,16.0,3.41025641025641,0.5641025641025641,0.5897435897435898
P03758,female,blitz,89,2690.2921348314608,0.24122731201382888,3.0673587492407717,59.95834053586863,17.708729472774415,0.07718236819360415,0.05038893690579084,17.702380952380953,3.104148660328436,0.5260155574762316,0.5375108038029386
P03758,female,bullet,11,2493.5454545454545,0.2048951048951049,3.0386363636363636,61.25454545454545,18.045454545454547,0.04895104895104896,0.04895104895104896,15.0,3.383916083916084,0.4797202797202797,0.49090909090909096
P03759,female,blitz,9,1350.5555555555557,0.34382284382284384,2.941666666666667,58.084693084693086,17.066822066822066,0.09557109557109558,0.042735042735042736,18.0,2.941983941983942,0.6162911162911163,0.5909090909090909
P03759,female,rapid,14,1237.0714285714287,0.3131214024071167,2.5671021438878583,53.50686813186813,16.431972789115644,0.06043956043956045,0.04395604395604396,19.818181818181817,2.624672946101518,0.608843537414966,0.6061616954474098
P03760,female,blitz,86,2234.3837209302324,0.29025770740887025,2.8972089441566187,57.488661048254066,16.993445507980393,0.07085937318495458,0.03504634899983738,15.395061728395062,3.1160031828636483,0.6198322026810399,0.5714663243733011
P03760,female,bullet,1,2151.0,0.23076923076923078,3.0,58.38461538461539,19.0,0.07692307692307693,0.07692307692307693,13.0,2.3076923076923075,0.6153846153846154,0.5384615384615384
P03760,female,rapid,1,2106.0,0.5833333333333334,4.0,54.416666666666664,16.166666666666668,0.0,0.0,10.0,2.4166666666666665,0.8333333333333334,0.6666666666666666
P03762,female,blitz,2,2135.5,0.2692307692307693,2.416666666666667,52.96153846153847,15.807692307692307,0.07692307692307693,0.0,22.5,1.8461538461538463,0.5,0.5384615384615385
P03763,female,bullet,26,1919.7692307692307,0.3076923076923077,3.0800994945225715,57.22485207100591,17.189349112426036,0.07692307692307693,0.026627218934911243,21.807692307692307,2.834319526627219,0.591715976331361,0.5591715976331361
P03764,female,blitz,13,2346.4615384615386,0.2366863905325444,2.531581666197051,55.1715976331361,15.91715976331361,0.06508875739644972,0.02958579881656805,24.454545454545453,3.100591715976331,0.5739644970414202,0.562130177514793
P03764,female,bullet,87,2474.770114942529,0.29492270181925356,2.870410017823811,58.53719824237066,17.90260161294644,0.0821798890764408,0.03621895346033277,20.390625,2.7202288133322616,0.5911127186989257,0.5667416874313426
P03766,female,blitz,100,2395.63,0.2761752136752137,3.2230215895215895,57.26077991452991,17.415224358974356,0.07384615384615385,0.025384615384615387,19.77906976744186,2.9193589743589747,0.567724358974359,0.5891773504273504
P03767,female,blitz,9,2404.0,0.2905982905982906,3.123015873015873,58.7008547008547,17.025641025641026,0.06837606837606838,0.017094017094017096,17.666666666666668,3.376068376068376,0.5470085470085471,0.5470085470085471
P03767,female,bullet,91,2243.3076923076924,0.29577235950862324,2.7857856429285,57.83862181774269,17.7269302126445,0.08200700398502596,0.030563941552952546,11.813953488372093,3.1739820618941494,0.6168403025545883,0.5768242746264725
P03768,female,blitz,100,2317.86,0.23443376068376068,3.286134018759019,59.55306623931624,18.067970085470087,0.08521367521367522,0.03634615384615385,19.488372093023255,2.9526495726495727,0.5389850427350428,0.5446581196581196
P03774,female,blitz,68,1932.5588235294117,0.25530853949971594,3.076927361853832,59.15673786997316,18.299238506591447,0.04763214726450021,0.023755656108597284,17.548387096774192,2.8174336692719044,0.5616230583142349,0.5396019421754716
P03774,female,bullet,20,1814.0,0.23173076923076924,3.600833333333333,58.111538461538466,17.828846153846154,0.06730769230769232,0.03942307692307693,18.555555555555557,2.798076923076923,0.49423076923076925,0.5125
P03774,female,rapid,12,2044.6666666666667,0.2692307692307692,2.6313161375661376,57.083333333333336,17.935897435897434,0.06410256410256411,0.006410256410256411,19.90909090909091,2.8269230769230766,0.5384615384615384,0.532051282051282
P03775,female,blitz,70,2155.542857142857,0.2498796441653585,3.04914454593026,59.73308041165184,17.561909994767138,0.09851037851037851,0.03802197802197803,19.015625,2.9625850340136055,0.5694610151753009,0.568201639630211
P03775,female,bullet,30,1949.2333333333333,0.23084045584045584,2.87978021978022,58.46467236467236,17.268162393162395,0.09387464387464388,0.028418803418803422,18.814814814814813,2.902065527065527,0.5864672364672364,0.5896723646723647
P03776,female,blitz,4,1959.75,0.2884615384615385,2.968521062271062,61.94230769230769,18.653846153846153,0.15384615384615385,0.057692307692307696,10.75,2.6923076923076925,0.576923076923077,0.5576923076923077
P03776,female,bullet,3,1901.0,0.2820512820512821,3.1031746031746033,62.743589743589745,19.307692307692307,0.12820512820512822,0.05128205128205129,12.333333333333334,3.307692307692308,0.6153846153846154,0.4358974358974359
P03776,female,rapid,26,2020.1923076923076,0.23415046491969568,3.2603114833884064,59.765426880811496,18.244575936883628,0.06720202874049028,0.026627218934911243,12.153846153846153,3.456043956043956,0.5300084530853761,0.4830938292476754
