player_id,gender,title,elo_band,player_mean_elo,time_category,n_games,avg_elo,exchange_rate,tension_duration,avg_mobility,center_control_score,advanced_pawn_push_rate,pawn_storm_indicator,castling_ply,king_shelter_score,forcing_move_rate,reactive_move_rate
P00002,male,IM,2500+,3070.0,blitz,84,3112.154761904762,0.1776556776556776,3.79823113394542,60.29029304029304,18.32600732600733,0.057692307692307675,0.03205128205128204,19.602564102564102,2.684065934065934,0.4716117216117216,0.5274725274725275
P00002,male,IM,2500+,3070.0,bullet,7,3175.5714285714284,0.2912087912087912,2.919882498453927,54.353846153846156,16.77802197802198,0.032967032967032954,0.021978021978021973,23.6,2.3868131868131863,0.4989010989010989,0.5538461538461539
P00002,male,IM,2500+,3070.0,rapid,9,2594.8888888888887,0.27117327117327117,3.542087542087542,62.23076923076923,19.360528360528363,0.06293706293706292,0.0,14.0,3.2121212121212124,0.560994560994561,0.4724164724164724
P00014,male,FM,2000-2499,2444.9,blitz,3,2597.6666666666665,0.3162393162393162,2.4518518518518517,56.88034188034188,15.826210826210826,0.025641025641025633,0.025641025641025633,20.0,2.715099715099715,0.6068376068376068,0.6210826210826211
P00014,male,FM,2000-2499,2444.9,bullet,88,2480.8295454545455,0.2839509606555061,2.754682375705103,53.373788364413365,16.25931044965136,0.07910508052553505,0.030744508017235283,16.06153846153846,2.7406556827011372,0.5853401648856195,0.5962980201616565
P00014,male,FM,2000-2499,2444.9,rapid,9,2042.4444444444443,0.3333333333333333,2.8808154645873945,61.888888888888886,19.162393162393162,0.0769230769230769,0.01709401709401709,21.444444444444443,3.042735042735043,0.5726495726495726,0.5213675213675213
P00016,male,IM,2500+,2993.9,blitz,100,2993.91,0.26371367521367517,3.26684638972139,57.18113247863248,17.229649572649574,0.06119230769230768,0.02792307692307691,17.83695652173913,2.924,0.5320982905982906,0.5489871794871795
P00021,male,CM,1500-1999,1833.1,blitz,14,1833.142857142857,0.27930402930402926,3.0517573696145126,59.39331501831502,18.141025641025642,0.10439560439560437,0.02793040293040292,16.923076923076923,2.672161172161172,0.6066849816849818,0.5668498168498168
P00023,male,CM,2000-2499,2152.0,blitz,21,2281.2380952380954,0.28083028083028083,2.894331065759637,58.573565323565326,17.666666666666668,0.0882173382173382,0.029304029304029294,14.333333333333334,2.8574481074481075,0.5723443223443224,0.561050061050061
P00023,male,CM,2000-2499,2152.0,bullet,79,2117.6582278481014,0.2826527199944921,2.5618508776736624,56.7324151938076,16.765614764981855,0.10399221032132422,0.04965920155793572,16.4,2.954226294099712,0.5860833259567436,0.5626233119904006
P00024,male,CM,2000-2499,2007.1,blitz,100,2007.14,0.260255994005994,3.217215118215118,59.896669580419584,18.014981240981243,0.07964205239205238,0.031879231879231876,21.275,2.8913276445776446,0.5269855144855145,0.5114811022311022
P00027,male,FM,2500+,2697.4,blitz,18,2567.222222222222,0.27678062678062676,3.2527056277056277,56.7190170940171,17.369729344729347,0.07264957264957264,0.0388176638176638,15.5625,2.9968660968660967,0.6324074074074074,0.5485042735042734
P00027,male,FM,2500+,2697.4,bullet,80,2738.925,0.25310897435897434,3.161650398212898,57.59971153846154,16.940384615384616,0.08643162393162392,0.0518162393162393,12.464788732394366,3.1348076923076924,0.5630555555555555,0.5089636752136751
P00027,male,FM,2500+,2697.4,rapid,2,2210.0,0.17788461538461536,2.1666666666666665,56.43269230769231,15.024038461538462,0.10096153846153845,0.10096153846153845,,1.0769230769230766,0.5192307692307692,0.4567307692307692
P00028,male,GM,2500+,2911.6,blitz,13,2921.4615384615386,0.26035502958579876,3.071900321900322,57.822485207100584,17.727810650887573,0.041420118343195256,0.04733727810650886,17.9,2.8875739644970415,0.5207100591715976,0.5207100591715976
P00028,male,GM,2500+,2911.6,bullet,87,2910.1494252873563,0.23315649867374003,3.368070594794733,57.73715001473622,17.61133952254642,0.053050397877984067,0.033598585322723244,15.544303797468354,3.171080165045682,0.5266357206012379,0.508193339227822
P00038,male,FM,2500+,2664.5,blitz,97,2669.4742268041236,0.28725930426961355,3.0453438600345817,57.67297753792599,17.480138675757235,0.08157186456155527,0.03605604017975151,20.5974025974026,2.8010563319841673,0.5803617344854458,0.6096088619284495
P00038,male,FM,2500+,2664.5,bullet,3,2503.0,0.3479853479853479,2.3425925925925926,52.857142857142854,15.688644688644688,0.051282051282051266,0.025641025641025633,24.0,2.501831501831502,0.619047619047619,0.6923076923076922
P00043,male,FM,2000-2499,2495.9,blitz,79,2510.3797468354433,0.240506329113924,3.086472853336611,58.40895813047712,17.62414800389484,0.08179162609542354,0.03602726387536513,13.716216216216216,3.1314508276533592,0.578383641674781,0.5452775073028238
P00043,male,FM,2000-2499,2495.9,bullet,21,2441.5238095238096,0.30769230769230765,2.402250395107538,55.15750915750916,16.813186813186814,0.08791208791208789,0.0476190476190476,19.473684210526315,2.8827838827838828,0.6263736263736264,0.6043956043956045
P00047,male,IM,2500+,2870.2,blitz,100,2870.17,0.25029181929181926,3.1487016259883904,58.60631868131868,17.765777167277168,0.08320207570207568,0.03564102564102563,20.72222222222222,2.9594957264957262,0.5320989010989011,0.5483431013431014
P00052,male,GM,2500+,2829.3,blitz,39,2929.230769230769,0.23781346858269933,3.266963663117509,61.45703014933784,18.477599323753168,0.08847562693716537,0.03155818540433924,19.41176470588235,2.741617357001972,0.5621301775147929,0.5190194420963652
P00052,male,GM,2500+,2829.3,bullet,45,2888.3333333333335,0.26533713200379866,2.950696006970517,59.152326685660015,17.80588793922127,0.0957264957264957,0.034947768281101604,16.906976744186046,2.9029439696106363,0.5865147198480531,0.5530864197530865
P00052,male,GM,2500+,2829.3,rapid,16,2419.6875,0.21153846153846148,3.788113275613276,59.49519230769231,17.79326923076923,0.05288461538461537,0.03846153846153845,21.0,2.9951923076923075,0.548076923076923,0.5625
P00062,male,FM,2000-2499,2279.8,blitz,2,1955.5,0.30769230769230765,1.8416666666666666,62.57692307692307,17.846153846153847,0.1538461538461538,0.0769230769230769,17.0,2.346153846153846,0.7307692307692308,0.5384615384615384
P00062,male,FM,2000-2499,2279.8,bullet,98,2286.4489795918366,0.24476495726495726,3.031449332979945,57.60645292915701,17.25530979791184,0.08853349031920459,0.023547880690737828,19.344827586206897,2.639780967331988,0.57245022551145,0.5367200543220951
P00066,male,CM,2500+,2663.1,blitz,26,2519.653846153846,0.3195266272189349,2.6328546453546453,53.15976331360947,15.869822485207102,0.07988165680473372,0.04733727810650886,15.625,2.9526627218934913,0.621301775147929,0.6035502958579881
P00066,male,CM,2500+,2663.1,bullet,74,2713.4864864864867,0.3389495264495265,2.9239338364338368,56.11908061908062,17.124725687225688,0.058284245784245764,0.033726033726033715,15.521739130434783,3.1672730422730426,0.6405925155925156,0.5841707091707091
P00077,male,FM,2000-2499,2222.7,blitz,98,2224.612244897959,0.2692297498419947,3.014212643932032,58.65964732546365,17.78882885821661,0.08202200294037026,0.04852924852924851,19.98701298701299,2.7092344163772735,0.5379018373916333,0.5357166076553832
P00077,male,FM,2000-2499,2222.7,bullet,2,2130.0,0.2307692307692307,2.7803030303030303,53.38461538461539,16.5,0.11538461538461535,0.11538461538461535,41.0,2.4230769230769234,0.3846153846153846,0.423076923076923
P00079,male,FM,2500+,2714.4,blitz,95,2727.5052631578947,0.2770894894579105,3.005520181572813,59.029070841439264,17.726291690765375,0.09474113605692551,0.03677462887989203,12.71264367816092,3.1085222672064776,0.5731343218185323,0.5505623324044376
P00079,male,FM,2500+,2714.4,bullet,4,2491.75,0.32692307692307687,2.4404761904761907,56.21153846153846,17.057692307692307,0.057692307692307675,0.019230769230769225,13.25,3.1923076923076925,0.6346153846153846,0.6923076923076923
P00079,male,FM,2500+,2714.4,rapid,1,2358.0,0.25,2.0,60.0,15.75,0.25,0.0,7.0,4.0,0.75,0.5
P00084,male,FM,2000-2499,2436.8,blitz,23,2679.521739130435,0.25418060200668896,2.680327643371122,58.080267558528426,17.183946488294314,0.07357859531772573,0.036789297658862866,19.1,2.8963210702341136,0.5785953177257526,0.5752508361204014
P00084,male,FM,2000-2499,2436.8,bullet,77,2364.285714285714,0.2708291708291708,2.7151431880232493,56.314835164835166,16.666033966033964,0.0712287712287712,0.034965034965034954,19.44776119402985,3.0145854145854147,0.5668831168831169,0.5729270729270729
P00088,male,IM,2000-2499,2467.0,blitz,96,2467.53125,0.28478697228697225,3.0180620016557516,57.674922299922294,17.414934602434602,0.09694703444703441,0.04487179487179486,19.333333333333332,2.7497086247086244,0.5844421781921781,0.5785418285418286
P00088,male,IM,2000-2499,2467.0,bullet,3,2606.3333333333335,0.2051282051282051,4.5,60.333333333333336,18.17948717948718,0.051282051282051266,0.051282051282051266,13.666666666666666,3.102564102564102,0.5384615384615384,0.35897435897435886
P00088,male,IM,2000-2499,2467.0,rapid,1,2002.0,0.2857142857142857,3.3333333333333335,60.0,16.142857142857142,0.1428571428571428,0.1428571428571428,14.0,4.0,0.7142857142857143,0.2857142857142857
P00089,male,IM,2000-2499,2487.6,blitz,69,2508.2028985507245,0.2658398364920104,3.1515572993833865,57.935154217762914,17.658816425120772,0.0800353028613898,0.041341508732813066,19.842105263157894,2.931716833890747,0.5605722779635823,0.552396878483835
P00089,male,IM,2000-2499,2487.6,bullet,31,2441.8387096774195,0.2601116625310173,3.1657469243807004,58.04249379652605,17.7691894127378,0.04735318444995863,0.034946236559139775,16.035714285714285,3.0551075268817205,0.5330438378825476,0.5899917287014061
P00101,male,FM,2000-2499,2481.9,bullet,98,2483.469387755102,0.2691425354690661,3.025893041199164,58.75001860384514,17.764201473130043,0.10677205447613608,0.05023547880690736,14.9,3.072187676269309,0.6114554946187599,0.552584745186786
P00101,male,FM,2000-2499,2481.9,rapid,2,2405.5,0.46969696969696967,2.5,63.62121212121212,21.0,0.0,0.0,15.0,4.090909090909091,0.8636363636363636,0.3939393939393939
P00114,male,CM,1500-1999,1864.5,blitz,12,1925.5,0.29423076923076924,3.713756613756614,57.17916666666667,17.757692307692306,0.025641025641025633,0.019230769230769225,16.4,2.966025641025641,0.6150641025641026,0.5836538461538462
P00114,male,CM,1500-1999,1864.5,bullet,62,1857.1451612903227,0.2481251723187207,3.074782386072709,58.64165977391784,17.38908188585608,0.04993796526054589,0.01871381306865177,18.527272727272727,3.0433071408877863,0.5843258891645988,0.5611524676040806
P00114,male,CM,1500-1999,1864.5,rapid,26,1854.076923076923,0.2110453648915187,3.537259962259962,58.723865877712036,17.7534516765286,0.053254437869822466,0.029585798816568035,18.545454545454547,2.8017751479289945,0.5581854043392505,0.5187376725838264
P00124,male,IM,2500+,2622.3,blitz,96,2623.3645833333335,0.269397702991453,3.204070770086395,57.87226673789174,17.475825765669516,0.07896634615384614,0.0340099715099715,17.58139534883721,2.962867254273504,0.5761640847578348,0.5650017806267806
P00124,male,IM,2500+,2622.3,bullet,4,2596.25,0.23397435897435895,2.648106060606061,52.690705128205124,14.288461538461538,0.0,0.019230769230769225,21.666666666666668,2.7371794871794872,0.48878205128205127,0.6474358974358975
P00125,male,FM,2500+,2781.9,blitz,5,2794.4,0.19999999999999996,4.153571428571429,58.33846153846154,18.246153846153845,0.04615384615384614,0.04615384615384614,12.0,3.492307692307693,0.3692307692307692,0.43076923076923074
P00125,male,FM,2500+,2781.9,bullet,95,2781.294736842105,0.2763382816014395,2.8526555316029,58.18332208726946,18.005847953216374,0.06756635177687807,0.030026990553306335,13.088888888888889,3.254498425551057,0.5660031488978857,0.5295883940620782
P00126,male,CM,2000-2499,2305.5,blitz,39,2417.358974358974,0.26083211660134736,3.2341279091279094,57.7318696261004,17.31946045407584,0.08610406687329762,0.04355687047994739,15.53125,2.9943475328090714,0.5559237770776233,0.5190642690642691
P00126,male,CM,2000-2499,2305.5,bullet,61,2234.0491803278687,0.2539349994268027,2.8967618902045134,57.27466181359624,16.794867018227674,0.09179754671557948,0.04436547059497878,17.735849056603772,2.9950705032672245,0.5678579617104207,0.5222171271351599
P00135,male,FM,2000-2499,2455.0,blitz,96,2477.625,0.2542273698523698,3.1333577013264513,56.46460033022533,16.543394886363636,0.0511739996114996,0.01777389277389277,23.376470588235293,3.102159212315462,0.5672724844599845,0.5563325563325563
P00135,male,FM,2000-2499,2455.0,bullet,4,1911.5,0.24999999999999994,4.517857142857142,50.980769230769226,15.21153846153846,0.0,0.019230769230769225,27.5,2.8846153846153846,0.5961538461538461,0.6730769230769231
P00136,male,IM,2000-2499,2266.0,blitz,36,2292.5833333333335,0.2619301994301994,3.613554809388143,59.61390075973409,17.808345204178536,0.08428300094966759,0.02136752136752136,15.114285714285714,2.9722222222222223,0.5656457739791073,0.5140669515669516
P00136,male,IM,2000-2499,2266.0,bullet,2,1920.0,0.2307692307692307,1.3666666666666667,53.65384615384615,16.192307692307693,0.0769230769230769,0.03846153846153845,13.0,3.1153846153846154,0.5384615384615384,0.5769230769230769
P00136,male,IM,2000-2499,2266.0,rapid,1,2000.0,0.5384615384615384,2.1666666666666665,56.61538461538461,16.76923076923077,0.0769230769230769,0.0,11.0,2.6923076923076925,0.9230769230769232,0.5384615384615384
P00166,male,GM,2500+,2948.3,blitz,90,2954.222222222222,0.2393162393162393,3.21027680027422,59.84444444444444,18.10940170940171,0.06410256410256408,0.026495726495726485,19.5,2.8871794871794876,0.5264957264957265,0.5076923076923077
P00166,male,GM,2500+,2948.3,bullet,10,2895.4,0.24326923076923074,3.4460317460317462,61.23557692307693,17.839423076923076,0.09999999999999998,0.0692307692307692,13.7,3.5,0.5423076923076924,0.4634615384615384
P00173,male,GM,2500+,2694.1,blitz,100,2694.11,0.2481631701631701,3.096736874236874,58.6293951048951,18.023864801864804,0.07127972027972027,0.03344755244755244,16.64367816091954,3.1385372960372964,0.5417261072261073,0.5244149184149184
P00175,male,IM,2000-2499,2268.8,blitz,40,2400.225,0.22857142857142856,2.8646532552414903,58.97787316849817,17.401923076923076,0.09583333333333331,0.028445512820512813,17.542857142857144,3.117662545787546,0.5280906593406594,0.5372596153846154
P00175,male,IM,2000-2499,2268.8,bullet,14,2028.142857142857,0.3626373626373626,2.298611111111111,58.84615384615385,17.86263736263736,0.1593406593406593,0.021978021978021973,15.461538461538462,3.016483516483517,0.6813186813186813,0.5769230769230769
P00175,male,IM,2000-2499,2268.8,rapid,7,1998.857142857143,0.3186813186813186,3.1448412698412698,58.527472527472526,18.0,0.05494505494505492,0.043956043956043946,12.571428571428571,2.8461538461538463,0.5824175824175823,0.5164835164835165
P00179,male,IM,2500+,2948.8,bullet,100,2948.75,0.29459279609279604,2.670360667110667,57.87300704850705,17.13780613830614,0.07375641025641023,0.039376068376068364,18.35164835164835,2.763485403485403,0.6004262959262959,0.5606455211455211
P00197,male,CM,2500+,2519.0,blitz,100,2518.99,0.24546037296037293,3.269494586296057,59.93880439005439,17.825794483294484,0.08418803418803417,0.033076923076923066,19.247311827956988,2.8111761849261847,0.5168939393939394,0.5339704739704739
P00202,male,IM,2500+,2959.2,bullet,100,2959.18,0.28888561438561433,2.7988563936063935,57.82631485181485,17.621729603729605,0.07459071484071482,0.031833333333333325,16.408163265306122,3.097100954600955,0.5958660506160506,0.5836860361860362
P00217,male,FM,2000-2499,2467.6,blitz,100,2467.55,0.25795315795315793,3.183687950937951,59.085773115773115,18.07067932067932,0.09606837606837605,0.035726495726495715,16.467391304347824,2.9847175047175045,0.5630425130425131,0.5473581973581974
P00228,male,FM,2500+,2691.4,blitz,32,2633.9375,0.25522836538461535,3.6960384233821735,57.92493990384615,17.194891826923076,0.07361778846153845,0.02794471153846153,18.73076923076923,2.9014423076923075,0.5221754807692308,0.5299879807692308
P00228,male,FM,2500+,2691.4,bullet,68,2718.3970588235293,0.2474323470647,2.7619774424921486,59.07990502144914,17.407354043015808,0.09864890011948833,0.04713423831070889,16.25423728813559,3.006126716420834,0.570021522595052,0.5433254245754245
P00237,male,CM,2000-2499,2154.8,bullet,100,2154.75,0.23775174825174822,3.0407828282828286,58.76905244755245,17.788871794871795,0.06753205128205127,0.04488344988344987,19.285714285714285,2.7423129370629367,0.5244213286713287,0.4907121212121212
P00251,male,FM,1500-1999,1976.2,blitz,85,1983.4117647058824,0.2968067226890756,2.9705920550038196,59.03468756733462,17.986578323637147,0.11301335918982974,0.04659017453135099,16.6056338028169,2.7800603318250374,0.6105225166989873,0.5336608489549667
P00251,male,FM,1500-1999,1976.2,rapid,15,1935.6666666666667,0.29307692307692307,3.853068783068783,56.54646723646724,17.234415954415955,0.03817663817663817,0.01538461538461538,23.307692307692307,2.8146723646723646,0.6502849002849003,0.5601709401709402
P00265,male,FM,2500+,2671.9,blitz,87,2710.2988505747126,0.26375827237896204,2.942250214664008,58.55736744098813,17.439454223936984,0.08800203627789832,0.04171690378586929,20.285714285714285,3.0041328403397367,0.5421556412935723,0.5665909760737347
P00265,male,FM,2500+,2671.9,bullet,13,2414.6923076923076,0.28402366863905326,2.7736985236985237,59.80473372781065,18.124260355029584,0.13017751479289938,0.05917159763313607,18.583333333333332,2.8639053254437874,0.5443786982248521,0.5325443786982249
P00271,male,FM,2500+,2523.1,blitz,54,2532.037037037037,0.24525166191832853,2.9458265394131407,57.01792497625831,17.060185185185187,0.05698005698005696,0.04131054131054129,18.204545454545453,2.6806742640075973,0.5220797720797721,0.5035612535612536
P00271,male,FM,2500+,2523.1,bullet,46,2512.695652173913,0.26755852842809363,2.7176186132707874,56.32775919732441,16.688963210702344,0.07525083612040132,0.040133779264214034,20.976190476190474,2.7792642140468224,0.5518394648829431,0.5652173913043478
P00285,male,GM,2500+,3038.9,blitz,41,3049.0731707317073,0.2187617260787992,3.597591602164773,60.26547842401501,17.864915572232647,0.09118198874296433,0.04934333958724201,16.02857142857143,3.1669793621013134,0.5225140712945591,0.4726078799249531
P00285,male,GM,2500+,3038.9,bullet,55,3038.981818181818,0.2386363636363636,3.049539790353187,59.109965034965036,17.57937062937063,0.05594405594405593,0.03776223776223775,16.471698113207548,3.191083916083916,0.49353146853146856,0.5451048951048951
P00285,male,GM,2500+,3038.9,rapid,4,2934.75,0.24999999999999994,3.6720779220779223,57.32692307692308,17.423076923076923,0.0,0.0,13.666666666666666,2.8846153846153846,0.5192307692307692,0.5961538461538461
P00307,male,FM,2500+,2919.9,blitz,62,2885.4032258064517,0.2365798180314309,3.4541922753722414,58.59398263027295,17.89600909842845,0.06710090984284531,0.026054590570719596,18.016666666666666,3.0428453267162943,0.5464640198511167,0.5155707196029776
P00307,male,FM,2500+,2919.9,bullet,38,2976.2105263157896,0.26803459698196536,2.8224386724386727,59.543154214206844,18.05783032756717,0.0671696724328303,0.04048582995951416,22.696969696969695,2.687753036437247,0.5596245859403755,0.5308244387191755
P00309,male,CM,2000-2499,2426.9,blitz,15,2482.6666666666665,0.2512820512820512,2.926669071669072,58.871794871794876,17.45641025641026,0.07179487179487178,0.04102564102564101,15.076923076923077,3.1538461538461537,0.5025641025641026,0.5384615384615384
P00309,male,CM,2000-2499,2426.9,bullet,85,2417.0941176470587,0.2586384204031263,2.867268744327568,57.649785182138125,17.1899058457882,0.058798391151332306,0.035294117647058816,13.75,3.1918209241738658,0.5635792312262901,0.5430069930069931
P00315,male,GM,2500+,2661.7,blitz,100,2661.68,0.24967948717948715,3.336850122100122,59.85564102564103,17.95207264957265,0.088525641025641,0.04194444444444443,18.511627906976745,2.8943803418803418,0.5524358974358975,0.5498717948717949
P00316,male,FM,2500+,2862.6,blitz,100,2862.59,0.21986480186480184,3.277905106331577,59.39294327894328,18.18126418026418,0.09313986013986013,0.0446153846153846,17.782608695652176,2.8486425796425796,0.5300831390831391,0.5168337218337219
P00319,male,FM,2500+,2511.4,blitz,76,2565.8026315789475,0.23374688177319752,3.269163621466253,58.356290639185374,17.77229020979021,0.0663262176420071,0.04075420193841245,18.903225806451612,2.8928607941765834,0.5805857154541365,0.5427324868114342
P00319,male,FM,2500+,2511.4,bullet,13,2626.923076923077,0.27366863905325445,3.2024420024420026,58.34270216962524,17.759861932938858,0.06607495069033528,0.03599605522682445,11.818181818181818,3.1661735700197235,0.6375739644970414,0.5621301775147929
P00319,male,FM,2500+,2511.4,rapid,11,1999.090909090909,0.20979020979020974,4.127056277056277,60.03729603729603,18.687645687645688,0.06293706293706292,0.06293706293706292,16.1,2.797202797202797,0.4055944055944056,0.4848484848484848
P00350,male,IM,2500+,2865.5,blitz,17,2682.764705882353,0.28959276018099545,3.2306340718105426,57.98642533936651,17.628959276018097,0.0769230769230769,0.027149321266968316,18.1875,3.081447963800905,0.5565610859728507,0.5565610859728507
P00350,male,IM,2500+,2865.5,bullet,83,2902.9638554216867,0.24597691465161342,3.288428806802301,58.86106664419917,17.88685862330441,0.07917684724913639,0.024096385542168666,18.70886075949367,2.9822015334063527,0.5322794675204314,0.55326902013649
P00363,male,GM,2500+,2730.9,blitz,85,2750.0823529411764,0.2494744471215059,3.080322749146279,58.777670303552654,17.520999784529195,0.08666810313869135,0.055791920497802835,17.375,3.10369643428467,0.5558318805377629,0.5294015788133435
P00363,male,GM,2500+,2730.9,bullet,15,2622.5333333333333,0.2461538461538461,2.6986324786324785,55.96410256410256,17.22051282051282,0.04102564102564101,0.01538461538461538,21.916666666666668,2.948717948717949,0.5435897435897435,0.6256410256410256
P00366,male,IM,2000-2499,2433.1,blitz,71,2446.112676056338,0.2588326384101032,3.235510850651696,59.00019808047978,18.011521498845443,0.0674972914409534,0.02776409818663339,20.19047619047619,2.828439869989166,0.5385753526598597,0.5641879247513051
P00366,male,IM,2000-2499,2433.1,bullet,21,2389.2380952380954,0.33608058608058605,2.7681115181115183,57.27216117216118,17.324481074481074,0.06813186813186811,0.030402930402930396,16.944444444444443,2.842979242979243,0.621001221001221,0.6094627594627594
P00371,male,CM,2000-2499,2087.5,blitz,100,2087.51,0.2833333333333333,3.0886017871017875,58.793525641025646,17.356089743589745,0.0723076923076923,0.037692307692307685,25.5875,2.6360897435897437,0.578974358974359,0.5512179487179487
P00378,male,FM,2000-2499,2454.9,blitz,99,2455.818181818182,0.27313460949824586,3.018915876491634,57.5235360598997,17.41440159167432,0.08864048409502953,0.052356902356902345,18.05952380952381,2.7569941842669117,0.5642873961055779,0.5681335499517318
P00378,male,FM,2000-2499,2454.9,bullet,1,2363.0,0.5833333333333334,1.6,53.25,14.083333333333334,0.3333333333333333,0.0833333333333333,15.0,3.75,0.8333333333333334,0.75
P00386,male,GM,2500+,2833.0,blitz,65,2880.876923076923,0.25403173749327596,2.9470768761153376,57.83512641204948,17.46120763851533,0.07906132329209249,0.042590102205486806,19.633333333333333,2.8477461000537923,0.57191231845078,0.5569714900484132
P00386,male,GM,2500+,2833.0,bullet,26,2807.6923076923076,0.2827909270216962,2.8134615384615387,56.30769230769231,16.819526627218934,0.08727810650887571,0.03007889546351084,15.76,3.064595660749507,0.6309171597633136,0.5968934911242604
P00386,male,GM,2500+,2833.0,rapid,9,2560.0,0.24786324786324782,3.59978354978355,59.19658119658119,18.196581196581196,0.0769230769230769,0.03418803418803418,14.857142857142858,2.5213675213675213,0.5470085470085471,0.4700854700854701
P00387,male,GM,2500+,2644.3,blitz,33,2705.939393939394,0.2647630147630147,2.981216931216931,57.05639730639731,17.426184926184927,0.06604506604506602,0.02748640248640248,18.62962962962963,2.9662393162393164,0.5801864801864802,0.5602240352240352
P00387,male,GM,2500+,2644.3,bullet,22,2720.4545454545455,0.3237762237762238,2.814905894212114,57.28951048951049,17.28811188811189,0.08391608391608389,0.03846153846153845,15.3,3.2223776223776226,0.6566433566433566,0.6678321678321679
P00387,male,GM,2500+,2644.3,rapid,45,2561.822222222222,0.2509194509194509,3.3965011531678195,60.19247604247604,18.137347837347836,0.08606578606578605,0.0376068376068376,16.714285714285715,3.0965552965552963,0.5312095312095312,0.5124190624190624
P00388,male,IM,2000-2499,2431.5,bullet,100,2431.54,0.2751929736929737,2.8395739538239537,59.077379675879676,17.74818226218226,0.102523865023865,0.043968253968253955,21.686746987951807,2.8074815184815183,0.5516077256077255,0.5890710955710956
P00394,male,CM,2500+,2687.4,blitz,100,2687.45,0.2673232323232323,3.097259462759463,58.371175213675215,17.878380924630925,0.091017871017871,0.03837801087801087,19.36904761904762,2.7861227661227663,0.5647736985236985,0.5851777389277389
P00396,male,FM,2000-2499,2391.5,blitz,87,2390.3333333333335,0.2456364197743508,3.379209168864341,59.59037361106327,18.026121324397185,0.08286021130848716,0.03992154078360974,18.986842105263158,2.887921880163259,0.5339068977000011,0.5569945061324372
P00396,male,FM,2000-2499,2391.5,bullet,12,2431.9166666666665,0.28285256410256404,3.5485119047619045,56.745192307692314,17.047275641025642,0.08733974358974357,0.03846153846153845,18.1,2.8229166666666665,0.5496794871794871,0.5905448717948718
P00396,male,FM,2000-2499,2391.5,rapid,1,2009.0,0.4,2.3333333333333335,58.0,15.4,0.0,0.0,,2.0,0.8,0.5
P00400,male,GM,2500+,2520.0,blitz,3,2520.0,0.2564102564102564,3.0,53.6923076923077,17.025641025641026,0.0769230769230769,0.025641025641025633,32.0,2.3333333333333335,0.5384615384615384,0.564102564102564
P00401,male,CM,2500+,2658.3,blitz,9,2527.4444444444443,0.301994301994302,3.131986531986532,56.67663817663818,16.484330484330485,0.025641025641025633,0.03418803418803418,22.0,2.829059829059829,0.621082621082621,0.5954415954415954
P00401,male,CM,2500+,2658.3,bullet,91,2671.21978021978,0.2687728937728937,2.767183821708709,56.64482952944491,16.831748379825303,0.0694561848408002,0.0347280924204001,17.473684210526315,2.8652437306283463,0.5647365455057763,0.5433572837418991
P00402,male,GM,2000-2499,2434.5,blitz,100,2434.48,0.2881235431235431,2.9614930763680762,55.64985236985237,17.03603341103341,0.0764219114219114,0.030769230769230757,18.74418604651163,2.8584644522144522,0.5762140637140637,0.5938636363636364
P00403,male,FM,2000-2499,2376.6,blitz,100,2376.58,0.2447564102564102,3.321355748657473,59.22821794871795,18.098948717948716,0.09068376068376066,0.03957264957264956,15.670212765957446,2.9650042735042734,0.5663632478632479,0.5251538461538461
P00410,male,CM,2500+,2722.2,blitz,63,2717.873015873016,0.2636141636141636,2.905048566953329,58.193806193806196,17.691763791763794,0.0703296703296703,0.03174603174603174,18.29090909090909,2.8786657786657788,0.5845043845043845,0.5643356643356643
P00410,male,CM,2500+,2722.2,bullet,37,2729.4864864864867,0.27456687456687456,2.6636302886302885,57.23305613305613,17.32210672210672,0.06396396396396394,0.027027027027027018,18.733333333333334,2.88004158004158,0.604019404019404,0.5604989604989605
P00412,male,FM,2500+,2793.6,blitz,100,2793.58,0.22323717948717944,3.175012348762349,58.31128205128205,17.471378205128204,0.07586538461538458,0.029230769230769223,17.12087912087912,3.1887179487179487,0.5654166666666667,0.5371794871794872
P00414,male,GM,2500+,2776.6,blitz,61,2775.9836065573772,0.2442966869196377,3.2880933247615984,59.51679468072911,17.590622492261836,0.08701134930643126,0.04161412358133669,19.814814814814813,3.0911383698268944,0.5150750888455806,0.4797661355038404
P00414,male,GM,2500+,2776.6,bullet,39,2777.5384615384614,0.21735700197238655,3.172762991993761,57.28323471400394,16.761143984220908,0.06706114398422089,0.04930966469428006,20.484848484848484,3.0270216962524654,0.5011834319526627,0.5248520710059171
P00418,male,FM,2500+,2539.2,blitz,51,2536.764705882353,0.23717948717948714,3.324975079386844,59.201546003016595,18.425716440422324,0.06825037707390647,0.02111613876319758,19.27659574468085,2.875188536953243,0.5371417797888386,0.504524886877828
P00418,male,FM,2500+,2539.2,bullet,34,2607.323529411765,0.24264705882352935,3.0695584644114056,58.817590497737555,17.94089366515837,0.07154977375565609,0.0339366515837104,18.846153846153847,2.931843891402715,0.5265837104072398,0.5772058823529411
P00418,male,FM,2500+,2539.2,rapid,15,2392.9333333333334,0.23076923076923075,3.2393169793169796,59.758974358974356,18.056410256410256,0.08205128205128202,0.046153846153846136,18.615384615384617,2.7794871794871794,0.5230769230769231,0.5333333333333333
P00422,male,IM,2000-2499,2392.1,blitz,47,2551.531914893617,0.26153102216932,3.101767440597228,58.29433864008332,17.652544264246394,0.06412736199970241,0.04448742746615086,22.925,2.8128998660913553,0.5882123195952983,0.5839346823389376
P00422,male,IM,2000-2499,2392.1,bullet,35,2337.8571428571427,0.2769230769230769,2.5082735518449804,55.5956043956044,16.457142857142856,0.08791208791208789,0.04395604395604394,15.46875,2.8989010989010993,0.6065934065934065,0.5648351648351648
P00422,male,IM,2000-2499,2392.1,rapid,18,2081.3333333333335,0.2841880341880342,3.178483245149912,58.34743589743589,17.873504273504274,0.06837606837606836,0.029914529914529905,18.6,2.8376068376068377,0.6098290598290599,0.5358974358974359
P00428,male,CM,2000-2499,2106.6,blitz,100,2106.61,0.2944239649239649,2.912228734715577,56.269347791097786,16.856011016761016,0.054982905982905964,0.020562937062937058,18.77922077922078,2.6530208680208682,0.6450117937617939,0.6362447274947275
P00436,male,FM,2000-2499,2242.0,blitz,28,2241.3571428571427,0.3205687169972884,2.8287341517634723,55.999261452832876,17.492004424147282,0.08731268731268729,0.03846153846153845,17.51851851851852,2.667896389324961,0.5953510774939347,0.5720707863565007
P00436,male,FM,2000-2499,2242.0,rapid,1,2260.0,0.4615384615384615,2.0,51.07692307692308,14.846153846153848,0.0769230769230769,0.0,14.0,3.4615384615384617,0.7692307692307693,0.8461538461538461
P00440,male,CM,2500+,2553.8,blitz,100,2553.83,0.23892521367521366,3.525095931845932,56.785745726495726,17.30992094017094,0.06755555555555554,0.04264957264957264,24.155844155844157,2.575790598290598,0.5342158119658119,0.5365448717948718
P00442,male,FM,2500+,2653.7,blitz,100,2653.66,0.23621600621600616,3.4366786429944325,58.07338788988789,17.62762382062382,0.06994449994449993,0.03864652014652013,18.57471264367816,2.797251248751249,0.5263793983793984,0.5497852702852702
P00445,male,FM,2000-2499,2198.4,blitz,73,2216.5890410958905,0.2779847625738036,2.9249607128031783,58.980032448525606,17.579458327061065,0.09630939836419286,0.030631659056316585,21.583333333333332,2.762538678977035,0.6082145784200578,0.5749510763209393
P00445,male,FM,2000-2499,2198.4,bullet,27,2149.296296296296,0.29154795821462487,2.701385548607771,58.167141500474834,18.094017094017094,0.06837606837606836,0.01994301994301994,15.346153846153847,3.101614434947768,0.610636277302944,0.5660018993352326
P00446,male,IM,2000-2499,2425.7,blitz,89,2436.8651685393256,0.2797727865143595,3.0588136582518604,57.50956446799144,17.378204442249384,0.07095682095682095,0.03284356093344856,20.242857142857144,2.859910688562374,0.5651155336548594,0.5786768786768787
P00446,male,IM,2000-2499,2425.7,bullet,11,2335.2727272727275,0.2655011655011654,3.203315623770169,55.107226107226104,15.986013986013985,0.05314685314685314,0.034965034965034954,26.125,2.610606060606061,0.5201631701631702,0.5534965034965035
P00461,male,IM,2000-2499,2243.6,blitz,3,2144.0,0.3205128205128205,3.4333333333333336,60.41025641025641,18.5982905982906,0.0769230769230769,0.025641025641025633,17.0,2.628205128205128,0.5811965811965812,0.5854700854700855
P00461,male,IM,2000-2499,2243.6,bullet,5,2303.4,0.28205128205128205,2.375,55.217948717948715,18.323076923076922,0.15897435897435894,0.11025641025641023,15.2,2.6512820512820516,0.658974358974359,0.582051282051282
P00465,male,CM,2500+,2578.7,blitz,100,2578.67,0.2710458152958153,2.851603896103896,59.278022422022424,17.783543845043845,0.07641697191697189,0.0414649517149517,18.39325842696629,2.86347224997225,0.5736295371295371,0.5571532356532356
P00472,male,CM,2000-2499,2365.0,blitz,83,2367.867469879518,0.2661620842343734,3.1131975119926927,58.40579754917104,17.944017094017095,0.10166306250643597,0.038229842446709905,18.94871794871795,2.811924621563176,0.5602976006590464,0.5480331582741221
P00472,male,CM,2000-2499,2365.0,bullet,17,2351.0,0.23076923076923075,2.7869132501485443,60.76018099547511,18.687782805429862,0.05429864253393663,0.022624434389140264,15.411764705882353,3.0497737556561084,0.5475113122171946,0.5429864253393665
P00475,male,CM,2000-2499,2484.2,blitz,100,2484.19,0.23456487956487954,3.038495781995782,57.88414607614608,17.157567210567212,0.06949572649572648,0.04384615384615383,19.04494382022472,3.025613830613831,0.5608958818958819,0.5232804972804973
P00480,male,CM,2000-2499,2335.1,blitz,17,2369.823529411765,0.2841628959276018,3.262638994991936,58.63800904977376,17.409049773755655,0.07511312217194568,0.027149321266968316,14.866666666666667,3.009049773755656,0.6217194570135747,0.5167420814479639
P00480,male,CM,2000-2499,2335.1,bullet,83,2327.987951807229,0.3031304706003501,2.70353254509881,55.1771187313356,16.763062506436,0.07390587992997628,0.03855421686746987,15.051948051948052,2.8604263206672846,0.6277726289774482,0.603078982597055
P00483,male,FM,1500-1999,1939.8,blitz,41,1939.780487804878,0.2876942163527529,3.0023532103159076,57.92933732933732,17.4987370353224,0.10864034339644094,0.04466570015350502,18.38235294117647,3.045134743305475,0.6194348334592237,0.5777241051631296
P00497,male,IM,2500+,2907.1,blitz,11,2736.7272727272725,0.31934731934731936,2.7590187590187587,57.616550116550115,17.04079254079254,0.09149184149184147,0.0539044289044289,17.88888888888889,2.712121212121212,0.5675990675990676,0.6081002331002331
P00497,male,IM,2500+,2907.1,bullet,89,2928.1348314606744,0.28623286825534017,2.832398355481634,56.62513890603778,17.344054821582912,0.07026793431287812,0.022471910112359543,15.702380952380953,2.8744165946413136,0.5556858871465613,0.561131003827633
P00498,male,CM,2000-2499,2422.8,blitz,63,2414.6349206349205,0.3131445274302417,2.8942497978212263,59.019355247926676,18.208058872344587,0.08740333740333738,0.03306878306878306,18.714285714285715,2.7939568368139795,0.6198373055515912,0.5876145019002162
P00498,male,CM,2000-2499,2422.8,bullet,2,2429.0,0.423076923076923,2.814285714285714,62.03846153846154,19.03846153846154,0.0769230769230769,0.0,18.5,2.3461538461538463,0.8076923076923077,0.6153846153846154
P00498,male,CM,2000-2499,2422.8,rapid,35,2437.0857142857144,0.27516483516483514,3.2148556998556996,59.74197802197802,17.921538461538464,0.07318681318681317,0.04175824175824174,20.59375,2.7215384615384615,0.5923076923076923,0.5606593406593406
P00517,male,IM,2500+,2702.1,blitz,1,2652.0,0.1538461538461538,2.142857142857143,59.07692307692308,17.846153846153847,0.0769230769230769,0.0769230769230769,30.0,3.3846153846153846,0.6153846153846154,0.3846153846153846
P00517,male,IM,2500+,2702.1,bullet,99,2702.6161616161617,0.2689070189070189,3.006477553937447,58.959531209531214,17.69525382025382,0.08786583786583785,0.036519036519036506,16.41176470588235,3.0592463092463094,0.573070448070448,0.5475912975912975
P00541,male,FM,2500+,2948.1,blitz,47,2909.191489361702,0.2889599761940187,3.417291455589328,58.18105936616575,17.991217411430178,0.07436476053497328,0.02484749293259931,19.15,2.6733191158723075,0.5702284712923011,0.5619377076823885
P00541,male,FM,2500+,2948.1,bullet,52,2996.1153846153848,0.2982131116746501,3.0261703793943613,58.73154644500798,18.044025312294544,0.062130177514792884,0.019230769230769225,15.122448979591837,2.931436085282239,0.5960880999342538,0.5929874612566921
P00541,male,FM,2500+,2948.1,rapid,1,2282.0,0.1538461538461538,3.8,68.07692307692308,19.923076923076923,0.0,0.0,18.0,2.4615384615384617,0.5384615384615384,0.3076923076923077
P00555,male,FM,2500+,2705.2,blitz,97,2715.0309278350514,0.2618616778410593,2.9194445588775486,57.2802357436378,17.40515944536563,0.08550933602479992,0.03770456347775934,18.27848101265823,2.82438660995362,0.5853591425756375,0.5541165020546464
P00555,male,FM,2500+,2705.2,bullet,1,2526.0,0.3076923076923077,3.2222222222222223,56.30769230769231,18.384615384615383,0.0,0.0,14.0,3.076923076923077,0.6923076923076923,0.5384615384615384
P00555,male,FM,2500+,2705.2,rapid,2,2320.0,0.34615384615384615,2.4208333333333334,58.88461538461539,16.230769230769234,0.11538461538461535,0.0769230769230769,25.0,3.5384615384615383,0.6538461538461539,0.5769230769230769
P00563,male,IM,2500+,2692.0,blitz,100,2691.96,0.277060606060606,2.94588209013209,57.97384887334887,17.342783605283604,0.07517521367521365,0.029803418803418795,17.72222222222222,2.8752832167832167,0.5832140637140637,0.5637206682206682
P00567,male,FM,2500+,2757.7,blitz,64,2766.75,0.2644967879342879,3.0999708841505718,58.10858499139749,17.480654761904763,0.06423914627039626,0.031450320512820505,19.285714285714285,2.86576401029526,0.5567067481129981,0.5380079989454989
P00567,male,FM,2500+,2757.7,bullet,36,2741.6111111111113,0.29394586894586894,2.8715172173505508,57.80024928774929,17.371236942070276,0.06990740740740739,0.030092592592592584,16.766666666666666,2.8475664767331437,0.5830721747388413,0.5729938271604937
P00572,male,IM,2500+,2561.9,blitz,59,2553.830508474576,0.2655103371205066,3.198415802653091,59.93380828211337,18.001210653753027,0.07966877755013346,0.04091699261190786,20.227272727272727,2.8897249643012355,0.5954274539020302,0.5252095362264854
P00572,male,IM,2500+,2561.9,bullet,7,2647.8571428571427,0.30612244897959184,3.489795918367347,59.37833594976452,18.7723704866562,0.11930926216640501,0.07535321821036103,21.0,2.472527472527472,0.5682888540031398,0.4379905808477237
P00572,male,IM,2500+,2561.9,rapid,5,2536.8,0.27692307692307694,2.33,56.184615384615384,17.430769230769233,0.06153846153846152,0.04615384615384614,25.0,2.3846153846153846,0.5538461538461539,0.5692307692307692
P00584,male,FM,2000-2499,2457.2,blitz,100,2457.25,0.2901573704073704,2.867901737151737,58.01018351093351,17.636196803196803,0.10972533022533021,0.043183760683760675,16.5625,2.8062268564768567,0.5983850038850038,0.5700490342990343
P00590,male,CM,2500+,2751.1,blitz,4,2611.75,0.17307692307692304,3.4479166666666665,56.23076923076923,16.73076923076923,0.019230769230769225,0.0,17.5,2.6730769230769234,0.4230769230769231,0.4615384615384615
P00590,male,CM,2500+,2751.1,bullet,96,2756.9375,0.24839257964257963,2.888547910422911,58.17493617493617,17.20393061799312,0.06320779914529913,0.024870962370962365,17.522727272727273,2.8137832653457653,0.5529075091575092,0.5770968614718615
P00595,male,CM,2500+,2684.6,blitz,61,2628.377049180328,0.24987389659520803,3.3838620395997445,58.71874737284573,18.046385035729298,0.09655317360235391,0.03715846994535518,14.533333333333333,3.2126313577133248,0.6156578394283312,0.5404161412358134
P00595,male,CM,2500+,2684.6,bullet,39,2772.4871794871797,0.28827369211984594,3.03026048026048,58.427409129332204,18.171198459659998,0.09386446886446884,0.06549967126890202,17.470588235294116,3.1086925894618203,0.61846059922983,0.5353620738236123
P00597,male,GM,2500+,2755.3,blitz,76,2792.6447368421054,0.21738079172289695,3.6971513866250705,59.271356275303646,17.908625730994153,0.0892150247413405,0.05458839406207825,16.779411764705884,2.842257085020243,0.4875449842555105,0.4967330184435447
P00597,male,GM,2500+,2755.3,rapid,24,2637.25,0.23717948717948714,3.5327380952380953,59.40384615384615,17.939102564102566,0.08012820512820511,0.048076923076923066,15.428571428571429,2.8942307692307696,0.4775641025641026,0.4935897435897436
P00601,male,CM,2000-2499,2432.6,blitz,82,2488.9268292682927,0.2596082779009608,3.0277419734736806,57.75364574449941,17.02012976860538,0.08161350844277672,0.043230143839899926,17.273972602739725,2.773729319461027,0.581403860367275,0.5841115185627381
P00601,male,CM,2000-2499,2432.6,bullet,17,2165.764705882353,0.2931921020156314,2.4840910723263665,57.042986425339365,16.55638968874263,0.05059646236116823,0.037021801727684066,14.117647058823529,3.0109351432880844,0.5897093102975456,0.5461058549293843
P00601,male,CM,2000-2499,2432.6,rapid,1,2350.0,0.2307692307692307,2.5,60.07692307692308,16.53846153846154,0.0,0.0769230769230769,30.0,3.0,0.3846153846153846,0.5384615384615384
P00604,male,CM,2500+,2530.5,blitz,78,2551.948717948718,0.25555555555555554,3.0726530947684796,58.1137902695595,17.20284352399737,0.07133464825772516,0.031722550953320175,18.304347826086957,3.0108316896778438,0.540664036817883,0.5509368836291914
P00604,male,CM,2500+,2530.5,bullet,22,2454.409090909091,0.2576817122271668,2.60751332001332,59.07194320830684,17.06177156177156,0.07406230133502859,0.03210425937698664,17.142857142857142,3.273998728544183,0.5855054036872219,0.5773468955287137
P00610,male,FM,2000-2499,2271.0,blitz,100,2271.01,0.26329059829059825,3.004891053391053,58.13643162393162,17.250128205128206,0.09726495726495724,0.05038461538461537,20.194805194805195,2.6271153846153847,0.6004487179487179,0.5663888888888888
P00621,male,FM,2500+,2740.9,blitz,25,2805.0,0.2707692307692307,3.0352781662781663,56.26769230769231,17.378461538461536,0.0646153846153846,0.02461538461538461,22.285714285714285,2.6523076923076925,0.5784615384615385,0.5815384615384616
P00621,male,FM,2500+,2740.9,bullet,75,2719.5066666666667,0.2532090132090132,2.7606843156843155,54.118554778554774,16.01102564102564,0.053333333333333316,0.04437451437451436,22.77777777777778,2.8829526029526034,0.5514452214452215,0.563954933954934
P00624,male,IM,2500+,3045.4,bullet,100,3045.37,0.25450133200133196,2.976934065934066,58.661224830724834,17.430706071706073,0.0862094017094017,0.03696581196581195,16.302325581395348,2.9010344655344653,0.5751126096126096,0.5624715839715839
P00629,male,FM,2500+,2610.1,blitz,100,2610.06,0.2277999777999778,3.62771114996115,60.04743922743923,17.893203046953047,0.07724053724053723,0.04114774114774113,22.529411764705884,2.7848744311244307,0.5486628649128649,0.5031343656343656
P00637,male,CM,2000-2499,2198.7,blitz,95,2222.8105263157895,0.2522230401177769,3.1239348078821765,58.40931664826402,17.800916451969083,0.08198257882468407,0.031889338731443985,17.817073170731707,2.8649036927984297,0.5401116427432217,0.5582885535517115
P00637,male,CM,2000-2499,2198.7,rapid,5,1741.0,0.2615384615384615,2.488961038961039,61.0,18.69230769230769,0.1384615384615384,0.04615384615384614,15.75,3.246153846153846,0.5076923076923077,0.5538461538461539
P00638,male,CM,2500+,2693.8,bullet,95,2753.6,0.2634085797243692,3.1619904948852313,60.04946795894165,18.164889788574,0.07226720647773277,0.013765182186234813,15.079545454545455,3.203753322700691,0.521544595755122,0.5464078027235922
P00638,male,CM,2500+,2693.8,rapid,5,1558.0,0.29615384615384616,2.8533333333333335,56.24230769230769,17.14230769230769,0.03076923076923076,0.06538461538461537,19.5,2.5923076923076924,0.6692307692307693,0.6461538461538462
P00647,male,IM,2000-2499,2252.3,blitz,68,2312.6176470588234,0.2375116713352007,3.3233620498110117,59.718096854126266,17.949090533649354,0.07701734539969832,0.038650075414781285,18.903225806451612,2.795576563958917,0.49837499102204985,0.493405695611578
P00647,male,IM,2000-2499,2252.3,rapid,32,2124.21875,0.1947115384615384,3.7439021915584414,60.30649038461539,18.661057692307693,0.0769230769230769,0.0360576923076923,19.966666666666665,2.7451923076923075,0.4495192307692307,0.4615384615384615
P00679,male,GM,2500+,2819.7,blitz,100,2819.71,0.2671973026973027,3.4542447501329083,58.97689335664336,17.304467032967032,0.07894314019314018,0.0440104895104895,19.457831325301203,2.874553363303363,0.5570240592740593,0.5038871128871129
P00695,male,CM,2000-2499,2333.1,blitz,24,2522.0833333333335,0.22435897435897434,3.2969772126022128,59.080128205128204,17.721153846153847,0.04487179487179486,0.03205128205128204,16.2,2.766025641025641,0.4711538461538461,0.532051282051282
P00695,male,CM,2000-2499,2333.1,bullet,74,2277.7297297297296,0.23965617715617715,2.9675470925470924,57.67193504693505,17.337526775026774,0.07813582813582812,0.049407799407799394,16.49206349206349,2.9339956214956215,0.5263104013104013,0.5351146601146601
P00695,male,CM,2000-2499,2333.1,rapid,2,2114.0,0.3974358974358974,2.1875,63.378205128205124,18.326923076923077,0.03846153846153845,0.0,11.0,2.6538461538461537,0.8461538461538461,0.5192307692307692
P00696,male,FM,2500+,2712.3,bullet,100,2712.31,0.25154662004662,3.0235284715284716,58.38055827505828,17.86939393939394,0.06615384615384613,0.040601398601398594,18.238095238095237,2.8773846153846154,0.5094137529137529,0.5415431235431235
P00698,male,CM,2000-2499,2132.5,blitz,31,2027.5806451612902,0.27766749379652605,3.4237676302192432,59.19363110008271,17.75963606286187,0.08684863523573198,0.027295285359801483,19.56,2.6172043010752684,0.5478908188585608,0.5205955334987593
P00698,male,CM,2000-2499,2132.5,bullet,6,1708.8333333333333,0.38376068376068373,2.016269841269841,56.03960113960114,16.580484330484328,0.0826210826210826,0.025641025641025633,17.333333333333332,2.8346153846153848,0.6726495726495726,0.6732193732193732
P00698,male,CM,2000-2499,2132.5,rapid,63,2224.5238095238096,0.2741036741036741,3.240390870152775,59.265523365523364,17.664835164835168,0.07018537018537016,0.02844932844932844,19.79310344827586,2.728271728271728,0.531979131979132,0.5308358308358309
P00703,male,IM,2500+,2964.6,blitz,98,2963.316326530612,0.268797274154417,3.2185102654115263,58.7347892753505,17.4442108062006,0.08571870306564182,0.03869701726844583,19.15909090909091,3.0498975514281637,0.5762777188797596,0.5564692960101123
P00703,male,IM,2500+,2964.6,bullet,2,3026.0,0.2692307692307692,1.9545454545454546,57.0,17.192307692307693,0.1538461538461538,0.1538461538461538,14.5,2.9615384615384617,0.4615384615384615,0.6538461538461539
P00714,male,FM,2500+,2611.9,blitz,47,2654.872340425532,0.25960564258436597,3.360012623310496,59.54251422336529,17.991816693944354,0.10087548385420723,0.02618657937806873,18.022222222222222,2.937988725222768,0.5552697893123425,0.5231860338243317
P00714,male,FM,2500+,2611.9,bullet,53,2573.8490566037735,0.2518545395903886,3.144711263579188,55.32107148616583,17.026075287396043,0.048814707305273326,0.022012578616352193,22.076923076923077,3.023151795793305,0.5673566475453268,0.5470719008454857
P00720,male,CM,2500+,2641.6,bullet,100,2641.63,0.2831398601398601,2.886263791763792,56.998916083916086,17.17286013986014,0.07665034965034963,0.03281818181818181,12.350515463917526,3.228888111888112,0.5758041958041958,0.5717482517482517
P00724,male,FM,2500+,2729.8,bullet,100,2729.79,0.28657109557109556,2.7164737484737485,56.16520687645688,16.546808275058275,0.10630652680652679,0.042147435897435886,25.734375,3.1041876456876456,0.6221124708624708,0.6101153846153846
P00735,male,FM,2000-2499,2428.6,blitz,46,2428.6304347826085,0.2568004459308807,2.927003732981994,59.195596432552954,18.162513935340023,0.07784280936454847,0.050167224080267546,15.75,3.0047658862876254,0.5464046822742474,0.4896321070234113
P00738,male,FM,2500+,2594.1,blitz,100,2594.1,0.265534521034521,3.313897963147963,57.62063786213786,17.739452547452547,0.08426073926073924,0.035384615384615375,19.24705882352941,2.93351554001554,0.5888114108114109,0.5580301365301366
P00760,male,FM,2500+,2555.5,blitz,100,2555.5,0.25087801087801087,3.356332348207348,57.85605283605284,17.737457264957264,0.06544871794871793,0.02461538461538461,20.542168674698797,3.1940501165501165,0.5361383061383062,0.5358682983682983
P00771,male,CM,2000-2499,2364.4,blitz,20,2420.0,0.24903846153846154,3.0615025252525254,58.24508547008547,17.514348290598292,0.04999999999999998,0.019230769230769225,21.05263157894737,3.0734294871794874,0.5629700854700854,0.5931517094017094
P00771,male,CM,2000-2499,2364.4,bullet,80,2350.475,0.26781773781773777,2.91123001998002,58.259256993006986,17.402586926961927,0.05827471139971139,0.028102175602175594,20.380281690140844,2.688921287046287,0.5775046481296482,0.5817165473415473
P00791,male,CM,2500+,2598.4,blitz,67,2645.7611940298507,0.2490910830463069,3.4185798446992472,59.6582472254114,17.905185610409493,0.08505549177190966,0.04822043628013776,15.209677419354838,2.988566781477229,0.5284156142365097,0.5090891695369307
P00791,male,CM,2500+,2598.4,bullet,33,2502.3030303030305,0.24983198619562255,3.0736105645196554,56.135567462840186,17.070499197771923,0.06596736596736595,0.035664335664335654,16.333333333333332,3.085260194351103,0.5376229830775285,0.5316047588774861
P00805,male,IM,2500+,2751.3,blitz,87,2758.919540229885,0.27263777091363295,3.27680408671788,57.923119217946805,17.500872243975692,0.08184363529191113,0.04299404299404298,18.154929577464788,2.982983874363185,0.5768041664593389,0.5711614694373315
P00805,male,IM,2500+,2751.3,bullet,11,2757.0,0.22377622377622375,3.131684981684982,58.21678321678321,18.132867132867133,0.06993006993006991,0.05594405594405593,14.8,2.923076923076923,0.5454545454545454,0.5594405594405595
P00805,male,IM,2500+,2751.3,rapid,2,2389.0,0.1538461538461538,3.1964285714285716,61.11538461538461,18.884615384615387,0.0769230769230769,0.03846153846153845,20.5,2.5769230769230766,0.4615384615384615,0.3846153846153846
P00807,male,FM,2500+,2707.4,blitz,100,2707.45,0.24370879120879116,3.2080911033411037,59.064111721611724,18.03857142857143,0.08089743589743588,0.046987179487179474,17.46511627906977,2.7830769230769232,0.5351739926739927,0.5372710622710622
P00808,male,FM,2000-2499,2394.8,blitz,100,2394.78,0.23551526251526247,3.316628260628261,60.445355311355314,18.16702380952381,0.06634615384615382,0.025790598290598283,19.956043956043956,2.6188253968253967,0.5533015873015873,0.5467008547008547
P00834,male,IM,2500+,2639.3,blitz,100,2639.29,0.23676923076923073,3.4645076426841133,59.60294871794872,17.74702564102564,0.08019871794871794,0.053361111111111095,19.0,3.051826923076923,0.522974358974359,0.50083547008547
P00845,male,FM,2000-2499,2372.7,blitz,92,2384.6195652173915,0.22842809364548491,3.498922605172605,59.785953177257525,17.810033444816053,0.07466555183946486,0.03762541806020066,17.310344827586206,2.903678929765886,0.5469063545150502,0.5117892976588628
P00845,male,FM,2000-2499,2372.7,rapid,8,2235.75,0.309052059052059,3.317857142857143,57.484071484071485,17.587412587412587,0.15374902874902874,0.04807692307692306,13.166666666666666,3.070027195027195,0.5649766899766899,0.58498445998446
P00849,male,FM,2500+,2610.3,blitz,4,2693.0,0.30769230769230765,3.283333333333333,57.73076923076923,17.576923076923077,0.19230769230769224,0.057692307692307675,12.25,3.230769230769231,0.5961538461538461,0.5769230769230769
P00849,male,FM,2500+,2610.3,bullet,92,2617.271739130435,0.2918002287567505,2.8141789370050243,56.33359593305245,16.59582247462682,0.07023411371237456,0.0309563624781016,14.783132530120483,3.1971447031229645,0.595758770215292,0.5716227612966743
P00849,male,FM,2500+,2610.3,rapid,4,2367.25,0.34615384615384615,2.0526806526806527,57.42307692307692,17.865384615384617,0.057692307692307675,0.019230769230769225,19.666666666666668,2.6923076923076925,0.5769230769230769,0.6153846153846154
P00853,male,GM,2000-2499,2130.6,blitz,100,2130.59,0.2624761904761904,2.9555396825396825,58.29670451770452,17.156342185592187,0.09976251526251524,0.043108058608058594,20.974683544303797,2.8776794871794875,0.5521764346764347,0.5544081196581196
P00860,male,IM,2000-2499,2300.8,blitz,91,2303.5824175824177,0.2644059847356551,3.169884206147943,59.95761698618841,18.213431013431013,0.0980929327083173,0.05130766669228207,17.0875,3.046500934962473,0.5836940227050117,0.5372549306615241
P00860,male,IM,2000-2499,2300.8,bullet,2,2168.0,0.1538461538461538,4.232142857142858,65.61538461538461,18.615384615384613,0.11538461538461535,0.0,14.5,3.5384615384615383,0.5,0.5384615384615384
P00860,male,IM,2000-2499,2300.8,rapid,7,2303.0,0.24175824175824173,3.5545196866625437,57.42857142857143,16.824175824175825,0.0879120879120879,0.06593406593406591,16.333333333333332,3.2527472527472527,0.6043956043956044,0.46153846153846156
P00868,male,FM,2500+,2586.1,blitz,85,2598.0588235294117,0.29051144933497874,2.8394698928522457,57.811248228895295,17.2907628319393,0.08049270990447459,0.03247863247863247,17.945205479452056,2.9823666529548882,0.6221033868092692,0.5854792266556973
P00868,male,FM,2500+,2586.1,bullet,15,2518.266666666667,0.28226495726495726,2.712407407407407,48.108760683760686,14.682264957264957,0.05256410256410256,0.02884615384615384,13.0,2.8662393162393163,0.5858974358974359,0.6442307692307693
P00883,male,FM,2000-2499,2320.7,blitz,91,2336.769230769231,0.3023064542295311,2.9656737340803274,58.02434702050087,17.567297019220096,0.07250399173476094,0.02204846435615666,22.12857142857143,2.603501199655046,0.587936849475311,0.5819368665522512
P00883,male,FM,2000-2499,2320.7,bullet,9,2158.3333333333335,0.2189199689199689,2.544135802469136,60.99048174048174,18.449883449883448,0.06837606837606836,0.07219632219632217,14.285714285714286,2.7411939911939913,0.5722610722610723,0.5976430976430976
P00884,male,IM,1500-1999,1955.6,bullet,100,1955.56,0.29862329337329335,3.0872662337662335,58.592417499167496,17.57873235098235,0.087268315018315,0.031602564102564096,19.93103448275862,2.819249916749917,0.6214751082251082,0.5835465367965368
P00886,male,GM,2500+,2540.9,blitz,99,2546.878787878788,0.236046361046361,3.52935874451026,58.710146335146334,17.70444832944833,0.08164983164983163,0.038850038850038834,19.307692307692307,2.8485172235172236,0.526903651903652,0.5221768971768972
P00886,male,GM,2500+,2540.9,rapid,1,1948.0,0.3076923076923077,4.0,61.23076923076923,17.53846153846154,0.0769230769230769,0.0769230769230769,27.0,3.076923076923077,0.7692307692307693,0.5384615384615384
P00892,male,GM,2500+,2677.6,blitz,8,2606.625,0.25,3.160443722943723,58.88461538461539,18.528846153846153,0.0769230769230769,0.019230769230769225,23.0,3.0576923076923075,0.6153846153846154,0.4519230769230769
P00892,male,GM,2500+,2677.6,bullet,5,2725.4,0.2769230769230769,2.53968253968254,55.246153846153845,16.276923076923076,0.1384615384615384,0.04615384615384614,14.4,3.0153846153846153,0.6923076923076923,0.5692307692307692
P00892,male,GM,2500+,2677.6,rapid,23,2691.913043478261,0.2374581939799331,3.236431985888508,58.37458193979933,17.525083612040135,0.05685618729096988,0.026755852842809357,20.91304347826087,2.9665551839464883,0.5919732441471571,0.5418060200668896
P00893,male,CM,2000-2499,2148.8,blitz,94,2157.4148936170213,0.26619160980863105,3.1697437904884715,57.73579036212015,16.890601242728902,0.06805782869612655,0.03696126568466993,18.170731707317074,2.8905264357392015,0.5477506831230236,0.5641244393903969
P00893,male,CM,2000-2499,2148.8,bullet,6,2013.6666666666667,0.30769230769230765,3.717857142857143,59.14102564102564,17.564102564102566,0.11538461538461535,0.03846153846153845,15.333333333333334,2.9230769230769234,0.5897435897435898,0.4615384615384615
P00904,male,CM,2500+,2685.7,blitz,66,2785.378787878788,0.30603764921946736,2.9913589356771175,59.074694497421774,17.99621212121212,0.10255880483153208,0.05853729603729602,22.076923076923077,2.6997121565303384,0.6058725365543548,0.5709534152715972
P00904,male,CM,2500+,2685.7,rapid,34,2492.264705882353,0.3063599798893916,2.9389863404569287,60.23481649069885,18.40910005027652,0.11950729009552535,0.04952237305178481,19.24,2.6778531925590747,0.6133986928104574,0.5416038210155857
P00912,male,CM,1500-1999,1962.3,bullet,100,1962.32,0.336557609057609,2.8274300144300146,57.65668331668332,18.088618881118883,0.09288461538461537,0.029423076923076916,12.9375,3.187621545121545,0.6387720612720613,0.5817590742590742
P00916,male,CM,2500+,2654.5,blitz,73,2715.3150684931506,0.27971001601138584,2.85201841537458,58.25220669741218,17.531501603419414,0.06684981684981683,0.02581664910432033,16.078125,3.088272077998105,0.5939528508021659,0.5766022409858026
P00916,male,CM,2500+,2654.5,bullet,27,2490.185185185185,0.27181861348528014,3.6440489551600668,57.14456315289649,16.93945868945869,0.057621082621082606,0.03874643874643874,16.40909090909091,3.096296296296296,0.6126543209876544,0.5424264007597341
P00940,male,CM,1500-1999,1532.0,blitz,2,1532.0,0.2307692307692307,3.1090909090909093,56.53846153846154,16.961538461538463,0.0,0.03846153846153845,15.0,3.269230769230769,0.6538461538461539,0.7692307692307692
P00941,male,CM,2000-2499,2143.5,blitz,25,2143.48,0.22504273504273498,3.516836385836386,58.52811965811966,17.856495726495726,0.061538461538461514,0.04333333333333332,18.208333333333332,3.118290598290598,0.5281196581196581,0.48794871794871797
P00942,male,CM,2000-2499,2334.1,blitz,100,2334.14,0.25866744366744365,3.1890556665556664,58.7464121989122,17.79982711732712,0.081517094017094,0.02461538461538461,19.04597701149425,2.9947766122766124,0.531458818958819,0.5327952602952604
P00956,male,CM,2500+,2556.8,blitz,100,2556.75,0.30219064269064266,2.9679342463092464,58.39347302697303,17.773654012654013,0.08119480519480517,0.024569597069597063,18.264367816091955,2.9768481518481518,0.6073576423576423,0.5974137529137529
P00961,male,FM,2000-2499,2049.7,blitz,100,2049.67,0.2596990509490509,3.284640331890332,59.42100274725275,17.821789044289044,0.08394522144522142,0.03783216783216782,18.382022471910112,2.8502464202464206,0.5741541791541791,0.5366092241092241
P00979,male,FM,2500+,2737.0,blitz,98,2754.408163265306,0.25926496972415336,3.0567559408045604,58.487048665620094,17.546324848620767,0.07355348732899751,0.04364207221350078,18.563218390804597,3.124100134559318,0.5569578380802871,0.5524248710473201
P00979,male,FM,2500+,2737.0,rapid,2,1886.0,0.2637362637362637,7.0,57.434065934065934,19.86813186813187,0.0,0.0,19.0,3.082417582417582,0.6978021978021978,0.5879120879120879
P00985,male,FM,2500+,2611.2,blitz,94,2615.276595744681,0.27679350791052915,2.994333621461281,57.71183169667213,17.343201036552102,0.08737725040916527,0.03481996726677577,21.84,2.741618930714675,0.6214948172394981,0.5919394435351882
P00985,male,FM,2500+,2611.2,bullet,6,2548.0,0.24358974358974353,2.775,56.12820512820513,17.01282051282051,0.141025641025641,0.06410256410256408,28.8,2.743589743589743,0.6538461538461539,0.5769230769230769
P00999,male,IM,2500+,2506.4,blitz,49,2612.9795918367345,0.2878371628371628,3.0640288849472523,57.114692450406736,17.397274154417012,0.07552090766376479,0.033252461823890384,17.488888888888887,3.073961752533181,0.5837983445126302,0.5472277722277722
P00999,male,IM,2500+,2506.4,bullet,51,2404.078431372549,0.2579494035376388,3.0407711569476272,58.02263471822295,17.628616481557657,0.1080145344851227,0.04166666666666666,17.86,2.978301110654052,0.5587823940765118,0.5366858631564514
P01001,male,CM,1500-1999,1765.7,blitz,100,1765.66,0.27937587412587406,2.9853906926406926,58.974164918414914,17.676519813519814,0.08715909090909088,0.04503846153846152,19.28735632183908,2.820591491841492,0.5603216783216783,0.5733945221445221
P01008,male,IM,2500+,2740.2,blitz,100,2740.21,0.2446933899433899,3.2429900835879097,58.95431868131868,17.986734626484626,0.08100763125763123,0.04083333333333332,16.307692307692307,3.007158619158619,0.5383139360639361,0.5446355588855589
P01011,male,CM,1000-1499,1458.1,bullet,100,1458.14,0.2712429792429792,3.047899128649129,56.26647496947496,17.094557997558,0.05166666666666665,0.030769230769230757,19.686046511627907,2.5492673992673995,0.5572820512820512,0.5476446886446886
P01019,male,FM,2500+,2664.7,blitz,100,2664.7,0.2783333333333333,3.0562252331002333,58.48203205128205,17.702743589743587,0.07451923076923075,0.03474358974358973,21.116883116883116,2.6696794871794873,0.5902115384615384,0.5459423076923077
P01041,male,FM,2500+,2579.9,blitz,93,2595.05376344086,0.2654155879962331,3.0038254896414287,58.85332812348941,17.581164355357906,0.07955485374840211,0.03406271148206631,20.790697674418606,2.909801667866184,0.5639315881251364,0.5484430444107863
P01041,male,FM,2500+,2579.9,rapid,7,2379.0,0.4908424908424908,1.76859410430839,53.413919413919416,16.89010989010989,0.06593406593406591,0.010989010989010986,19.0,2.6996336996337,0.7472527472527473,0.6336996336996338
P01055,male,FM,2000-2499,2350.5,blitz,54,2364.185185185185,0.2768494365716588,3.111121286121286,57.46720255053588,17.51205635927858,0.09575789436900546,0.04085549224438112,18.575,2.9152670888782004,0.5771268340712785,0.5506276131276131
P01055,male,FM,2000-2499,2350.5,bullet,1,2199.0,0.2307692307692307,2.5,66.15384615384616,19.53846153846154,0.0,0.0,18.0,3.230769230769231,0.6153846153846154,0.3846153846153846
P01055,male,FM,2000-2499,2350.5,rapid,3,2155.0,0.22710622710622705,3.236111111111111,59.31135531135531,17.439560439560438,0.025641025641025633,0.025641025641025633,16.0,2.9413919413919416,0.5787545787545788,0.47985347985347987
P01058,male,FM,2000-2499,2403.1,blitz,74,2445.2027027027025,0.22079448329448326,3.3395863708363707,60.63748267498268,18.258331645831646,0.0691189441189441,0.02191614691614691,15.791044776119403,3.057173044673045,0.5088470088470088,0.5033224283224282
P01058,male,FM,2000-2499,2403.1,bullet,11,2488.0,0.2953712953712953,2.6335858585858585,62.13178488178489,18.80885780885781,0.07303807303807303,0.034965034965034954,20.77777777777778,2.7514430014430014,0.6397491397491397,0.5921578421578422
P01058,male,FM,2000-2499,2403.1,rapid,15,2133.2,0.28518592518592517,2.869074074074074,60.67602471602471,19.07062567062567,0.07407407407407404,0.03589743589743589,19.307692307692307,2.54,0.6234617234617235,0.591027491027491
P01062,male,FM,2500+,2640.2,blitz,55,2610.818181818182,0.25217736808645896,3.3052534838898473,57.76720703538886,17.628205128205128,0.0808539944903581,0.03800063572790845,20.693877551020407,2.833041958041958,0.5608497563043018,0.5290474676838313
P01062,male,FM,2500+,2640.2,bullet,45,2676.133333333333,0.2874928774928775,2.972601534268201,56.09191832858499,16.748148148148147,0.08534188034188031,0.03418803418803418,18.82051282051282,2.7021272554605886,0.6054558404558404,0.588338081671415
P01063,male,GM,2000-2499,2397.1,blitz,32,2390.6875,0.2409855769230769,3.399623466810967,58.32001201923077,17.387920673076923,0.08413461538461536,0.05288461538461537,13.483870967741936,3.1033653846153846,0.5907451923076923,0.49849759615384615
P01063,male,GM,2000-2499,2397.1,bullet,58,2407.9310344827586,0.26901762031072374,2.7860476688062894,57.38646267525578,17.210246410677446,0.10096153846153844,0.04277188328912465,12.865384615384615,3.038182602837775,0.6222238011031114,0.4999157930192413
P01063,male,GM,2000-2499,2397.1,rapid,3,2256.3333333333335,0.30769230769230765,2.4857142857142858,58.43589743589744,16.692307692307693,0.0769230769230769,0.025641025641025633,12.0,3.7179487179487176,0.6666666666666666,0.5897435897435898
P01068,male,CM,2500+,2676.4,blitz,100,2676.43,0.23829059829059826,3.239975288600289,58.596378205128204,17.73440170940171,0.08663461538461537,0.05006410256410255,17.235955056179776,3.0354380341880343,0.5279807692307692,0.5323824786324787
P01069,male,IM,2500+,2904.3,bullet,100,2904.28,0.26325174825174824,3.130176406926407,59.562194055944055,17.762036713286715,0.10465909090909088,0.0446153846153846,18.0,2.8587150349650354,0.5621853146853146,0.5507867132867132
P01075,male,IM,2500+,2858.6,blitz,23,2995.7391304347825,0.24080267558528423,3.098669808452417,58.725752508361204,17.52173913043478,0.06354515050167223,0.0434782608695652,20.285714285714285,2.7157190635451505,0.5819397993311037,0.5351170568561873
P01075,male,IM,2500+,2858.6,bullet,77,2817.5714285714284,0.2742419917744593,2.7344694627162163,58.180655924162416,17.227234886325792,0.08579515722372863,0.04789258360686931,16.86764705882353,3.035479671843308,0.5679342302718926,0.556544105245404
P01085,male,FM,2500+,2774.7,blitz,2,2904.0,0.19230769230769224,2.9642857142857144,61.57692307692308,19.0,0.0769230769230769,0.11538461538461535,21.0,2.423076923076923,0.4615384615384615,0.5
P01085,male,FM,2500+,2774.7,bullet,98,2772.061224489796,0.267149177353259,2.9787732675487777,56.96127240106832,17.393952645993462,0.09403895424303585,0.04272513201084628,18.75,2.9540863898006755,0.5795354305558387,0.5386846147050228
P01088,male,FM,2000-2499,2173.4,blitz,15,2150.3333333333335,0.2299611499611499,2.76026455026455,55.9856721056721,16.765874125874127,0.07350427350427349,0.02564102564102563,14.153846153846153,2.9185547785547787,0.5512198912198911,0.5583216783216783
P01088,male,FM,2000-2499,2173.4,rapid,2,2346.0,0.5384615384615384,1.4015151515151516,58.88461538461539,19.807692307692307,0.0769230769230769,0.0,9.0,2.730769230769231,0.8076923076923077,0.6538461538461539
P01092,male,FM,2000-2499,2373.2,blitz,75,2378.8133333333335,0.2405470085470085,3.2884444444444445,58.43364387464387,17.87467521367521,0.10019943019943017,0.04948717948717947,17.557377049180328,2.5674074074074076,0.5472934472934473,0.5231339031339031
P01092,male,FM,2000-2499,2373.2,rapid,25,2356.44,0.2892307692307692,3.2567142857142857,57.88923076923077,17.86769230769231,0.0769230769230769,0.027692307692307683,19.695652173913043,2.6646153846153844,0.5846153846153846,0.5661538461538461
P01099,male,FM,2000-2499,2040.0,blitz,60,2050.0666666666666,0.24349076849076845,3.2155686443186444,57.772691428941435,17.207264726014728,0.08707264957264954,0.03634421134421133,20.653061224489797,2.8388246013246015,0.5504264254264254,0.5526443463943465
P01099,male,FM,2000-2499,2040.0,rapid,40,2024.9,0.22994505494505493,3.3318006993006994,59.7847184065934,18.17352335164835,0.09790521978021975,0.05092719780219779,16.473684210526315,3.072081043956044,0.5526785714285715,0.5035027472527472
P01100,male,FM,2500+,2693.4,blitz,81,2678.320987654321,0.2760079426746093,3.1697134998060927,59.08968315634982,17.932987999654667,0.06716740050073382,0.023914357247690574,16.095890410958905,3.0971423638090307,0.5653975653975655,0.5458862125528792
P01100,male,FM,2500+,2693.4,bullet,19,2757.7894736842104,0.34681108365318886,2.545668469817077,55.4107997265892,16.934171092065828,0.06882591093117407,0.016194331983805665,15.555555555555555,3.1537935748462065,0.6408328513591671,0.6367316893632683
P01112,male,GM,2000-2499,2377.1,blitz,49,2377.1428571428573,0.2434343434343434,3.274521453603086,59.338262531119675,18.480849309420737,0.07152212866498579,0.03814756671899528,20.76923076923077,2.5723213294641867,0.5396444825016253,0.5171431742860314
P01114,male,FM,2000-2499,2128.6,blitz,100,2128.58,0.2858366078366078,2.715671356421357,58.00476412476412,17.495419413919414,0.09170329670329667,0.040264957264957255,18.11111111111111,2.670948717948718,0.6042800532800533,0.5885010545010545
P01122,male,IM,2000-2499,2269.1,bullet,100,2269.08,0.24828671328671326,3.3728282828282827,58.8186554001554,17.703612276612276,0.07658430458430457,0.034252136752136744,15.634408602150538,2.9404083139083137,0.5374428904428905,0.5170850815850816
P01129,male,FM,2500+,2923.3,blitz,4,2911.0,0.3942307692307692,2.445075757575758,63.76282051282051,19.115384615384613,0.1923076923076923,0.0769230769230769,14.333333333333334,3.230769230769231,0.7115384615384616,0.6089743589743589
P01129,male,FM,2500+,2923.3,bullet,90,2942.988888888889,0.2343617801951135,2.880716094000408,56.66671630838297,17.445628291461624,0.06356837606837605,0.030448717948717938,17.91780821917808,2.8530659155659155,0.5460491668825003,0.5465369507036174
P01129,male,FM,2500+,2923.3,rapid,6,2636.0,0.23076923076923073,3.2777777777777772,57.39743589743589,17.384615384615383,0.06410256410256408,0.03846153846153845,33.2,2.8461538461538463,0.5384615384615384,0.5897435897435898
P01134,male,GM,2500+,2817.5,blitz,73,2858.1917808219177,0.2241457172964022,3.4082776242022814,58.49405389131417,18.11455667620051,0.06638566912539513,0.042149631190727066,17.20967741935484,2.733403582718651,0.5104621405991269,0.5136233629384315
P01134,male,GM,2500+,2817.5,bullet,27,2707.3703703703704,0.2151946818613485,3.0358718442051775,59.10622032288699,18.21082621082621,0.12184235517568848,0.06291547958214623,19.956521739130434,2.5676163342830005,0.47825261158594495,0.5118708452041785
P01165,male,GM,2500+,2941.8,blitz,100,2941.78,0.2697884615384615,3.3634022366522367,58.59132051282051,17.713961538461536,0.0762179487179487,0.035384615384615375,16.841463414634145,2.869019230769231,0.5703525641025641,0.5527179487179487
P01167,male,FM,2500+,2643.4,blitz,46,2671.0652173913045,0.2596114030896639,3.0526922353009307,58.11977225672877,17.298057015448318,0.05852842809364547,0.026755852842809357,18.682926829268293,2.81880872750438,0.5997372193024367,0.6109730848861283
P01167,male,FM,2500+,2643.4,bullet,44,2733.2272727272725,0.25290845518118243,3.0438738029647117,57.574014621741895,17.114764780673873,0.06118881118881117,0.0332167832167832,17.951219512195124,2.8684361093452,0.5948029243483789,0.5577717736808646
P01167,male,FM,2500+,2643.4,rapid,10,2121.3,0.18461538461538457,3.4730158730158736,62.99230769230769,19.161538461538463,0.09999999999999996,0.04615384615384614,18.7,2.8461538461538463,0.5076923076923077,0.4384615384615384
P01170,male,IM,2500+,2873.9,blitz,73,2887.7397260273974,0.2848436951176677,2.977456561703137,57.601334738321036,17.509834913944502,0.06678960309097294,0.026659641728134873,14.385714285714286,3.051457674745346,0.5751844046364594,0.5615735862311205
P01170,male,IM,2500+,2873.9,bullet,26,2844.5384615384614,0.30532544378698223,3.072212296250758,58.758284023668644,18.02189349112426,0.04437869822485206,0.041420118343195256,15.4,2.9198224852071,0.5772189349112427,0.5526627218934911
P01170,male,IM,2500+,2873.9,rapid,1,2629.0,0.3076923076923077,2.5555555555555554,59.53846153846154,15.692307692307692,0.0,0.0769230769230769,24.0,3.230769230769231,0.6153846153846154,0.6153846153846154
P01172,male,GM,2500+,2866.5,blitz,75,2964.866666666667,0.2512820512820512,3.0860010512363454,58.851282051282055,17.81025641025641,0.0687179487179487,0.027692307692307683,23.984615384615385,2.8646153846153846,0.5364102564102564,0.5507692307692308
P01172,male,GM,2500+,2866.5,rapid,25,2571.52,0.2092307692307692,3.1726928169869346,58.393846153846155,17.067692307692308,0.07076923076923075,0.07076923076923075,22.17391304347826,2.8338461538461543,0.5169230769230769,0.56
P01174,male,FM,2500+,2927.3,blitz,71,2954.1267605633802,0.24933188876850845,3.003920492652887,59.03622246298303,17.522444925966052,0.07710364752618272,0.04691224268689056,18.555555555555557,2.735933550018057,0.5818887685084868,0.5434091729866378
P01174,male,FM,2500+,2927.3,bullet,29,2861.7241379310344,0.2928824049513704,2.60200776235259,55.72347480106101,16.364058355437667,0.11184792219274975,0.04531388152077806,13.173913043478262,2.8872679045092835,0.6357206012378426,0.6231211317418214
P01177,male,FM,2500+,2607.2,blitz,6,2496.0,0.20146520146520142,2.6322681947681947,58.88278388278388,18.126373626373624,0.07509157509157506,0.03846153846153845,20.8,2.3333333333333335,0.4542124542124542,0.5036630036630036
P01177,male,FM,2500+,2607.2,bullet,94,2614.308510638298,0.24439278215873958,3.2407617205489547,58.857029170593,18.104532848947745,0.058644546942419266,0.04464096777926564,17.67816091954023,3.0905168708360193,0.5224770206153184,0.5008059316569955
P01178,male,CM,2000-2499,2411.0,blitz,27,2572.5925925925926,0.2712883823994935,2.9422811242255684,57.33934789490345,17.534662867996204,0.07818930041152262,0.05254827477049698,15.958333333333334,2.9901867679645457,0.5384615384615384,0.549224438113327
P01178,male,CM,2000-2499,2411.0,bullet,73,2351.178082191781,0.253740779768177,2.8275534207041058,59.234755883386015,17.909852476290833,0.09963119072708111,0.04636459430979978,16.6056338028169,2.928170003512469,0.517913593256059,0.4948893572181243
P01181,male,FM,1000-1499,1416.8,bullet,100,1416.8,0.3284731934731934,2.7008997113997117,58.02377472527473,17.705666167166168,0.10941458541458539,0.043690476190476175,22.511904761904763,2.4514612054612055,0.6052977022977023,0.5523598068598069
P01194,male,IM,2500+,2670.9,blitz,100,2670.88,0.24980769230769226,3.214858252858253,59.94108974358974,18.103910256410256,0.08269230769230766,0.04391025641025639,18.775280898876403,2.8563461538461543,0.5381410256410256,0.5526923076923077
P01195,male,CM,2000-2499,2359.2,blitz,24,2353.75,0.2657342657342657,3.1500496031746033,56.5189393939394,16.883741258741257,0.061480186480186466,0.028846153846153837,18.333333333333332,3.104895104895105,0.581002331002331,0.5777972027972028
P01195,male,CM,2000-2499,2359.2,bullet,76,2360.907894736842,0.25951417004048577,2.8611614262930054,58.71867408906883,17.850354251012146,0.06174089068825909,0.024291497975708495,18.776119402985074,3.036184210526316,0.5711032388663968,0.505161943319838
P01200,male,GM,2500+,3053.5,blitz,95,3099.6526315789474,0.2408457040035987,3.0847039467240704,59.9242465137202,18.049122807017543,0.1060728744939271,0.03886639676113359,17.149425287356323,2.9946018893387314,0.5553756185335132,0.545119208277103
P01200,male,GM,2500+,3053.5,rapid,5,2176.4,0.2346153846153846,2.9466666666666663,55.30897435897437,16.68846153846154,0.09615384615384615,0.04743589743589742,22.8,2.626923076923077,0.5320512820512822,0.5961538461538461
P01213,male,FM,2500+,2539.1,blitz,12,2486.6666666666665,0.2516025641025641,4.189219576719577,58.61538461538461,17.817307692307693,0.019230769230769225,0.012820512820512817,20.818181818181817,3.2580128205128207,0.5817307692307693,0.5881410256410257
P01213,male,FM,2500+,2539.1,bullet,74,2589.2567567567567,0.2802148302148302,2.7439409314409313,55.068121968121964,16.97461884961885,0.06484753984753984,0.021101871101871096,16.43076923076923,3.2240990990990994,0.5908004158004158,0.5949064449064448
P01213,male,FM,2500+,2539.1,rapid,14,2318.8571428571427,0.2692307692307692,3.0031956139098996,57.005494505494504,17.82967032967033,0.06593406593406591,0.021978021978021973,19.846153846153847,2.989010989010989,0.532967032967033,0.5989010989010989
P01221,male,CM,2000-2499,2408.2,blitz,4,2196.5,0.32692307692307687,2.2252525252525253,54.76923076923077,17.153846153846153,0.019230769230769225,0.019230769230769225,25.0,2.8076923076923075,0.7115384615384616,0.5961538461538461
P01221,male,CM,2000-2499,2408.2,bullet,96,2416.9791666666665,0.28057133838383835,2.895312528906279,56.86339094932845,16.85244893994894,0.07511065323565322,0.036775724275724266,15.10344827586207,3.1184700715950715,0.6182980214230215,0.6091382575757576
P01225,male,FM,2000-2499,2485.9,blitz,16,2403.375,0.28627622377622375,3.059548611111111,58.8159965034965,17.358828671328673,0.12587412587412583,0.04807692307692306,14.6875,3.326923076923077,0.6398601398601399,0.5533216783216783
P01225,male,FM,2000-2499,2485.9,bullet,84,2501.5833333333335,0.2966061716061716,2.871305761037904,57.45601343101343,16.977772227772228,0.08048895548895547,0.04392274392274391,13.189873417721518,3.1494338994338995,0.6346209346209346,0.5766261516261516
P01227,male,FM,2000-2499,2482.6,blitz,81,2519.3703703703704,0.2607485107485107,2.929928452891416,57.19993524993525,16.847250280583612,0.06403781403781403,0.03815937149270481,16.4025974025974,3.0328930328930332,0.5722265388932055,0.5469135802469135
P01227,male,FM,2000-2499,2482.6,bullet,18,2343.722222222222,0.3186609686609686,2.463749522082855,56.63603988603989,16.9968660968661,0.05555555555555554,0.029914529914529905,16.733333333333334,2.9233618233618235,0.5974358974358975,0.5833333333333334
P01227,male,FM,2000-2499,2482.6,rapid,1,2000.0,0.4615384615384615,1.5,51.38461538461539,14.615384615384617,0.0769230769230769,0.0,13.0,4.0,0.8461538461538461,0.4615384615384615
P01229,male,CM,1000-1499,1210.3,blitz,66,1167.7424242424242,0.30694099671372393,2.7761124545883904,55.37010586215131,16.41725791043973,0.06444573944573943,0.04525382025382024,15.316666666666666,3.0812554448918084,0.6083045321681685,0.6030828599010417
P01229,male,CM,1000-1499,1210.3,bullet,1,1185.0,0.2307692307692307,2.5555555555555554,65.61538461538461,21.53846153846154,0.0769230769230769,0.0769230769230769,13.0,3.1538461538461537,0.4615384615384615,0.6153846153846154
P01229,male,CM,1000-1499,1210.3,rapid,16,1387.25,0.2948717948717948,3.0694128787878787,56.125,16.819310897435898,0.06290064102564101,0.06810897435897434,18.857142857142858,3.2564102564102564,0.5653044871794872,0.5809294871794872
P01240,male,CM,2500+,2599.4,blitz,67,2618.179104477612,0.25031891822936597,3.16138301996511,60.35332950631459,18.044297742058937,0.07127822426329887,0.042990177318535515,15.56140350877193,2.999425947187141,0.5424161245056768,0.5073351192754177
P01240,male,CM,2500+,2599.4,rapid,33,2561.151515151515,0.22960961597325233,3.3055577419213784,58.8084398766217,18.20259706623343,0.0466200466200466,0.04471286289468106,17.0,2.918232440959714,0.5027018436109345,0.4956794047703138
P01266,male,IM,2500+,2726.8,blitz,99,2732.929292929293,0.2320760048032775,3.2894024045539196,59.03056203056204,17.640860822679006,0.09117103435285252,0.061232958960231676,20.68235294117647,2.7741370582279674,0.5386616750253114,0.5071489957853594
P01266,male,IM,2500+,2726.8,rapid,1,2125.0,0.1538461538461538,4.0,54.07692307692308,16.076923076923077,0.0769230769230769,0.0,22.0,2.769230769230769,0.3846153846153846,0.3846153846153846
P01267,male,FM,2000-2499,2492.9,blitz,1,2653.0,0.375,2.5,63.625,17.625,0.125,0.0,26.0,3.125,0.625,0.75
P01267,male,FM,2000-2499,2492.9,bullet,99,2491.313131313131,0.25584241796363005,3.1940952706104224,59.14445562854654,17.889669225275284,0.07142246081640019,0.02256755590088923,16.4468085106383,3.225418520873066,0.5300540368722186,0.5448107728410758
P01282,male,FM,2000-2499,2185.1,blitz,22,2184.590909090909,0.28391608391608386,2.803856749311295,58.916783216783216,17.95314685314685,0.10839160839160837,0.05944055944055942,17.428571428571427,2.9,0.5447552447552447,0.5811188811188811
P01282,male,FM,2000-2499,2185.1,rapid,1,2196.0,0.3846153846153846,1.8333333333333333,63.07692307692308,17.53846153846154,0.1538461538461538,0.0,26.0,2.230769230769231,0.6153846153846154,0.6153846153846154
P01296,male,CM,2500+,2620.0,blitz,69,2609.608695652174,0.2832442919399441,3.035459709372753,59.69918406874929,17.954635541592065,0.11462128853433198,0.03063924803055237,18.033333333333335,2.923039440430745,0.5894442111833417,0.5430786604699648
P01296,male,CM,2500+,2620.0,bullet,6,2704.5,0.35042735042735046,2.9602513227513225,58.15491452991453,17.11111111111111,0.06410256410256408,0.025641025641025633,21.8,2.9797008547008548,0.6901709401709403,0.594017094017094
P01296,male,CM,2500+,2620.0,rapid,25,2628.44,0.3213846153846153,3.1853492063492066,58.226769230769236,17.81823076923077,0.07169230769230767,0.03384615384615384,18.304347826086957,2.885,0.6228461538461538,0.5435384615384615
P01300,male,CM,1500-1999,1882.0,blitz,2,1882.0,0.34615384615384615,3.4761904761904763,59.84615384615384,19.730769230769234,0.0769230769230769,0.0,12.5,2.5769230769230766,0.6538461538461539,0.5769230769230769
P01307,male,IM,2500+,2693.9,blitz,100,2693.94,0.23165656565656562,3.2620306637806635,59.361807303807296,17.966523698523698,0.07880419580419579,0.042139860139860125,16.304347826086957,2.853713286713287,0.5335703185703186,0.5366052836052836
P01310,male,FM,2500+,2598.8,blitz,96,2602.3645833333335,0.24990749990749986,3.212523155629773,58.490073930698934,17.639053885928885,0.06882527195027192,0.03627015345765345,21.0,2.8979475963850962,0.5352161727161727,0.5427424427424428
P01310,male,FM,2500+,2598.8,bullet,4,2514.5,0.2692307692307692,4.023809523809524,59.84615384615385,17.923076923076923,0.0,0.03846153846153845,19.75,3.1346153846153846,0.6346153846153846,0.5576923076923077
P01317,male,CM,1500-1999,1993.2,blitz,100,1993.22,0.2780641025641025,3.132211038961039,58.9786217948718,18.004259407259408,0.06576623376623375,0.023447552447552443,18.23913043478261,2.941195637695638,0.5716852314352314,0.5616441891441891
P01321,male,FM,2000-2499,2024.0,blitz,93,2060.505376344086,0.25231095069804743,3.2505062142158914,58.40941943361298,17.40596488338424,0.09560248592506655,0.053857969987002235,18.9873417721519,2.731242353822999,0.5661347016185726,0.5530187852768498
P01321,male,FM,2000-2499,2024.0,rapid,7,1538.7142857142858,0.23076923076923075,3.582993197278912,57.912087912087905,17.582417582417584,0.0769230769230769,0.05494505494505492,20.8,2.2857142857142856,0.5164835164835165,0.5164835164835164
P01338,male,FM,2000-2499,2283.3,blitz,98,2284.7244897959185,0.24427001569858708,3.2651405567221894,59.05790994719566,17.942541981827695,0.07184482184482183,0.03717710860568003,18.012048192771083,2.73086556300842,0.5541862899005756,0.542032967032967
P01338,male,FM,2000-2499,2283.3,bullet,2,2214.0,0.3846153846153846,2.066666666666667,57.92307692307692,15.46153846153846,0.1538461538461538,0.03846153846153845,14.5,3.0769230769230766,0.6153846153846154,0.6153846153846154
P01349,male,IM,2500+,2640.2,blitz,99,2643.989898989899,0.27978446917840855,3.0770252755101244,57.42633180511969,17.11733821733822,0.0988270988270988,0.041124980518919906,18.78409090909091,2.8956228956228958,0.5754587724284694,0.5456984653954351
P01349,male,IM,2500+,2640.2,bullet,1,2269.0,0.6923076923076923,1.7777777777777777,49.07692307692308,14.923076923076923,0.0769230769230769,0.0,11.0,2.923076923076923,0.8461538461538461,0.6153846153846154
P01351,male,CM,2000-2499,2480.7,bullet,100,2480.71,0.2609798534798534,2.7410630480630482,56.77270451770451,17.327397741147742,0.05278846153846153,0.03495726495726495,15.505882352941176,3.0721947496947495,0.5600732600732601,0.531953601953602
P01360,male,CM,2000-2499,2435.7,blitz,100,2435.65,0.24020879120879118,3.1493671744921743,58.069978021978024,17.61341391941392,0.0759102564102564,0.03314102564102563,21.72222222222222,2.778313186813187,0.5340714285714285,0.53396336996337
P01361,male,FM,2500+,2550.4,blitz,94,2548.8617021276596,0.260008431285027,3.1113587375633687,57.147697928548986,16.867991700970425,0.07751574666468282,0.03466746019937508,19.686746987951807,2.979483046504323,0.5828588669014201,0.5536444642827621
P01361,male,FM,2500+,2550.4,rapid,6,2575.0,0.3006410256410256,1.9944444444444445,57.74038461538461,16.406410256410258,0.08974358974358972,0.03846153846153845,20.2,3.312179487179487,0.6897435897435896,0.6224358974358974
P01366,male,IM,2500+,2779.1,blitz,44,2788.6363636363635,0.24482808857808855,3.039612222299388,58.53780594405594,17.29020979020979,0.11247086247086244,0.041958041958041946,17.886363636363637,2.9005681818181817,0.5479312354312355,0.551791958041958
P01366,male,IM,2500+,2779.1,bullet,33,2994.0,0.2797202797202797,2.7548983844438393,56.07226107226108,16.713286713286713,0.06993006993006991,0.044289044289044274,15.96774193548387,2.906759906759907,0.5897435897435896,0.5571095571095571
P01366,male,IM,2500+,2779.1,rapid,23,2452.391304347826,0.24657950744907264,2.9018530382660814,57.57703709334144,17.665171784737,0.08357403466099116,0.06020066889632105,14.05,2.8816509577379144,0.6070994223168136,0.5456825782912739
P01369,male,GM,2000-2499,2270.1,blitz,6,2634.1666666666665,0.3511396011396011,2.9555555555555557,58.25356125356125,18.492165242165242,0.16951566951566951,0.07193732193732193,15.75,2.524928774928775,0.6082621082621082,0.5676638176638177
P01369,male,GM,2000-2499,2270.1,rapid,23,2175.1304347826085,0.41174284652545523,2.659316770186335,57.57703455964325,17.235042735042736,0.11943515421776289,0.0335934596804162,19.8125,2.3756224451876626,0.6798587885544408,0.6444444444444445
P01376,male,CM,2500+,2560.1,bullet,100,2560.09,0.30416083916083914,2.608951298701299,57.56147435897436,17.50921794871795,0.060496503496503484,0.019999999999999993,15.105263157894736,3.1165384615384615,0.6190804195804196,0.5593519813519814
P01377,male,GM,2500+,2699.1,blitz,87,2692.183908045977,0.26160812367708913,3.1810390657940566,57.74580464235637,17.98786271200064,0.08592556868418935,0.03271441202475684,19.928571428571427,2.8507801266421957,0.5651742893122204,0.5219391081460047
P01377,male,GM,2500+,2699.1,bullet,13,2745.3846153846152,0.24852071005917156,3.0955128205128206,58.05917159763313,17.639053254437872,0.10059171597633133,0.06508875739644969,20.384615384615383,2.6745562130177514,0.5029585798816568,0.5621301775147929
P01378,male,CM,2500+,2848.2,blitz,88,2846.9204545454545,0.22989510489510484,3.317450273842319,58.296328671328666,17.29632867132867,0.08216783216783215,0.05157342657342656,16.467532467532468,2.9160839160839163,0.5340909090909091,0.4947552447552448
P01378,male,CM,2500+,2848.2,bullet,12,2857.5833333333335,0.32179487179487176,2.3830759518259517,53.54358974358974,15.79551282051282,0.09166666666666666,0.019230769230769225,16.916666666666668,2.976923076923077,0.6782051282051281,0.5673076923076923
P01382,male,IM,2500+,2825.0,blitz,1,3029.0,0.3846153846153846,3.0,58.07692307692308,19.153846153846153,0.0769230769230769,0.0769230769230769,21.0,2.769230769230769,0.4615384615384615,0.6153846153846154
P01382,male,IM,2500+,2825.0,bullet,95,2843.442105263158,0.27470310391363023,2.952624758282653,58.39128879892038,17.295897435897437,0.06491228070175437,0.028475033738191626,16.651162790697676,3.060627530364372,0.5895951417004048,0.543029689608637
P01382,male,IM,2500+,2825.0,rapid,4,2335.5,0.21153846153846154,5.105555555555556,59.79615384615384,17.75,0.10769230769230767,0.10769230769230767,27.666666666666668,2.75,0.5538461538461539,0.5538461538461539
P01394,male,FM,2000-2499,2297.7,blitz,99,2307.4848484848485,0.2509869479566449,3.1307909542758026,58.67413254534467,17.639712980622072,0.07935218541279146,0.050905323632596346,20.29268292682927,2.741717878081514,0.5461373643191825,0.5332638741729651
P01394,male,FM,2000-2499,2297.7,rapid,1,1325.0,0.1538461538461538,3.0,53.76923076923077,16.46153846153846,0.0,0.0,18.0,2.8461538461538463,0.4615384615384615,0.4615384615384615
P01395,male,GM,2500+,2873.4,blitz,100,2873.37,0.2685897435897435,3.086165945165945,56.73410256410257,17.005320512820514,0.08006410256410254,0.04083333333333332,17.930232558139537,3.0285897435897438,0.5562179487179487,0.543076923076923
P01399,male,IM,2500+,2855.2,blitz,98,2860.3367346938776,0.24160125588697015,3.3119912400524645,59.117660910518055,17.642935635792778,0.06514913657770799,0.03218210361067503,20.96551724137931,2.8956828885400316,0.5361067503924647,0.5467817896389324
P01399,male,IM,2500+,2855.2,rapid,2,2604.5,0.34615384615384615,2.5666666666666664,59.42307692307692,17.423076923076923,0.1923076923076923,0.0769230769230769,21.5,3.5,0.6153846153846154,0.5384615384615384
P01407,male,FM,2000-2499,2408.8,bullet,44,2547.9545454545455,0.20540570540570535,2.518391772369045,55.59306249306249,16.1027861027861,0.027972027972027965,0.03846153846153845,11.707317073170731,3.4195360195360194,0.4855783105783106,0.46984681984681986
P01407,male,FM,2000-2499,2408.8,rapid,56,2299.3928571428573,0.2522588522588522,3.1083822923108637,58.21787622100122,17.461011904761907,0.07066544566544565,0.044184981684981674,21.354166666666668,2.860691391941392,0.5256944444444444,0.5608859890109891
P01419,male,FM,2500+,2607.8,blitz,85,2585.8,0.2628183581124757,3.2348037909802616,58.23663865546219,17.565067873303168,0.08868778280542984,0.04434389140271492,17.77922077922078,2.8566903684550744,0.5787071751777634,0.5620685197155786
P01419,male,FM,2500+,2607.8,bullet,15,2732.4666666666667,0.20427350427350424,4.251347911347911,61.36346153846154,17.793732193732193,0.14394586894586894,0.05128205128205126,15.071428571428571,3.1025641025641026,0.5363960113960113,0.5014957264957265
P01426,male,FM,2000-2499,2352.8,blitz,100,2352.78,0.2485470085470085,3.2701358086358083,59.141709401709406,17.832991452991454,0.07153846153846151,0.04034188034188033,19.988372093023255,2.7720512820512817,0.5517948717948717,0.5747863247863247
P01435,male,FM,2500+,2648.5,blitz,100,2648.52,0.2459417249417249,3.4824292096792093,58.6197296037296,18.03228205128205,0.06969230769230768,0.043538461538461526,21.8375,2.9096573426573427,0.5328111888111888,0.5276713286713286
P01436,male,CM,2000-2499,2417.7,blitz,6,2568.1666666666665,0.24358974358974353,2.830952380952381,56.769230769230774,17.166666666666668,0.08974358974358972,0.06410256410256408,15.333333333333334,2.807692307692308,0.5128205128205128,0.5256410256410257
P01436,male,CM,2000-2499,2417.7,bullet,94,2408.1170212765956,0.28092917720577293,2.7917672336007753,56.14094504785994,16.624504042057232,0.06955810147299507,0.028709765411893063,18.197674418604652,3.077071864305907,0.5960918514110004,0.5652370678966424
P01438,male,FM,2500+,2613.9,blitz,71,2590.9859154929577,0.2800288912964969,3.095632888238522,56.34259660527266,16.639520885999758,0.07927049476345249,0.04234380642831346,18.70967741935484,2.9731732273985796,0.5760804141085831,0.5655712050078248
P01438,male,FM,2500+,2613.9,bullet,29,2669.9310344827586,0.2738726790450928,2.7206349206349207,58.237400530503976,17.839522546419097,0.06498673740053049,0.02287798408488063,15.615384615384615,3.168103448275862,0.5586870026525199,0.5921750663129973
P01439,male,FM,1500-1999,1976.7,blitz,28,2027.7857142857142,0.2584082584082584,3.065532879818594,59.320263070263074,17.907658313908314,0.04884351759351758,0.02789571539571539,17.347826086956523,2.8990384615384612,0.5107427294927295,0.5459991397491397
P01439,male,FM,1500-1999,1976.7,rapid,9,1817.7777777777778,0.21509971509971504,3.3890211640211643,59.64529914529914,18.505698005698004,0.10256410256410253,0.025641025641025633,16.285714285714285,2.213675213675214,0.5527065527065527,0.5427350427350428
P01440,male,FM,2000-2499,2385.5,blitz,10,2488.0,0.2794871794871795,3.7214249639249637,54.380769230769225,16.85192307692308,0.054487179487179474,0.03076923076923076,25.875,2.8923076923076922,0.5583333333333333,0.5743589743589743
P01440,male,FM,2000-2499,2385.5,bullet,13,2076.4615384615386,0.17899408284023666,2.8558774558774562,54.956607495069036,16.82741617357002,0.07889546351084811,0.017751479289940822,17.0,3.0054240631163713,0.5409270216962525,0.5118343195266272
P01440,male,FM,2000-2499,2385.5,rapid,77,2424.3506493506493,0.2405311859857314,3.227826070033862,56.811674184401454,16.737945892491346,0.0620919484555848,0.0324120324120324,20.953846153846154,2.901186187549824,0.5304311849766395,0.5357299266390175
P01442,male,FM,2500+,2798.2,blitz,100,2798.22,0.2138517593517593,3.095342693254458,59.772728687978685,18.02254872904873,0.06285256410256408,0.024807692307692298,19.03529411764706,2.875850233100233,0.49403318903318905,0.552566933066933
P01445,male,FM,1500-1999,1866.2,blitz,69,1792.7391304347825,0.2816411849020544,2.7678775330949246,57.52882182230009,17.319706782750263,0.062207357859531756,0.029329245633593452,19.383333333333333,2.892128081258516,0.5973018527366354,0.588949938949939
P01445,male,FM,1500-1999,1866.2,rapid,31,2029.6451612903227,0.3068351003834875,3.087560199656974,57.53958192345289,17.01267012557335,0.07303807303807301,0.017369727047146396,23.037037037037038,2.629185151765797,0.6157831415895931,0.5598215404667017
P01460,male,FM,2500+,2644.0,blitz,100,2643.97,0.25370451770451763,3.0751344766344766,58.503689865689864,17.858410256410256,0.07615384615384613,0.03692307692307691,19.684782608695652,2.9113186813186815,0.5466568986568986,0.5233821733821734
P01461,male,IM,2500+,2522.8,blitz,100,2522.84,0.271023976023976,3.2257112054612054,58.9644363969364,17.75766233766234,0.09033216783216781,0.042639860139860125,16.57608695652174,2.9502530802530806,0.5817007992007992,0.5292665667665668
P01475,male,CM,2500+,2678.6,bullet,100,2678.61,0.27883333333333327,2.8470955433455436,57.46259401709401,17.491995726495727,0.06932905982905982,0.038756410256410245,18.390243902439025,2.8783717948717946,0.5770427350427351,0.5619358974358974
P01479,male,FM,2000-2499,2467.5,blitz,100,2467.49,0.23194832944832944,3.091227994227994,59.34013461538461,17.638215423465425,0.08505439005439003,0.040279720279720266,22.2,2.829477466977467,0.48338966588966586,0.5152665112665112
P01502,male,CM,2000-2499,2436.4,bullet,100,2436.45,0.3105330225330225,2.5892133977133978,54.7260573038073,16.125583916083915,0.0567132867132867,0.030650349650349643,21.82894736842105,2.761144327894328,0.6040769230769231,0.6164370629370629
P01512,male,IM,2500+,2922.3,blitz,100,2922.3,0.22326923076923072,3.4715551670551674,61.5248076923077,18.889615384615386,0.10419230769230767,0.04828205128205127,21.97590361445783,2.8068717948717947,0.5055,0.4951282051282051
P01518,male,FM,2500+,2683.9,blitz,100,2683.95,0.2793495393495393,3.102001304251304,57.07355311355312,17.43075591075591,0.06883338883338881,0.037692307692307685,20.579545454545453,2.7863916083916087,0.5734199134199134,0.5731262071262071
P01520,male,FM,2000-2499,2389.3,blitz,7,2415.5714285714284,0.2835164835164835,3.328798185941043,59.6978021978022,18.074725274725274,0.05494505494505492,0.043956043956043946,17.833333333333332,3.1567765567765567,0.5827838827838827,0.5208791208791209
P01520,male,FM,2000-2499,2389.3,bullet,93,2387.2795698924733,0.2496634190182577,3.1208052103213393,60.097895384185705,18.062304183271927,0.09722102867264155,0.04592868302545721,18.035714285714285,3.0705234132653487,0.5299601831859896,0.5358616890874955
P01529,male,FM,2500+,2536.0,blitz,61,2589.5409836065573,0.2569707159871094,2.89041736951573,57.017675493905,17.42335715286535,0.07393862967633458,0.02900378310214375,21.102040816326532,2.871500630517024,0.545908645088973,0.547113633179207
P01529,male,FM,2500+,2536.0,bullet,39,2452.230769230769,0.2716962524654832,3.1099367157059468,59.758218277449046,17.67817225509533,0.07363576594345823,0.03385930309007231,18.242424242424242,2.824621959237344,0.5376397107166339,0.5710059171597633
P01540,male,CM,2500+,2599.4,blitz,100,2599.4,0.23251554001553998,3.3310488130290765,59.286298562548566,17.930173853923854,0.0792307692307692,0.0409090909090909,17.43877551020408,2.8443512043512045,0.5274125874125875,0.5104885392385392
P01548,male,CM,2000-2499,2032.5,blitz,99,2031.989898989899,0.28286550710793135,3.165074277574278,57.44337828277222,17.554240428482853,0.0787231287231287,0.033977750644417305,19.056818181818183,2.823494687131051,0.5948056432904918,0.5608414593263078
P01548,male,CM,2000-2499,2032.5,rapid,1,2083.0,0.1538461538461538,2.4285714285714284,53.15384615384615,15.076923076923077,0.1538461538461538,0.0,,1.3846153846153846,0.6153846153846154,0.6923076923076923
P01555,male,GM,2500+,2839.2,blitz,100,2839.24,0.26805089355089357,2.9297190032190032,58.95059401709402,18.10058508158508,0.07724358974358973,0.03844017094017093,19.301075268817204,2.8676002331002333,0.5560912975912976,0.5518177933177933
P01556,male,GM,2500+,2840.3,blitz,100,2840.33,0.2708177933177933,3.0129252136752136,58.776754079254076,17.57292540792541,0.11548368298368296,0.047810800310800296,15.927710843373495,3.0839335664335663,0.553966588966589,0.551505439005439
P01558,male,GM,2000-2499,2325.8,bullet,100,2325.78,0.2811503774003774,2.9642063492063495,59.81596348096348,18.100738122988123,0.10063122988122986,0.02860139860139859,20.348314606741575,3.0432166722166722,0.6046903651903652,0.5521440503940503
P01559,male,GM,2500+,2509.2,blitz,88,2509.2045454545455,0.28137449671540576,3.136425159436523,58.659195539309174,17.651867450731086,0.0918401674083492,0.03825757575757575,19.642857142857142,2.9532925407925408,0.5635105424878152,0.5552169421487604
P01562,male,GM,2500+,3081.6,blitz,100,3081.64,0.2541958041958042,3.0433101204351205,58.68342657342658,17.777972027972027,0.08566433566433565,0.04076923076923076,16.632653061224488,3.064125874125874,0.5274825174825175,0.5265734265734265
P01563,male,GM,2000-2499,2429.9,blitz,68,2466.455882352941,0.25806513747690213,2.9619588744588747,59.44292725248607,17.86199617376088,0.08223182046711455,0.03742458521870286,19.916666666666668,2.869775812422871,0.5679835687188629,0.554978110125169
P01563,male,GM,2000-2499,2429.9,bullet,31,2361.2903225806454,0.28606286186931346,2.8974811926424833,59.03047973531845,18.047559966914807,0.07311827956989246,0.025558312655086842,17.517241379310345,2.9644334160463193,0.6299834574028123,0.5407775020678247
P01563,male,GM,2000-2499,2429.9,rapid,1,2076.0,0.3846153846153846,2.125,54.76923076923077,14.615384615384617,0.1538461538461538,0.0,22.0,3.692307692307693,0.6923076923076923,0.6153846153846154
P01564,male,GM,2000-2499,2442.9,blitz,93,2443.2473118279568,0.27364057686638327,3.3885886514918773,59.3937024445089,18.05368547223386,0.09753093382125638,0.02361664619729135,18.788235294117648,3.1040948895787603,0.5671494574720382,0.5246586448199351
P01564,male,GM,2000-2499,2442.9,bullet,4,2490.0,0.19230769230769224,3.3125,62.82692307692307,18.865384615384613,0.11538461538461535,0.0769230769230769,23.333333333333332,3.1923076923076925,0.4807692307692307,0.4423076923076923
P01564,male,GM,2000-2499,2442.9,rapid,3,2368.3333333333335,0.4358974358974359,2.055555555555556,57.358974358974365,16.435897435897434,0.07407407407407407,0.037037037037037035,16.5,2.6381766381766383,0.5982905982905983,0.5014245014245015
P01566,male,GM,1500-1999,1822.7,blitz,47,1822.7446808510638,0.32103192315958273,3.102477014711057,57.35900990262692,17.36276843723652,0.05809238043280595,0.02618657937806873,22.641025641025642,2.7005166228570485,0.6165112665112665,0.5369191092595348
P01571,male,GM,2500+,3011.7,blitz,100,3011.72,0.24748931623931622,3.309907647907648,58.59754273504274,18.046837606837606,0.07082264957264955,0.030769230769230757,19.253012048192772,2.998333333333333,0.523568376068376,0.5262713675213675
P01573,male,FM,2000-2499,2424.6,bullet,100,2424.58,0.2625874125874126,2.8176753246753248,55.93578904428904,16.81981351981352,0.053999999999999986,0.03721794871794871,17.9625,2.9368473193473195,0.5589009324009324,0.5973613053613054
P01575,male,IM,2000-2499,2349.5,blitz,100,2349.47,0.2832884615384615,3.076826330532213,57.511108974358976,17.479185897435897,0.09385256410256408,0.033083333333333326,22.6375,2.834423076923077,0.6143397435897436,0.5814807692307692
P01586,male,CM,2500+,3003.7,blitz,64,3071.109375,0.2026606206293706,3.491086691086691,59.15284455128205,18.305807473776223,0.06392045454545453,0.02413862179487179,19.46551724137931,2.800708406177156,0.4859866695804196,0.5375874125874126
P01586,male,CM,2500+,3003.7,bullet,36,2883.8888888888887,0.21794871794871792,3.342964905464905,57.92948717948718,17.826923076923077,0.08119658119658117,0.04273504273504272,17.606060606060606,2.8803418803418803,0.48931623931623924,0.5106837606837606
P01594,male,FM,2500+,2830.2,blitz,93,2823.462365591398,0.2411804145675113,3.336652818507657,58.17701205604431,17.75751936235807,0.036083540115798174,0.023159636062861862,18.710843373493976,3.015577612351806,0.5420321912257396,0.47997134287456866
P01594,male,FM,2500+,2830.2,bullet,7,2919.714285714286,0.32967032967032966,2.671938775510204,54.087912087912095,16.142857142857142,0.0879120879120879,0.043956043956043946,12.333333333333334,2.989010989010989,0.6153846153846153,0.5824175824175823
P01611,male,FM,2000-2499,2299.1,bullet,100,2299.05,0.2619551004551004,2.7936810689310687,59.169936119436116,17.825947274947275,0.09199267399267397,0.041858974358974343,19.426966292134832,2.996778110778111,0.5739358974358975,0.5185531690531691
P01616,male,FM,1500-1999,1855.3,blitz,42,1990.8095238095239,0.29844857523428947,2.882675393389679,56.32580217401646,17.101579967651396,0.08447802197802197,0.03499476713762427,21.857142857142858,2.466485895057324,0.5941826031111745,0.638510299224585
P01616,male,FM,1500-1999,1855.3,bullet,57,1755.438596491228,0.25253839727523936,3.223248048248048,58.66483516483517,17.48719555298503,0.07571814150761517,0.036662168241115595,16.339622641509433,2.889258402416297,0.5681190154874366,0.5087879956301009
P01621,male,FM,2500+,2810.0,blitz,98,2809.908163265306,0.21999202611447508,3.6122611373886886,59.160813959283345,17.809875781814558,0.08917669631955344,0.06431748523585257,17.54945054945055,2.8688451571104636,0.49525927587152074,0.492680222272059
P01621,male,FM,2500+,2810.0,bullet,2,2814.0,0.34615384615384615,2.666666666666667,55.26923076923077,17.53846153846154,0.11538461538461535,0.0769230769230769,18.0,2.9230769230769234,0.7692307692307693,0.6923076923076923
P01628,male,CM,2000-2499,2299.2,blitz,10,2298.2,0.30961538461538457,3.007813852813853,57.18076923076923,17.11346153846154,0.053846153846153835,0.02307692307692307,12.333333333333334,3.0951923076923076,0.5682692307692307,0.6471153846153846
P01628,male,CM,2000-2499,2299.2,bullet,1,2309.0,0.2307692307692307,2.375,55.30769230769231,18.615384615384617,0.0769230769230769,0.0,10.0,2.3846153846153846,0.5384615384615384,0.9230769230769232
P01638,male,FM,2500+,2672.5,blitz,98,2677.581632653061,0.2534863945578231,3.204285227244411,58.68696363160649,17.686418541775684,0.07952206523635093,0.03886272457701028,17.535714285714285,2.6628357753357754,0.5532116692830978,0.5311071864643293
P01638,male,FM,2500+,2672.5,rapid,2,2425.0,0.16346153846153844,2.9545454545454546,59.47115384615385,18.048076923076923,0.0,0.0,18.0,2.4230769230769234,0.5288461538461539,0.6538461538461539
P01641,male,FM,2500+,2639.7,blitz,100,2639.72,0.2759367299367299,3.100195276945277,59.673325424575424,17.735477772227775,0.07215034965034964,0.024883449883449878,20.10843373493976,2.9248916916416916,0.5644613719613719,0.5618001998001998
P01644,male,GM,2500+,2694.3,blitz,13,2872.923076923077,0.3069750762058454,3.1753663003663,58.927619389157854,17.87795110872034,0.05911182834259755,0.024744486282947818,23.444444444444443,3.10872033948957,0.6332556332556332,0.5707967246428785
P01644,male,GM,2500+,2694.3,bullet,86,2674.1511627906975,0.27523106738223013,2.8935269833525648,58.76874627310674,18.004882230172928,0.09160703637447822,0.05478533094812163,17.61111111111111,2.943313953488372,0.561680083482409,0.5363372093023255
P01644,male,GM,2500+,2694.3,rapid,1,2101.0,0.3076923076923077,3.6666666666666665,47.84615384615385,15.538461538461538,0.0,0.0,12.0,3.3846153846153846,0.3846153846153846,0.6153846153846154
P01658,male,FM,1500-1999,1912.5,blitz,20,2170.0,0.27467948717948715,2.9320711233211236,57.60641025641026,17.894871794871797,0.07756410256410254,0.054166666666666655,15.722222222222221,2.6490384615384617,0.5330128205128205,0.5791666666666667
P01658,male,FM,1500-1999,1912.5,rapid,80,1848.175,0.2917205017205017,2.6756336718836717,56.571695804195805,17.094096597846598,0.08008796758796757,0.03001998001998001,19.115942028985508,2.766989121989122,0.5928787878787879,0.5619788544788544
P01659,male,CM,2000-2499,2062.1,blitz,11,2223.090909090909,0.23115773115773114,3.066486291486292,54.41744366744367,16.236013986013987,0.05652680652680651,0.05594405594405593,13.7,3.2086247086247086,0.49203574203574196,0.5003885003885004
P01659,male,CM,2000-2499,2062.1,bullet,89,2042.2359550561798,0.2216271556159196,3.115813649521515,58.615713874140845,17.569607358933204,0.08639441083261305,0.03910976663785651,15.920454545454545,2.972563485203935,0.5397682841503066,0.4814483269539449
P01662,male,FM,2500+,2778.3,blitz,9,2773.8888888888887,0.20769230769230768,3.623260381593715,61.927350427350426,19.35982905982906,0.08547008547008546,0.04273504273504272,14.666666666666666,3.0,0.5119658119658119,0.5145299145299145
P01662,male,FM,2500+,2778.3,bullet,91,2778.6923076923076,0.29317715251781185,3.128278909734954,58.658791879671,17.847236646137745,0.07480678661997342,0.032846274604516355,15.885057471264368,3.0948624025547105,0.6115850876839888,0.5817503924646782
P01663,male,GM,2500+,2757.6,blitz,100,2757.6,0.22051282051282048,3.5395593801623217,58.996794871794876,17.916602564102565,0.08185897435897434,0.05243589743589742,22.585365853658537,2.740064102564103,0.5003205128205128,0.5208974358974359
P01679,male,IM,2000-2499,2314.1,blitz,97,2325.1958762886597,0.2593111928163474,3.5237534801967794,58.463811389069114,17.424346558367176,0.08624988985813725,0.04335504129318561,18.813953488372093,3.078749429264893,0.5431708039955463,0.5110005687325275
P01679,male,IM,2000-2499,2314.1,bullet,3,1955.3333333333333,0.25641025641025633,2.6507936507936507,62.41025641025641,16.153846153846157,0.1282051282051282,0.051282051282051266,33.333333333333336,2.794871794871795,0.6410256410256411,0.6153846153846154
P01680,male,CM,2000-2499,2230.5,rapid,100,2230.5,0.27320163170163164,2.9593417415917416,58.76118065268065,17.89546153846154,0.07089743589743587,0.03467948717948717,17.902173913043477,2.780162004662005,0.5516433566433566,0.5732843822843823
P01681,male,IM,2500+,2608.8,blitz,100,2608.85,0.22878021978021973,3.1554854867354867,59.12914285714286,17.777296703296702,0.08630769230769228,0.047384615384615365,22.7012987012987,2.7518571428571432,0.49037362637362636,0.5314395604395604
P01690,male,GM,2500+,3391.0,blitz,100,3391.01,0.2339160839160839,3.2219698234771768,57.21643356643357,17.61685314685315,0.06629370629370628,0.03923076923076922,20.77777777777778,3.110699300699301,0.5157342657342657,0.516993006993007
P01694,male,FM,2000-2499,2020.0,blitz,37,2019.972972972973,0.23302148302148298,3.036890736890737,57.18572418572419,17.474012474012476,0.03742203742203741,0.02079002079002078,17.735294117647058,2.606375606375606,0.5057172557172557,0.5202702702702703
P01700,male,CM,2000-2499,2448.9,blitz,100,2448.89,0.2590201465201465,3.2402875180375177,59.99018772893773,18.01473443223443,0.07830128205128202,0.04384615384615383,21.150537634408604,2.944010989010989,0.541735347985348,0.540018315018315
P01707,male,IM,2500+,2666.7,blitz,87,2688.9655172413795,0.26146267525577865,3.128139357449702,56.929645067576104,17.18340280409246,0.09346974864216241,0.039535177466211935,18.068493150684933,2.873689528861943,0.5601869394972844,0.5414929897688519
P01707,male,IM,2500+,2666.7,bullet,3,2503.6666666666665,0.30769230769230765,2.6726190476190474,52.89743589743589,16.71794871794872,0.025641025641025633,0.025641025641025633,20.5,3.0256410256410255,0.5897435897435898,0.5128205128205128
P01707,male,IM,2500+,2666.7,rapid,10,2521.9,0.21111111111111108,3.227738095238095,58.81452991452992,17.315384615384616,0.06923076923076922,0.04957264957264956,18.4,2.764102564102564,0.47948717948717945,0.5367521367521368
P01717,male,IM,2500+,2727.6,blitz,74,2732.4324324324325,0.2559309309309309,3.1669186294186296,59.84479671979672,17.901426426426426,0.09873527373527372,0.04339339339339338,19.578125,2.820599445599446,0.5456225456225456,0.5314564564564564
P01717,male,IM,2500+,2727.6,bullet,26,2713.8076923076924,0.2278106508875739,3.1383338883338885,59.08579881656805,17.556213017751478,0.0857988165680473,0.04733727810650886,17.047619047619047,2.727810650887574,0.5473372781065089,0.48520710059171596
P01718,male,CM,1500-1999,1991.2,rapid,100,1991.23,0.2665054945054945,2.903150072150072,59.544301282051286,17.59054029304029,0.0896657509157509,0.030769230769230757,17.186813186813186,2.9503516483516483,0.58575,0.5634175824175824
P01720,male,FM,2500+,2549.9,blitz,100,2549.94,0.2667521367521367,3.109925824175824,56.42649572649572,16.875128205128206,0.06352564102564101,0.03850427350427349,15.372340425531915,3.138397435897436,0.5680555555555555,0.5388247863247863
P01721,male,GM,2500+,2937.2,blitz,100,2937.16,0.261018648018648,3.1393935231435233,58.76890909090909,17.56797902097902,0.07176923076923075,0.027832167832167826,18.16470588235294,2.983937062937063,0.5273053613053613,0.5346223776223776
P01722,male,FM,2500+,2709.0,blitz,100,2709.01,0.24026423576423575,2.8881760184260186,56.77615734265734,16.4904483016983,0.0814230769230769,0.046664585414585395,21.829268292682926,2.9695941558441556,0.5619515484515485,0.5643788711288711
P01741,male,IM,2500+,2774.6,blitz,100,2774.59,0.2742948717948718,3.1272327900857313,58.0224358974359,17.45301282051282,0.0769230769230769,0.03846153846153845,18.080459770114942,2.8322435897435896,0.5762820512820513,0.5496153846153846
P01756,male,FM,2500+,2584.4,blitz,98,2585.8571428571427,0.28522282705956176,2.7481680434411526,57.48944547515976,17.163886170518825,0.07386745907154067,0.035738071452357155,16.967741935483872,2.959879406307978,0.5950757858921124,0.6102729470076409
P01756,male,FM,2500+,2584.4,bullet,2,2515.5,0.2692307692307692,2.8833333333333333,59.19230769230769,16.692307692307693,0.0769230769230769,0.0,14.5,2.769230769230769,0.6153846153846154,0.6923076923076923
P01760,male,CM,2500+,2555.8,blitz,79,2561.215189873418,0.2835221740285031,3.1059481822884654,58.416688058776664,17.413516862883952,0.06484907497565724,0.03018500486854916,23.242424242424242,2.8251726121979286,0.578655837833053,0.5753518633265469
P01760,male,CM,2500+,2555.8,bullet,21,2535.5238095238096,0.3009768009768009,2.988119288119288,57.61660561660562,16.783882783882785,0.0769230769230769,0.04029304029304028,23.6875,2.8693528693528694,0.6434676434676435,0.5848595848595849
P01777,male,FM,2000-2499,2472.1,blitz,100,2472.07,0.2382011599511599,3.259219613719614,59.28729242979243,18.07692277167277,0.08365384615384613,0.03264957264957264,20.152941176470588,2.9057765567765568,0.5312240537240538,0.545558608058608
P01779,male,IM,2500+,2631.7,blitz,37,2777.864864864865,0.24220374220374216,3.1888516138516136,57.61919611919612,17.472626472626473,0.07900207900207898,0.03742203742203741,13.176470588235293,2.836971586971587,0.5365557865557865,0.5382882882882883
P01779,male,IM,2500+,2631.7,rapid,63,2545.777777777778,0.24190240975955257,3.5977585672963825,59.35338471052757,17.87865639651354,0.08414363414363411,0.04372016872016871,17.576271186440678,3.025084042941186,0.5334300620014906,0.5348393669822241
P01784,male,FM,2500+,2802.0,bullet,100,2802.04,0.26965909090909085,3.0088005050505053,57.417817599067604,17.14659498834499,0.06439743589743588,0.03769871794871794,18.433734939759034,3.0569201631701635,0.5920005827505828,0.5656287878787879
P01786,male,IM,2500+,2887.2,blitz,100,2887.23,0.22919230769230764,3.5152567432567436,60.45476923076924,18.038551282051284,0.08666666666666664,0.046987179487179474,22.943181818181817,2.773102564102564,0.5258333333333334,0.5183717948717949
P01801,male,IM,2500+,2856.6,blitz,100,2856.57,0.2527521367521367,3.2066621935512027,59.28395726495726,18.11091452991453,0.07353846153846151,0.030769230769230757,16.0,3.004384615384615,0.5544358974358974,0.5235128205128204
P01841,male,CM,2000-2499,2413.4,blitz,88,2401.3636363636365,0.24860713781168323,3.089964862825825,59.12972933001342,17.88530960832097,0.07579399766899765,0.04124284806102987,16.83132530120482,3.0814040757222574,0.5385542487815215,0.5353513279649643
P01841,male,CM,2000-2499,2413.4,bullet,12,2501.4166666666665,0.2516025641025641,3.141402116402116,59.79754273504273,17.726495726495724,0.08974358974358974,0.04487179487179487,15.333333333333334,3.068910256410257,0.5876068376068376,0.5678418803418803
P01849,male,CM,2500+,2514.4,blitz,49,2509.7551020408164,0.279583115297401,3.036776970195337,57.88988313274027,17.50313099598814,0.07880690737833593,0.03971742543171114,18.27906976744186,2.7480376766091053,0.5494418280132566,0.5743764172335601
P01849,male,CM,2500+,2514.4,bullet,51,2518.8039215686276,0.22838109602815482,2.9651000959824487,57.53381096028155,17.114630467571644,0.07038712921065861,0.04575163398692809,15.170212765957446,2.975113122171946,0.5785570638511814,0.5439919557566617
P01855,male,FM,2500+,2569.0,bullet,100,2568.96,0.24177564102564097,2.9633953546453546,56.56892948717948,16.852788461538463,0.0842051282051282,0.03185897435897435,25.105263157894736,2.702641025641026,0.5838846153846154,0.5428205128205128
P01863,male,CM,2500+,2518.5,blitz,3,2507.0,0.28205128205128205,2.463888888888889,55.84615384615385,16.153846153846157,0.0,0.025641025641025633,25.5,3.128205128205128,0.641025641025641,0.5897435897435898
P01863,male,CM,2500+,2518.5,bullet,3,2530.0,0.21367521367521367,2.65,60.40598290598291,18.397435897435898,0.0,0.0,21.0,3.128205128205128,0.6153846153846153,0.4230769230769231
P01865,male,IM,2000-2499,2036.3,blitz,88,2109.8636363636365,0.24962364024864023,3.2184294871794874,58.95681244260789,18.11966805290669,0.06520736208236207,0.026442307692307685,18.75,3.1404219202514656,0.531911112877022,0.5208642367733277
P01865,male,IM,2000-2499,2036.3,bullet,7,1441.142857142857,0.3516483516483516,2.4595238095238097,56.142857142857146,18.64835164835165,0.05494505494505492,0.05494505494505492,18.6,2.879120879120879,0.6483516483516484,0.6703296703296704
P01865,male,IM,2000-2499,2036.3,rapid,5,1575.4,0.2948717948717948,3.0606060606060606,56.55897435897437,18.084615384615383,0.06153846153846152,0.01538461538461538,12.4,3.48974358974359,0.6230769230769231,0.6102564102564102
P01871,male,GM,2500+,2831.8,blitz,100,2831.79,0.25608791208791204,3.2319406704406703,58.16225274725275,17.547967032967033,0.06946153846153845,0.0323076923076923,19.908045977011493,2.9449120879120882,0.5338241758241759,0.5486483516483517
P01875,male,CM,2000-2499,2229.0,bullet,100,2229.02,0.2823396603396603,2.839230519480519,58.40431834831835,17.893112554112555,0.09339743589743588,0.04655982905982905,18.35632183908046,2.7880371850371852,0.5660203407703408,0.5326190198690198
P01878,male,FM,2000-2499,2467.1,blitz,29,2482.689655172414,0.28978779840848806,2.9461230340540685,59.42970822281167,17.696286472148543,0.05570291777188328,0.013262599469496017,20.84,2.6286472148541113,0.5954907161803714,0.5503978779840849
P01878,male,FM,2000-2499,2467.1,bullet,71,2460.7464788732395,0.2618492618492618,2.9154142805551255,57.49691935607429,17.49167733674776,0.059982271249876866,0.026002166847237263,17.96825396825397,2.979207021460543,0.5639931273734091,0.5801569322696083
P01887,male,GM,2500+,2963.0,blitz,85,2978.8705882352942,0.2350473056355409,3.2315916551729704,59.70308515014397,18.0427807486631,0.09049773755656107,0.05339366515837103,21.8,2.780995475113122,0.5601809954751131,0.5044837515425751
P01887,male,GM,2500+,2963.0,bullet,12,2973.8333333333335,0.23910256410256406,3.237121212121212,60.3775641025641,18.385897435897437,0.0705128205128205,0.006410256410256408,18.25,3.158333333333333,0.6121794871794871,0.5519230769230768
P01887,male,GM,2500+,2963.0,rapid,3,2470.0,0.3333333333333333,2.8531746031746033,54.230769230769226,15.923076923076922,0.0769230769230769,0.025641025641025633,16.666666666666668,3.2307692307692304,0.6923076923076924,0.5897435897435898
P01895,male,FM,2000-2499,2480.7,blitz,100,2480.69,0.26048951048951047,3.1708706293706292,58.218123543123546,17.795827505827507,0.07706293706293704,0.037062937062937056,20.926829268292682,2.954597902097902,0.5586072261072261,0.5445104895104895
P01903,male,IM,2500+,2691.9,blitz,98,2696.173469387755,0.26534910667563727,2.8997315855065477,56.182045675413015,16.657730619720414,0.06786274949540254,0.03846153846153845,17.636363636363637,2.8503438738132614,0.5807486730956118,0.5959613515735965
P01903,male,IM,2500+,2691.9,bullet,2,2485.0,0.30769230769230765,2.7125,51.0,15.384615384615385,0.0769230769230769,0.0769230769230769,17.5,3.269230769230769,0.6538461538461539,0.6538461538461539
P01909,male,CM,2500+,2527.6,blitz,61,2528.2950819672133,0.25415568038518854,3.40207652092898,59.79422217127135,17.89724483167106,0.07313997477931901,0.03026481715006304,17.771929824561404,2.77492452902289,0.5465245137376284,0.5442699377125607
P01909,male,CM,2500+,2527.6,bullet,39,2526.5128205128203,0.24450784258476566,3.330313205313205,58.29348408002254,17.424805109420497,0.09026955950032871,0.043392504930966455,15.029411764705882,2.8157743965436275,0.5774701793932563,0.5576617826617827
P01929,male,CM,2500+,2587.2,blitz,18,2691.0555555555557,0.259035409035409,3.0511022927689595,58.449084249084244,18.148229548229548,0.07948717948717947,0.025641025641025633,17.214285714285715,2.8956654456654456,0.5614163614163614,0.5515873015873016
P01929,male,CM,2500+,2587.2,bullet,82,2564.451219512195,0.26696372732958096,2.9893953099745785,57.900276214300604,17.537344769052087,0.06889722743381278,0.04343488489829952,22.314285714285713,2.74086482623068,0.5561735012954525,0.5568584531999167
P01935,male,CM,2000-2499,2475.1,blitz,24,2441.1666666666665,0.25656288156288154,3.07874185999186,57.43428851241351,17.129502442002444,0.07251602564102562,0.041208791208791194,20.857142857142858,2.621279761904762,0.5278858872608873,0.5854446479446479
P01935,male,CM,2000-2499,2475.1,bullet,76,2485.8552631578946,0.2560728744939271,3.0090002468291943,59.34996626180837,17.69686234817814,0.08908569500674761,0.03947368421052631,16.52,2.852839631129105,0.5466542959964013,0.5500618533513271
P01938,male,FM,2000-2499,2311.4,blitz,100,2311.36,0.27193376068376063,3.2794383671883676,59.05949358974359,17.788123931623932,0.0705128205128205,0.038589743589743576,18.142857142857142,2.9859572649572654,0.5809316239316239,0.5709487179487179
P01941,male,IM,2500+,2699.9,blitz,50,2731.04,0.25596736596736597,3.2978427128427126,57.909883449883445,17.494638694638695,0.09630536130536128,0.044574592074592065,20.864864864864863,2.749009324009324,0.5246270396270396,0.5633916083916084
P01941,male,IM,2500+,2699.9,bullet,50,2668.84,0.25487179487179484,3.1121520424020424,58.275705128205125,17.71371794871795,0.07692307692307691,0.02923076923076922,18.82051282051282,2.920448717948718,0.5403205128205129,0.5716666666666667
P01953,male,CM,2000-2499,2067.1,blitz,11,2084.090909090909,0.2545454545454545,2.719336219336219,59.475,18.04020979020979,0.06993006993006991,0.016083916083916083,17.555555555555557,2.994055944055944,0.5842657342657342,0.4965034965034965
P01953,male,CM,2000-2499,2067.1,bullet,89,2065.0337078651687,0.2681767670531715,2.853129049477364,58.415414547998814,18.08030920390471,0.08360572012257403,0.03291558628637279,16.759493670886076,2.919783400120479,0.5610477537443829,0.5356611553240767
P01960,male,FM,2000-2499,2265.0,blitz,92,2268.0,0.2589844937671025,3.1626849448860317,60.337147393669134,18.14049440897267,0.0739814533292794,0.031088476740650642,19.16304347826087,2.9046645383601906,0.5275531232052971,0.5393563562041822
P01960,male,FM,2000-2499,2265.0,rapid,8,2230.625,0.298076923076923,2.9638888888888886,54.17307692307692,16.576923076923077,0.057692307692307675,0.019230769230769225,17.428571428571427,2.6538461538461537,0.6153846153846154,0.6826923076923077
P01969,male,GM,2500+,2890.0,blitz,100,2890.03,0.264020979020979,3.077608197358197,56.517205710955714,16.937852564102563,0.0732167832167832,0.03153846153846153,19.373493975903614,2.9359615384615387,0.5643240093240093,0.5530856643356643
P01986,male,GM,2500+,2798.6,blitz,50,2862.62,0.2689615384615384,3.1951194916194914,58.12649145299145,17.754713675213676,0.07533333333333331,0.0405128205128205,14.926829268292684,2.9766923076923075,0.5811837606837608,0.4998931623931624
P01986,male,GM,2500+,2798.6,rapid,8,2398.375,0.23076923076923073,3.211904761904762,59.64038461538461,17.214423076923076,0.16923076923076924,0.0769230769230769,17.0,3.0923076923076924,0.5750000000000001,0.5221153846153846
P01999,male,FM,2500+,2606.7,blitz,54,2575.0555555555557,0.2701506312617423,3.0915299206965874,57.92676099620544,17.801109898332122,0.07595542317764538,0.03988603988603988,14.346938775510203,2.85718037106926,0.6004432809988366,0.5659479409479409
P01999,male,FM,2500+,2606.7,bullet,43,2666.953488372093,0.2916418207115881,2.7907765361253736,58.093992248062015,17.797033392963627,0.07930828861061417,0.03398926654740607,15.547619047619047,2.912418008348241,0.5724259590538661,0.5371695487974557
P01999,male,FM,2500+,2606.7,rapid,3,2312.3333333333335,0.1794871794871795,3.3333333333333335,57.89743589743589,17.74358974358974,0.10256410256410253,0.025641025641025633,10.333333333333334,3.0,0.5641025641025641,0.5384615384615384
P02009,male,FM,2000-2499,2448.2,blitz,11,2409.7272727272725,0.30769230769230765,3.5114108114108116,54.634032634032636,15.884615384615385,0.07109557109557108,0.034965034965034954,23.0,2.8997668997668997,0.6161616161616161,0.6526806526806527
P02009,male,FM,2000-2499,2448.2,bullet,89,2452.921348314607,0.26961830304526935,2.7590017348444316,57.28369720167473,17.275221594884517,0.08866807349953415,0.044943820224719086,13.0,2.85713331612208,0.5713920910550124,0.5487334762615661
P02021,male,IM,1500-1999,1948.6,blitz,37,1948.5675675675675,0.27924462924462917,2.855773955773956,58.05446985446985,17.22072072072072,0.12647262647262644,0.05214830214830213,15.848484848484848,2.845287595287595,0.6326749826749827,0.5672210672210671
P02030,male,CM,2000-2499,2397.6,blitz,28,2371.714285714286,0.30011555904413045,2.811994255744256,58.81511643118786,17.949889891854177,0.07005494505494504,0.039148351648351634,18.416666666666668,2.588402668759812,0.6136294261294262,0.582373975231118
P02030,male,CM,2000-2499,2397.6,bullet,68,2424.3382352941176,0.29808541132070543,3.149797873694933,59.51321635880459,18.175891183979417,0.07449854067501124,0.026062173120996644,19.43103448275862,2.5132601059071646,0.6211265858324682,0.5882617382617382
P02030,male,CM,2000-2499,2397.6,rapid,4,2124.75,0.1538461538461538,3.4583333333333335,58.64335664335664,17.358391608391607,0.057692307692307675,0.03846153846153845,18.5,2.797202797202797,0.4405594405594405,0.5559440559440559
P02032,male,CM,2500+,2759.7,blitz,98,2761.081632653061,0.2650440829012257,3.2483789594758985,58.537715855573,17.68635531135531,0.07324144109858394,0.041608788037359457,16.35483870967742,3.052813059955917,0.5648910613196327,0.5422938172938173
P02032,male,CM,2500+,2759.7,bullet,2,2692.0,0.19230769230769224,3.5625,57.73076923076923,18.153846153846153,0.11538461538461535,0.0769230769230769,27.5,2.4615384615384617,0.5769230769230769,0.5384615384615384
P02052,male,FM,2000-2499,2344.0,blitz,100,2344.03,0.24306060606060606,3.068404095904096,57.41205652680653,17.391878787878788,0.071520979020979,0.06318356643356642,13.086021505376344,2.9327808857808857,0.5466019813519813,0.4941958041958042
P02054,male,CM,2000-2499,2305.4,blitz,49,2293.877551020408,0.2377146662860948,3.03905703140397,58.70843442272014,17.358046715189573,0.06676656676656675,0.04264782836211406,16.536585365853657,2.9727891156462585,0.5339660339660339,0.4844679130393416
P02054,male,CM,2000-2499,2305.4,bullet,51,2316.4313725490197,0.2254787695964166,3.126140961435079,57.89160839160839,17.81145162027515,0.057315233785822,0.036199095022624424,17.404761904761905,2.715800539329951,0.5181566799213858,0.5249211572740984
P02055,male,CM,2000-2499,2344.7,blitz,15,2124.3333333333335,0.3044289044289044,2.7915836015836017,59.04980574980575,17.995726495726498,0.04289044289044288,0.02144522144522144,15.416666666666666,2.768919968919969,0.6132867132867134,0.5397047397047398
P02055,male,CM,2000-2499,2344.7,bullet,53,2407.0377358490564,0.2995484599258184,2.6269950175610552,58.24189646831156,17.276044186421547,0.059748427672955955,0.03193033381712626,11.645833333333334,3.1834784712143205,0.6269956458635705,0.5920819222706015
P02077,male,FM,2500+,2886.9,blitz,68,2923.823529411765,0.25839960692901864,3.4223305697570403,60.055213903743315,18.402288724347546,0.07663398692810455,0.04670803053155993,15.835820895522389,3.0261106540518306,0.5464166552401847,0.5520236299648065
P02077,male,FM,2500+,2886.9,bullet,31,2821.6451612903224,0.28546883224302577,2.62369198901457,55.63922851342206,16.32897962252801,0.06323031806902774,0.025265057523122032,16.48148148148148,2.9693510790284985,0.6035754568012632,0.6165425971877585
P02077,male,FM,2500+,2886.9,rapid,1,2400.0,0.2307692307692307,2.8,57.38461538461539,19.0,0.0,0.0,13.0,3.3076923076923075,0.3846153846153846,0.6153846153846154
P02084,male,CM,1500-1999,1893.2,blitz,70,1879.3857142857144,0.2601643990929705,3.0195114409400126,58.09791775684633,17.37214416535845,0.08760116867259722,0.0428375196232339,18.228070175438596,2.813360369788941,0.5729077271934415,0.5717878946450374
P02084,male,CM,1500-1999,1893.2,bullet,18,1863.2777777777778,0.277346110679444,2.9209455667789,56.53228869895536,16.416688250021583,0.08495208495208494,0.04036087369420702,21.142857142857142,2.6400328066994736,0.6326081326081326,0.5778295778295779
P02084,male,CM,1500-1999,1893.2,rapid,12,2018.3333333333333,0.31410256410256404,2.582175925925926,60.37820512820513,19.237179487179485,0.12820512820512817,0.06410256410256408,18.2,2.3205128205128207,0.6410256410256411,0.5961538461538461
P02086,male,CM,1500-1999,1914.1,blitz,77,2008.7272727272727,0.2559574624509689,3.2028039420896564,59.97027344949423,17.784400880504776,0.086577059304332,0.043956043956043946,18.926470588235293,3.1827466905388984,0.5365846274937184,0.5621711621711621
P02086,male,CM,1500-1999,1914.1,bullet,23,1597.2173913043478,0.31828316610925306,2.719317397578267,58.22435897435897,17.21571906354515,0.09364548494983276,0.0434782608695652,22.555555555555557,2.980769230769231,0.576644370122631,0.5833333333333333
P02102,male,CM,2500+,2769.2,blitz,58,2748.4310344827586,0.27874300029472443,2.775018651058205,56.689968317123494,17.13988726790451,0.06509725906277629,0.04029619805481873,16.510204081632654,2.9738137341585618,0.5484048040082523,0.5684497494842323
P02102,male,CM,2500+,2769.2,bullet,42,2798.0,0.25667388167388167,3.145459335637907,57.98878898878899,17.581682206682206,0.07557720057720056,0.034798534798534786,15.846153846153847,3.142246642246642,0.5278471528471529,0.5471195471195471
P02104,male,CM,2000-2499,2447.9,bullet,100,2447.87,0.24241103341103337,2.875894327894328,57.53672766122766,17.35828982128982,0.06985236985236982,0.04341880341880341,18.858974358974358,2.8513092463092464,0.5269937839937839,0.5251701631701632
P02106,male,FM,2000-2499,2382.2,blitz,68,2406.5882352941176,0.25575037707390647,3.16418944617474,58.22321204122675,17.889878707893416,0.07205253896430365,0.03916855203619909,19.620689655172413,2.7836852689793865,0.5792640774258422,0.5319570135746606
P02106,male,FM,2000-2499,2382.2,bullet,31,2328.6774193548385,0.26556776556776557,2.619959162701098,55.11059907834101,16.76636535507503,0.05388160226869903,0.02977667493796525,16.384615384615383,2.862105636299185,0.6077632045373981,0.5838650596715113
P02106,male,FM,2000-2499,2382.2,rapid,1,2387.0,0.2307692307692307,3.0,63.76923076923077,19.923076923076923,0.0769230769230769,0.0,13.0,3.4615384615384617,0.3846153846153846,0.5384615384615384
P02108,male,GM,2500+,2687.5,blitz,78,2724.4358974358975,0.2387125694818002,3.273697100620178,60.09859841013687,18.389086127547664,0.10390592313669235,0.03568226645149721,19.72222222222222,3.0792451138604986,0.5199181160719623,0.5194429502121809
P02108,male,GM,2500+,2687.5,bullet,21,2562.8571428571427,0.24267399267399264,3.5558956916099773,60.106532356532355,18.67979242979243,0.11813186813186809,0.03327228327228326,15.277777777777779,3.0952380952380953,0.5628815628815629,0.5006105006105006
P02108,male,GM,2500+,2687.5,rapid,1,2424.0,0.4615384615384615,2.2,58.53846153846154,15.846153846153848,0.0,0.0,19.0,2.923076923076923,0.9230769230769232,0.6153846153846154
P02112,male,CM,2500+,2562.0,blitz,1,2510.0,0.2307692307692307,4.0,61.92307692307692,19.076923076923077,0.0769230769230769,0.0,18.0,2.5384615384615383,0.4615384615384615,0.4615384615384615
P02112,male,CM,2500+,2562.0,bullet,99,2562.5353535353534,0.24607496880224147,2.8987090070423402,57.29825292552565,16.897510654328837,0.07765887311341854,0.05670045442772714,19.785714285714285,2.8396564714746533,0.5330078170987261,0.5427691836782745
P02119,male,CM,1500-1999,1902.1,bullet,100,1902.08,0.26555411255411254,3.157954767454767,59.30404878454878,18.463408091908093,0.08158508158508157,0.020029970029970024,15.416666666666666,3.0346037296037296,0.5729042624042624,0.5450452880452881
P02138,male,CM,1500-1999,1745.5,blitz,100,1745.52,0.28052564102564104,2.8802758075258077,56.708505494505495,16.977613553113553,0.08467948717948716,0.0346153846153846,15.307692307692308,2.804667582417583,0.5989386446886447,0.5674194139194139
P02140,male,FM,2500+,2759.6,blitz,12,2764.5,0.2318376068376068,3.205901505901506,59.293803418803414,18.23611111111111,0.07104700854700853,0.03205128205128204,18.545454545454547,2.9465811965811963,0.5427350427350427,0.5806623931623932
P02140,male,FM,2500+,2759.6,bullet,88,2758.9204545454545,0.24583995549904636,3.065194969172242,58.193097054460694,17.631639383343927,0.06834803454121635,0.041418997668997655,15.211267605633802,2.9267071943208305,0.5063764833651198,0.5349286130536131
P02146,male,FM,2500+,2678.9,blitz,10,2568.8,0.2878205128205128,2.524396436896437,54.619230769230775,16.528846153846153,0.09230769230769229,0.03846153846153845,16.1,2.667307692307692,0.5756410256410256,0.5974358974358974
P02146,male,FM,2500+,2678.9,bullet,85,2732.5882352941176,0.27025641025641023,2.778180153180153,56.838843640020116,17.101880341880342,0.0856862745098039,0.02714932126696832,18.935897435897434,2.8201608848667674,0.5771744595274008,0.5865510306686778
P02146,male,FM,2500+,2678.9,rapid,5,1985.6,0.3261538461538461,2.8555555555555556,56.981538461538456,17.36923076923077,0.11076923076923076,0.07076923076923076,13.75,2.68,0.6676923076923077,0.6584615384615384
P02150,male,IM,2000-2499,2350.8,blitz,55,2350.8,0.27887158296249204,3.312041847041847,57.69303877940242,17.731516211061663,0.07313095994914175,0.038181818181818164,16.58490566037736,2.9365734265734265,0.5546471710108074,0.5503273998728544
P02154,male,CM,2500+,2517.1,blitz,100,2517.12,0.25448801198801196,3.333992091242091,58.666177156177156,17.700681818181817,0.059780219780219766,0.029184981684981674,14.934065934065934,3.0767182817182817,0.5665126540126539,0.5496878121878122
P02155,male,CM,1500-1999,1503.7,blitz,32,1815.8125,0.2943242521367521,3.3245907738095237,59.615647893772895,18.36307615995116,0.11155944749694748,0.040922619047619034,17.11111111111111,2.810401404151404,0.5867788461538461,0.4963465354090354
P02155,male,CM,1500-1999,1503.7,bullet,54,1252.611111111111,0.3069973236639903,2.8566872427983543,58.83360312526979,17.713569455236122,0.08050591383924716,0.02730294396961063,17.08695652173913,2.841129241129241,0.5854787188120522,0.5601031684365018
P02155,male,CM,1500-1999,1503.7,rapid,14,1758.857142857143,0.2747252747252747,3.3449829931972794,60.03846153846154,18.543956043956047,0.08791208791208789,0.03846153846153845,20.5,2.576923076923077,0.5439560439560439,0.5054945054945055
P02156,male,IM,2500+,2733.3,blitz,100,2733.35,0.23985625485625484,3.205756021756022,59.55277583527583,18.070017482517482,0.06739510489510488,0.037692307692307685,18.6144578313253,2.9355361305361303,0.5236480186480186,0.5264432789432789
P02161,male,GM,2500+,2519.3,blitz,5,2687.0,0.3846153846153846,2.9237373737373735,58.66153846153846,17.73846153846154,0.04615384615384614,0.0,16.5,2.923076923076923,0.7076923076923076,0.5384615384615384
P02161,male,GM,2500+,2519.3,rapid,1,1681.0,0.0,2.3333333333333335,59.75,20.75,0.0,0.0,19.0,3.0,0.25,0.5
P02165,male,FM,2500+,2705.0,blitz,100,2705.02,0.23665381840381838,3.234647022911729,59.21036083361083,17.494752275502275,0.07660450660450659,0.03635780885780884,21.202380952380953,2.728319846819847,0.5269537684537684,0.5285647685647685
P02166,male,CM,2000-2499,2486.8,blitz,51,2495.9803921568628,0.2680195621372092,3.0697288006111534,57.27844051373463,16.810937428584488,0.07267242561360207,0.04374057315233784,19.307692307692307,2.5516705516705516,0.608003108003108,0.56346268110974
P02166,male,CM,2000-2499,2486.8,bullet,49,2477.285714285714,0.2879120879120879,2.724023765350296,57.01538461538461,16.98660387231816,0.0683673469387755,0.028649921507064358,22.342105263157894,2.2854526425954997,0.5770538984824699,0.6002354788069074
P02171,male,FM,2500+,2671.2,blitz,100,2671.2,0.2605888000888001,3.1203645671493967,58.45512687312687,17.42182955932956,0.09495066045066043,0.04104895104895103,16.63855421686747,2.988548701298701,0.5341596459096459,0.5370126817626817
P02180,male,FM,2000-2499,2464.3,blitz,100,2464.27,0.24182692307692302,3.3603259910024614,58.119510073260074,17.31327380952381,0.0669230769230769,0.04663461538461537,18.453488372093023,2.90297619047619,0.5516758241758242,0.5386309523809524
P02184,male,FM,2500+,2554.8,blitz,97,2557.463917525773,0.20871988835906358,3.139557092392144,58.79213398285563,17.44579192285378,0.06328310864393337,0.050198255352894516,20.325301204819276,2.6756164797401913,0.491084774332197,0.5416797120405368
P02184,male,FM,2500+,2554.8,bullet,3,2468.0,0.35664335664335667,3.3111111111111113,55.547785547785544,15.972027972027973,0.18414918414918413,0.08158508158508156,21.0,2.6526806526806523,0.6783216783216783,0.6177156177156177
P02186,male,FM,2000-2499,2374.7,blitz,97,2375.061855670103,0.24225614019428449,3.0320568673964674,59.65274155970032,17.923158857179477,0.08855626046347694,0.033009516256938924,17.0,3.1227058451285257,0.558819101860339,0.5280776497271342
P02186,male,FM,2000-2499,2374.7,bullet,3,2361.3333333333335,0.2564102564102564,3.0253968253968253,51.89743589743589,15.923076923076925,0.051282051282051266,0.0,23.0,3.1025641025641026,0.6153846153846154,0.6923076923076922
P02187,male,FM,2000-2499,2467.5,blitz,96,2484.65625,0.24614939458689455,3.2702462468087465,58.2505787037037,17.275707799145298,0.06712962962962961,0.030070334757834747,20.646341463414632,2.7451032763532766,0.5702679843304843,0.5190972222222222
P02187,male,FM,2000-2499,2467.5,bullet,1,2268.0,0.0769230769230769,6.25,63.61538461538461,19.76923076923077,0.0769230769230769,0.0,15.0,2.4615384615384617,0.1538461538461538,0.2307692307692307
P02187,male,FM,2000-2499,2467.5,rapid,3,1986.0,0.28205128205128205,2.4486531986531985,58.666666666666664,17.25641025641026,0.0769230769230769,0.025641025641025633,20.5,2.948717948717949,0.6923076923076922,0.6153846153846154
P02210,male,FM,2000-2499,2229.6,blitz,24,2317.7916666666665,0.2724358974358974,2.864527146328617,58.455128205128204,18.00801282051282,0.0769230769230769,0.03846153846153845,17.235294117647058,2.7291666666666665,0.6458333333333334,0.5673076923076923
P02210,male,FM,2000-2499,2229.6,bullet,76,2201.6973684210525,0.281897415450047,2.9678687540529647,59.29923194495562,17.96232082975504,0.08352579438105752,0.029605263157894725,19.791044776119403,2.7278230176256493,0.6203909029566924,0.5912635975135976
P02219,male,FM,2000-2499,2446.6,blitz,30,2456.3333333333335,0.2513532763532763,3.2112950937950937,58.254843304843305,18.399358974358975,0.07713675213675211,0.017948717948717944,20.17241379310345,2.6169515669515673,0.5743589743589743,0.5643162393162393
P02219,male,FM,2000-2499,2446.6,bullet,70,2442.4714285714285,0.3046092796092796,2.768865341008198,57.82838827838828,17.740042735042735,0.07916971916971915,0.02417582417582417,18.31578947368421,2.61739010989011,0.6166391941391941,0.5768040293040293
P02240,male,GM,2000-2499,2280.6,blitz,10,2425.9,0.2256410256410256,3.6169480519480524,58.85641025641026,17.951282051282053,0.06153846153846152,0.03076923076923076,15.875,2.9307692307692306,0.5487179487179488,0.517948717948718
P02240,male,GM,2000-2499,2280.6,rapid,6,2038.5,0.30769230769230765,2.828030303030303,57.57692307692307,17.038461538461537,0.03846153846153845,0.012820512820512817,20.666666666666668,3.2179487179487176,0.5897435897435898,0.6025641025641025
P02241,male,CM,1000-1499,1473.1,blitz,9,1680.111111111111,0.1367521367521367,3.1801587301587304,57.36666666666666,17.548717948717947,0.044871794871794865,0.039316239316239315,19.125,2.547008547008547,0.441025641025641,0.4717948717948718
P02241,male,CM,1000-1499,1473.1,bullet,91,1452.6263736263736,0.2888576624840361,3.1016602445173875,56.65251232284199,16.95527732340919,0.06076829153752229,0.038884192730346566,18.771428571428572,2.6608339767680427,0.5875989090274805,0.5961944038867116
P02261,male,IM,2000-2499,2378.2,blitz,16,2437.9375,0.2548076923076923,3.2235119047619047,59.27884615384615,18.783653846153847,0.09134615384615383,0.05288461538461537,20.4,2.9375,0.5288461538461539,0.5336538461538461
P02261,male,IM,2000-2499,2378.2,bullet,9,2272.1111111111113,0.25213675213675213,3.138119288119288,61.6025641025641,18.52777777777778,0.09081196581196578,0.06837606837606836,20.25,3.159188034188034,0.5673076923076923,0.5373931623931624
P02271,male,IM,2500+,2832.6,blitz,100,2832.64,0.2711153846153846,2.875485795179529,56.45453846153846,16.595884615384616,0.07484615384615383,0.03201923076923076,20.927710843373493,2.8739423076923076,0.5847115384615384,0.5461346153846154
P02277,male,FM,2500+,2733.7,blitz,29,2897.206896551724,0.2251989389920424,3.2606482372709555,59.676127320954905,18.017771883289125,0.07241379310344825,0.031830238726790444,21.48148148148148,3.159946949602122,0.5042440318302387,0.5750663129973476
P02277,male,FM,2500+,2733.7,bullet,71,2666.943661971831,0.25230872413971006,2.920990003736483,58.62931434762421,17.301785069390704,0.093355001805706,0.03884847546819376,15.363636363636363,3.260460197079915,0.5860547902801424,0.5705773100139296
P02281,male,FM,2500+,2841.8,blitz,72,2802.8888888888887,0.2577133514633514,3.3752207215442507,57.673675861175866,17.467705905205904,0.08352758352758351,0.05146011396011394,16.102941176470587,3.2144603082103083,0.5723662911162911,0.5011897824397824
P02281,male,FM,2500+,2841.8,bullet,28,2941.8214285714284,0.28996003996003994,2.7144769912627056,57.43881118881119,17.168081918081917,0.0779220779220779,0.035714285714285705,12.821428571428571,3.458291708291708,0.6331168831168831,0.5606893106893107
P02283,male,CM,2000-2499,2343.4,bullet,100,2343.45,0.23558741258741256,3.228796953046953,58.905426573426574,17.61353846153846,0.07384615384615383,0.029999999999999992,21.930232558139537,2.7418321678321678,0.5202867132867133,0.5618251748251748
P02287,male,FM,2000-2499,2397.8,blitz,100,2397.75,0.2771996891996892,3.307382437007437,59.047688034188035,17.662308275058276,0.09206293706293706,0.03763461538461538,16.88421052631579,2.947303807303807,0.5807365967365967,0.540461926961927
P02288,male,IM,2000-2499,2407.2,blitz,95,2403.0421052631577,0.25787224471434994,3.2121261748408565,60.034719666298614,18.163971700813807,0.08526315789473682,0.041129922708870066,18.024390243902438,2.9578673373410216,0.5383732057416267,0.5298032961190856
P02288,male,IM,2000-2499,2407.2,rapid,5,2486.4,0.12307692307692304,4.981428571428571,57.58461538461538,17.384615384615383,0.03076923076923076,0.01538461538461538,24.0,2.521153846153846,0.4596153846153846,0.5192307692307693
P02290,male,FM,2000-2499,2483.0,blitz,100,2482.98,0.2787925407925408,3.21325468975469,58.128677156177154,17.531089743589742,0.06972960372960371,0.047255244755244744,18.78494623655914,3.0180431235431233,0.5728904428904429,0.5693018648018647
P02292,male,CM,2500+,2554.3,blitz,39,2554.2820512820513,0.21222879684418144,3.490796703296703,57.81459566074951,17.42110453648915,0.04536489151873766,0.03747534516765284,17.485714285714284,3.1994082840236686,0.5151873767258383,0.48934911242603546
P02300,male,FM,2000-2499,2388.1,blitz,74,2393.5,0.2641159516159516,3.2343031593031593,59.8554936054936,18.066638316638315,0.07020175770175768,0.0359100359100359,17.681818181818183,2.9984564984564983,0.5587751212751212,0.5363313488313488
P02300,male,FM,2000-2499,2388.1,bullet,9,2481.3333333333335,0.23232323232323226,2.9246913580246914,61.87490287490287,19.21212121212121,0.11266511266511264,0.03418803418803418,17.375,2.9642579642579645,0.5874125874125874,0.5190365190365189
P02300,male,FM,2000-2499,2388.1,rapid,17,2315.0588235294117,0.22569587275469627,3.399206349206349,61.95056903880433,18.67386535033594,0.07239819004524885,0.04524886877828053,14.285714285714286,3.0213218154394625,0.5455231043466338,0.5101467160290689
P02305,male,GM,2500+,3057.9,blitz,86,3122.860465116279,0.25330451202544224,3.165462476799686,60.04149274498111,18.394479228781552,0.0754323196183661,0.03227489564698866,16.0375,3.033989266547406,0.5526485788113695,0.530063605645001
P02305,male,GM,2500+,3057.9,rapid,14,2659.1428571428573,0.22827172827172823,3.290171534814392,60.896603396603396,18.122877122877124,0.0834165834165834,0.03846153846153845,16.166666666666668,2.91008991008991,0.506993006993007,0.49300699300699297
P02311,male,FM,2000-2499,2467.8,blitz,4,2585.75,0.2475961538461538,2.450641025641026,58.90625,17.209134615384613,0.0,0.019230769230769225,12.0,3.5552884615384617,0.4831730769230769,0.5600961538461539
P02311,male,FM,2000-2499,2467.8,bullet,96,2462.8645833333335,0.3029262404262404,2.836258793290043,57.80215617715618,17.293165168165167,0.06962828837828837,0.0408653846153846,9.827956989247312,3.270458707958708,0.6051032301032301,0.5676094738594738
P02314,male,GM,2500+,3107.3,blitz,100,3107.26,0.23707692307692305,3.3244742246058037,59.039846153846156,18.168692307692307,0.0792307692307692,0.04076923076923076,18.558139534883722,2.959461538461538,0.5436923076923077,0.5323846153846153
P02322,male,FM,2000-2499,2497.1,blitz,100,2497.11,0.25761477411477407,3.0562038239538243,57.855925518925524,17.746296703296704,0.07337301587301585,0.038525641025641016,19.956043956043956,2.791153235653236,0.5539462759462759,0.5503083028083028
P02333,male,IM,2500+,2770.4,blitz,48,2727.4791666666665,0.22139232295482292,3.1994983604358604,57.60682806776557,17.396068630443633,0.0769230769230769,0.05145375457875456,19.45,2.9299100783475787,0.530149827024827,0.5320608211233211
P02333,male,IM,2500+,2770.4,bullet,52,2809.980769230769,0.24214332675871134,3.034154200500354,58.54266929651545,17.863938198553583,0.08136094674556212,0.04289940828402365,13.652173913043478,2.9998356344510193,0.5793885601577909,0.5704470742932282
P02342,male,CM,2000-2499,2374.0,bullet,100,2373.96,0.22510217560217557,3.0774141136641133,59.59998445998446,18.062135586635588,0.058615384615384604,0.029692307692307685,15.436170212765957,3.055503108003108,0.5516379176379176,0.5153764568764568
P02349,male,FM,2500+,2627.8,bullet,100,2627.8,0.27487179487179486,2.6469968087468088,56.266837606837605,16.981538461538463,0.06111111111111109,0.0323076923076923,12.854166666666666,3.1087179487179486,0.5635897435897436,0.5574358974358975
P02350,male,FM,2000-2499,2282.8,blitz,92,2276.3152173913045,0.24250152021891147,3.3056312347073216,60.81134906759907,18.040226259247998,0.08971571906354513,0.04368729096989966,17.894117647058824,3.1705926320056754,0.5569961741157393,0.5019446133576568
P02350,male,FM,2000-2499,2282.8,bullet,3,2264.0,0.358974358974359,3.206349206349206,59.205128205128204,17.35897435897436,0.025641025641025633,0.025641025641025633,23.333333333333332,2.794871794871795,0.5897435897435898,0.5128205128205128
P02350,male,FM,2000-2499,2282.8,rapid,5,2414.0,0.2615384615384615,3.728658008658009,62.07692307692307,19.076923076923077,0.10769230769230767,0.01538461538461538,15.0,3.553846153846154,0.6,0.6153846153846154
P02354,male,FM,2000-2499,2011.1,blitz,72,2134.6388888888887,0.28120062807562807,2.776386884720218,58.30111693861694,17.97733504921005,0.08351868039368038,0.04408670033670033,19.52542372881356,2.3474617974617975,0.5811569217819218,0.5724990287490288
P02354,male,FM,2000-2499,2011.1,bullet,27,1682.0740740740741,0.29835390946502055,2.677336860670194,57.51592276036721,17.417822095599874,0.12160493827160491,0.03988603988603988,23.523809523809526,2.120797720797721,0.5678854067742957,0.5767331433998101
P02354,male,FM,2000-2499,2011.1,rapid,1,2000.0,0.2307692307692307,2.2857142857142856,56.61538461538461,17.53846153846154,0.0,0.0,32.0,2.076923076923077,0.7692307692307693,0.6923076923076923
P02359,male,CM,2500+,2646.2,blitz,2,2667.5,0.2467948717948718,4.133333333333333,64.12179487179488,20.810897435897438,0.03846153846153845,0.0801282051282051,17.5,3.0673076923076925,0.4807692307692307,0.36538461538461536
P02359,male,CM,2500+,2646.2,bullet,98,2645.8061224489797,0.23667375708192032,3.297926478283621,60.761765870184234,18.776131464906975,0.08785446412997432,0.04297176746156337,21.45945945945946,2.8844797492756675,0.49639801808169154,0.4891654547266792
P02364,male,GM,2500+,2610.1,blitz,99,2612.3030303030305,0.27962777962777957,3.1143073767850953,57.69858844858845,17.947663447663448,0.060689310689310674,0.030303030303030293,17.466666666666665,3.2455784955784956,0.562086062086062,0.5303955303955304
P02364,male,GM,2500+,2610.1,bullet,1,2393.0,0.2307692307692307,5.0,58.53846153846154,18.615384615384617,0.1538461538461538,0.0769230769230769,13.0,3.3846153846153846,0.6153846153846154,0.3846153846153846
P02366,male,CM,2500+,2713.3,bullet,100,2713.31,0.2812222222222222,2.8391776834276836,56.81749572649573,17.017769230769233,0.07578632478632477,0.03384615384615384,14.183908045977011,3.216555555555556,0.6067521367521368,0.5672307692307692
P02378,male,FM,2000-2499,2473.7,blitz,100,2473.7,0.21359052059052058,3.7083633588633593,59.97360062160062,18.269210567210568,0.04188344988344987,0.02271367521367521,21.426966292134832,2.8961688034188033,0.5160097125097125,0.5136550116550116
P02399,male,CM,2000-2499,2033.7,blitz,89,2058.3370786516853,0.25635983866320944,3.2098679410477162,58.50172140593489,17.65954335926246,0.07708153269951021,0.02560501296456352,15.0,2.89601699798329,0.5756338231057332,0.543870642466148
P02399,male,CM,2000-2499,2033.7,bullet,4,1511.0,0.3557692307692307,2.2916666666666665,50.20192307692308,14.586538461538462,0.03846153846153845,0.019230769230769225,18.0,2.6153846153846154,0.5336538461538461,0.6346153846153846
P02399,male,CM,2000-2499,2033.7,rapid,7,2019.2857142857142,0.2747252747252747,3.403453689167975,60.230769230769226,17.43956043956044,0.021978021978021973,0.010989010989010986,15.166666666666666,2.8461538461538463,0.5384615384615384,0.5714285714285714
P02406,male,IM,1500-1999,1955.3,blitz,100,1955.33,0.27300893550893546,2.976269841269841,59.823528360528364,18.180480297480297,0.09911499611499609,0.035384615384615375,17.655555555555555,3.057258075258075,0.5610696525696526,0.5596672771672772
P02414,male,IM,2000-2499,2490.7,blitz,100,2490.67,0.24360722610722607,3.052430597180597,58.69336247086247,17.64832167832168,0.08977855477855476,0.050203962703962685,13.857142857142858,3.1606934731934735,0.5678030303030304,0.5380361305361305
P02417,male,FM,2500+,2772.8,blitz,93,2779.9247311827958,0.2951576499963597,3.020260237338036,57.72608305672822,17.316722107044686,0.07498147014276045,0.031798547927580176,13.916666666666666,3.0592319866513416,0.5963847979977013,0.5744210986146471
P02417,male,FM,2500+,2772.8,bullet,7,2678.5714285714284,0.24175824175824173,3.568764172335601,61.747252747252745,18.395604395604398,0.09890109890109887,0.043956043956043946,25.666666666666668,2.4505494505494503,0.6263736263736265,0.5054945054945055
P02426,male,FM,2000-2499,2320.8,blitz,26,2489.346153846154,0.27280571992110453,2.7586926961926963,58.8974358974359,17.514792899408285,0.05917159763313607,0.053254437869822466,19.875,3.029462524654832,0.558801775147929,0.5569526627218935
P02426,male,FM,2000-2499,2320.8,bullet,74,2261.5405405405404,0.24886914886914882,2.9013836763836762,58.92291391041391,17.865454702954704,0.06169281169281167,0.030145530145530133,20.46031746031746,3.1008087633087635,0.54001134001134,0.5176486801486802
P02430,male,IM,2500+,2576.7,blitz,84,2568.5476190476193,0.27433608058608056,3.204431166405956,59.413827838827835,17.928670634920636,0.10504426129426125,0.049450549450549434,16.5974025974026,3.0722451159951163,0.5648580586080586,0.5259691697191696
P02430,male,IM,2500+,2576.7,bullet,16,2619.5,0.2743662587412587,3.12903363997114,57.72465034965035,17.42344114219114,0.0973557692307692,0.06464889277389275,17.071428571428573,2.7318983100233103,0.5941870629370629,0.5444347319347319
P02443,male,GM,2500+,2868.0,blitz,100,2868.02,0.2625113775113775,3.1405771173271173,58.613510378510384,17.841585636585638,0.07083333333333332,0.02923076923076922,17.402298850574713,2.9792368742368747,0.5752636252636253,0.5443409368409369
P02451,male,FM,2500+,2514.3,blitz,5,2490.2,0.2615384615384615,2.2558730158730156,62.27692307692307,18.46153846153846,0.03076923076923076,0.03076923076923076,17.6,3.4615384615384612,0.6,0.4923076923076922
P02451,male,FM,2500+,2514.3,bullet,94,2521.148936170213,0.28534833960365874,2.996159012382417,59.540447141510974,17.95319272925656,0.10266293989698243,0.0640650130011832,16.566265060240966,2.9555051331647078,0.5828880339518637,0.5518361071552561
P02451,male,FM,2500+,2514.3,rapid,1,1994.0,0.2307692307692307,3.3333333333333335,64.07692307692308,20.307692307692307,0.1538461538461538,0.0,15.0,2.8461538461538463,0.5384615384615384,0.3076923076923077
P02460,male,CM,2000-2499,2249.9,blitz,88,2266.1136363636365,0.2640487038214311,3.179542584940312,57.98967449848132,17.221011028113303,0.07205092886911067,0.03355186480186479,18.92105263157895,3.0221862417885146,0.5725701066610157,0.569051529278802
P02460,male,CM,2000-2499,2249.9,bullet,12,2130.8333333333335,0.2126068376068376,3.231150793650794,59.1784188034188,17.58707264957265,0.09668803418803416,0.07158119658119656,15.5,3.290598290598291,0.5245726495726496,0.5662393162393162
P02461,male,IM,2000-2499,2370.6,blitz,4,2369.5,0.2115384615384615,3.0236111111111112,59.13461538461539,19.096153846153847,0.11538461538461535,0.057692307692307675,29.75,3.173076923076923,0.6346153846153846,0.4807692307692307
P02461,male,IM,2000-2499,2370.6,bullet,7,2371.285714285714,0.2747252747252747,3.229251700680272,57.010989010989015,18.791208791208792,0.032967032967032954,0.010989010989010986,15.166666666666666,3.2637362637362637,0.5384615384615384,0.5274725274725275
P02471,male,CM,2000-2499,2113.9,bullet,100,2113.86,0.29588111888111884,2.871835137085137,58.122706293706294,17.336223776223775,0.07946153846153844,0.034986013986013975,17.511627906976745,2.865090909090909,0.6285244755244755,0.5732097902097901
P02483,male,CM,2000-2499,2077.6,blitz,87,2086.8735632183907,0.24385231626610931,3.290329035587656,58.3142619832275,17.792639927122686,0.0602041636524395,0.026036224312086374,15.935064935064934,2.8716066500549258,0.5300793076655145,0.5617889773062187
P02483,male,CM,2000-2499,2077.6,bullet,13,2015.6153846153845,0.26035502958579876,2.902028527028527,55.02366863905325,16.781065088757398,0.06508875739644969,0.035502958579881644,15.923076923076923,2.9881656804733727,0.5562130177514792,0.4970414201183431
P02486,male,CM,1500-1999,1740.5,blitz,99,1739.969696969697,0.280749020900536,3.0164006588249013,58.55867101473162,17.989003476882264,0.10387283872132355,0.05145334463516281,17.0989010989011,2.7334124068972554,0.5839641559338529,0.5449977631795814
P02486,male,CM,1500-1999,1740.5,bullet,1,1788.0,0.3076923076923077,3.5714285714285716,57.38461538461539,17.76923076923077,0.0769230769230769,0.0,17.0,2.923076923076923,0.6153846153846154,0.4615384615384615
P02497,male,GM,2500+,2752.2,blitz,2,2460.0,0.34134615384615385,3.375,56.37019230769231,16.139423076923077,0.125,0.0,17.5,3.4086538461538467,0.5432692307692307,0.5336538461538461
P02497,male,GM,2500+,2752.2,bullet,98,2758.214285714286,0.2642159427873713,3.0400938347366915,58.99454910169195,18.28346851561137,0.0861678004535147,0.03296703296703296,18.574468085106382,2.921136403279261,0.5791470434327577,0.5491671027385313
P02538,male,CM,2000-2499,2436.3,blitz,9,2305.1111111111113,0.2564102564102564,3.4555555555555557,59.888888888888886,17.572649572649574,0.04273504273504272,0.04273504273504272,17.333333333333332,3.1623931623931623,0.5555555555555556,0.5213675213675213
P02538,male,CM,2000-2499,2436.3,bullet,88,2461.2045454545455,0.2582521645021645,3.075102958909777,58.24941724941725,17.803019896769896,0.06630869130869128,0.033966033966033954,16.4625,3.170350482850483,0.5450591075591076,0.5510739260739261
P02538,male,CM,2000-2499,2436.3,rapid,3,2099.0,0.30769230769230765,2.9861111111111107,51.12820512820513,15.948717948717949,0.025641025641025633,0.025641025641025633,20.0,2.58974358974359,0.641025641025641,0.48717948717948717
P02542,male,FM,2000-2499,2245.3,blitz,100,2245.32,0.27736538461538457,2.7673644688644687,58.01282417582417,17.070282967032966,0.07626923076923074,0.027692307692307683,20.358695652173914,3.0155384615384615,0.5719203296703297,0.5731785714285714
P02547,male,CM,2000-2499,2283.9,blitz,51,2263.235294117647,0.24977375565610857,3.025920020643204,59.42835595776772,17.92971342383107,0.07541478129713422,0.03167420814479637,15.833333333333334,3.099547511312217,0.5535444947209653,0.5450980392156863
P02547,male,CM,2000-2499,2283.9,bullet,49,2305.3673469387754,0.28414442700156983,2.9983346585387403,58.62794348508635,17.474097331240188,0.08791208791208789,0.036106750392464665,15.808510638297872,3.097331240188383,0.5996860282574568,0.5635792778649922
P02555,male,FM,2000-2499,2262.2,blitz,69,2277.8115942028985,0.26407907712255535,3.355417569548004,59.96632570328222,18.297778308647874,0.08971889624063535,0.03266443701226309,18.09375,2.9671333497420456,0.5468769153551762,0.5319257634475026
P02555,male,FM,2000-2499,2262.2,rapid,31,2227.3870967741937,0.2434055192119708,3.2480530222465704,59.73222798706669,18.643537108053238,0.0731558763816828,0.030521091811414384,15.8,2.922084367245658,0.529325513196481,0.5003985262049778
P02560,male,CM,2000-2499,2418.8,blitz,100,2418.75,0.23381701631701626,3.317408313908314,59.28952797202797,17.681625874125874,0.06783216783216782,0.03321678321678321,19.184782608695652,2.9987937062937062,0.508479020979021,0.5387587412587412
P02561,male,FM,2500+,2729.0,blitz,61,2754.8360655737706,0.2597169679136892,3.448391999621508,60.872474429031804,18.66902760263416,0.07023259072439399,0.03887487739946755,20.106382978723403,2.9975830180748217,0.5700154126383634,0.5337256550371304
P02561,male,FM,2500+,2729.0,bullet,4,2335.25,0.2548076923076923,3.383035714285714,55.77403846153846,18.057692307692307,0.10096153846153845,0.0,20.0,3.1201923076923075,0.5096153846153846,0.5528846153846154
P02563,male,FM,2000-2499,2266.4,blitz,100,2266.38,0.2626700244200244,3.1225779220779217,57.93999023199023,17.531761904761904,0.08903968253968252,0.050423076923076904,18.012048192771083,2.888632783882784,0.5412802197802198,0.5406358363858363
P02567,male,IM,2500+,3076.7,blitz,93,3080.6451612903224,0.22529835755642205,3.3255175827756474,58.84734136830911,17.761400606561896,0.07544605931702704,0.034621292685808804,18.2875,2.627941234392847,0.5441037457166489,0.5173756351175706
P02567,male,IM,2500+,3076.7,bullet,7,3023.8571428571427,0.21978021978021972,2.79234693877551,58.637362637362635,19.252747252747252,0.05494505494505492,0.010989010989010986,17.857142857142858,2.5824175824175826,0.6043956043956044,0.5494505494505495
P02570,male,FM,2000-2499,2351.4,blitz,100,2351.38,0.24279487179487177,3.1747915075120954,59.19403418803418,17.630564102564104,0.08291452991452988,0.04572649572649572,20.25,2.7198119658119655,0.5268974358974359,0.5194786324786325
P02598,male,FM,2500+,2521.9,blitz,95,2537.3684210526317,0.22977986925355345,3.1771165607698113,59.08451022661549,17.79867632367632,0.0822707993760625,0.04453441295546557,20.25,2.737282892546051,0.49671512697828485,0.5317975883765357
P02598,male,FM,2500+,2521.9,bullet,1,2252.0,0.5384615384615384,1.6666666666666667,56.0,15.846153846153848,0.0769230769230769,0.0,18.0,3.923076923076923,0.7692307692307693,0.6923076923076923
P02598,male,FM,2500+,2521.9,rapid,4,2221.0,0.28846153846153844,2.564583333333333,61.269230769230774,17.365384615384613,0.11538461538461536,0.0769230769230769,15.666666666666666,3.6346153846153846,0.6730769230769231,0.6346153846153846
P02601,male,IM,2000-2499,2267.4,blitz,100,2267.43,0.2545409867909868,3.1049474691974694,58.60161732711733,17.646845182595182,0.08589277389277386,0.04589957264957263,18.818181818181817,2.6835555555555555,0.5462051282051282,0.5559640637140637
P02602,male,FM,1500-1999,1881.5,blitz,2,1881.5,0.15384615384615385,4.545454545454545,62.13461538461539,18.73076923076923,0.03846153846153845,0.03846153846153845,15.5,3.4038461538461537,0.3076923076923077,0.34615384615384615
P02603,male,FM,2500+,2669.3,blitz,100,2669.34,0.276025641025641,2.9756853008103006,57.37544871794872,16.866923076923076,0.07769230769230767,0.04846153846153845,11.652631578947368,3.5049358974358973,0.616474358974359,0.5344871794871795
P02609,male,FM,2000-2499,2355.0,blitz,88,2388.159090909091,0.28939438087165353,2.9970252285593193,57.59930467260013,17.357763827082007,0.08092286501377409,0.03574203574203573,16.753246753246753,2.851278960938052,0.5892930617362435,0.5403519460337642
P02609,male,FM,2000-2499,2355.0,bullet,2,2416.5,0.24038461538461536,1.95,48.625,14.919871794871796,0.03846153846153845,0.03846153846153845,21.0,2.689102564102564,0.5192307692307692,0.6442307692307692
P02609,male,FM,2000-2499,2355.0,rapid,10,2051.0,0.39991674991674986,2.3419444444444446,55.491758241758234,15.913153513153514,0.04505494505494504,0.04645354645354644,19.5,1.996153846153846,0.7997002997002997,0.6576590076590076
P02613,male,IM,2500+,2566.1,blitz,98,2587.683673469388,0.24873782679905126,3.5521143822164234,58.972631365233404,17.788519303825428,0.08159544537095556,0.039160244517387366,16.511627906976745,3.1989368624572707,0.5550497971416339,0.5398693143591102
P02613,male,IM,2500+,2566.1,bullet,2,1508.5,0.423076923076923,2.7625,55.269230769230774,16.346153846153847,0.1538461538461538,0.0,25.5,3.0384615384615383,0.6153846153846154,0.6923076923076923
P02614,male,IM,2000-2499,2233.2,bullet,100,2233.24,0.24979254079254076,2.9658162948162947,56.13891491841492,17.131799533799533,0.06384615384615383,0.03153846153846153,16.78409090909091,2.942651515151515,0.5705979020979021,0.5487249417249417
P02615,male,FM,2500+,2587.5,blitz,94,2591.478723404255,0.23980983555451638,3.022042334143398,57.223940067025175,16.91144493804068,0.07126295690125475,0.03273322422258591,17.977777777777778,3.1251169043722236,0.5295865482035695,0.5277160782479932
P02615,male,FM,2500+,2587.5,bullet,6,2525.0,0.2695868945868946,3.0175925925925924,60.393874643874646,18.535612535612536,0.0883190883190883,0.06980056980056978,11.25,2.7126068376068377,0.6378205128205128,0.5462962962962963
P02616,male,GM,2500+,2741.0,blitz,99,2744.030303030303,0.2649572649572649,3.228644307432186,58.236208236208235,17.725718725718725,0.07459207459207456,0.02797202797202796,17.34065934065934,2.95959595959596,0.5773115773115773,0.5361305361305361
P02616,male,GM,2500+,2741.0,rapid,1,2439.0,0.1666666666666666,1.6666666666666667,59.666666666666664,16.666666666666668,0.0,0.0,,3.0,0.6666666666666666,0.5
P02618,male,FM,2000-2499,2163.5,blitz,3,2396.3333333333335,0.30769230769230765,4.151851851851852,59.07692307692307,18.256410256410255,0.0769230769230769,0.051282051282051266,20.0,2.692307692307692,0.48717948717948717,0.5128205128205129
P02618,male,FM,2000-2499,2163.5,bullet,89,2146.0561797752807,0.2839117187431794,2.533041085007377,57.43098574334529,17.422247540225065,0.07484874675885911,0.029290310189186583,24.375,2.6831731314877385,0.577714919287953,0.561665051552692
P02618,male,FM,2000-2499,2163.5,rapid,8,2270.75,0.23397435897435892,3.00625,55.43509615384615,16.840544871794872,0.02964743589743589,0.0881410256410256,18.6,2.548076923076923,0.6017628205128205,0.516025641025641
P02628,male,CM,2000-2499,2163.6,blitz,20,2402.2,0.25769230769230766,3.109722222222222,55.59615384615385,16.734615384615385,0.057692307692307675,0.019230769230769225,21.823529411764707,2.6961538461538463,0.5923076923076923,0.5846153846153846
P02628,male,CM,2000-2499,2163.6,bullet,80,2103.975,0.2937830225330225,2.723472222222222,57.269887820512814,17.6100827991453,0.0756730769230769,0.029166666666666657,18.44,2.751678807303807,0.6159100621600622,0.5792805458430459
P02640,male,FM,2000-2499,2007.8,blitz,92,2048.9347826086955,0.2691263748328966,3.4324298889516283,58.07631580376146,17.73012808447591,0.10344076213641429,0.0614770796836014,18.2,3.0379458102284187,0.5662952989039945,0.5182516758603716
P02640,male,FM,2000-2499,2007.8,bullet,8,1535.25,0.32692307692307687,3.1080357142857142,57.74038461538461,17.346153846153847,0.06730769230769229,0.019230769230769225,16.666666666666668,2.8173076923076925,0.5673076923076923,0.5769230769230769
P02662,male,IM,2500+,2767.6,blitz,89,2775.7191011235955,0.2581885966717427,2.9785002918429884,58.17893841489347,17.680234871246107,0.08689515852437198,0.03372844384080338,18.28205128205128,2.9477816191299335,0.5409206897970943,0.5525733629666214
P02662,male,IM,2500+,2767.6,bullet,11,2702.090909090909,0.2587412587412587,2.938639643185098,59.77622377622378,18.46153846153846,0.06993006993006991,0.034965034965034954,11.363636363636363,3.055944055944056,0.6223776223776224,0.5594405594405594
P02664,male,IM,2500+,2671.9,blitz,7,2530.4285714285716,0.19980019980019975,3.773809523809524,57.484515484515484,17.053946053946053,0.045954045954045945,0.023976023976023973,16.0,2.4985014985014984,0.5264735264735264,0.5834165834165834
P02664,male,IM,2500+,2671.9,bullet,93,2682.537634408602,0.23792390405293629,2.365825482760967,54.833064516129035,16.54555417700579,0.08188585607940445,0.05510752688172041,12.337349397590362,3.042390405293631,0.5434656741108355,0.5061827956989247
P02665,male,FM,2500+,2552.3,blitz,100,2552.29,0.24150915750915747,2.727900432900433,55.28551648351649,16.62018315018315,0.07551648351648349,0.06999999999999998,19.975,2.8747252747252747,0.509065934065934,0.497010989010989
P02666,male,FM,2500+,2585.8,blitz,92,2609.1739130434785,0.24500101347927433,2.8804122960372958,56.95877546366677,16.93412638086551,0.07123239079760817,0.03738471673254281,18.414634146341463,3.0510540184453228,0.5728704266747745,0.5449110671936759
P02666,male,FM,2500+,2585.8,bullet,1,2581.0,0.3076923076923077,2.1666666666666665,44.07692307692308,12.76923076923077,0.0,0.0,22.0,3.1538461538461537,0.6923076923076923,0.6153846153846154
P02666,male,FM,2500+,2585.8,rapid,7,2278.5714285714284,0.2637362637362637,2.8838435374149656,55.67032967032967,16.89010989010989,0.09890109890109887,0.06593406593406591,19.5,2.89010989010989,0.5934065934065934,0.5384615384615384
P02673,male,CM,2000-2499,2054.7,blitz,81,2085.8765432098767,0.2740366629255518,2.9050693476619402,56.02009985898875,16.413118363118365,0.06353276353276352,0.027619499841722052,21.0,2.8513468013468013,0.6102693602693603,0.5611413278079944
P02673,male,CM,2000-2499,2054.7,bullet,14,1830.857142857143,0.3021978021978021,2.7556972789115646,55.42857142857143,16.423076923076923,0.049450549450549434,0.02747252747252746,24.357142857142858,3.076923076923077,0.6703296703296704,0.6263736263736265
P02673,male,CM,2000-2499,2054.7,rapid,5,2176.2,0.25999999999999995,3.0142857142857142,59.77692307692307,17.119999999999997,0.11230769230769229,0.0769230769230769,19.0,3.0323076923076924,0.5707692307692307,0.5507692307692308
P02684,male,IM,2500+,2712.6,bullet,100,2712.6,0.25479853479853476,2.849914945348769,58.60984126984127,17.404468864468864,0.08527472527472525,0.0323076923076923,15.25287356321839,2.9792796092796094,0.5573137973137974,0.5684004884004884
P02686,male,IM,2000-2499,2080.8,blitz,36,2193.8611111111113,0.26363451363451357,3.388999118165785,60.99305555555556,18.98560236060236,0.09535256410256407,0.025641025641025633,16.970588235294116,3.1507809320309317,0.5407636345136345,0.5149445461945462
P02686,male,IM,2000-2499,2080.8,bullet,64,2017.140625,0.25764079670329665,3.2826845463564216,59.55322802197802,18.105711996336996,0.059023008241758226,0.028846153846153837,18.60655737704918,3.1184895833333335,0.5389194139194139,0.5157537774725275
P02688,male,CM,2000-2499,2449.3,bullet,100,2449.34,0.27878205128205125,2.703948884448885,56.500961538461546,16.6532905982906,0.08079059829059826,0.028461538461538455,10.835051546391753,3.3136538461538465,0.6242307692307691,0.5739316239316239
P02691,male,CM,2000-2499,2076.7,blitz,82,2094.878048780488,0.27985236308407035,3.0235569288833277,58.086278998778994,17.841707614878345,0.09468566663688613,0.044572128413591816,19.09722222222222,2.68352318413294,0.5920400399058936,0.5864010989010989
P02691,male,CM,2000-2499,2076.7,bullet,18,1993.888888888889,0.27928861262194593,2.6134700176366845,61.86134852801519,18.79305879305879,0.10256410256410255,0.05982905982905981,15.352941176470589,2.821332987999655,0.6257014590347924,0.5186048519381852
P02692,male,FM,2500+,2854.3,bullet,100,2854.29,0.2665934065934066,2.827987429237429,58.13175824175824,17.86208791208791,0.07769230769230767,0.037692307692307685,19.052083333333332,3.1746153846153846,0.5403296703296703,0.5348351648351648
P02703,male,FM,2500+,2503.6,blitz,43,2500.3953488372094,0.3159837578442229,2.6528960703379307,54.04520544055428,15.971888576539738,0.08467501490757302,0.05167958656330748,27.84,2.2982366470738564,0.67186302070023,0.646449158077065
P02703,male,FM,2500+,2503.6,bullet,46,2562.9565217391305,0.299920188507145,2.823794955044955,53.407450339515556,15.466627394344785,0.07778453430627341,0.028567447045707905,24.125,2.4150843721495896,0.6586145738319652,0.5962311239485153
P02703,male,FM,2500+,2503.6,rapid,11,2267.6363636363635,0.3195592286501377,3.5714646464646465,52.48728544183089,15.127622377622378,0.1481246026700572,0.0769230769230769,33.833333333333336,2.2102140283958467,0.7256834075015893,0.647488874761602
P02706,male,CM,2000-2499,2282.3,blitz,93,2287.52688172043,0.2808885558885558,2.9629542500510238,59.12740861289248,17.658777781358427,0.10696382470576016,0.03739092448769867,18.59036144578313,2.905352264223232,0.6082582292259712,0.573865381929898
P02706,male,CM,2000-2499,2282.3,bullet,5,2291.6,0.2615384615384615,2.495,57.46153846153847,17.707692307692305,0.03076923076923076,0.03076923076923076,19.5,2.5846153846153848,0.6,0.6307692307692307
P02706,male,CM,2000-2499,2282.3,rapid,2,2015.0,0.18681318681318676,4.5,65.9010989010989,18.81868131868132,0.0714285714285714,0.0,19.5,2.9450549450549453,0.478021978021978,0.3791208791208791
P02710,male,FM,2500+,2724.1,blitz,83,2709.578313253012,0.24556467628756784,3.113818912011683,59.07163820115627,18.258341056533826,0.09517189637671562,0.028807537843682417,17.405405405405407,2.8388499051149654,0.5597334392515115,0.5301315150712741
P02710,male,FM,2500+,2724.1,bullet,17,2794.9411764705883,0.26943644590703414,2.7516488413547235,57.82176059234883,17.53475935828877,0.06334841628959274,0.032496914849856014,20.46153846153846,2.7869189633895517,0.6122583299053888,0.5336487042369394
P02718,male,FM,2000-2499,2471.7,blitz,75,2480.84,0.25391941391941386,2.9845141155141155,57.58710622710623,16.975384615384616,0.07589743589743587,0.04923076923076922,18.957142857142856,3.177289377289377,0.5621978021978022,0.5194139194139195
P02718,male,FM,2000-2499,2471.7,bullet,25,2444.4,0.2656410256410256,3.3096666666666663,58.09811965811966,17.56,0.04923076923076922,0.030769230769230757,17.2,3.3302564102564105,0.5620512820512821,0.5466666666666666
P02719,male,FM,2500+,2655.3,blitz,100,2655.32,0.21339160839160837,3.4902887390387387,59.339496503496505,17.94753146853147,0.057433566433566424,0.03552447552447551,18.5,2.9319650349650352,0.48815384615384616,0.5109230769230769
P02722,male,CM,1500-1999,1778.5,rapid,100,1778.49,0.23680128205128204,3.2348719336219336,57.98189685314686,17.095996503496504,0.06326923076923074,0.027153846153846146,19.772727272727273,3.1328379953379955,0.5426824009324009,0.532270979020979
P02735,male,IM,2500+,2750.3,blitz,53,2804.4528301886794,0.2496371552975326,3.301871765551011,59.81422351233672,18.72423802612482,0.09143686502177066,0.04208998548621189,17.081632653061224,2.9085631349782295,0.5645863570391872,0.5312046444121916
P02735,male,IM,2500+,2750.3,bullet,44,2708.75,0.2658375715193897,3.0833370228256594,58.98277707141344,17.856577134986225,0.06371847849120574,0.02272727272727272,16.25581395348837,3.150813201949566,0.5954651409196864,0.5569188387370205
P02735,male,IM,2500+,2750.3,rapid,3,2404.3333333333335,0.2307692307692307,2.6944444444444446,57.92307692307693,16.28205128205128,0.051282051282051266,0.0,13.333333333333334,3.41025641025641,0.5641025641025641,0.6153846153846153
P02748,male,CM,2500+,2892.0,blitz,87,2934.3333333333335,0.26541163179094207,3.322364041987454,58.5110030454858,17.63246635229394,0.08210531486393553,0.040893015030946056,17.586666666666666,2.9447882896158757,0.5471804695942627,0.5447121524707732
P02748,male,CM,2500+,2892.0,bullet,13,2609.0,0.24852071005917156,2.7736263736263735,55.37278106508875,16.82248520710059,0.04733727810650886,0.029585798816568035,12.583333333333334,3.2781065088757395,0.5562130177514792,0.6153846153846154
P02767,male,IM,1500-1999,1984.7,blitz,7,2408.0,0.23076923076923075,3.5496031746031744,59.527472527472526,19.428571428571427,0.043956043956043946,0.021978021978021973,15.857142857142858,2.7362637362637363,0.4725274725274725,0.4945054945054945
P02767,male,IM,1500-1999,1984.7,bullet,81,1914.851851851852,0.2896621896621896,2.830310601606898,59.12278071722516,17.581350336905892,0.08717722606611493,0.033238366571699894,14.618421052631579,3.2397435897435893,0.6123773345995568,0.5313118979785646
P02767,male,IM,1500-1999,1984.7,rapid,12,2209.1666666666665,0.2628205128205128,3.399275493025493,60.17307692307693,18.58974358974359,0.03205128205128204,0.03205128205128204,22.6,2.5961538461538463,0.5897435897435898,0.45512820512820507
P02772,male,CM,1500-1999,1991.2,blitz,100,1991.24,0.24309251859251854,3.0597350427350425,58.41106318681319,17.373604534354534,0.06472319347319345,0.049514957264957256,16.45054945054945,2.93709324009324,0.5161158008658009,0.5216564824064824
P02783,male,GM,2500+,2885.0,bullet,100,2885.03,0.2585164835164835,2.927729326229326,61.41891025641026,18.409835164835165,0.08243589743589741,0.03089743589743589,19.431578947368422,3.0274816849816855,0.5613553113553114,0.5142216117216116
P02797,male,FM,2000-2499,2483.4,blitz,24,2451.3333333333335,0.24198717948717943,3.0145210113960115,57.245726495726494,17.285256410256412,0.08386752136752135,0.03846153846153845,18.7,2.889155982905983,0.4831730769230769,0.5181623931623932
P02797,male,FM,2000-2499,2483.4,bullet,76,2493.592105263158,0.28241539162591794,2.691304674857306,57.37279354417512,17.41181844471318,0.08031223162802108,0.03986167341430498,18.058823529411764,3.196893786038523,0.5569510533326323,0.5103391126417441
P02802,male,GM,2500+,2754.7,blitz,58,2782.2758620689656,0.25835543766578245,3.119481237153651,58.362500000000004,17.827420424403183,0.0900862068965517,0.041114058355437647,17.425925925925927,2.859018567639257,0.5414787798408488,0.5211538461538461
P02802,male,GM,2500+,2754.7,bullet,42,2716.5714285714284,0.2452380952380952,3.2356232391946675,58.24340659340659,17.494871794871795,0.08040293040293038,0.051831501831501814,20.47222222222222,2.7917582417582416,0.5098901098901099,0.5153846153846153
P02805,male,CM,2000-2499,2312.7,blitz,48,2312.6666666666665,0.2932787698412698,3.071213046213046,58.70337301587301,17.124465811965813,0.08791208791208789,0.035027472527472514,15.755555555555556,2.9583905677655675,0.5536668192918193,0.5650946275946276
P02821,male,FM,2500+,2615.8,blitz,100,2615.8,0.24768931068931066,3.084778638028638,58.59984171384171,17.596595460095457,0.07725912975912974,0.03874125874125873,21.416666666666668,2.791087357087357,0.5732146742146742,0.5459085359085359
P02825,male,CM,2000-2499,2471.8,blitz,60,2535.233333333333,0.2740384615384615,3.020661612352789,58.87705128205128,18.201346153846153,0.06448717948717947,0.03243589743589743,20.596153846153847,2.680897435897436,0.5924999999999999,0.5678205128205128
P02825,male,CM,2000-2499,2471.8,bullet,36,2428.1666666666665,0.2968089009755676,2.892155067155067,58.55329469912803,18.138899680566347,0.088529526029526,0.029914529914529905,19.0,2.7306127514460847,0.6033788742122075,0.5770363895363896
P02825,male,CM,2000-2499,2471.8,rapid,4,1912.0,0.37587412587412583,2.0208333333333335,50.98601398601399,16.325174825174827,0.12237762237762234,0.019230769230769225,19.666666666666668,2.5244755244755246,0.6363636363636364,0.5437062937062938
P02838,male,GM,2500+,2700.7,blitz,98,2697.4897959183672,0.24653917511060364,3.233443035889014,60.28811902383331,18.075510204081635,0.08518445839874408,0.040816326530612235,19.60919540229885,3.026873126873127,0.5298612102183531,0.5312580276865991
P02838,male,GM,2500+,2700.7,bullet,2,2857.5,0.1538461538461538,4.25,63.15384615384616,20.769230769230766,0.23076923076923075,0.1538461538461538,24.5,3.4230769230769234,0.34615384615384615,0.4615384615384615
P02839,male,CM,2000-2499,2371.4,blitz,92,2380.836956521739,0.24205052194182625,2.8037302673172237,58.39988091618526,17.760641532380664,0.08403010033444815,0.05121237458193978,17.2,2.664227982162765,0.5374480591871896,0.5366246072767812
P02839,male,CM,2000-2499,2371.4,rapid,8,2262.375,0.19230769230769226,4.123611111111111,60.60576923076923,18.153846153846153,0.057692307692307675,0.019230769230769225,15.142857142857142,2.9903846153846154,0.5,0.40384615384615385
P02855,male,CM,1500-1999,1827.9,blitz,100,1827.92,0.2501304528804528,3.34456746031746,58.516068681318686,17.60983583083583,0.05534498834498833,0.03360139860139859,18.071428571428573,2.736216033966034,0.552477688977689,0.5235548618048618
P02856,male,FM,2000-2499,2421.6,bullet,100,2421.57,0.2836681929181929,2.8998768176268173,58.63017155067155,17.755794566544566,0.08868315018315016,0.028525641025641018,15.269662921348315,3.130258241758242,0.613317155067155,0.5688458485958486
P02860,male,FM,2000-2499,2111.0,blitz,38,2178.9736842105262,0.28201915044020304,3.6489955950482265,58.503341687552215,17.855239059186427,0.08101985733564679,0.032557354925775966,21.78125,2.9537063813379603,0.5901171197223828,0.5509045048518733
P02860,male,FM,2000-2499,2111.0,bullet,62,2069.3064516129034,0.2654071734716896,3.2658799981380624,57.713062072336264,17.386752763365664,0.0851492593428077,0.04020697044890592,19.875,2.986361756523047,0.5762096774193549,0.5464452214452215
P02872,male,FM,2000-2499,2041.5,blitz,16,1972.25,0.2766903235653235,3.538219246031746,59.57438568376068,17.457474816849818,0.09869123931623928,0.040598290598290586,17.4,3.120802808302808,0.6352449633699634,0.5669833638583639
P02872,male,FM,2000-2499,2041.5,bullet,4,1187.5,0.4230769230769231,2.823809523809524,55.230769230769226,16.01923076923077,0.03846153846153845,0.019230769230769225,11.0,2.826923076923077,0.7307692307692308,0.7115384615384616
P02872,male,FM,2000-2499,2041.5,rapid,80,2098.0625,0.31754682817182817,2.6508256673881676,56.79708433927184,17.032467567155066,0.09051937645687644,0.04654914529914529,18.35211267605634,2.946048638861139,0.6179310966810967,0.5920459748584749
P02873,male,FM,2500+,2510.9,blitz,88,2520.4545454545455,0.24053049223503767,3.045242510015237,58.633693200738655,17.714808865377048,0.08787613901250263,0.03678613053613053,16.5625,2.941568847818848,0.5446156116610662,0.5308021523930614
P02873,male,FM,2500+,2510.9,bullet,11,2460.818181818182,0.2937062937062937,3.0966033966033963,58.328671328671334,17.685314685314687,0.08391608391608389,0.020979020979020973,15.818181818181818,3.2937062937062938,0.6363636363636364,0.5594405594405595
P02873,male,FM,2500+,2510.9,rapid,1,2220.0,0.1538461538461538,2.3,62.23076923076923,18.076923076923077,0.0769230769230769,0.0,12.0,3.5384615384615383,0.5384615384615384,0.4615384615384615
P02874,male,FM,2000-2499,2425.6,blitz,100,2425.58,0.23865384615384613,3.1484700438450437,59.25423076923077,17.604230769230767,0.06096153846153844,0.0346153846153846,19.606382978723403,2.9653846153846155,0.5040384615384615,0.5386538461538461
P02876,male,IM,2500+,2821.1,blitz,95,2817.221052631579,0.2704154909418067,2.9371082841442955,59.026374677953626,17.569815973500184,0.08611520058888476,0.041802641802641795,21.33783783783784,2.5179517850570483,0.5303251134830081,0.5682987772461456
P02876,male,IM,2500+,2821.1,bullet,5,2895.4,0.29999999999999993,3.5685714285714285,57.280769230769224,17.77307692307692,0.1423076923076923,0.03076923076923076,8.5,3.196153846153846,0.5807692307692307,0.4615384615384615
P02882,male,CM,2000-2499,2309.7,blitz,78,2311.102564102564,0.27543556870479946,3.0324806603652754,59.01594345825115,18.04018737672584,0.0798816568047337,0.03057199211045364,17.931506849315067,2.8502629848783694,0.5998520710059172,0.5541173570019724
P02882,male,CM,2000-2499,2309.7,rapid,1,2200.0,0.4285714285714285,1.3333333333333333,49.285714285714285,17.857142857142858,0.0,0.0,13.0,3.0,0.8571428571428571,0.5714285714285714
P02890,male,CM,2500+,2529.0,blitz,11,2593.0,0.24475524475524474,3.606526806526807,58.92307692307693,17.797202797202797,0.0839160839160839,0.06993006993006992,21.7,2.7412587412587412,0.5874125874125874,0.5244755244755245
P02890,male,CM,2500+,2529.0,bullet,72,2525.9861111111113,0.27248677248677244,2.837209780959781,59.264292073667065,17.455207061457063,0.11464565527065525,0.05622201872201871,19.652173913043477,2.9873842592592594,0.5743437118437118,0.5721713471713472
P02890,male,CM,2500+,2529.0,rapid,17,2500.294117647059,0.277928607340372,3.1215686274509804,57.86535947712418,16.849120160884866,0.05429864253393663,0.029160382101558566,19.0625,3.238964303670186,0.5963800904977375,0.552790346907994
P02891,male,IM,2000-2499,2253.1,blitz,64,2253.09375,0.27261618589743586,2.944112441378066,58.848484241452994,18.044624732905984,0.11231971153846151,0.0376201923076923,17.836363636363636,2.7462940705128207,0.5478298611111111,0.5510817307692307
P02899,male,IM,2500+,2526.5,blitz,10,2442.4,0.29230769230769227,2.885299422799423,58.44615384615385,17.953846153846154,0.06153846153846152,0.04615384615384614,19.3,2.8538461538461535,0.5461538461538462,0.5923076923076923
P02899,male,IM,2500+,2526.5,bullet,90,2535.8777777777777,0.2802896486229819,2.926368199701533,58.49775489942157,17.44610377277044,0.07386039886039883,0.0361111111111111,22.17142857142857,2.7132595182595183,0.5363472330138996,0.5418272468272468
P02902,male,GM,2500+,3230.3,blitz,58,3181.706896551724,0.2222590627763041,3.33438108196502,59.55570291777188,18.020593869731798,0.06616563513115235,0.04785587975243146,20.652173913043477,2.893530798703212,0.4764220453875626,0.5367300324196876
P02902,male,GM,2500+,3230.3,bullet,42,3297.4285714285716,0.1991249491249491,3.069138698602984,60.080967643467645,17.388303825803828,0.08267195767195765,0.05311355311355309,18.82857142857143,3.0132783882783882,0.47547822547822544,0.5242419617419617
P02908,male,CM,2000-2499,2285.4,blitz,100,2285.45,0.2414889277389277,3.260046703296703,58.97030885780886,17.742065850815848,0.08174242424242423,0.041538461538461524,18.25531914893617,2.981771561771562,0.5471445221445221,0.5426019813519813
P02909,male,FM,2500+,2655.5,blitz,80,2645.125,0.27999999999999997,3.028065476190476,58.4949358974359,18.002211538461538,0.07173076923076921,0.03201923076923076,18.228571428571428,2.9733974358974358,0.5359935897435897,0.5897756410256411
P02909,male,FM,2500+,2655.5,bullet,20,2696.9,0.27307692307692305,3.412079725829726,58.00769230769231,17.596153846153847,0.09230769230769229,0.03846153846153845,16.7,3.0076923076923077,0.5961538461538461,0.49230769230769234
P02910,male,CM,2000-2499,2332.0,blitz,74,2370.6216216216217,0.2791202041202041,3.1473526848526845,58.26308668808669,17.674462924462922,0.07815157815157812,0.03470200970200969,21.229166666666668,2.526012726012726,0.5727398727398727,0.5908114408114408
P02910,male,CM,2000-2499,2332.0,bullet,24,2247.7916666666665,0.30960081585081584,3.1383567821067824,58.17197698135198,17.199206002331003,0.04687499999999999,0.028846153846153837,17.75,2.686225233100233,0.6488709207459208,0.5988272144522144
P02910,male,CM,2000-2499,2332.0,rapid,2,1915.0,0.6196581196581197,2.3666666666666667,52.44444444444444,16.82905982905983,0.0,0.0,11.5,3.0769230769230766,0.8846153846153846,0.5854700854700855
P02915,male,FM,2500+,2533.3,blitz,58,2507.3793103448274,0.2745358090185676,2.961062213648421,57.319628647214856,17.445623342175065,0.05437665782493367,0.026525198938992033,17.68,2.6326259946949606,0.5371352785145889,0.5503978779840849
P02915,male,FM,2500+,2533.3,bullet,42,2569.095238095238,0.26678876678876673,2.647661135161135,56.635225885225886,16.497557997557998,0.06257631257631255,0.034798534798534786,18.90625,2.684065934065934,0.5561660561660562,0.6123321123321124
P02919,male,FM,2000-2499,2184.5,blitz,66,2251.5757575757575,0.2375503284594193,3.196251223523951,59.4332485696122,17.890866709048527,0.08063148972239878,0.03284594193685102,18.859375,2.9388641661368933,0.5334816698453062,0.509747827929646
P02919,male,FM,2000-2499,2184.5,rapid,32,2046.09375,0.21514423076923073,3.40686553030303,59.630208333333336,17.834935897435898,0.1129807692307692,0.026442307692307685,18.275862068965516,2.909655448717949,0.4755608974358974,0.4785657051282051
P02929,male,GM,2500+,2929.9,blitz,25,2937.68,0.2646153846153846,2.8289780219780223,58.56923076923077,17.883076923076924,0.09230769230769229,0.02461538461538461,17.92,2.9261538461538463,0.5876923076923076,0.556923076923077
P02929,male,GM,2500+,2929.9,bullet,75,2927.32,0.2676635586635586,3.122206867206867,59.46491375291376,17.87631339031339,0.08825071225071224,0.03794871794871794,17.185714285714287,2.790062678062678,0.5582838642838642,0.5663385133385133
P02935,male,FM,2500+,2837.1,blitz,100,2837.1,0.29380419580419576,3.0251261669616936,58.45525874125874,17.45638111888112,0.07729370629370627,0.026524475524475517,16.21875,2.9430314685314687,0.5900279720279721,0.5645454545454546
P02940,male,FM,2000-2499,2193.8,blitz,80,2264.0625,0.30292686480186476,2.949585275835276,57.30931526806527,17.15042467948718,0.09094915501165499,0.04631410256410255,15.5625,2.959927884615385,0.6275123834498835,0.5925393356643356
P02940,male,FM,2000-2499,2193.8,bullet,16,1896.25,0.33208041958041956,2.6765376984126985,57.61569055944056,17.693837412587413,0.07298951048951047,0.028846153846153837,13.666666666666666,2.919624125874126,0.6650786713286714,0.5937062937062937
P02940,male,FM,2000-2499,2193.8,rapid,4,1978.75,0.3732517482517482,2.8125,53.81905594405595,15.745046620046619,0.09935897435897433,0.03846153846153845,17.75,3.344405594405594,0.6433566433566433,0.5984848484848485
P02944,male,IM,2500+,2691.2,bullet,100,2691.18,0.24865384615384614,2.895383089133089,56.82740384615385,17.369230769230768,0.06769230769230768,0.04538461538461538,18.905882352941177,2.866346153846154,0.5224038461538462,0.5240384615384616
P02957,male,CM,2000-2499,2376.0,blitz,1,2376.0,0.2307692307692307,2.6,64.6923076923077,19.692307692307693,0.3076923076923077,0.0769230769230769,35.0,1.1538461538461535,0.7692307692307693,0.5384615384615384
P02963,male,CM,2000-2499,2492.0,blitz,52,2509.5576923076924,0.25417312388466234,2.949445906657445,57.23819268338499,16.974966539870387,0.08269230769230768,0.028994082840236676,24.08888888888889,2.819000070442378,0.5849388325349864,0.5918257490372875
P02963,male,CM,2000-2499,2492.0,bullet,46,2482.108695652174,0.2635172798216276,2.8722276515754777,57.66102285395764,17.227703455964328,0.07552954292084725,0.031911928651059074,21.9,2.8915133779264215,0.5535117056856187,0.5554626532887402
P02963,male,CM,2000-2499,2492.0,rapid,2,2264.5,0.26923076923076916,2.720779220779221,60.96153846153846,16.07692307692308,0.03846153846153845,0.03846153846153845,24.5,2.423076923076923,0.423076923076923,0.3846153846153846
P02965,male,FM,2000-2499,2380.6,blitz,97,2387.0721649484535,0.25069689760411407,3.1226016537872208,59.22280297022565,17.986320380650277,0.0924650950424146,0.04209621993127147,15.436170212765957,3.0290954749717636,0.5788785956311729,0.49647946555163047
P02965,male,FM,2000-2499,2380.6,bullet,2,2382.5,0.1538461538461538,2.7142857142857144,57.69230769230769,15.23076923076923,0.03846153846153845,0.03846153846153845,16.5,3.269230769230769,0.4615384615384615,0.4615384615384615
P02965,male,FM,2000-2499,2380.6,rapid,1,1752.0,0.2,4.0,54.5,19.1,0.1,0.0,17.0,2.9,0.5,0.3
P02971,male,CM,2000-2499,2124.7,blitz,100,2124.67,0.27777478077478074,3.263147546897547,58.796694777444785,17.185891497391495,0.06963253413253412,0.044512876012876,18.428571428571427,2.6741545121545123,0.5978648296148296,0.5882170052170053
P02979,male,IM,2500+,2707.8,blitz,86,2754.0,0.26505664877757895,3.1569865857656554,59.131559332140725,17.505590339892667,0.10912343470483003,0.04054859868813356,18.358974358974358,2.940369707811568,0.5281007751937984,0.5128950506857484
P02979,male,IM,2500+,2707.8,bullet,14,2424.0,0.2527472527472527,3.0949829931972794,60.060439560439555,17.835164835164836,0.13186813186813182,0.05494505494505492,17.53846153846154,3.1978021978021975,0.521978021978022,0.478021978021978
P02982,male,GM,2500+,2949.9,blitz,61,2993.901639344262,0.24873896595208067,3.2987110161557776,58.05149222362337,17.84068936527953,0.07082807902480032,0.03026481715006304,17.70689655172414,2.850252206809584,0.5394073139974779,0.4987389659520807
P02982,male,GM,2500+,2949.9,bullet,39,2881.153846153846,0.25739644970414194,3.148806819960666,57.97830374753452,17.30440499671269,0.0729783037475345,0.04536489151873766,17.09375,3.0548980933596317,0.5634451019066403,0.5161078238001314
P02984,male,CM,2000-2499,2316.4,blitz,100,2316.42,0.28744025419025415,3.0838778998778995,57.4727625985126,16.95033563658564,0.07144871794871793,0.03244755244755244,18.875,2.918740897990898,0.5916767954267954,0.5681476023976024
P02988,male,CM,2000-2499,2493.5,blitz,94,2502.4574468085107,0.2362650647225115,3.3682515179855606,58.27378738282994,17.898148836978624,0.07831072591710887,0.04401936715766502,15.69047619047619,2.8335895782704297,0.5516054571905635,0.5736290895865364
P02988,male,CM,2000-2499,2493.5,bullet,6,2352.8333333333335,0.21794871794871792,2.9935185185185187,60.12820512820513,18.58974358974359,0.1923076923076923,0.1282051282051282,9.833333333333334,3.1666666666666665,0.5128205128205129,0.5256410256410257
P02990,male,GM,2500+,2646.4,blitz,80,2655.875,0.2702119755244755,2.895829483016983,58.35415865384615,17.470891608391607,0.09536713286713284,0.04134615384615383,19.757575757575758,2.9652666083916084,0.5569143356643356,0.56850743006993
P02990,male,GM,2500+,2646.4,bullet,20,2608.55,0.2961538461538461,3.0157077644577646,55.56666666666666,17.221794871794874,0.05833333333333331,0.03846153846153845,17.11764705882353,2.423076923076923,0.5557692307692308,0.6173076923076923
P02996,male,FM,2000-2499,2479.3,blitz,100,2479.26,0.2214529914529914,3.155555722055722,59.94535897435898,17.849205128205128,0.0792307692307692,0.04538461538461538,18.788888888888888,3.1377008547008547,0.536931623931624,0.5120940170940171
P02997,male,FM,2500+,2628.2,blitz,36,2639.027777777778,0.26068376068376065,3.368106661856662,60.11324786324786,17.946581196581196,0.1068376068376068,0.051282051282051266,16.696969696969695,2.908119658119658,0.5299145299145299,0.5876068376068376
P02997,male,FM,2500+,2628.2,bullet,57,2670.0877192982457,0.3951589346326188,2.6055869569027466,58.146411824043405,17.67300487037329,0.07512005538321326,0.03244124296755875,16.875,2.8301968499336922,0.6827426959005906,0.5719843022474601
P02997,male,FM,2500+,2628.2,rapid,7,2232.0,0.24175824175824173,3.541558441558441,58.78021978021978,17.131868131868135,0.010989010989010986,0.021978021978021973,18.0,2.956043956043956,0.5384615384615384,0.5274725274725275
P03022,male,CM,2500+,2524.4,blitz,82,2552.012195121951,0.2698703735289101,3.196434392166099,58.80525328330207,17.815094661436124,0.06882142247995904,0.026266416510318944,16.987179487179485,2.9679515606344875,0.5760702711922224,0.5561402012621525
P03022,male,CM,2500+,2524.4,bullet,18,2398.722222222222,0.23504273504273498,3.1634439634439633,59.42307692307692,18.807692307692307,0.0769230769230769,0.025641025641025633,14.777777777777779,3.098290598290598,0.5128205128205128,0.5470085470085471
P03025,male,IM,2500+,2812.2,blitz,100,2812.19,0.26779953379953375,3.2132830225330222,57.363011655011654,17.668621794871793,0.06984265734265732,0.0446153846153846,19.481927710843372,2.8928088578088578,0.5541322843822843,0.5279644522144522
P03037,male,FM,2000-2499,2477.1,blitz,99,2481.343434343434,0.23949557737436522,3.406544227377561,58.74979613540219,17.718542456421247,0.0602528784346966,0.03531233076687621,15.636363636363637,2.9141461232370323,0.5571699905033238,0.5183362372756312
P03037,male,FM,2000-2499,2477.1,bullet,1,2052.0,0.2307692307692307,3.6666666666666665,62.0,20.076923076923077,0.3076923076923077,0.2307692307692307,16.0,3.769230769230769,0.3076923076923077,0.3846153846153846
P03038,male,IM,2500+,3146.0,bullet,100,3145.97,0.3368034188034188,2.242190338900865,53.58403418803418,15.781153846153845,0.08391025641025639,0.016679487179487175,17.03614457831325,3.1342521367521368,0.6422264957264957,0.5857307692307693
P03046,male,IM,2500+,2828.7,blitz,100,2828.72,0.2620646853146853,3.5358502469752473,60.345817016317014,18.19478205128205,0.09677855477855475,0.036966783216783206,18.24705882352941,2.825698717948718,0.5897138694638694,0.535993006993007
P03048,male,FM,2000-2499,2354.8,blitz,72,2403.847222222222,0.25165004748338077,3.259678130511464,58.538636633428304,17.376745014245014,0.0843957739791073,0.056787155745489065,19.316666666666666,2.8849537037037036,0.560306861348528,0.555784069325736
P03048,male,FM,2000-2499,2354.8,bullet,28,2228.5,0.2547553636839351,2.6404027520098947,56.494158817373105,16.665580847723707,0.060439560439560426,0.035714285714285705,13.0,3.1948260073260073,0.5872252747252747,0.5623037676609105
P03049,male,CM,2000-2499,2365.8,blitz,9,2479.777777777778,0.22377622377622375,3.2783189033189033,58.12198912198912,18.605283605283606,0.052836052836052826,0.06993006993006991,20.77777777777778,2.8057498057498056,0.49805749805749805,0.45920745920745915
P03049,male,CM,2000-2499,2365.8,bullet,91,2354.4945054945056,0.27070621686006296,2.9549483788494775,59.54186326494019,17.825197879044033,0.08399549168779935,0.04327979712595096,17.771084337349397,2.9673096134634593,0.5615589538666461,0.513601782832552
P03050,male,FM,2500+,2599.0,blitz,5,2753.6,0.335,2.844444444444444,60.77615384615385,18.073461538461537,0.10153846153846154,0.01538461538461538,19.0,2.8661538461538463,0.7007692307692308,0.4434615384615384
P03050,male,FM,2500+,2599.0,bullet,69,2700.9710144927535,0.2775256144821362,2.969439508346158,58.51051786377873,17.56382385730212,0.082105696236131,0.032867494824016553,15.453125,3.110878855444073,0.6301958910654563,0.5444869140521313
P03050,male,FM,2500+,2599.0,rapid,26,2298.5,0.32364398422090723,2.9367560857945474,61.02931459566075,18.332716962524653,0.06920611439842207,0.03944773175542405,17.875,2.971449704142012,0.6023915187376726,0.46289447731755423
P03053,male,GM,2500+,2776.2,blitz,89,2801.449438202247,0.25904432646005676,3.0375996350715453,57.69255463637486,17.140017286084703,0.06914433880726013,0.03457216940363007,20.962025316455698,2.8896160019755524,0.5638967773799235,0.5488331892826275
P03053,male,GM,2500+,2776.2,bullet,11,2572.3636363636365,0.2744755244755244,2.659188034188034,57.455128205128204,17.236013986013987,0.05594405594405593,0.020979020979020973,13.0,2.944638694638695,0.5641025641025641,0.5629370629370629
P03060,male,IM,2000-2499,2286.1,blitz,86,2283.6162790697676,0.23198894129126682,3.662794279364047,59.89632460562693,18.617173524150267,0.08334688567246705,0.03610343145226865,19.333333333333332,2.8376158724995935,0.5248007806147341,0.5065051227841926
P03060,male,IM,2000-2499,2286.1,rapid,3,2357.3333333333335,0.407051282051282,3.402777777777778,61.1826923076923,17.317307692307693,0.0,0.051282051282051266,18.333333333333332,3.1570512820512824,0.6602564102564102,0.6025641025641025
P03066,male,IM,2500+,2922.9,blitz,100,2922.92,0.2828717948717948,2.952795537795538,57.43763034188034,17.40236324786325,0.07928632478632476,0.03467948717948717,16.9375,3.0142478632478635,0.5815790598290598,0.5515534188034188
P03070,male,IM,2500+,2904.0,blitz,100,2903.99,0.2549242424242424,3.2651500999001,60.32242424242424,18.198782051282052,0.07243589743589741,0.04097319347319346,16.840425531914892,2.9006060606060604,0.5147494172494173,0.521060606060606
P03075,male,FM,2000-2499,2394.1,blitz,45,2455.4,0.27115384615384613,3.36972434972435,59.807478632478634,18.355341880341882,0.06666666666666665,0.027350427350427343,20.170731707317074,2.822649572649573,0.5621794871794872,0.5525641025641026
P03075,male,FM,2000-2499,2394.1,bullet,34,2240.235294117647,0.25231631113984054,2.7569741532976826,57.696401637578106,16.80292501616031,0.061651583710407215,0.04091251885369531,23.93548387096774,2.9759211376858437,0.5471073044602456,0.5314587373410903
P03075,male,FM,2000-2499,2394.1,rapid,21,2511.8571428571427,0.2834249084249084,2.932903604332176,57.85286935286935,17.37759462759463,0.0798229548229548,0.03525641025641025,20.705882352941178,3.0892857142857144,0.5735653235653236,0.5683760683760684
P03076,male,GM,2500+,2922.8,blitz,100,2922.8,0.2465,3.455080173094879,58.23128205128205,17.611371794871797,0.07307692307692305,0.035384615384615375,19.431818181818183,2.9487179487179485,0.5231282051282051,0.5236025641025641
P03078,male,CM,2000-2499,2497.3,blitz,8,2496.875,0.2596153846153846,2.5505189255189253,56.41346153846154,16.846153846153847,0.08653846153846151,0.09615384615384612,14.166666666666666,3.0961538461538463,0.5192307692307693,0.5673076923076923
P03078,male,CM,2000-2499,2497.3,bullet,92,2497.304347826087,0.23265050167224074,2.913200507222246,57.03929765886288,17.13931856187291,0.061872909698996635,0.03929765886287624,18.348837209302324,3.037938963210703,0.5213210702341137,0.5243520066889632
P03080,male,FM,2000-2499,2140.9,blitz,68,2136.279411764706,0.256060116354234,3.2449834479246245,57.642372333548806,17.447115384615387,0.09017453135100192,0.05850032320620554,17.5,2.9960811247575956,0.5483193277310924,0.5265433096315448
P03080,male,FM,2000-2499,2140.9,rapid,1,2458.0,0.2307692307692307,3.0,50.76923076923077,16.153846153846153,0.0769230769230769,0.0769230769230769,16.0,3.6153846153846154,0.7692307692307693,0.6153846153846154
P03085,male,IM,2000-2499,2357.6,blitz,20,2357.1,0.27307692307692305,3.0835966810966813,59.06153846153846,17.853846153846156,0.08461538461538459,0.04999999999999998,18.105263157894736,3.026923076923077,0.5384615384615384,0.5115384615384615
P03085,male,IM,2000-2499,2357.6,bullet,2,1936.5,0.1538461538461538,2.533333333333333,57.65384615384615,17.03846153846154,0.03846153846153845,0.03846153846153845,19.5,2.9615384615384617,0.4230769230769231,0.3846153846153846
P03085,male,IM,2000-2499,2357.6,rapid,33,2383.4242424242425,0.2539430266702994,3.26188727097818,58.522659159022794,17.405636787454966,0.09627039627039626,0.044289044289044274,19.451612903225808,3.0531680440771347,0.5593436866164139,0.5041231495776951
P03091,male,CM,1500-1999,1628.8,blitz,8,1265.75,0.23076923076923075,3.3593434343434345,58.167307692307695,17.640384615384615,0.028846153846153837,0.028846153846153837,25.5,2.7576923076923077,0.5596153846153846,0.5807692307692307
P03091,male,CM,1500-1999,1628.8,rapid,33,1716.8181818181818,0.25996982815164627,3.5266835016835016,57.02069647524193,16.84873964419419,0.07526564344746162,0.051282051282051266,29.35,2.7419827647100377,0.6193225965953238,0.5955282091645728
P03095,male,FM,2500+,2577.3,blitz,75,2600.0266666666666,0.25484615384615383,3.1785155770155766,59.41470940170941,18.061438746438746,0.07603988603988601,0.042692307692307675,19.202898550724637,2.750242165242165,0.5125925925925926,0.5377606837606838
P03095,male,FM,2500+,2577.3,bullet,25,2509.04,0.24895104895104894,2.9895093795093794,56.72979020979021,17.095944055944056,0.05594405594405592,0.04615384615384614,17.125,3.0313286713286716,0.5233566433566433,0.5490909090909091
P03096,male,CM,1500-1999,1559.1,bullet,100,1559.13,0.29365384615384615,2.6960054112554115,57.88348717948718,17.33071794871795,0.07391025641025639,0.045512820512820504,24.294117647058822,2.6448717948717952,0.5676217948717949,0.5458653846153846
P03097,male,CM,2000-2499,2202.9,blitz,84,2208.559523809524,0.26657000407000403,3.1214208690722662,56.24252645502646,16.659499825571256,0.04435795685795685,0.031527269027269024,15.902777777777779,3.0225165707308563,0.6007231525088669,0.5525939008081865
P03097,male,CM,2000-2499,2202.9,bullet,15,2183.4666666666667,0.3438461538461538,2.363835978835979,52.20410256410256,15.49679487179487,0.046153846153846136,0.0051282051282051265,14.153846153846153,2.865,0.6887179487179488,0.6334615384615385
P03097,male,CM,2000-2499,2202.9,rapid,1,2016.0,0.1538461538461538,4.333333333333333,57.23076923076923,19.76923076923077,0.0,0.0,19.0,1.6923076923076923,0.6923076923076923,0.5384615384615384
P03100,male,GM,2500+,2610.2,blitz,77,2701.5974025974024,0.2831909432558783,2.747364215870709,58.39029812179162,17.405863292551604,0.09164017800381434,0.05351196422624993,22.770491803278688,2.70959743719484,0.5912865273254884,0.5669669075513231
P03100,male,GM,2500+,2610.2,bullet,11,2380.3636363636365,0.3216783216783216,3.1084054834054835,59.51048951048951,17.23076923076923,0.14685314685314685,0.041958041958041946,20.88888888888889,2.5244755244755246,0.6573426573426574,0.5874125874125874
P03100,male,GM,2500+,2610.2,rapid,12,2234.75,0.31235431235431227,3.129310966810967,60.202214452214456,17.8490675990676,0.08974358974358972,0.04487179487179486,25.416666666666668,2.6777389277389276,0.6206293706293706,0.5646853146853147
P03101,male,CM,2000-2499,2052.8,blitz,28,2163.1071428571427,0.2928571428571428,3.3284155328798186,58.016666666666666,16.797619047619047,0.07417582417582415,0.041208791208791194,18.76,2.941025641025641,0.539010989010989,0.5677655677655677
P03101,male,CM,2000-2499,2052.8,bullet,61,2046.5573770491803,0.23923726546677362,3.0387525498181236,59.82179487179487,17.695178455424355,0.08746990714203827,0.04665825977301386,16.53448275862069,3.0838444342542704,0.5076722457869999,0.5450494860330927
P03101,male,CM,2000-2499,2052.8,rapid,11,1806.2727272727273,0.34788443879352965,2.6122294372294372,56.553365826093106,17.175602175602176,0.11676202585293494,0.03934449388994843,13.25,3.1724941724941726,0.6075439711803349,0.6373525464434556
P03103,male,FM,2500+,2623.4,blitz,100,2623.44,0.23384115884115877,3.220410006660007,58.78665384615385,17.960066183816185,0.08182942057942055,0.045524475524475506,20.21978021978022,2.7905344655344657,0.5350222277722277,0.5062942057942057
P03104,male,CM,2000-2499,2328.1,blitz,48,2301.5208333333335,0.2974282661782662,2.945750892625892,58.90607193732194,17.1669591982092,0.07879273504273503,0.05288461538461537,17.155555555555555,3.1039377289377286,0.5963319088319089,0.5390593203093202
P03104,male,CM,2000-2499,2328.1,bullet,44,2391.4772727272725,0.2641414141414141,2.9005911386593204,57.16954156954157,16.875369075369075,0.0844405594405594,0.0395104895104895,15.452380952380953,3.1684537684537686,0.5946969696969697,0.5679487179487179
P03104,male,CM,2000-2499,2328.1,rapid,8,2138.625,0.30196886446886445,3.5982142857142856,60.97268772893773,17.36394230769231,0.0903617216117216,0.009615384615384612,17.142857142857142,3.1307692307692307,0.602518315018315,0.5038232600732601
P03114,male,CM,2500+,2868.9,blitz,85,2874.576470588235,0.23757667169431873,3.541989187283305,58.84618401206637,17.966153846153848,0.07709401709401707,0.034791352438411256,19.561643835616437,2.9092307692307693,0.5197385620915033,0.4889291101055807
P03114,male,CM,2500+,2868.9,bullet,15,2836.6666666666665,0.26666666666666666,2.752029822029822,60.16923076923077,18.005128205128205,0.08205128205128204,0.04102564102564101,20.066666666666666,2.8153846153846156,0.5846153846153845,0.5230769230769231
P03125,male,IM,2000-2499,2360.4,blitz,100,2360.44,0.25306138306138304,3.3846026196026195,59.22863830613831,17.991425796425798,0.0924164724164724,0.051538461538461526,22.166666666666668,2.8719794094794096,0.5421250971250972,0.5292132867132867
P03127,male,IM,2500+,2665.6,blitz,97,2670.5876288659792,0.27180265324595215,2.8864697158511587,56.8320697629976,17.230556900144528,0.07439942646128211,0.0409199048374306,17.213333333333335,2.722871115139156,0.5238918012113889,0.5566711638876587
P03127,male,IM,2500+,2665.6,bullet,3,2503.0,0.2564102564102564,3.0939153439153437,55.84615384615385,16.923076923076923,0.10256410256410253,0.025641025641025633,28.5,2.743589743589744,0.4358974358974359,0.5641025641025641
P03128,male,CM,2000-2499,2219.9,blitz,58,2230.344827586207,0.2608562414596897,3.1608666716425335,58.08664898320071,17.085232296439194,0.08880415561450042,0.05470822281167107,16.350877192982455,3.161502290812636,0.560842175066313,0.5600082388875492
P03128,male,CM,2000-2499,2219.9,rapid,3,2017.6666666666667,0.23076923076923073,2.2555555555555555,60.17948717948718,17.384615384615387,0.0769230769230769,0.025641025641025633,19.0,3.3333333333333335,0.4871794871794872,0.5897435897435898
P03129,male,FM,2500+,2748.3,blitz,34,2728.823529411765,0.25565610859728505,3.1709032797268093,57.690045248868785,17.84841628959276,0.08823529411764704,0.0429864253393665,12.964285714285714,2.8529411764705883,0.5972850678733032,0.5180995475113122
P03129,male,FM,2500+,2748.3,bullet,66,2758.3030303030305,0.2594670481034117,3.185714201623292,58.019914176732364,17.934159779614326,0.08485643144734052,0.04216995126086034,15.642857142857142,2.908698876880695,0.5651091332909515,0.5381410256410256
P03130,male,FM,2500+,2801.4,blitz,76,2771.1710526315787,0.2672616856827383,3.293468684093684,58.133566433566436,17.838047478836955,0.055971659919028326,0.03478100846521898,15.75,3.0909182922340817,0.569423997055576,0.5258741258741259
P03130,male,FM,2500+,2801.4,bullet,24,2897.0,0.20801282051282047,3.498845254476059,56.73814102564103,16.929807692307694,0.0628205128205128,0.06185897435897434,16.954545454545453,2.983653846153846,0.514423076923077,0.4855769230769231
P03133,male,CM,2500+,2650.1,blitz,100,2650.09,0.2504615384615384,3.0064357500085053,59.583,17.53123076923077,0.10223076923076921,0.04230769230769229,19.5,2.935538461538462,0.5393076923076923,0.5498461538461538
P03141,male,GM,2500+,2743.5,blitz,100,2743.48,0.23694444444444443,3.433853008103008,58.22938034188034,17.650555555555556,0.07767094017094016,0.03999999999999999,21.076923076923077,2.7560470085470086,0.536474358974359,0.5233333333333333
P03142,male,FM,2000-2499,2448.9,blitz,100,2448.89,0.24487040737040733,3.1213137140637137,56.96465673215673,17.394983793983794,0.060833333333333316,0.03278943278943278,17.119565217391305,2.959941058941059,0.5398060828060828,0.5181413586413587
P03150,male,IM,2500+,2663.2,blitz,84,2702.2261904761904,0.24428488178488172,3.135409347305356,57.32885031635031,17.646436896436896,0.057735320235320214,0.03029609279609279,20.516666666666666,2.6539002664002664,0.5337967587967588,0.5300130425130425
P03150,male,IM,2500+,2663.2,bullet,16,2458.5,0.22275641025641024,3.18866341991342,59.125801282051285,18.810096153846153,0.0737179487179487,0.033653846153846145,18.0625,2.9663461538461537,0.561698717948718,0.4599358974358974
P03152,male,FM,2500+,2916.8,blitz,100,2916.77,0.26333974358974355,3.28974913974914,60.28780769230769,18.08249358974359,0.07269230769230767,0.029999999999999992,18.741573033707866,3.0153205128205127,0.5776602564102564,0.5292371794871795
P03154,male,FM,2500+,2808.5,blitz,99,2807.151515151515,0.2704047075259196,3.1590293965293963,57.995216147488875,17.557514343120403,0.08336668942729547,0.030515528242800963,14.186813186813186,3.1420553632674846,0.600767386373447,0.5549145299145299
P03154,male,FM,2500+,2808.5,bullet,1,2940.0,0.1428571428571428,1.0,59.42857142857143,16.285714285714285,0.0,0.0,12.0,3.142857142857143,0.2857142857142857,0.5714285714285714
P03155,male,FM,1500-1999,1853.2,blitz,4,2206.0,0.24999999999999997,3.633928571428571,59.28846153846154,17.75,0.11538461538461535,0.11538461538461535,24.75,2.4423076923076925,0.5384615384615384,0.5384615384615384
P03155,male,FM,1500-1999,1853.2,bullet,93,1831.9032258064517,0.31539234361815005,2.78631592421915,57.83481945175494,17.565202270847433,0.07524793008663974,0.03323558162267839,19.83132530120482,2.909417792482308,0.6235848977784462,0.5400646247420441
P03155,male,FM,1500-1999,1853.2,rapid,3,2041.3333333333333,0.27849002849002846,4.0,61.09188034188034,18.103988603988604,0.0,0.027777777777777766,22.5,2.6353276353276356,0.4779202279202279,0.3618233618233618
P03163,male,FM,2000-2499,2468.1,blitz,25,2472.64,0.31076923076923074,2.73266324903167,59.824615384615385,17.77230769230769,0.1169230769230769,0.04615384615384614,16.0,2.8676923076923075,0.64,0.6
P03163,male,FM,2000-2499,2468.1,bullet,63,2481.9523809523807,0.25305558638891973,2.7949816937912177,58.119917119917126,16.895178895178894,0.07081807081807079,0.034410034410034394,18.885245901639344,2.881205214538548,0.5663842330508997,0.5696895696895697
P03163,male,FM,2000-2499,2468.1,rapid,12,2385.8333333333335,0.25160256410256404,3.4054563492063488,55.34294871794872,16.783653846153847,0.04487179487179486,0.019230769230769225,14.818181818181818,2.8482905982905984,0.5427350427350427,0.5539529914529915
P03166,male,IM,2000-2499,2376.5,blitz,39,2509.769230769231,0.23578985117446655,3.2721709914017607,57.80066941605403,17.403442711135018,0.07764030840953917,0.02958579881656804,18.555555555555557,2.801565955412109,0.549877472954396,0.5086366624828162
P03166,male,IM,2000-2499,2376.5,bullet,36,2251.1111111111113,0.2723646723646723,2.6516510495677164,55.69522792022792,16.841809116809117,0.06047008547008545,0.03696581196581196,18.38235294117647,2.764173789173789,0.5655982905982906,0.5831908831908832
P03166,male,IM,2000-2499,2376.5,rapid,25,2349.16,0.2769230769230769,3.0325743145743145,56.4923076923077,17.224615384615387,0.06153846153846152,0.015384615384615379,16.40909090909091,2.806153846153846,0.6,0.5507692307692307
P03167,male,IM,2000-2499,2270.7,blitz,32,2082.25,0.29567307692307687,2.8916377892940393,56.41105769230769,16.733173076923077,0.06971153846153845,0.02403846153846153,17.28,3.043269230769231,0.6033653846153846,0.5288461538461539
P03167,male,IM,2000-2499,2270.7,rapid,59,2372.9830508474574,0.28949896619388144,3.077693163710113,57.519070430511114,17.787576876983657,0.0819116853015158,0.041958041958041946,12.76923076923077,2.9112540002370513,0.6153691412165988,0.5236152265813283
P03168,male,FM,2000-2499,2470.9,blitz,1,2614.0,0.1538461538461538,2.5,46.23076923076923,13.615384615384617,0.0769230769230769,0.0769230769230769,,2.1538461538461537,0.5384615384615384,0.7692307692307693
P03168,male,FM,2000-2499,2470.9,bullet,99,2469.4444444444443,0.2894465242950091,2.7803081318232836,57.65162012510497,17.270788498818803,0.1220632902451084,0.051961926961926946,18.317073170731707,2.946978526523981,0.5936784315572194,0.5470175727751485
P03170,male,IM,2500+,2887.7,blitz,100,2887.7,0.25208119658119654,2.965346597846598,57.54963675213675,17.654803418803418,0.06948717948717947,0.04384615384615383,16.78205128205128,2.9050683760683764,0.5508846153846154,0.5413717948717949
P03178,male,IM,2000-2499,2242.9,bullet,100,2242.91,0.23350815850815845,2.8039007936507936,58.664516317016314,17.673467365967365,0.10111305361305359,0.07866550116550114,24.29268292682927,2.604656177156177,0.5050058275058276,0.5135955710955711
P03190,male,FM,2500+,2716.7,blitz,82,2737.256097560976,0.262781425891182,3.0324020153288447,57.55816135084427,17.24050187617261,0.10307223264540336,0.047842401500938075,14.186666666666667,3.098499061913696,0.5350609756097561,0.5447936210131332
P03190,male,FM,2500+,2716.7,bullet,18,2622.777777777778,0.26495726495726496,2.664687550104217,58.14529914529914,18.20940170940171,0.06837606837606836,0.025641025641025633,9.88888888888889,3.2393162393162394,0.5470085470085471,0.5341880341880342
P03193,male,IM,2500+,2854.3,blitz,97,2859.381443298969,0.22492069785884217,3.1437093177693543,59.24722442505948,17.899881046788266,0.06661379857256144,0.027755749405233933,17.704545454545453,2.7926249008723234,0.5010904044409199,0.5293417922283902
P03193,male,IM,2500+,2854.3,bullet,3,2691.0,0.17582417582417575,3.3804713804713806,60.89010989010989,17.673992673992675,0.0769230769230769,0.09890109890109887,14.333333333333334,3.5091575091575096,0.5054945054945055,0.5018315018315018
P03194,male,CM,1500-1999,1935.2,blitz,100,1935.21,0.2772874625374625,3.1363578643578642,57.963011988011985,17.090148684648685,0.08860481185481182,0.04620512820512819,16.382022471910112,3.093246253746254,0.5967967865467866,0.5630800033300033
P03201,male,FM,2500+,2546.7,blitz,79,2599.1265822784812,0.2702261170615601,2.7577311577311576,57.53299794439035,17.172682029644054,0.07432651736449203,0.03992210321324244,17.35820895522388,2.9181650979119333,0.5804284323271666,0.529719787947636
P03201,male,FM,2500+,2546.7,bullet,21,2349.6666666666665,0.2683150183150183,3.010219542362399,56.60851648351648,16.97298534798535,0.0998168498168498,0.03663003663003662,14.1,3.2568681318681323,0.581959706959707,0.5137362637362637
P03204,male,IM,2500+,2510.7,blitz,98,2512.9591836734694,0.23752418216703927,3.053857495379104,57.39139332889333,17.117247236890094,0.08333630655059224,0.051503060431631845,18.643835616438356,2.682750582750583,0.5756711542425827,0.5383172383172383
P03204,male,IM,2500+,2510.7,rapid,2,2400.0,0.30769230769230765,2.3095238095238093,47.53846153846154,16.80769230769231,0.03846153846153845,0.0,20.5,2.1153846153846154,0.5384615384615384,0.6538461538461539
P03210,male,FM,2500+,2720.3,blitz,100,2720.28,0.28307692307692306,2.9416388056388056,58.70307692307692,17.924615384615386,0.08230769230769228,0.03384615384615384,12.782608695652174,3.0523076923076924,0.6146153846153846,0.5638461538461539
P03212,male,IM,2500+,2608.1,bullet,100,2608.14,0.24504273504273502,3.0245045510045507,57.301175213675215,17.039871794871793,0.05579059829059827,0.028525641025641018,22.255555555555556,3.016217948717949,0.5368376068376068,0.5015811965811966
P03215,male,FM,2000-2499,2081.5,bullet,100,2081.51,0.2618781218781219,3.0792799422799426,58.76792207792207,17.854295704295705,0.07398601398601397,0.04076923076923076,19.426966292134832,2.8168031968031966,0.5311988011988013,0.5382017982017981
P03218,male,CM,2000-2499,2306.0,blitz,100,2306.03,0.240571151071151,3.135022005772006,59.81729495504496,18.05618836718837,0.12245066045066043,0.06690481740481738,21.645569620253166,2.568319375069375,0.536589133089133,0.5298465700965701
P03219,male,FM,2000-2499,2334.8,blitz,100,2334.82,0.2458527583527583,3.2371298701298703,57.68019036519036,17.7350135975136,0.07010878010878009,0.034755244755244746,22.256410256410255,2.4172183372183373,0.5144055944055944,0.5323795648795648
P03227,male,CM,2000-2499,2172.5,blitz,94,2183.4148936170213,0.2517366498749477,2.9973588763482377,58.16129499932691,17.538311245492096,0.07417113028815155,0.03615533402767444,20.925,2.657435118073416,0.5650369134411687,0.5779132215302428
P03227,male,CM,2000-2499,2172.5,bullet,2,1896.5,0.2902097902097902,4.083333333333333,51.34965034965035,14.20979020979021,0.03846153846153845,0.0,13.0,3.867132867132867,0.6958041958041958,0.6783216783216783
P03227,male,CM,2000-2499,2172.5,rapid,4,2054.0,0.31468531468531463,2.395833333333333,49.9458041958042,14.776223776223775,0.0,0.0,22.333333333333332,2.4877622377622375,0.6451048951048952,0.5559440559440559
P03235,male,FM,2000-2499,2497.2,blitz,45,2496.911111111111,0.27346542346542346,2.9661832611832613,58.30493395493396,17.77710437710438,0.066032116032116,0.0393162393162393,18.025641025641026,2.922079772079772,0.5986790986790986,0.5253431753431753
P03235,male,FM,2000-2499,2497.2,bullet,55,2497.3636363636365,0.28659673659673657,2.8111012724649087,59.16445221445221,17.688636363636363,0.09318181818181817,0.041958041958041946,18.152173913043477,2.88030303030303,0.5656177156177156,0.5681818181818182
P03238,male,IM,2500+,2686.1,blitz,1,2579.0,0.1538461538461538,4.5,66.23076923076923,19.307692307692307,0.2307692307692307,0.0,15.0,3.3846153846153846,0.3076923076923077,0.3846153846153846
P03238,male,IM,2500+,2686.1,bullet,98,2690.0408163265306,0.2540031397174254,3.126119911834198,59.410334903192044,17.891601255886968,0.09733124018838303,0.0486656200941915,16.06451612903226,3.110230245944532,0.5386708529565672,0.530690737833595
P03238,male,IM,2500+,2686.1,rapid,1,2407.0,0.3076923076923077,3.1666666666666665,70.3076923076923,22.076923076923077,0.0769230769230769,0.0,21.0,3.5384615384615383,0.6153846153846154,0.5384615384615384
P03240,male,FM,2500+,2980.2,blitz,100,2980.23,0.2593376068376068,3.2285059851998703,59.30638888888889,17.958760683760683,0.09117521367521364,0.04047008547008546,16.041666666666668,3.093482905982906,0.5512393162393162,0.5479059829059829
P03268,male,IM,2500+,2582.2,blitz,3,2522.0,0.30769230769230765,2.474242424242424,54.41025641025641,16.17948717948718,0.025641025641025633,0.0769230769230769,29.0,2.1794871794871793,0.6923076923076924,0.564102564102564
P03268,male,IM,2500+,2582.2,bullet,97,2584.0721649484535,0.2754295532646048,2.618148747014726,56.024491144594236,16.83823684906159,0.0681007137192704,0.032216494845360814,19.263157894736842,2.843345228654507,0.5757533703409993,0.575528680941052
P03269,male,IM,2000-2499,2480.3,blitz,92,2524.3260869565215,0.2513812877943312,3.20875638552269,57.46657123070167,17.375376043039086,0.08837180331745546,0.04042515455558933,17.452380952380953,3.1652743995135295,0.5404412013107666,0.5267547971352319
P03269,male,IM,2000-2499,2480.3,rapid,8,1973.5,0.1983537296037296,4.559375,58.051937645687644,17.65697843822844,0.048878205128205114,0.02964743589743589,21.75,2.890588578088578,0.5268065268065268,0.5058275058275058
P03271,male,FM,2000-2499,2203.4,blitz,25,2436.2,0.2603076923076923,3.063441558441559,58.24938461538461,17.512923076923077,0.05230769230769229,0.03999999999999999,16.875,3.14,0.5466153846153846,0.5601538461538462
P03271,male,FM,2000-2499,2203.4,bullet,75,2125.7733333333335,0.31433411033411035,2.6085343915343917,56.23087645687645,16.764432012432014,0.06290598290598289,0.030854700854700847,19.402985074626866,2.8172975912975913,0.5960761460761461,0.5932882672882672
P03273,male,FM,2500+,2911.0,blitz,94,2920.2340425531916,0.24118558746218316,2.996108306066066,58.535980508852845,17.472978971383228,0.07231066805534889,0.03027823240589197,19.97752808988764,2.9159115706988046,0.526847443336805,0.5435674254823191
P03273,male,FM,2500+,2911.0,bullet,6,2765.6666666666665,0.2564102564102564,2.6546296296296297,57.15384615384615,17.128205128205128,0.12820512820512817,0.051282051282051266,15.166666666666666,3.307692307692308,0.6025641025641025,0.5128205128205128
P03274,male,FM,2500+,2683.9,blitz,62,2660.532258064516,0.25372208436724564,3.3368716040442794,57.56110421836228,17.536600496277917,0.07444168734491313,0.032258064516129024,19.96078431372549,2.831420595533499,0.5359801488833748,0.5431141439205954
P03274,male,FM,2500+,2683.9,bullet,38,2721.9210526315787,0.29453441295546556,2.9810330751120224,56.08991228070175,17.54605263157895,0.06072874493927124,0.03643724696356274,19.580645161290324,2.7015856950067474,0.6169028340080972,0.5904183535762483
P03275,male,FM,2000-2499,2429.4,blitz,87,2429.448275862069,0.21728893711652328,3.58998014043653,58.48661013316186,18.225849342228653,0.062444739168877085,0.03183023872679044,21.43243243243243,2.767857621305897,0.4766497869946146,0.5121272405755164
P03284,male,FM,2000-2499,2441.3,blitz,12,2552.75,0.3018162393162393,2.8720869408369407,57.096599002849,17.12980769230769,0.10657051282051279,0.0360576923076923,16.1,2.724269943019943,0.6316773504273504,0.6048789173789174
P03284,male,FM,2000-2499,2441.3,bullet,88,2426.1477272727275,0.27281424383697106,2.7051755693801147,57.43692894857668,17.22054571060253,0.06936784806102986,0.040598290598290586,15.407894736842104,2.9606824362506177,0.5574088789997881,0.5488616497139224
P03287,male,FM,2500+,2572.6,blitz,97,2571.505154639175,0.2703835683217126,2.9009161514316153,58.30738745790293,17.87392264093295,0.07070506812774852,0.02653978324081416,17.732558139534884,2.979976724306621,0.5820093995351727,0.5687099841739016
P03287,male,FM,2500+,2572.6,bullet,3,2607.3333333333335,0.2564102564102564,2.4404761904761902,56.41025641025641,17.41025641025641,0.051282051282051266,0.10256410256410253,13.0,2.897435897435898,0.4871794871794872,0.5128205128205129
P03290,male,CM,2500+,2544.9,blitz,95,2577.6736842105265,0.22726720647773274,3.373116883116883,59.64073099415205,17.759977507872247,0.07561853351327034,0.045515069725596026,17.88888888888889,2.950569050832209,0.50472334682861,0.5134300494826811
P03290,male,CM,2500+,2544.9,rapid,5,1922.2,0.21538461538461534,3.517142857142857,57.84615384615385,17.446153846153845,0.13846153846153844,0.04615384615384614,17.5,3.3384615384615386,0.4769230769230769,0.5692307692307692
P03293,male,CM,1500-1999,1904.4,blitz,67,1949.2686567164178,0.2503409525797585,3.3307822360061166,58.912871829662876,17.84376282921059,0.08589105753284855,0.037179487179487165,18.45,2.8244160897145973,0.5478847023623142,0.5107275394588827
P03293,male,CM,1500-1999,1904.4,bullet,29,1776.8620689655172,0.251105216622458,3.3077175697865355,57.5552608311229,17.52402004126142,0.06388152077807248,0.02917771883289124,19.807692307692307,2.8818155025051575,0.554229295608606,0.5444297082228117
P03293,male,CM,1500-1999,1904.4,rapid,4,2078.5,0.2788461538461538,3.002840909090909,60.18076923076923,17.751923076923077,0.08846153846153845,0.044230769230769226,17.5,3.0442307692307695,0.47115384615384615,0.5788461538461538
P03295,male,CM,2000-2499,2334.6,blitz,15,2373.0666666666666,0.31794871794871793,2.4283501683501685,57.36923076923077,16.93846153846154,0.07179487179487178,0.03589743589743589,17.363636363636363,3.066666666666667,0.5846153846153846,0.5794871794871795
P03295,male,CM,2000-2499,2334.6,bullet,85,2327.788235294118,0.2966346725170254,2.736673555202967,58.483894145070614,17.448768682298095,0.10006627359568533,0.03915398327163032,18.554054054054053,3.083617167146579,0.5996695461401343,0.5667361396773162
P03296,male,FM,2500+,2737.4,blitz,29,2633.0,0.23121131741821394,2.9719464443602375,58.12511052166224,17.863837312113176,0.08222811671087532,0.03448275862068964,17.782608695652176,2.6613616268788682,0.5269672855879752,0.506631299734748
P03296,male,FM,2500+,2737.4,bullet,71,2780.0985915492956,0.3085504479870677,2.6560307845519113,57.194512373385614,17.05463722505976,0.08607198748043816,0.041340349791054005,19.896551724137932,2.672517154207295,0.6086157973481917,0.5810332077937712
P03299,male,IM,2000-2499,2342.1,blitz,12,2448.9166666666665,0.18589743589743588,3.7072751322751323,59.65384615384615,18.057692307692307,0.0705128205128205,0.051282051282051266,24.09090909090909,2.83974358974359,0.5064102564102564,0.5064102564102564
P03299,male,IM,2000-2499,2342.1,bullet,4,2331.5,0.25,3.1180555555555554,60.05769230769231,17.5,0.0769230769230769,0.019230769230769225,15.666666666666666,3.307692307692308,0.46153846153846156,0.4807692307692308
P03299,male,IM,2000-2499,2342.1,rapid,29,2299.344827586207,0.23271125426297837,3.4753781658954073,59.6344560611802,18.12356608908333,0.07836990595611283,0.03761755485893416,20.76923076923077,2.977152158186641,0.5372170932515761,0.47994677736057045
P03302,male,FM,2500+,2713.6,blitz,52,2726.576923076923,0.2487261669953977,3.114200489681259,55.21798980933597,16.61390532544379,0.044625246548323456,0.020710059171597628,23.5625,2.8489069690992768,0.53344838921762,0.537146614069691
P03302,male,FM,2500+,2713.6,bullet,48,2699.5208333333335,0.3121438746438746,2.7895074254449255,55.18376068376068,15.797720797720798,0.0616096866096866,0.028846153846153837,20.302325581395348,2.959401709401709,0.5981125356125356,0.5340099715099714
P03308,male,IM,2000-2499,2253.9,bullet,100,2253.92,0.2518115773115773,3.448752525252525,58.34715867465868,18.508557026307027,0.048415750915750906,0.030064102564102555,21.10112359550562,2.894457237207237,0.4897201132201132,0.4884676157176157
P03310,male,FM,2500+,2543.4,blitz,100,2543.43,0.26077572427572426,2.855226157657272,57.846863580863584,17.57854168054168,0.09414968364968362,0.051777833277833266,9.802083333333334,3.0395423465423463,0.5448939948939949,0.5263968253968254
P03317,male,CM,2500+,2613.5,blitz,100,2613.51,0.2771464646464646,3.0327565212565215,58.978398407148404,17.703979215229214,0.0720104895104895,0.03250097125097124,20.088607594936708,2.7153603341103345,0.6070143745143745,0.5710314685314686
P03327,male,CM,2500+,2704.0,blitz,4,2517.5,0.2115384615384615,2.9305555555555554,58.13461538461539,18.71153846153846,0.0769230769230769,0.057692307692307675,18.25,2.8076923076923075,0.5192307692307692,0.4807692307692307
P03327,male,CM,2500+,2704.0,bullet,96,2711.7395833333335,0.25909264346764344,2.952464925121175,58.52785981379731,17.48546054639805,0.06881486568986567,0.04734241452991452,18.04705882352941,2.8504998473748473,0.6156135531135531,0.5524935134310134
P03329,male,CM,2000-2499,2409.7,blitz,41,2330.4634146341464,0.30811349896715745,2.8979810560872252,57.78088720222867,17.35882227528569,0.08826349801959556,0.028705440900562842,22.6875,2.4624988155475958,0.630444217029583,0.6066561487293195
P03329,male,CM,2000-2499,2409.7,bullet,59,2464.813559322034,0.31956329922431614,2.579174403750675,55.9725968946308,16.492492065373423,0.09093147906707226,0.04978072774682943,18.576923076923077,2.747943581841887,0.6611986883173324,0.5792975386195724
P03338,male,IM,2000-2499,2321.5,blitz,52,2537.423076923077,0.24908777120315578,3.4052607115107114,59.34969592373439,17.350484878369492,0.0740877712031558,0.03911900065746218,19.375,3.034130506245891,0.5326758711374097,0.5504437869822485
P03338,male,IM,2000-2499,2321.5,bullet,41,2060.4146341463415,0.31519699812382734,2.8651203132910448,58.849906191369605,17.56285178236398,0.08067542213883674,0.046904315196998114,18.45,3.075046904315197,0.5966228893058162,0.5872420262664165
P03338,male,IM,2000-2499,2321.5,rapid,7,2246.4285714285716,0.24175824175824173,2.9723252937538653,60.16483516483516,18.791208791208792,0.032967032967032954,0.0,26.6,2.923076923076923,0.6263736263736265,0.5274725274725275
P03350,male,IM,2000-2499,2073.0,blitz,51,2073.0392156862745,0.28469330234036117,3.2376870950400365,58.34058033469798,17.44403330873919,0.0960031254148901,0.038233008821244106,16.488888888888887,3.2151904740140034,0.5909476144770263,0.5466176525000055
P03356,male,IM,2500+,2723.0,blitz,90,2721.177777777778,0.2624501424501424,3.0531332864666196,58.35336182336182,17.90112535612536,0.09074074074074072,0.04306267806267805,17.28395061728395,2.804045584045584,0.5400997150997151,0.5547435897435897
P03356,male,IM,2500+,2723.0,bullet,10,2739.4,0.27383449883449884,3.0601587301587303,55.95536130536131,17.34632867132867,0.1257575757575757,0.07051282051282048,21.555555555555557,2.8524475524475523,0.5772144522144522,0.5875874125874125
P03366,male,GM,2500+,2784.2,blitz,97,2804.59793814433,0.269368260605374,3.2072812639822947,58.7428420376874,17.87716699108452,0.07182010429433107,0.02616970658207771,19.290697674418606,2.930081516421722,0.5733158593983336,0.556093820269078
P03366,male,GM,2500+,2784.2,bullet,3,2125.0,0.23076923076923073,2.972222222222222,59.743589743589745,18.974358974358974,0.0769230769230769,0.0,16.0,2.7692307692307696,0.6410256410256411,0.5897435897435898
P03367,male,FM,2500+,2815.8,blitz,100,2815.8,0.23135198135198132,3.240515092750387,57.994831002331004,17.831209207459207,0.05102855477855476,0.03432692307692307,16.988888888888887,2.9823135198135198,0.5332167832167832,0.5196095571095571
P03372,male,FM,2000-2499,2315.5,blitz,97,2315.1237113402062,0.25193849678385755,3.296215468380417,58.21686492201957,17.7052779980615,0.09419332099744468,0.046347695832231896,13.376344086021506,2.794611860075778,0.5727861485593444,0.5447440303110407
P03372,male,FM,2000-2499,2315.5,rapid,3,2328.0,0.17948717948717943,3.6316137566137563,56.256410256410255,17.615384615384617,0.0769230769230769,0.051282051282051266,20.666666666666668,2.641025641025641,0.5384615384615384,0.5128205128205128
P03374,male,IM,2000-2499,2499.8,blitz,100,2499.83,0.23996153846153842,3.299768475805241,58.760756410256406,17.787769230769232,0.07657692307692306,0.038589743589743576,19.582417582417584,2.93674358974359,0.5171794871794871,0.5199230769230769
P03376,male,CM,2500+,2552.0,blitz,100,2552.0,0.2755669885669885,3.11301356976357,59.42314010989011,17.91801925851926,0.06342521367521366,0.020601398601398598,19.87912087912088,2.64263344988345,0.5679236874236875,0.5684907037407038
P03380,male,FM,2500+,2885.0,blitz,100,2884.97,0.2348015873015873,3.0408788433788434,57.75230463980464,17.342051282051283,0.05655982905982904,0.033418803418803406,18.4,2.941098901098901,0.5161263736263737,0.5387210012210012
P03391,male,IM,2000-2499,2264.0,blitz,97,2266.453608247423,0.25574059388492376,3.1156775641311723,58.54380782447793,17.435690369195523,0.08263943959820245,0.04720680236144152,20.6144578313253,2.762891003612653,0.5628094986342409,0.5322253061943784
P03391,male,IM,2000-2499,2264.0,rapid,3,2186.0,0.2294372294372294,3.3333333333333335,58.57575757575757,17.995670995670995,0.10822510822510818,0.0909090909090909,15.5,2.0086580086580086,0.6623376623376623,0.4588744588744588
P03398,male,FM,2500+,2542.5,blitz,86,2544.093023255814,0.250175793199049,3.18231800119625,57.596228190414244,17.42851625119067,0.0862304362304362,0.04695885509838997,20.28125,2.908078549357619,0.5552797977216581,0.5156291383035569
P03398,male,FM,2500+,2542.5,bullet,14,2532.6428571428573,0.2797202797202797,2.8477930799359368,56.22077922077922,16.27722277722278,0.0789210789210789,0.04495504495504494,20.076923076923077,3.027472527472528,0.5344655344655345,0.5224775224775224
P03400,male,IM,2500+,2973.4,blitz,100,2973.4,0.2223589743589743,3.2741106671106674,57.118782051282054,17.473358974358977,0.08244871794871793,0.03999999999999999,19.5,2.8251923076923076,0.5314615384615384,0.520025641025641
P03417,male,IM,2000-2499,2253.7,blitz,100,2253.7,0.2663120213120213,3.0537867059411177,57.171028971028974,16.702425241425242,0.0764102564102564,0.031666666666666655,18.86315789473684,3.1321307026307026,0.5461393606393606,0.5614057609057609
P03418,male,FM,2000-2499,2425.6,blitz,29,2555.310344827586,0.2596522251694665,3.558853407129269,56.099616858237546,16.47273798997937,0.0993221338048924,0.04244031830238725,19.0,3.243442381373416,0.5499557913351016,0.5508399646330681
P03418,male,FM,2000-2499,2425.6,bullet,71,2372.6478873239435,0.27126863746582053,3.120877596581822,57.09515554867667,17.611339833875046,0.08559046587215599,0.03791982665222101,23.836363636363636,2.885064231543105,0.5240674818139607,0.5553732652324201
P03420,male,FM,2000-2499,2498.5,blitz,97,2498.958762886598,0.28107402334206455,2.7142012626548713,58.44365142303287,17.793767973149418,0.09935116429961788,0.03826328310864392,15.97752808988764,3.104066037055728,0.5890855421783258,0.5961586523442194
P03420,male,FM,2000-2499,2498.5,bullet,3,2483.0,0.31837606837606836,2.422222222222222,59.055555555555564,17.61965811965812,0.15811965811965809,0.053418803418803396,24.666666666666668,2.9871794871794872,0.5021367521367521,0.4764957264957265
P03423,male,IM,2000-2499,2196.7,blitz,59,2196.7457627118642,0.26127770534550193,3.2423848750119935,60.072779950746046,18.89449514703752,0.06563812834999275,0.0374764595103578,16.528301886792452,2.72677096914385,0.5475445458496306,0.5239605968419527
P03424,male,FM,2500+,2934.8,bullet,100,2934.78,0.2379316239316239,3.148128593628593,56.42121367521368,17.28123076923077,0.06769230769230768,0.05474358974358973,14.9,2.860119658119658,0.5572735042735043,0.5505042735042734
P03427,male,CM,2000-2499,2356.7,blitz,100,2356.66,0.2763461538461538,2.8999090748432854,56.83615384615385,16.95605769230769,0.09076923076923075,0.04384615384615383,17.177777777777777,3.033173076923077,0.5745192307692307,0.5914423076923077
P03429,male,CM,2500+,2638.5,blitz,34,2600.323529411765,0.28073152337858215,3.3396597275273745,59.22881203763557,17.825800833153775,0.052036199095022606,0.022624434389140264,18.1875,2.991848021259786,0.5854700854700855,0.5388835021187962
P03429,male,CM,2500+,2638.5,bullet,66,2658.151515151515,0.29092296592296585,3.0242027735110737,57.05496447996448,16.889349539349542,0.07155899655899654,0.034798534798534786,18.796610169491526,3.0556304806304806,0.5933788433788434,0.6003607503607504
P03430,male,FM,2500+,2774.4,blitz,35,2759.4285714285716,0.2458241758241758,3.30575345289631,60.46531135531135,18.363809523809525,0.06849816849816848,0.03296703296703296,18.764705882352942,2.9623809523809523,0.52,0.4993772893772894
P03430,male,FM,2500+,2774.4,bullet,64,2790.203125,0.20793269230769226,3.2953207599691976,59.19110576923077,17.870192307692307,0.07451923076923075,0.05528846153846152,19.896551724137932,3.0396634615384617,0.4939903846153846,0.5096153846153846
P03430,male,FM,2500+,2774.4,rapid,1,2286.0,0.4615384615384615,2.888888888888889,56.61538461538461,17.384615384615383,0.0,0.0,28.0,1.7692307692307692,0.7692307692307693,0.5384615384615384
P03439,male,IM,2000-2499,2338.7,blitz,20,2530.65,0.28076923076923077,3.284882756132756,60.11538461538462,18.48846153846154,0.08076923076923075,0.02307692307692307,18.473684210526315,3.1346153846153846,0.5076923076923077,0.5
P03439,male,IM,2000-2499,2338.7,rapid,80,2290.7375,0.26735347985347985,3.687630997474747,62.386707493894995,18.741989087301587,0.10627403846153842,0.03351648351648351,19.407894736842106,3.142801434676435,0.505597909035409,0.5033806471306471
P03443,male,FM,2000-2499,2351.7,blitz,100,2351.67,0.2829821567321567,2.7544876234876234,57.331026640026636,17.406458430458432,0.07998326673326671,0.035384615384615375,20.397727272727273,2.6545953213453215,0.5801831224331224,0.5702066822066822
P03447,male,CM,2000-2499,2447.9,blitz,88,2446.6363636363635,0.26303639542275903,3.317872815315997,57.532877728332274,17.76080737444374,0.07879847425301968,0.03808142614960796,16.126582278481013,2.9608192943420217,0.576042328883238,0.5412349014621742
P03447,male,CM,2000-2499,2447.9,bullet,12,2457.4166666666665,0.2769230769230769,3.0598214285714285,57.882051282051286,17.528205128205126,0.06410256410256408,0.03205128205128204,14.0,2.8346153846153848,0.5435897435897435,0.5371794871794872
P03451,male,IM,2000-2499,2173.6,bullet,100,2173.61,0.2842457542457542,2.8374175269175272,57.617563880563885,17.606713675213676,0.08382478632478631,0.040064102564102554,20.079545454545453,2.7132249417249414,0.5943948273948274,0.5447416472416472
P03452,male,FM,2500+,2749.5,blitz,20,2657.1,0.2584615384615384,3.2233699633699637,59.11038461538461,17.88307692307692,0.10230769230769228,0.059999999999999984,16.529411764705884,2.9115384615384614,0.6092307692307692,0.5557692307692308
P03452,male,FM,2500+,2749.5,bullet,80,2772.575,0.2698946886446886,3.104147206959707,59.127815170940174,17.84270222832723,0.10124084249084246,0.04875686813186812,13.068493150684931,3.1647550366300363,0.5860187728937729,0.5618917887667887
P03453,male,FM,2000-2499,2379.2,bullet,100,2379.16,0.3030254745254745,2.831743672993673,58.319535964035964,17.48016933066933,0.07413686313686312,0.02538461538461538,21.057471264367816,2.8137677322677326,0.6363831168831169,0.5869375624375625
P03462,male,IM,2500+,2526.0,blitz,100,2526.01,0.22731468531468527,3.4620612998113,59.69852447552447,18.081062937062935,0.08048251748251747,0.041559440559440546,18.96470588235294,2.976125874125874,0.5299440559440559,0.4928321678321678
P03463,male,CM,2500+,2533.6,blitz,29,2400.1724137931033,0.24668435013262596,3.234655731917395,58.29973474801061,18.06366047745358,0.039787798408488055,0.04244031830238725,17.6,2.976127320954907,0.5358090185676393,0.4880636604774536
P03463,male,CM,2500+,2533.6,bullet,71,2588.056338028169,0.2746971338520634,2.8099090658949812,56.71633999803014,17.07180143799862,0.07150595882990247,0.03791982665222101,18.433333333333334,2.90899241603467,0.6026790111297154,0.578178863390131
P03468,male,IM,2500+,2893.5,blitz,100,2893.51,0.2781703296703297,2.893994782994783,58.34182783882784,17.717972527472526,0.10205677655677653,0.035384615384615375,17.56382978723404,3.0908772893772896,0.575886446886447,0.5578223443223443
P03471,male,IM,2500+,2529.5,blitz,38,2558.2894736842104,0.26619433198380565,2.8587783561467774,58.57641700404859,17.48405870445344,0.09033400809716596,0.03846153846153845,16.97222222222222,3.2009109311740893,0.5592105263157895,0.555668016194332
P03471,male,IM,2500+,2529.5,bullet,62,2511.8709677419356,0.25152267087750957,2.7684488898198576,56.57263704037898,16.94676291450485,0.08684863523573198,0.053349875930521075,12.147540983606557,2.9092036995262798,0.5497405819986466,0.5166929844349198
P03473,male,FM,2000-2499,2455.6,blitz,63,2437.4126984126983,0.29821104821104816,2.6813503515884465,58.73730343730344,17.528983978983977,0.09934694934694932,0.03333333333333332,16.736842105263158,3.090923890923891,0.6213083213083213,0.5561901061901062
P03473,male,FM,2000-2499,2455.6,bullet,37,2486.6486486486488,0.28239778239778235,2.981284256284256,60.486486486486484,18.663548163548164,0.13340263340263336,0.04192654192654191,15.243243243243244,3.0374220374220373,0.5718988218988219,0.5280665280665281
P03476,male,CM,2000-2499,2231.7,blitz,47,2290.4893617021276,0.23481500768734806,3.360946854563876,58.66890467688339,17.742612706442497,0.06360660615979763,0.026322967812329505,20.428571428571427,2.7217527153697367,0.5890901651539949,0.5617529633487081
P03476,male,CM,2000-2499,2231.7,bullet,53,2179.5471698113206,0.29912974865805053,2.944554135591871,57.56106388370539,17.230079825834544,0.06849125717050243,0.029934687953555868,19.377777777777776,2.567967148155827,0.6284856129195752,0.5881228834059022
P03478,male,FM,2500+,2570.6,blitz,11,2570.6363636363635,0.2587412587412587,3.6846320346320343,52.93006993006993,15.601398601398602,0.10489510489510487,0.041958041958041946,18.0,2.867132867132867,0.4895104895104895,0.5244755244755245
P03483,male,CM,2000-2499,2316.3,blitz,100,2316.33,0.2602991452991453,3.0343817045527572,58.590598290598294,17.859166666666667,0.06683760683760682,0.032008547008546995,14.927835051546392,3.175042735042735,0.6100854700854701,0.5408760683760684
P03484,male,CM,2000-2499,2317.7,blitz,56,2389.339285714286,0.29795700331414615,2.769292314828029,56.56984236002093,16.817743764172338,0.06330128205128203,0.0289606227106227,18.844444444444445,2.6985489708703994,0.6459914093842666,0.6294860893075178
P03484,male,CM,2000-2499,2317.7,bullet,44,2226.4772727272725,0.29277389277389276,2.579121572871573,57.9723581973582,17.186052836052838,0.08721833721833719,0.027972027972027965,21.097560975609756,2.8317016317016317,0.6056526806526806,0.6086635586635587
P03486,male,CM,2000-2499,2441.0,blitz,11,2508.818181818182,0.3409090909090909,3.523429096156369,56.5,17.267482517482517,0.1276223776223776,0.06468531468531467,23.142857142857142,2.4615384615384617,0.6503496503496504,0.5122377622377623
P03486,male,CM,2000-2499,2441.0,rapid,89,2432.61797752809,0.23179439162585225,3.504529241046095,59.28515077307212,18.036735330836454,0.08205128205128202,0.051260443676173995,23.419354838709676,2.611183136464035,0.5121410736579276,0.5249351771823682
P03489,male,FM,2000-2499,2430.1,blitz,6,2493.1666666666665,0.282051282051282,3.2894179894179896,61.35897435897436,18.615384615384617,0.12820512820512817,0.051282051282051266,18.833333333333332,2.743589743589743,0.6410256410256411,0.6282051282051282
P03489,male,FM,2000-2499,2430.1,bullet,2,2581.0,0.3846153846153846,2.044642857142857,63.57692307692308,19.5,0.1538461538461538,0.03846153846153845,17.5,3.615384615384615,0.6153846153846154,0.5
P03489,male,FM,2000-2499,2430.1,rapid,2,2090.0,0.30769230769230765,4.0,63.5,19.07692307692308,0.0769230769230769,0.03846153846153845,25.0,2.3846153846153846,0.5384615384615384,0.6538461538461539
P03493,male,FM,2500+,2841.1,blitz,9,2758.8888888888887,0.2051282051282051,2.998280423280423,60.188034188034194,17.692307692307693,0.06837606837606837,0.04273504273504272,19.88888888888889,2.982905982905983,0.5299145299145299,0.5128205128205128
P03493,male,FM,2500+,2841.1,bullet,91,2849.1758241758243,0.27303465765004226,3.0409703544318933,57.57303465765004,17.627895181741337,0.07354184277261198,0.031530008453085366,16.05,3.1827557058326286,0.5662721893491124,0.5490278951817413
P03494,male,GM,2500+,2933.2,blitz,100,2933.21,0.23167832167832164,3.4996063936063937,58.907762237762235,17.73881118881119,0.0646153846153846,0.0323076923076923,19.24137931034483,2.997412587412587,0.5114685314685314,0.4979020979020979
P03498,male,FM,2000-2499,2178.1,blitz,95,2182.0421052631577,0.27677892283155436,2.6646184225131595,58.68713470739787,17.8731351981352,0.09924426450742238,0.030688259109311736,19.879518072289155,2.6979192737087474,0.6250478468899522,0.5627726659305606
P03498,male,FM,2000-2499,2178.1,rapid,5,2103.4,0.38269230769230766,2.4227777777777777,53.59230769230769,16.494230769230768,0.08653846153846152,0.03076923076923076,24.333333333333332,2.457692307692308,0.6596153846153846,0.6153846153846153
P03500,male,GM,2500+,3019.6,blitz,91,3016.8241758241757,0.2507748661594815,3.319004103344763,59.6203273222504,18.196616417770265,0.08284023668639051,0.03672395980088287,16.790697674418606,2.8047102470179395,0.5418545130083592,0.5090166244012397
P03500,male,GM,2500+,3019.6,bullet,9,3048.1111111111113,0.22435897435897434,2.9167548500881835,56.63995726495726,17.26068376068376,0.06837606837606836,0.025641025641025633,17.285714285714285,2.7948717948717947,0.5683760683760684,0.5363247863247863
P03505,male,IM,2000-2499,2497.5,blitz,46,2484.6521739130435,0.23729096989966553,3.2540088534653755,59.39799331103679,18.424916387959865,0.0769230769230769,0.01889632107023411,19.710526315789473,2.9988294314381267,0.5374581939799331,0.5292642140468228
P03505,male,IM,2000-2499,2497.5,rapid,54,2508.5185185185187,0.26780626780626776,3.7149211385322496,59.648148148148145,18.347578347578345,0.06552706552706551,0.029914529914529905,21.711111111111112,2.9800569800569803,0.5327635327635328,0.5484330484330484
P03506,male,FM,2500+,2571.6,blitz,17,2525.470588235294,0.2782805429864253,2.7419129889718126,56.49321266968326,17.154600301659126,0.09125188536953242,0.03167420814479637,21.285714285714285,2.984162895927602,0.605580693815988,0.5784313725490197
P03506,male,FM,2500+,2571.6,bullet,82,2586.9268292682927,0.2404598450330157,3.1487316545243376,59.59632897590215,17.87932067932068,0.06364489169367217,0.023452157598499057,18.76,2.960227577300748,0.5567764552520651,0.5360724641212445
P03506,male,FM,2500+,2571.6,rapid,1,2094.0,0.3076923076923077,4.8,55.61538461538461,17.0,0.0,0.0769230769230769,24.0,2.6923076923076925,0.3846153846153846,0.5384615384615384
P03509,male,GM,2500+,2800.3,blitz,100,2800.27,0.2514813519813519,3.139771561771562,58.86038403263403,18.028851037851037,0.07403943278943277,0.033986013986013974,18.681318681318682,2.7865666000666,0.5633318903318904,0.5308160728160728
P03511,male,CM,2000-2499,2251.6,blitz,73,2260.4246575342468,0.24560462368681543,3.6865069481507837,58.57398005343211,17.438400868537855,0.06828240252897785,0.04023373886387584,16.567164179104477,2.9992655746080406,0.5431128992772829,0.5258464518738492
P03511,male,CM,2000-2499,2251.6,bullet,27,2227.814814814815,0.2879610101832324,2.728968253968254,56.185014573903466,17.086855531299975,0.06405528627750848,0.03686745353412019,14.75,3.0140939307605974,0.6080370247036915,0.5398593176370954
P03518,male,IM,2500+,2582.8,blitz,3,2639.6666666666665,0.3223443223443223,2.357142857142857,61.926739926739934,19.432234432234434,0.09890109890109887,0.0,13.333333333333334,3.205128205128205,0.6227106227106227,0.5018315018315018
P03518,male,IM,2500+,2582.8,bullet,97,2581.0721649484535,0.3006428279624156,2.8305980960620136,58.47174640937527,17.605042494733215,0.06660058154903514,0.02696272799365582,16.93103448275862,3.028900824261649,0.6029962591818262,0.5461101899246229
P03520,male,CM,2000-2499,2368.8,blitz,30,2449.1666666666665,0.2880698005698006,2.9716344766344767,55.77863247863248,16.793767806267805,0.08205128205128202,0.04216524216524216,22.2,2.7481837606837605,0.5602207977207977,0.5770299145299145
P03520,male,CM,2000-2499,2368.8,bullet,70,2334.3142857142857,0.26820512820512815,2.6498448773448775,56.7710989010989,16.952673992673994,0.07380952380952378,0.036355311355311344,16.887096774193548,3.017875457875458,0.5803113553113552,0.5694688644688645
P03522,male,FM,2500+,2955.1,blitz,56,2947.2321428571427,0.2452547452547452,3.546956614813758,58.483391608391614,17.612887112887112,0.05956543456543455,0.023601398601398593,20.45098039215686,3.132242757242757,0.5012487512487512,0.5267232767232767
P03522,male,FM,2500+,2955.1,bullet,43,2978.139534883721,0.23363148479427545,3.4349206349206347,58.76296958855099,17.68479427549195,0.05957066189624328,0.037567084078711975,17.829268292682926,3.167620751341681,0.48085867620751344,0.5076923076923077
P03522,male,FM,2500+,2955.1,rapid,1,2408.0,0.2307692307692307,2.5,59.15384615384615,18.23076923076923,0.0,0.0,13.0,3.3846153846153846,0.4615384615384615,0.4615384615384615
P03529,male,FM,2500+,2623.6,blitz,91,2650.901098901099,0.2702369974347996,2.9930603584449735,58.531893106893115,17.511853439600692,0.08879581956505031,0.0377250954174031,16.223529411764705,3.0086195855426623,0.5909597728279047,0.5661958005364599
P03529,male,FM,2500+,2623.6,rapid,9,2347.222222222222,0.21892551892551892,3.703086419753087,59.385347985347984,18.210866910866912,0.051282051282051266,0.04273504273504272,15.88888888888889,2.9102564102564106,0.5699633699633699,0.5416361416361416
P03534,male,CM,2500+,2540.2,blitz,7,2535.285714285714,0.25274725274725274,2.8977551020408163,58.81318681318681,17.56043956043956,0.032967032967032954,0.032967032967032954,17.0,2.857142857142857,0.5384615384615384,0.4945054945054945
P03534,male,CM,2500+,2540.2,bullet,93,2540.537634408602,0.2468706920319823,3.0123236082913505,57.71753515301903,17.27023711055969,0.056451612903225784,0.03156878963330575,16.666666666666668,3.0422387648194102,0.5485800937413841,0.5377171215880894
P03536,male,CM,2500+,2650.3,blitz,12,2662.0,0.23717948717948714,3.2424603174603175,57.81410256410256,17.557692307692307,0.10256410256410253,0.051282051282051266,21.375,2.391025641025641,0.5448717948717948,0.5705128205128205
P03536,male,CM,2500+,2650.3,bullet,85,2659.0117647058823,0.25685882744706273,2.932437399202105,57.75107392607393,17.57033652621888,0.0684149184149184,0.04538941450706155,19.72151898734177,2.850743863979158,0.5432347064700006,0.5707757928346163
P03536,male,CM,2500+,2650.3,rapid,3,2357.6666666666665,0.30769230769230765,2.3214285714285716,56.94871794871795,17.794871794871796,0.10256410256410253,0.051282051282051266,27.0,1.9487179487179487,0.5897435897435898,0.6666666666666666
P03537,male,CM,2000-2499,2400.9,blitz,100,2400.88,0.2804157509157509,2.8040901875901874,58.81741758241758,17.54772161172161,0.08176923076923075,0.028461538461538455,16.149425287356323,2.9869038461538464,0.5726575091575091,0.6146684981684981
P03540,male,FM,2000-2499,2243.8,blitz,100,2243.8,0.27451048951048945,3.0173786213786213,56.92135664335664,17.376496503496504,0.07167832167832165,0.027062937062937054,17.168539325842698,2.797503496503497,0.581020979020979,0.5751468531468532
P03541,male,FM,2500+,2694.3,blitz,100,2694.35,0.2563758741258741,3.27120806970807,58.908951631701626,18.28731177156177,0.07986538461538459,0.037923076923076914,21.653333333333332,2.7042663170163173,0.5562674825174825,0.5510005827505827
P03542,male,IM,2500+,2569.2,blitz,54,2579.425925925926,0.29632003798670464,3.0331137483915263,58.68048433048433,17.31823361823362,0.10849952516619181,0.04736467236467235,18.933333333333334,2.866286799620133,0.6032288698955365,0.5866809116809116
P03542,male,IM,2500+,2569.2,bullet,46,2557.086956521739,0.2702710936406588,2.8145122992949076,59.085574389378735,18.001070608135826,0.07931742170872604,0.03448996655518394,16.342105263157894,2.9964929394277218,0.5965374601244167,0.5785552611639568
P03543,male,FM,2000-2499,2365.6,blitz,96,2358.7395833333335,0.269582443019943,3.183859196359196,58.60822204415954,17.4488603988604,0.08892004985754982,0.04122150997150996,17.406976744186046,2.8695735398860402,0.5530448717948718,0.5442574786324786
P03543,male,FM,2000-2499,2365.6,bullet,4,2530.75,0.36538461538461536,2.7222222222222223,61.32692307692307,17.653846153846153,0.03846153846153845,0.057692307692307675,14.0,3.519230769230769,0.7115384615384616,0.6153846153846154
P03544,male,FM,2500+,2575.9,blitz,30,2611.0333333333333,0.23653846153846153,3.5619757094757096,57.66559829059829,17.482478632478635,0.0643162393162393,0.023076923076923068,19.037037037037038,2.5433760683760687,0.5497863247863248,0.5534188034188035
P03544,male,FM,2500+,2575.9,bullet,70,2560.9142857142856,0.2839493839493839,2.777476174619032,56.639985014985015,16.889772727272728,0.07930819180819178,0.04342324342324341,16.328125,2.927955377955378,0.5635198135198135,0.586088911088911
P03549,male,FM,2000-2499,2365.3,blitz,55,2437.3818181818183,0.2444444444444444,3.526376754558573,59.8972804972805,18.026262626262625,0.07536907536907535,0.04677544677544676,17.615384615384617,3.093084693084693,0.5488733488733488,0.5140637140637141
P03549,male,FM,2000-2499,2365.3,bullet,43,2275.9302325581393,0.26046511627906976,3.0186398872445386,57.13184257602862,17.20840787119857,0.07871198568872985,0.03398926654740607,17.45945945945946,2.9397137745974957,0.535778175313059,0.539355992844365
P03549,male,FM,2000-2499,2365.3,rapid,2,2303.5,0.1538461538461538,3.6269841269841274,60.30769230769231,18.576923076923077,0.11538461538461535,0.03846153846153845,15.0,3.4230769230769234,0.34615384615384615,0.5
P03550,male,CM,1500-1999,1939.9,blitz,3,1902.0,0.358974358974359,2.8373015873015874,57.10256410256411,16.94871794871795,0.025641025641025633,0.025641025641025633,17.666666666666668,2.8461538461538463,0.6410256410256411,0.5128205128205128
P03550,male,CM,1500-1999,1939.9,bullet,46,1939.8478260869565,0.27424749163879597,2.7228605935127677,59.212374581939805,17.60200668896321,0.09364548494983276,0.030100334448160525,17.09090909090909,3.008361204013378,0.6086956521739131,0.5602006688963211
P03550,male,CM,1500-1999,1939.9,rapid,1,2054.0,0.3076923076923077,2.0,57.92307692307692,18.46153846153846,0.0,0.0769230769230769,11.0,2.3076923076923075,0.8461538461538461,0.6153846153846154
P03551,male,IM,2500+,2603.6,blitz,100,2603.6,0.25074436674436673,3.1935166916416917,59.339151515151514,17.946468142968143,0.08115268065268064,0.044102564102564086,16.45054945054945,3.152171717171717,0.554955710955711,0.5498049728049729
P03553,male,CM,2000-2499,2302.3,blitz,59,2319.0169491525426,0.2732363681516224,3.262941766331597,57.41499291668783,17.28065776031878,0.08310503056265765,0.031290743155149923,17.03846153846154,3.0376252749134105,0.5756452586961062,0.5219050252948558
P03553,male,CM,2000-2499,2302.3,rapid,41,2278.243902439024,0.2715759849906191,3.1865176151761516,57.56347717323327,17.397435897435898,0.09052532833020636,0.04330831769856159,17.216216216216218,2.940118824265166,0.5698874296435272,0.5644152595372108
P03554,male,FM,2000-2499,2264.6,blitz,100,2264.56,0.24506410256410252,3.063128583834466,58.374487179487176,17.545096153846156,0.06256410256410255,0.04983974358974358,15.593406593406593,3.2426602564102565,0.543301282051282,0.5089743589743589
P03561,male,FM,2500+,2897.1,blitz,94,2944.3936170212764,0.2668104944700689,3.01819032031798,55.97769739126122,16.834876382482765,0.06325695581014729,0.038154664484451706,17.746987951807228,2.7152575261617815,0.5565299062639488,0.5780191439765908
P03561,male,FM,2500+,2897.1,bullet,6,2156.6666666666665,0.26923076923076916,2.6547619047619047,54.32051282051282,15.487179487179487,0.0769230769230769,0.03846153846153845,8.333333333333334,2.4871794871794872,0.641025641025641,0.6025641025641025
P03563,male,IM,2500+,2810.6,blitz,82,2830.329268292683,0.26644493717664447,3.02847792451451,57.67077434760362,17.367282108135765,0.08123685257831596,0.032833020637898676,19.704225352112676,2.946934163397578,0.5401742566376713,0.5611248507589971
P03563,male,IM,2500+,2810.6,bullet,18,2720.722222222222,0.27777777777777773,2.99441222357889,60.04273504273504,17.49145299145299,0.11965811965811962,0.03846153846153845,18.3125,3.0128205128205128,0.576923076923077,0.5470085470085471
P03566,male,FM,2500+,2841.5,blitz,21,2763.0476190476193,0.2783882783882784,2.8953633667919383,56.88644688644688,17.186813186813186,0.08058608058608056,0.04029304029304028,17.666666666666668,2.934065934065934,0.5970695970695971,0.5641025641025641
P03566,male,FM,2500+,2841.5,bullet,79,2862.3164556962024,0.2587971100629328,3.0077021080185635,56.43633739678043,16.963998027289165,0.06462735576659626,0.04256502990680205,19.12857142857143,2.8426752572322194,0.5840667771047519,0.577454191378242
P03572,male,CM,2500+,2858.2,bullet,100,2858.19,0.2601582861582861,2.8947026584526583,59.17217976467977,17.863263514263515,0.09523631923631921,0.04882051282051281,19.63953488372093,2.758989510489511,0.5868154623154623,0.552979131979132
P03573,male,CM,2000-2499,2254.9,bullet,100,2254.94,0.29704545454545456,2.7951072816072813,57.00304195804196,17.123490675990677,0.0446153846153846,0.017832167832167827,17.11111111111111,2.7443356643356647,0.5863869463869463,0.5925466200466201
P03585,male,CM,2500+,2738.2,bullet,100,2738.16,0.2806468531468531,2.9170711233211235,58.63659965034965,18.008573426573424,0.07334790209790208,0.03167832167832167,15.827956989247312,3.1958811188811187,0.588104895104895,0.5521083916083915
P03586,male,FM,2000-2499,2331.1,blitz,1,2351.0,0.1538461538461538,4.6,55.30769230769231,16.153846153846153,0.0769230769230769,0.0,,1.3076923076923077,0.9230769230769232,0.5384615384615384
P03586,male,FM,2000-2499,2331.1,bullet,99,2330.919191919192,0.23285536012808736,3.1196246794731644,59.2417414235596,18.060408278590096,0.07894327894327892,0.0383061383061383,20.41111111111111,2.9436580254762075,0.5608627063172518,0.506564479291752
P03587,male,FM,2500+,2616.0,blitz,100,2615.96,0.2612722555222555,2.920694472194472,58.37917143967144,17.431304001554,0.08965390165390164,0.05311965811965811,15.010989010989011,3.0425140415140413,0.5672752802752803,0.5581290653790654
P03588,male,FM,2000-2499,2362.6,blitz,98,2369.2448979591836,0.2389231516782537,3.4746850655013923,58.50853330343126,17.5753756447634,0.06975312102863121,0.04052197802197801,19.477777777777778,2.8493477610824547,0.46734880765493014,0.5322830230993496
P03588,male,FM,2000-2499,2362.6,rapid,2,2037.0,0.19871794871794865,3.1904761904761907,60.54166666666667,19.525641025641026,0.0769230769230769,0.11858974358974356,7.0,2.291666666666667,0.5608974358974359,0.4358974358974359
P03589,male,FM,2000-2499,2397.9,blitz,100,2397.86,0.2697448107448107,3.1646904484404486,57.2393431013431,17.14967032967033,0.07059829059829058,0.03023076923076922,19.50602409638554,2.9059926739926736,0.5825067155067155,0.5807570207570207
P03598,male,FM,2500+,2615.6,blitz,100,2615.57,0.23769230769230767,3.193589466089466,58.923205128205126,17.584294871794874,0.09160256410256407,0.04384615384615383,16.23913043478261,2.9361538461538466,0.5180128205128205,0.53
P03603,male,GM,2500+,2854.9,blitz,84,2858.5,0.28373088551659975,2.9273551145399885,57.15725042153613,17.42160881446596,0.10087795802081514,0.041208791208791194,16.816901408450704,2.9401353276353275,0.5872492586778302,0.5767551892551892
P03603,male,GM,2500+,2854.9,rapid,1,2550.0,0.3846153846153846,3.75,58.46153846153846,14.692307692307692,0.1538461538461538,0.0769230769230769,36.0,1.6153846153846154,0.4615384615384615,0.3846153846153846
P03608,male,FM,2500+,2673.9,blitz,100,2673.86,0.23769513819513816,3.149254412254412,59.010590742590736,17.613671578421577,0.08108558108558107,0.040064102564102554,17.477777777777778,2.912030053280053,0.5711014818514818,0.536462037962038
P03612,male,GM,2500+,3021.4,blitz,100,3021.42,0.21598290598290595,3.683294719169719,60.39495726495726,17.85965811965812,0.10307692307692305,0.04880341880341879,19.42105263157895,2.8937606837606835,0.47888888888888886,0.4797435897435897
P03623,male,GM,2500+,2952.0,blitz,81,2927.074074074074,0.2863504122763382,3.012137912519176,57.96669455373159,17.006195450639893,0.07079772079772077,0.030468502690724902,17.63013698630137,2.945709914228433,0.6374628800554727,0.5888421592125296
P03623,male,GM,2500+,2952.0,bullet,19,3058.1052631578946,0.36524002313476,2.580263157894737,57.186524002313476,16.956101792943898,0.05043377674956621,0.012145748987854248,17.38888888888889,2.990688259109312,0.7112781954887218,0.603528050896472
P03624,male,FM,2500+,2573.6,blitz,96,2573.8125,0.2611784916472416,3.1161822552447553,58.41230210761461,17.702548319735822,0.07962740384615383,0.04557291666666666,17.098765432098766,3.0554159382284385,0.5628763597513597,0.5492950336700336
P03624,male,FM,2500+,2573.6,bullet,4,2568.5,0.26923076923076916,3.0831980519480515,58.5,16.576923076923077,0.0,0.0,15.0,3.4038461538461537,0.4807692307692308,0.5769230769230769
P03625,male,FM,1500-1999,1952.4,blitz,31,2030.8709677419354,0.24642830287991574,2.997599264534748,57.85207534401083,17.801658019399955,0.08340852695691403,0.042634784570268425,19.333333333333332,2.8508910444394315,0.5571283555154523,0.49964283028799156
P03625,male,FM,1500-1999,1952.4,bullet,8,1648.5,0.31249999999999994,2.8763888888888887,55.184615384615384,16.223076923076924,0.0769230769230769,0.03846153846153845,15.5,3.1028846153846157,0.6480769230769231,0.5336538461538461
P03627,male,GM,2500+,2731.4,blitz,82,2766.3048780487807,0.24458468360907382,3.105511493926128,59.654443117857745,18.35869009039741,0.06848030018761725,0.03001876172607879,16.506493506493506,3.145403377110694,0.5221729490022173,0.5174825174825175
P03627,male,GM,2500+,2731.4,rapid,18,2572.5555555555557,0.24358974358974356,2.996348404681738,57.33760683760684,17.773504273504273,0.03418803418803418,0.01709401709401709,16.941176470588236,3.047008547008547,0.4786324786324786,0.5256410256410257
P03628,male,GM,2500+,3069.1,blitz,100,3069.11,0.2510426517926518,3.1336348259583553,57.54716181041181,17.31255758130758,0.06609737484737482,0.031909340659340646,22.20253164556962,2.8068269230769234,0.5783792596292596,0.5638163225663226
P03629,male,FM,2500+,2507.6,blitz,15,2639.8,0.1961538461538461,3.5613227513227512,58.93888888888888,17.074358974358972,0.08247863247863245,0.06196581196581195,20.8,3.0923076923076924,0.49145299145299143,0.46623931623931625
P03629,male,FM,2500+,2507.6,bullet,85,2484.2235294117645,0.31483842954431185,2.885564468211527,57.643130399012755,17.56541203894145,0.09706110882581469,0.026244343891402705,20.88607594936709,2.764193975958682,0.6133438456967869,0.5941267882444353
P03630,male,FM,1500-1999,1669.2,blitz,29,1589.7241379310344,0.33843340567478497,2.6053664726078516,55.34471907402942,16.854256088738847,0.055606462503014216,0.025464190981432353,15.590909090909092,2.786733381560968,0.6099951772365566,0.6040832730487903
P03630,male,FM,1500-1999,1669.2,bullet,10,1525.5,0.3523076923076923,2.068809523809524,56.681282051282054,17.54179487179487,0.10153846153846154,0.04846153846153845,21.0,2.411025641025641,0.6197435897435898,0.5264102564102564
P03630,male,FM,1500-1999,1669.2,rapid,61,1730.5901639344263,0.26953101543265473,3.1711018034788525,57.49902283508841,16.65309553834144,0.06527898331177018,0.026481715006305164,21.367346938775512,2.78600088436154,0.6017015771114131,0.5429597724679692
P03631,male,IM,2000-2499,2321.8,bullet,19,2321.842105263158,0.2975708502024291,2.5098997493734334,58.94601889338731,18.20310391363023,0.10998650472334681,0.04453441295546558,16.0,3.1194331983805665,0.6275303643724697,0.5688259109311741
P03632,male,CM,2000-2499,2352.4,blitz,100,2352.36,0.2518376068376068,3.079479020979021,59.76501282051282,17.914235042735044,0.0804059829059829,0.037756410256410244,18.741935483870968,2.9873461538461537,0.5307393162393163,0.5377435897435897
P03635,male,GM,2000-2499,2334.9,blitz,43,2487.7906976744184,0.22763864042933807,3.4478276245718105,58.81059928443649,17.778175313059034,0.09302325581395347,0.03220035778175312,20.0625,2.7050536672629697,0.5315295169946332,0.5371198568872988
P03635,male,GM,2000-2499,2334.9,bullet,57,2219.561403508772,0.23741025056814527,3.181815650236703,60.574646114119794,18.523410215515476,0.10218933113669953,0.03778677462887988,15.326530612244898,3.0641475483580747,0.558809319335635,0.4968686284475758
P03636,male,CM,2000-2499,2388.5,blitz,72,2422.7361111111113,0.288698955365622,2.9399014951098286,57.362446581196586,17.386544396961064,0.07846628679962012,0.043684710351377005,15.455882352941176,3.188093542260209,0.5954415954415954,0.596005460588794
P03636,male,CM,2000-2499,2388.5,bullet,7,2082.0,0.2942612942612942,3.153061224489796,55.38827838827839,15.926739926739927,0.0708180708180708,0.021978021978021973,21.428571428571427,2.843711843711844,0.5958485958485958,0.5958485958485958
P03636,male,CM,2000-2499,2388.5,rapid,21,2373.095238095238,0.27106227106227104,2.5689655582512723,57.146520146520146,17.63003663003663,0.08424908424908423,0.04029304029304028,18.65,2.5494505494505497,0.5164835164835164,0.5824175824175823
P03642,male,FM,2000-2499,2194.8,blitz,4,2372.75,0.1538461538461538,3.8785714285714286,59.67307692307692,19.634615384615387,0.019230769230769225,0.0,20.333333333333332,2.6538461538461537,0.4038461538461538,0.34615384615384615
P03642,male,FM,2000-2499,2194.8,bullet,96,2187.375,0.2381929413179413,3.3229976042476044,56.93551211519962,17.500902164964664,0.04967948717948716,0.051638176638176624,20.41860465116279,2.7089276464276466,0.502237345987346,0.5107641201391201
P03645,male,IM,2500+,2862.4,blitz,84,2886.940476190476,0.2813540626040626,2.9222151512426833,58.12166652791653,17.36384448884449,0.0916305916305916,0.037712287712287705,16.038961038961038,2.9860902985902986,0.5886093073593074,0.57379773004773
P03645,male,IM,2500+,2862.4,bullet,16,2733.375,0.25587606837606836,3.029211933899434,61.26068376068376,18.186431623931625,0.06891025641025639,0.02403846153846153,15.2,3.1607905982905984,0.5197649572649573,0.5651709401709402
P03648,male,CM,2000-2499,2491.0,blitz,83,2509.132530120482,0.25174838548332523,3.336805296443851,58.70288700589905,17.765195580858233,0.0694392956441149,0.037859128822984235,17.66176470588235,2.9516851287935624,0.559218191447107,0.5571384438854319
P03648,male,CM,2000-2499,2491.0,bullet,17,2402.529411764706,0.2911010558069381,2.8639780154486036,57.998868778280546,17.61613876319759,0.036199095022624424,0.013574660633484158,15.571428571428571,2.8525641025641026,0.5822021116138764,0.6270739064856712
P03657,male,FM,2500+,2553.5,blitz,100,2553.51,0.26868531468531465,3.1736622821622817,58.900342657342655,17.6463986013986,0.08244755244755242,0.03321678321678321,17.896907216494846,2.973370629370629,0.5683216783216783,0.5138811188811189
P03662,male,CM,2000-2499,2339.1,blitz,37,2417.891891891892,0.27934227934227934,2.9583424083424084,58.35947835947836,17.235872235872236,0.07900207900207898,0.047817047817047806,19.451612903225808,2.934038934038934,0.6051786051786052,0.5498015498015498
P03662,male,CM,2000-2499,2339.1,bullet,24,2254.5416666666665,0.2875,3.0565972222222224,56.17051282051282,16.59294871794872,0.11410256410256407,0.057692307692307675,19.88235294117647,2.830128205128205,0.5955128205128205,0.5955128205128205
P03662,male,CM,2000-2499,2339.1,rapid,39,2316.25641025641,0.2807696576927346,2.919092019092019,57.63964923964924,17.16883031498416,0.10732771502002268,0.05159199774584389,17.4375,3.0817464586695356,0.5809532347993887,0.5995781995781996
P03674,male,FM,2500+,2562.2,blitz,97,2568.7113402061855,0.26240706601531344,3.0971210633581765,59.8544211515861,17.893656315048066,0.10273017360646225,0.046797875663855036,20.382716049382715,2.7195453458340055,0.5580614688862111,0.5411221939572455
P03674,male,FM,2500+,2562.2,bullet,1,2540.0,0.3076923076923077,1.1666666666666667,52.0,17.307692307692307,0.0769230769230769,0.0,34.0,2.3846153846153846,0.4615384615384615,0.6153846153846154
P03674,male,FM,2500+,2562.2,rapid,2,2259.0,0.27884615384615385,2.75,60.30769230769231,18.39903846153846,0.0625,0.0,13.5,2.9326923076923075,0.7211538461538461,0.7067307692307692
P03675,male,FM,2500+,2581.7,bullet,100,2581.65,0.27947202797202797,3.152168831168831,58.97868414918415,18.141624708624708,0.07190909090909088,0.029692307692307685,19.79268292682927,2.8564032634032634,0.5844778554778555,0.5600233100233101
P03677,male,FM,2500+,2858.2,blitz,80,2866.125,0.23669143356643355,3.2311769133644135,59.36553758741259,17.837019230769233,0.07998251748251746,0.03959790209790209,18.96,3.0937062937062936,0.48999125874125876,0.5260926573426573
P03677,male,FM,2500+,2858.2,bullet,20,2826.65,0.2344551282051282,3.107874764124764,57.56089743589744,17.5838141025641,0.07163461538461537,0.042307692307692296,12.0,2.9711538461538463,0.5711538461538461,0.5639423076923077
P03682,male,FM,2000-2499,2347.4,blitz,100,2347.42,0.2814570707070707,3.0278405205905203,58.63641705516706,17.625194250194248,0.08125097125097122,0.03815384615384614,16.91578947368421,3.1240349650349652,0.5721897824397825,0.5569232711732712
P03683,male,CM,1500-1999,1955.1,blitz,100,1955.13,0.291041181041181,3.101536796536797,59.74543317793318,17.484640637140636,0.09199883449883448,0.05527874902874902,15.6875,3.2411013986013986,0.5978923853923854,0.5795891608391609
P03684,male,IM,2500+,2731.8,blitz,100,2731.75,0.234506993006993,3.292909205173911,59.24385198135198,17.88288811188811,0.07707692307692306,0.04307692307692307,17.833333333333332,2.9403706293706295,0.5315489510489511,0.505983682983683
P03688,male,FM,1500-1999,1879.6,blitz,7,1879.5714285714287,0.29670329670329665,2.7516594516594517,57.89010989010989,17.483516483516485,0.06593406593406594,0.032967032967032954,12.571428571428571,2.9450549450549453,0.5054945054945055,0.5384615384615384
P03689,male,FM,2500+,2579.1,blitz,68,2552.426470588235,0.25138260432378073,3.1875299741108565,60.51168929110106,17.99145299145299,0.12267471091000498,0.052036199095022606,18.910714285714285,2.854072398190045,0.5492709904474611,0.5223730517848165
P03689,male,FM,2500+,2579.1,bullet,32,2635.78125,0.26399147727272726,2.7572886315073815,59.089302884615385,17.497709061771562,0.06179887820512819,0.025977928321678317,18.344827586206897,3.0385780885780886,0.5393411276223776,0.5199664918414918
P03695,male,FM,2500+,3047.6,bullet,100,3047.61,0.26754376179376177,3.0002704985073403,59.26266178266178,17.94413086913087,0.08493589743589741,0.03173076923076922,18.74074074074074,2.7476390553890555,0.5831648629148629,0.5976625319125319
P03700,male,IM,2000-2499,2059.8,blitz,43,2059.6279069767443,0.27359849452872703,3.5643964562569215,59.220477197221385,18.020053589821032,0.07758907758907757,0.030560524746571248,16.487179487179485,3.0414566054100938,0.5430906302999327,0.5326650094091955
P03700,male,IM,2000-2499,2059.8,rapid,4,2062.0,0.2692307692307692,2.6166666666666667,62.51923076923077,18.53846153846154,0.0769230769230769,0.019230769230769225,18.666666666666668,3.057692307692308,0.5769230769230769,0.4807692307692307
P03702,male,IM,2000-2499,2029.3,blitz,37,2380.162162162162,0.2897609147609147,3.2437767937767936,57.43269230769231,17.47253984753985,0.0736313236313236,0.049289674289674276,18.066666666666666,2.792532917532917,0.5466042966042967,0.5906964656964657
P03702,male,IM,2000-2499,2029.3,bullet,3,2397.0,0.1538461538461538,3.4547619047619045,57.256410256410255,17.94871794871795,0.051282051282051266,0.025641025641025633,18.5,3.0769230769230766,0.4102564102564103,0.4615384615384615
P03702,male,IM,2000-2499,2029.3,rapid,60,1794.6166666666666,0.26574009324009323,3.151653716653717,57.47249805749805,17.65444832944833,0.06096153846153844,0.02435897435897435,17.23076923076923,2.928063325563326,0.5381060606060607,0.518003108003108
P03706,male,FM,2000-2499,2285.6,blitz,4,2020.5,0.3461538461538461,2.818452380952381,62.78846153846154,19.961538461538463,0.03846153846153845,0.03846153846153845,11.25,2.8846153846153846,0.6538461538461539,0.5192307692307692
P03706,male,FM,2000-2499,2285.6,bullet,96,2296.6145833333335,0.2471250971250971,3.018655534280534,57.65159649378399,17.39098679098679,0.08365930944055942,0.04487179487179486,15.586206896551724,2.8832780934343436,0.5722829254079255,0.5545976592851593
P03710,male,CM,1500-1999,1598.8,blitz,36,1676.8333333333333,0.27460024543357875,3.1114511260344595,56.387149193399196,16.720724799891467,0.04029304029304029,0.039102564102564095,14.32,2.6908256866590197,0.5402217381384048,0.580239359406026
P03710,male,CM,1500-1999,1598.8,bullet,40,1473.125,0.33622766122766123,2.536016414141414,56.74255827505827,16.96716783216783,0.07986596736596735,0.02499999999999999,15.363636363636363,2.7256128593628595,0.6684994172494172,0.6043172105672105
P03710,male,CM,1500-1999,1598.8,rapid,11,1800.1818181818182,0.296037296037296,2.843514818514819,56.96503496503497,17.156177156177158,0.12820512820512817,0.034965034965034954,15.181818181818182,2.48018648018648,0.599067599067599,0.6153846153846154
P03716,male,IM,2500+,2721.6,blitz,14,2959.5714285714284,0.2932234432234432,2.7313208616780043,57.496978021978016,17.483699633699633,0.090018315018315,0.010989010989010986,15.071428571428571,2.793956043956044,0.6038461538461538,0.5616300366300366
P03716,male,IM,2500+,2721.6,bullet,86,2682.8372093023254,0.2647957662492546,2.9791412076295796,59.05679785330948,17.603570363744783,0.08050089445438281,0.04203935599284435,14.69767441860465,2.9243440667859275,0.5562015503875969,0.5105471079308288
P03736,male,CM,2000-2499,2441.3,blitz,1,2485.0,0.3076923076923077,3.6666666666666665,59.92307692307692,20.384615384615383,0.0769230769230769,0.0,22.0,3.5384615384615383,0.5384615384615384,0.4615384615384615
P03736,male,CM,2000-2499,2441.3,bullet,99,2440.848484848485,0.3668967956846745,2.358874458874459,52.700533417200084,17.023047855623613,0.08629655978140825,0.016501764229036955,10.36986301369863,3.0503367003367003,0.7096015096015097,0.47830536466900103
P03739,male,IM,2500+,2503.3,blitz,66,2411.5757575757575,0.2537845151481515,3.0850986679195236,59.912213207667754,18.20397657897658,0.09907054225236041,0.04247604247604247,16.90625,3.016356539083812,0.570751638933457,0.5080954399136217
P03739,male,IM,2500+,2503.3,bullet,32,2692.625,0.25588942307692303,3.1561789772727273,59.67506009615385,18.808834134615385,0.07451923076923074,0.0360576923076923,15.838709677419354,3.034855769230769,0.5146033653846154,0.5141826923076923
P03747,male,IM,2000-2499,2486.0,blitz,28,2399.8214285714284,0.3143315018315018,2.810169294990723,55.6268315018315,16.63369963369963,0.07440476190476188,0.03846153846153845,14.08,3.183379120879121,0.597985347985348,0.5817307692307693
P03747,male,IM,2000-2499,2486.0,bullet,67,2522.0746268656717,0.2762533486414083,2.7318090698687714,56.03038652889399,17.22129735935706,0.07156525066972827,0.025353999234596244,16.696428571428573,2.930654420206659,0.5887102946804439,0.5609070034443169
P03749,male,GM,2000-2499,2174.2,blitz,9,2092.5555555555557,0.2788224121557455,2.9635802469135806,55.31785375118708,17.429439696106364,0.07730294396961063,0.04273504273504272,24.142857142857142,2.1877492877492877,0.6231718898385564,0.560303893637227
P03749,male,GM,2000-2499,2174.2,bullet,2,2541.5,0.4615384615384615,1.6,57.0,16.5,0.15384615384615385,0.03846153846153845,10.5,2.5,0.8076923076923077,0.5769230769230769
P03755,male,CM,2000-2499,2294.5,blitz,23,2268.0434782608695,0.2732340123644471,3.170341614906832,58.920745920745915,17.501165501165502,0.08389074693422517,0.057742981656025115,16.8,2.810555386642343,0.5659268267963921,0.5862724232289449
P03755,male,CM,2000-2499,2294.5,rapid,77,2302.4415584415583,0.2671012969714268,3.244821376314883,58.44225557991792,17.473950940834058,0.08264916901280535,0.04933399933399932,18.87142857142857,2.985953440498895,0.5575206179102283,0.578548075301322
P03761,male,FM,2000-2499,2343.4,blitz,100,2343.45,0.24478033078033076,3.4797651515151515,58.230330558330564,17.65010778110778,0.07737196137196134,0.026172161172161163,18.79310344827586,2.970058386058386,0.5484280996780997,0.5164533244533245
P03765,male,IM,2000-2499,2275.3,blitz,80,2579.6125,0.2445245726495726,2.977367216117216,59.222836538461536,17.821087072649572,0.08520299145299143,0.04038461538461537,18.73913043478261,2.7153311965811966,0.5442307692307693,0.5123397435897437
P03765,male,IM,2000-2499,2275.3,rapid,20,1058.15,0.38078379953379954,2.2354464285714286,51.00649766899767,14.940180652680652,0.09146270396270395,0.019230769230769225,23.214285714285715,2.5342657342657344,0.655317599067599,0.6752622377622378
P03769,male,FM,2000-2499,2061.8,blitz,100,2061.77,0.27203962703962703,3.1261031746031747,59.511221445221445,17.98084731934732,0.08072960372960371,0.02603496503496503,14.546511627906977,3.159539627039627,0.5737925407925408,0.5209731934731935
P03770,male,FM,2000-2499,2388.8,blitz,53,2370.2264150943397,0.30637098750306296,2.8458881789070465,57.74248581607072,17.712093566810548,0.0700073511394266,0.030535502233615428,16.822222222222223,3.088102463574162,0.6261116242248317,0.5585716170621831
P03770,male,FM,2000-2499,2388.8,bullet,43,2423.3023255813955,0.2854587273191924,2.880587435819994,56.312824772127094,17.040548598688133,0.051622795808842305,0.007155635062611804,16.38888888888889,3.0916389811738654,0.577987903569299,0.5469375585654656
P03770,male,FM,2000-2499,2388.8,rapid,4,2263.0,0.39221611721611715,2.5654761904761907,61.78424908424908,17.73076923076923,0.10096153846153845,0.060897435897435875,18.75,3.469871794871795,0.6381868131868131,0.4279304029304029
P03771,male,FM,2000-2499,2494.8,bullet,100,2494.75,0.2509487179487179,3.1953246753246756,59.62378632478632,18.104888888888887,0.07134188034188033,0.05388034188034187,22.105882352941176,2.8765726495726494,0.4815811965811966,0.4954529914529915
P03772,male,IM,2500+,2583.7,blitz,99,2588.373737373737,0.2217309065793914,3.3241911847972454,58.77772519287671,17.73892538437993,0.07988195866983744,0.03743731016458288,19.640449438202246,2.8714409047742384,0.5234732719581204,0.5276337579367882
P03772,male,IM,2500+,2583.7,rapid,1,2122.0,0.5555555555555556,1.2,66.11111111111111,20.0,0.1111111111111111,0.0,13.0,2.3333333333333335,1.0,0.3333333333333333
P03773,male,GM,2500+,2747.9,bullet,100,2747.87,0.2744324009324009,2.662075036075036,56.78784781884782,17.357439227439226,0.08045054945054943,0.045945054945054936,21.346153846153847,2.5615955710955713,0.6111163836163837,0.569957042957043
