player_id,gender,elo_band,player_mean_elo,time_category,n_games,avg_elo,exchange_rate,tension_duration,avg_mobility,center_control_score,advanced_pawn_push_rate,pawn_storm_indicator,castling_ply,king_shelter_score,forcing_move_rate,reactive_move_rate
P00003,male,2500+,2776.0,bullet,98,2789.1020408163267,0.29927394034536886,2.7121550218488992,57.20565522912461,17.57069223293713,0.0693933617403005,0.03666274201988486,13.066666666666666,2.976452119309262,0.6008914554832921,0.5642305823428272
P00003,male,2500+,2776.0,rapid,2,2134.5,0.23076923076923073,3.208333333333333,59.34615384615385,19.076923076923077,0.03846153846153845,0.0,22.0,2.5769230769230766,0.3846153846153846,0.5769230769230769
P00004,male,2000-2499,2017.5,blitz,38,1927.0,0.3221250971250971,2.942721459826723,58.713037255142524,17.883395697869382,0.05016562384983436,0.01821862348178137,16.87878787878788,3.083053204105836,0.6196591420275631,0.5749897763055657
P00004,male,2000-2499,2017.5,bullet,62,2072.935483870968,0.24831458863716924,3.0095781011103595,60.13103939071681,18.176592762076634,0.06958229942100908,0.02739867659222497,15.654545454545454,3.0165952327242653,0.5880133307552663,0.5539519620164781
P00005,male,2500+,2648.8,blitz,100,2648.79,0.2627947052947053,3.228245171495171,58.40170662670663,17.49311188811189,0.08274558774558771,0.03459498834498834,18.345238095238095,2.805979020979021,0.5435668498168498,0.562930402930403
P00006,male,2500+,2926.0,bullet,100,2926.01,0.28004662004662,2.7975995393495396,59.94938228438228,18.443706293706292,0.12780303030303028,0.061016899766899745,22.710843373493976,2.8033653846153843,0.5954982517482518,0.5421736596736596
P00009,male,2500+,2740.6,blitz,5,2862.4,0.18461538461538457,3.502164502164502,59.63076923076924,17.594871794871796,0.12307692307692304,0.06153846153846152,15.5,3.1641025641025644,0.5128205128205128,0.5487179487179488
P00009,male,2500+,2740.6,bullet,95,2734.1473684210528,0.25161703793282736,3.1131709810657178,58.95714367503842,17.605731987310936,0.08277205250889459,0.029297018770702975,17.28409090909091,2.976916475337528,0.5290640353798248,0.5466630153472258
P00011,male,2500+,2523.7,blitz,33,2572.4848484848485,0.27536907536907534,3.098198098198098,58.744483294483295,17.82346542346542,0.07062937062937061,0.05034965034965034,19.870967741935484,3.0214063714063712,0.5365578865578865,0.5799533799533799
P00011,male,2500+,2523.7,bullet,67,2499.6716417910447,0.2886146192116341,2.7402358835194653,58.25629544584769,17.495063145809414,0.06448526597780327,0.038078836586299264,17.406779661016948,2.9532338308457713,0.5781285878300804,0.5940489858400306
P00012,male,2000-2499,2404.4,blitz,51,2394.8823529411766,0.23831070889894418,3.141968325791855,58.89841628959276,17.720814479638012,0.07126696832579184,0.021568627450980385,18.02173913043478,2.781070889894419,0.5332579185520362,0.5332202111613876
P00012,male,2000-2499,2404.4,rapid,49,2414.3469387755104,0.251684539949846,3.142141503621095,59.7354380313564,18.83782289139432,0.0905523048380191,0.030808477237048656,16.952380952380953,2.922931660176558,0.5492747048869497,0.5426869049318029
P00013,male,2000-2499,2428.9,blitz,98,2432.785714285714,0.2806186160777997,2.82741371440351,58.046417584682885,17.446619423660238,0.08994760908026211,0.031647915576486996,18.725,2.8378622511275573,0.5790524668075688,0.5870808613155551
P00013,male,2000-2499,2428.9,rapid,2,2240.0,0.23076923076923075,3.208333333333333,64.23076923076923,19.923076923076923,0.0769230769230769,0.0769230769230769,15.0,2.5,0.5769230769230769,0.6153846153846154
P00015,male,2000-2499,2190.7,blitz,13,2190.6923076923076,0.2544378698224852,3.2777167277167276,59.41420118343195,17.662721893491124,0.07100591715976329,0.029585798816568035,18.0,3.005917159763314,0.5443786982248521,0.5325443786982248
P00020,male,2000-2499,2447.8,blitz,28,2450.035714285714,0.24890109890109888,3.1442496987139843,57.45934065934066,17.166208791208792,0.11071428571428568,0.049450549450549434,22.64,2.8945054945054944,0.5483516483516484,0.5417582417582417
P00020,male,2000-2499,2447.8,bullet,68,2467.294117647059,0.25054332921979977,2.9367656036773684,59.16449563508387,17.64827517253988,0.10201563142739611,0.044211915535444936,20.614035087719298,2.8977878330819506,0.5735362676539147,0.5660513506101742
P00020,male,2000-2499,2447.8,rapid,4,2100.75,0.17307692307692304,3.310515873015873,60.28846153846154,17.884615384615387,0.13461538461538458,0.09615384615384612,20.666666666666668,3.519230769230769,0.5384615384615384,0.5
P00022,male,2500+,2628.6,blitz,100,2628.58,0.24065792540792535,3.390546980796981,59.047287878787884,17.92411655011655,0.06971153846153844,0.04248076923076922,21.841463414634145,2.855835664335664,0.525006993006993,0.5377738927738928
P00025,male,2500+,2649.9,blitz,97,2654.9278350515465,0.2680874966957441,2.9117390913782666,57.15023790642347,17.209921578993743,0.08159309190237023,0.042972949158516155,19.471264367816094,2.7220107498458015,0.5839567362763238,0.5580249361177196
P00025,male,2500+,2649.9,bullet,1,2407.0,0.2307692307692307,2.5,55.53846153846154,14.692307692307692,0.0,0.0,35.0,2.8461538461538463,0.6153846153846154,0.6153846153846154
P00025,male,2500+,2649.9,rapid,2,2527.0,0.3846153846153846,2.0256410256410255,57.07692307692308,16.153846153846153,0.03846153846153845,0.0,19.0,2.6153846153846154,0.5769230769230769,0.6153846153846154
P00029,male,2000-2499,2253.2,blitz,30,2315.5666666666666,0.3154299404299404,2.617305194805195,57.78853664853664,17.263070448070447,0.04729344729344728,0.030982905982905973,15.931034482758621,3.14509842009842,0.6017353017353017,0.6083734783734783
P00029,male,2000-2499,2253.2,bullet,70,2226.5142857142855,0.31473764330907184,2.7958460587032015,56.927215641501355,17.006385677814247,0.0716283716283716,0.03500784929356357,17.442622950819672,2.775319918177061,0.5999865214150929,0.5788021502307217
P00030,male,1500-1999,1953.2,bullet,100,1953.17,0.2747828005328005,3.3225984848484846,59.427833000333,18.11397555222555,0.054099372849372836,0.021880341880341873,16.293478260869566,2.933335331335331,0.6000994560994561,0.5429742757242757
P00031,male,2500+,2677.9,blitz,1,2582.0,0.3076923076923077,3.0,55.69230769230769,18.615384615384617,0.0769230769230769,0.0,20.0,3.1538461538461537,0.5384615384615384,0.3846153846153846
P00031,male,2500+,2677.9,bullet,90,2707.7555555555555,0.267035002035002,3.0935321314487982,57.96921041921042,17.417785177785177,0.06504070004070002,0.03188034188034187,15.047619047619047,2.9707539682539683,0.5541817441817442,0.5734552484552484
P00031,male,2500+,2677.9,rapid,9,2390.0,0.29914529914529914,3.1989858906525575,60.11965811965812,18.615384615384617,0.051282051282051266,0.03418803418803418,17.166666666666668,2.7179487179487176,0.5128205128205128,0.5641025641025641
P00032,male,2500+,2746.5,blitz,79,2767.6455696202534,0.2507745419137824,3.0904873607405254,58.579003275205814,17.661060458528812,0.0879879614056829,0.03133575285474019,17.35135135135135,3.1995219969903514,0.5601487120474462,0.5437726830131894
P00032,male,2500+,2746.5,bullet,19,2682.2105263157896,0.27867746288798917,2.698162071846282,59.31511470985155,18.38731443994602,0.08502024291497974,0.044534412955465584,15.588235294117647,3.2260458839406208,0.5944669365721996,0.6140350877192983
P00032,male,2500+,2746.5,rapid,2,2524.0,0.2307692307692307,3.625,58.65384615384615,18.192307692307693,0.0769230769230769,0.03846153846153845,16.0,3.230769230769231,0.4615384615384615,0.4615384615384615
P00036,male,2000-2499,2352.5,blitz,40,2323.875,0.26320512820512815,3.2674034992784997,59.03285256410256,18.56419871794872,0.06846153846153843,0.0346153846153846,18.542857142857144,2.869925213675214,0.569957264957265,0.5280128205128205
P00036,male,2000-2499,2352.5,bullet,49,2441.4897959183672,0.23740624454910167,3.310697352534087,58.84477585906158,17.889630211058783,0.0851997209140066,0.03152799581371009,17.72972972972973,2.5048316762602476,0.5872143729286586,0.5628030699459271
P00036,male,2000-2499,2352.5,rapid,11,2060.5454545454545,0.3554778554778555,2.853030303030303,59.131701631701624,18.677544677544677,0.11946386946386944,0.034965034965034954,22.0,2.510878010878011,0.6684149184149184,0.5808080808080808
P00040,male,2000-2499,2403.1,blitz,78,2515.6153846153848,0.26125356125356125,3.1037810480118173,57.53308130615822,17.18298268682884,0.0808842866535174,0.029832347140039437,17.15277777777778,2.9610508437431515,0.5725728687267149,0.5428884505807583
P00040,male,2000-2499,2403.1,bullet,20,1994.6,0.29457264957264956,2.4079383116883117,52.38786324786325,15.68619658119658,0.10517094017094016,0.03846153846153845,12.894736842105264,3.2297863247863248,0.6177350427350428,0.5670085470085471
P00040,male,2000-2499,2403.1,rapid,2,2100.0,0.5,1.75,50.95,16.5,0.0,0.0,,0.9,0.9,0.6499999999999999
P00041,male,2500+,2530.0,blitz,99,2534.4343434343436,0.27213274940547666,2.7538861811589084,56.79993407266135,17.065997386451933,0.06730121730121728,0.03594805867533139,20.666666666666668,2.7768924678015585,0.5728138023592569,0.5655617951072497
P00041,male,2500+,2530.0,bullet,1,2090.0,0.1538461538461538,3.0,52.30769230769231,14.846153846153848,0.0,0.0,10.0,3.230769230769231,0.5384615384615384,0.4615384615384615
P00053,male,2000-2499,2405.9,blitz,100,2405.92,0.26249999999999996,2.906628247569424,57.48878205128205,17.206923076923076,0.08538461538461536,0.046987179487179474,19.3,2.894230769230769,0.5458974358974359,0.5612179487179487
P00056,male,2000-2499,2293.8,blitz,14,2293.785714285714,0.22527472527472522,3.3465623662052235,62.23626373626373,18.362637362637365,0.09890109890109887,0.05494505494505492,22.272727272727273,2.989010989010989,0.521978021978022,0.5659340659340659
P00059,male,2000-2499,2077.6,blitz,69,2133.8840579710145,0.28104423756597663,2.7927708764665287,57.78464289333855,16.857586857586856,0.11359413533326573,0.05086539869148563,17.60655737704918,2.827595914552436,0.6223454484324049,0.5799908625995582
P00059,male,2000-2499,2077.6,bullet,31,1952.3870967741937,0.29780864296993326,2.371146953405018,59.27567701116089,18.05639521768554,0.09718775847808103,0.039702233250620333,19.653846153846153,2.749939308003824,0.5875866069414457,0.5974251554896716
P00060,male,2000-2499,2137.8,blitz,80,2177.4,0.24560168997668996,3.079164324237854,57.95245847902098,17.58201631701632,0.0872792832167832,0.04344405594405593,19.8,2.7312674825174823,0.5763570804195803,0.5522749125874126
P00060,male,2000-2499,2137.8,bullet,5,1853.4,0.39965811965811965,2.3899999999999997,52.88991452991453,16.54153846153846,0.052991452991452984,0.0,17.333333333333332,2.8410256410256407,0.7326495726495728,0.6601709401709401
P00060,male,2000-2499,2137.8,rapid,6,1847.0,0.24358974358974358,3.4053724053724053,60.56410256410256,18.602564102564102,0.06410256410256408,0.0,15.5,3.5897435897435894,0.5641025641025641,0.4615384615384615
P00064,male,2500+,2868.0,blitz,100,2867.99,0.26772374847374847,2.9821093073593072,55.79371123321123,17.370628815628816,0.08854395604395603,0.04575549450549449,19.42168674698795,2.7998205128205127,0.5791578144078144,0.552979242979243
P00065,male,2500+,2866.2,blitz,38,2801.7894736842104,0.25708502024291496,3.0775019936204147,58.57984705353126,17.908007197480885,0.055555555555555546,0.03126405757984705,18.454545454545453,2.8202878992352676,0.5519568151147098,0.5368870895186685
P00065,male,2500+,2866.2,bullet,62,2905.7096774193546,0.26323998582063096,2.790549235710526,58.27499113789437,17.263585607940445,0.08241315136476425,0.028535980148883366,20.673076923076923,2.7251816731655443,0.6074973413683091,0.5536246012052464
P00068,male,2500+,2629.0,bullet,100,2628.96,0.2532109279609279,2.980546647796648,57.925934981684975,17.675354395604394,0.076268315018315,0.05375030525030524,14.507042253521126,2.619009157509158,0.5379581807081807,0.5523186813186813
P00069,male,2000-2499,2275.3,blitz,25,2424.92,0.28102564102564104,3.1875873015873015,57.65948717948718,17.536752136752135,0.06769230769230768,0.05059829059829059,15.857142857142858,2.845811965811966,0.642051282051282,0.6068376068376068
P00069,male,2000-2499,2275.3,bullet,75,2225.4666666666667,0.29968187368187366,3.0223002923002924,57.47285825285825,17.658352314352314,0.0683239723239723,0.0435156695156695,13.640625,2.773210123210123,0.6222908942908943,0.5763577903577903
P00073,male,2500+,2687.7,blitz,93,2691.956989247312,0.2738644867677125,3.1852373582212294,59.752603668732704,18.254569981989338,0.08535854826177404,0.02898839511742737,18.67058823529412,3.003587272942112,0.5529742658774917,0.5764543700027571
P00073,male,2500+,2687.7,bullet,7,2630.8571428571427,0.23076923076923075,3.607738095238095,60.340659340659336,18.747252747252748,0.09890109890109887,0.032967032967032954,15.857142857142858,2.8131868131868134,0.45054945054945056,0.45054945054945056
P00074,male,2000-2499,2420.7,blitz,2,2358.0,0.2307692307692307,3.25,53.53846153846154,15.384615384615383,0.0,0.03846153846153845,26.5,3.1153846153846154,0.5384615384615384,0.6153846153846154
P00074,male,2000-2499,2420.7,bullet,98,2421.9897959183672,0.28242318905584207,2.616593157409484,57.99229834791059,17.26127993321871,0.09183237397523109,0.04076960454511474,15.516483516483516,3.0235871271585557,0.6025036754628591,0.5573278762054272
P00075,male,2000-2499,2388.5,blitz,20,2396.5,0.26384615384615384,3.059608585858586,58.04961538461539,17.70346153846154,0.058846153846153826,0.03846153846153845,18.333333333333332,2.9496153846153845,0.5838461538461538,0.5173076923076924
P00075,male,2000-2499,2388.5,bullet,80,2386.4625,0.2788097319347319,2.7065219155844153,57.92757138694638,17.680973193473193,0.0548878205128205,0.02403846153846153,17.666666666666668,2.918771853146853,0.5935460372960373,0.571722027972028
P00076,male,2000-2499,2061.0,rapid,100,2060.97,0.2463310023310023,3.3727206959706963,59.63592443667444,17.70851107226107,0.06368589743589742,0.03046153846153845,18.84090909090909,3.174325951825952,0.5470440947940948,0.5406724941724942
P00078,male,2500+,2540.2,blitz,1,2487.0,0.1538461538461538,2.4285714285714284,57.07692307692308,19.46153846153846,0.0769230769230769,0.0,9.0,3.0,0.5384615384615384,0.4615384615384615
P00078,male,2500+,2540.2,bullet,99,2540.717171717172,0.23886887523251157,3.028248280899796,59.79103388194298,17.764921946740127,0.07162534435261707,0.04506604506604505,19.81111111111111,3.0157872430599704,0.5142096960278779,0.5531892350074168
P00080,male,2000-2499,2166.9,blitz,31,2186.3225806451615,0.25578990901571547,3.3050004654843366,57.51685465072562,17.409440559440558,0.1085946311752763,0.035190615835777116,17.56,2.7741221144446953,0.5825701180539891,0.5746672682156553
P00080,male,2000-2499,2166.9,rapid,2,1866.0,0.3846153846153846,2.9375,52.88461538461539,14.769230769230768,0.11538461538461535,0.0,16.5,3.6923076923076925,0.6923076923076923,0.7307692307692308
P00083,male,2500+,2573.0,blitz,23,2467.8695652173915,0.22777946690990164,3.2598626011669487,59.3063072193507,17.33402587750414,0.06587615283267455,0.03521840478362217,15.090909090909092,3.3896827809871293,0.5955373129286172,0.5102361406709233
P00083,male,2500+,2573.0,bullet,77,2604.4415584415583,0.28251113965399677,2.7748115520842793,57.42497185354329,16.86242329099472,0.0677893535036392,0.025974025974025965,17.08219178082192,3.4194218479932768,0.6050933193790337,0.5483881198166913
P00087,male,2000-2499,2206.5,blitz,84,2240.4285714285716,0.3008977464334607,2.935588023088023,58.259400321900316,17.559369929012785,0.10482430928859499,0.03029609279609279,19.246376811594203,2.8863184434613007,0.6029233332804761,0.598073421287707
P00087,male,2000-2499,2206.5,rapid,16,2028.625,0.3574300699300699,2.415912212787213,57.103234265734265,17.021853146853147,0.0922202797202797,0.028846153846153837,23.46153846153846,2.641783216783217,0.6918706293706294,0.6034090909090909
P00092,male,2500+,2761.9,blitz,36,2701.527777777778,0.2561728395061728,2.9947029822029823,55.08214624881291,16.833333333333332,0.09377967711301043,0.06505223171889836,16.866666666666667,3.0030864197530867,0.5367996201329535,0.49430199430199434
P00092,male,2500+,2761.9,bullet,64,2795.796875,0.28163060897435893,2.704834554742643,55.67318983100233,17.102511290792542,0.07439903846153845,0.0502003205128205,19.10169491525424,2.9114055215617713,0.5839069784382285,0.6038352272727273
P00097,male,2500+,2827.4,blitz,100,2827.37,0.20979875679875676,3.377540907578833,59.06846231546231,18.001871017871018,0.05903418803418802,0.05076923076923076,20.17283950617284,2.875296037296037,0.4947878787878788,0.4957459207459208
P00099,male,2500+,2831.9,blitz,16,2773.1875,0.27573208041958036,2.8041380494505495,57.45317963286713,17.46629152097902,0.07331730769230768,0.014423076923076919,21.727272727272727,2.8636909965034967,0.6059331293706294,0.5905812937062938
P00099,male,2500+,2831.9,bullet,78,2866.141025641026,0.2560770426155041,3.059902846441308,57.144359273205424,17.386462255693026,0.0812279600741139,0.04176379176379175,18.80597014925373,2.921956248879326,0.5753885003885004,0.5477571573725419
P00099,male,2500+,2831.9,rapid,6,2543.1666666666665,0.30769230769230765,2.2511574074074074,55.62820512820513,16.91025641025641,0.10256410256410255,0.025641025641025633,16.8,2.8974358974358974,0.6153846153846154,0.5641025641025641
P00100,male,2000-2499,2487.3,blitz,79,2576.5569620253164,0.22367049265783437,3.2190799004090143,58.62072674161281,18.343386641487907,0.06557788203357821,0.04035486313967325,19.44927536231884,2.763478996390389,0.5115620666253577,0.49221523905068204
P00100,male,2000-2499,2487.3,rapid,21,2151.7619047619046,0.22710622710622705,2.948948670377242,57.84981684981685,17.952380952380953,0.0769230769230769,0.03663003663003662,15.6,2.95970695970696,0.4945054945054945,0.48351648351648346
P00102,male,2000-2499,2339.9,blitz,59,2455.8474576271187,0.20718942074874275,3.458242275615157,59.00953622648538,17.87059042652263,0.05997392438070402,0.04602346805736635,16.40740740740741,2.8099087353324643,0.5111938908549077,0.4810579251257217
P00102,male,2000-2499,2339.9,bullet,4,2273.75,0.35439560439560436,2.679112554112554,60.61538461538461,17.61263736263736,0.07417582417582415,0.0,19.75,2.975274725274725,0.489010989010989,0.6565934065934066
P00102,male,2000-2499,2339.9,rapid,37,2162.2162162162163,0.19126819126819122,3.646909546909547,59.77130977130977,17.98960498960499,0.06444906444906442,0.03950103950103949,17.78125,2.7525987525987525,0.45322245322245325,0.4948024948024948
P00106,male,2000-2499,2312.7,blitz,10,2335.1,0.2692307692307692,3.1568162393162393,59.138461538461534,17.661538461538463,0.09230769230769229,0.04615384615384614,19.0,3.176923076923077,0.6230769230769231,0.5230769230769231
P00106,male,2000-2499,2312.7,bullet,90,2310.2,0.24667005833672498,2.943102113935447,57.28804877221544,16.850904558404558,0.07901607651607649,0.04500237416904083,15.846153846153847,2.9904687288020617,0.555613892280559,0.5893915343915345
P00107,male,2000-2499,2208.4,blitz,94,2220.191489361702,0.26253427423640185,2.930086786735723,58.33964705507258,17.18307153839069,0.08170659128105935,0.03386524822695034,17.012048192771083,2.9650808411446707,0.5522218915835937,0.5839640855598303
P00107,male,2000-2499,2208.4,rapid,6,2024.5,0.2980769230769231,3.102994227994228,57.43910256410256,16.846153846153847,0.06410256410256408,0.03846153846153845,17.333333333333332,3.1057692307692313,0.532051282051282,0.5288461538461539
P00108,male,2500+,2538.6,blitz,100,2538.61,0.23931351981351978,3.406069624819625,57.026828671328666,17.346435897435896,0.06565268065268064,0.037395104895104885,17.905882352941177,2.789912587412587,0.5277249417249417,0.4985128205128205
P00120,male,2000-2499,2196.1,blitz,6,2259.1666666666665,0.254985754985755,2.9194444444444443,60.103988603988604,18.122507122507123,0.03846153846153845,0.031339031339031334,15.833333333333334,2.96011396011396,0.5797720797720798,0.5925925925925927
P00120,male,2000-2499,2196.1,rapid,51,2188.725490196078,0.20120663650075413,3.326152986447104,60.089894419306184,18.35746606334842,0.10105580693815985,0.06334841628959274,17.933333333333334,2.813574660633484,0.4675716440422323,0.4838612368024132
P00121,male,2000-2499,2181.3,blitz,100,2181.3,0.25175174825174823,3.241200937950938,58.16951631701632,17.34937762237762,0.0825244755244755,0.04146037296037295,18.6,2.8614102564102564,0.5440303030303031,0.5564067599067599
P00127,male,2500+,2640.3,blitz,22,2516.4545454545455,0.3202797202797203,2.49647940443395,58.27587412587412,17.957342657342657,0.052447552447552434,0.006993006993006991,16.047619047619047,2.8220279720279717,0.602097902097902,0.5671328671328671
P00127,male,2500+,2640.3,bullet,78,2675.2051282051284,0.2775586237124698,2.688676209830056,56.16852947622178,17.158229235152312,0.06695156695156693,0.03988603988603988,16.753623188405797,2.7712031558185406,0.5801008108700417,0.5758273065965374
P00129,male,2000-2499,2370.6,bullet,100,2370.58,0.26978710178710175,2.6694209956709956,55.92662237762238,17.388494172494173,0.08185236985236984,0.0446153846153846,24.912280701754387,2.0832455322455323,0.5523597513597513,0.5886884226884227
P00130,male,2000-2499,2451.2,blitz,91,2459.4945054945056,0.22729385998616763,3.0513051966348668,58.13245408437716,17.310039960039962,0.06524244985783445,0.029555060324291088,20.445945945945947,2.9606412817951284,0.5242641973411204,0.5571140398063475
P00130,male,2000-2499,2451.2,bullet,9,2366.777777777778,0.2735042735042735,2.9639049222382554,53.76923076923077,16.196581196581196,0.03418803418803418,0.04273504273504272,14.571428571428571,2.8547008547008548,0.5128205128205128,0.5811965811965812
P00132,male,2000-2499,2017.9,blitz,94,2024.531914893617,0.2562004780089886,3.068763063177957,59.32758293715741,17.86212558127452,0.06464811783960718,0.03016132803366845,17.551724137931036,2.927803756527161,0.5576143714441586,0.5491407528641571
P00132,male,2000-2499,2017.9,bullet,3,1844.0,0.3846153846153846,2.814814814814815,57.56410256410256,17.71794871794872,0.051282051282051266,0.0,15.666666666666666,2.641025641025641,0.6410256410256411,0.6666666666666666
P00132,male,2000-2499,2017.9,rapid,3,1985.0,0.25641025641025633,2.535714285714286,51.05128205128205,16.17948717948718,0.0769230769230769,0.0,12.0,2.743589743589743,0.6153846153846154,0.6153846153846154
P00139,male,2000-2499,2089.3,blitz,92,2092.695652173913,0.26415396198004887,3.1267707534011886,58.49466934032152,17.765842128885605,0.08039535947144641,0.0395498221585178,19.48,2.8461406648906653,0.5884626243321895,0.5439070892875241
P00139,male,2000-2499,2089.3,bullet,8,2050.0,0.34807692307692306,2.8598214285714283,60.12692307692308,18.486538461538462,0.13076923076923075,0.053846153846153835,19.142857142857142,2.963461538461538,0.676923076923077,0.4576923076923077
P00143,male,2000-2499,2229.7,blitz,46,2232.0,0.24015567765567764,3.221954012171403,59.514403169294475,17.792283803153367,0.09044035674470453,0.05183946488294313,17.25,2.797977384933907,0.5287565695174391,0.5261884854276159
P00143,male,2000-2499,2229.7,rapid,1,2123.0,0.4615384615384615,2.4,59.23076923076923,19.46153846153846,0.0,0.0,,0.7692307692307693,0.6153846153846154,0.6923076923076923
P00146,male,2000-2499,2127.9,blitz,100,2127.86,0.2680213675213675,3.1552799422799422,58.87275213675213,17.892042735042736,0.07376068376068373,0.04040598290598289,21.073170731707318,2.8482264957264958,0.540542735042735,0.5451794871794872
P00147,male,2000-2499,2071.0,blitz,2,2105.5,0.34615384615384615,2.0,53.42307692307693,15.76923076923077,0.03846153846153845,0.03846153846153845,,1.5769230769230769,0.7692307692307692,0.7307692307692308
P00147,male,2000-2499,2071.0,rapid,1,2002.0,0.3076923076923077,2.0,70.61538461538461,22.846153846153847,0.2307692307692307,0.0,20.0,2.1538461538461537,0.5384615384615384,0.3846153846153846
P00148,male,2000-2499,2209.2,blitz,12,2331.3333333333335,0.2336182336182336,2.8721064814814814,59.41595441595442,17.394586894586894,0.0705128205128205,0.025641025641025633,22.166666666666668,3.074074074074074,0.48646723646723644,0.5334757834757834
P00148,male,2000-2499,2209.2,bullet,88,2192.5,0.2765340089203725,2.835226452840089,58.03297964661601,17.646444275421548,0.07184974116792296,0.03234265734265734,21.14666666666667,2.7860469076378167,0.5898276597140234,0.5563485125985126
P00150,male,2500+,2678.6,blitz,74,2678.5675675675675,0.23895530145530144,3.131769094269094,59.09745322245322,17.778456340956343,0.08549896049896047,0.04183991683991683,20.87878787878788,2.9847972972972974,0.5319646569646569,0.5331340956340955
P00162,male,2000-2499,2249.1,blitz,10,2402.8,0.23846153846153842,2.7313492063492064,59.04615384615384,17.576923076923077,0.0769230769230769,0.02307692307692307,12.666666666666666,3.0923076923076924,0.6615384615384615,0.5461538461538462
P00162,male,2000-2499,2249.1,bullet,2,2300.0,0.5461538461538462,1.7916666666666667,61.723076923076924,19.361538461538462,0.0769230769230769,0.03846153846153845,41.0,2.4230769230769234,0.9,0.6846153846153846
P00162,male,2000-2499,2249.1,rapid,4,1839.25,0.3557692307692307,4.129545454545454,59.15277777777778,18.003205128205128,0.05555555555555555,0.0,14.75,3.6153846153846154,0.6378205128205128,0.47970085470085466
P00164,male,2500+,2705.7,blitz,1,2721.0,0.2307692307692307,3.1666666666666665,64.3076923076923,16.846153846153847,0.0769230769230769,0.0,21.0,2.4615384615384617,0.5384615384615384,0.6153846153846154
P00164,male,2500+,2705.7,bullet,99,2705.5858585858587,0.24601100358676112,3.0338020746666023,58.22582271824696,17.178772966651756,0.04823879823879822,0.02641802641802641,18.380434782608695,2.740626152747365,0.5686123080062474,0.5679110451837724
P00167,male,2500+,2638.2,blitz,100,2638.21,0.264017094017094,3.1846858558108555,58.30393162393162,17.229743589743588,0.07384615384615383,0.04726495726495725,16.142857142857142,3.0045299145299147,0.5503418803418804,0.5364957264957265
P00168,male,2500+,2504.5,blitz,42,2581.8333333333335,0.2883597883597883,3.2404667422524565,58.6953601953602,17.974969474969477,0.08140008140008137,0.029304029304029294,16.842105263157894,3.18986568986569,0.5903540903540904,0.5445665445665446
P00168,male,2500+,2504.5,rapid,58,2448.5,0.30160524341558825,3.252267129422302,58.17417711598746,17.71282118264877,0.08668917289606942,0.0373764166867615,15.641509433962264,3.2511102403343783,0.5856157731157731,0.5677598263805161
P00172,male,1500-1999,1855.9,blitz,9,2279.5555555555557,0.2797202797202797,3.272835497835498,58.48407148407149,17.370629370629374,0.044289044289044274,0.027195027195027185,17.285714285714285,3.0256410256410255,0.567987567987568,0.5578865578865578
P00172,male,1500-1999,1855.9,bullet,91,1814.032967032967,0.30566457352171633,2.8127848342134056,58.41585846997935,17.520278195552923,0.08120615648088174,0.03595049639005682,20.513513513513512,2.751774781994562,0.6018462611869205,0.5620926082464544
P00176,male,2000-2499,2271.8,blitz,47,2310.574468085106,0.2750591016548463,3.103311227779313,56.9619749045281,17.426541189307148,0.08018730678305144,0.04959083469721766,13.395348837209303,3.0470267321331153,0.603173304237134,0.5156482996908528
P00176,male,2000-2499,2271.8,bullet,53,2237.3584905660377,0.27034380713625994,2.875871246154265,56.60862156711213,17.232771002582325,0.1265079260362279,0.045899854862119,16.708333333333332,2.73844080447854,0.5641952387235406,0.5180263133093321
P00177,male,2000-2499,2322.5,blitz,100,2322.49,0.2463333333333333,2.9821656676656674,58.26860683760684,17.415837606837606,0.0777264957264957,0.03869230769230768,22.704545454545453,2.705692307692308,0.5494017094017094,0.524025641025641
P00178,male,1500-1999,1813.8,blitz,58,1658.7931034482758,0.26140583554376656,2.9713533114395183,57.90596816976128,17.637533156498673,0.08527851458885939,0.04244031830238725,22.58,2.6977453580901853,0.5773209549071617,0.5663129973474801
P00178,male,1500-1999,1813.8,rapid,42,2027.9761904761904,0.23530219780219777,3.5219160391429303,59.01011904761905,18.096016483516483,0.07074175824175823,0.032967032967032954,20.235294117647058,2.7820970695970693,0.5207417582417582,0.5008241758241758
P00185,male,2000-2499,2319.6,blitz,100,2319.56,0.30468764568764567,2.754119907869908,57.40568939393939,17.16569366744367,0.09880108780108778,0.046160256410256395,20.771084337349397,2.812567987567988,0.5963762626262626,0.5927022144522145
P00187,male,2000-2499,2014.8,blitz,46,2169.8695652173915,0.2070791527313266,3.6467021505064987,58.45108695652174,17.514214046822744,0.07933853586027496,0.04055183946488294,17.857142857142858,2.8295707915273134,0.5320977331846898,0.5090115198810851
P00187,male,2000-2499,2014.8,bullet,6,1949.5,0.358974358974359,3.448412698412698,60.32051282051282,17.55128205128205,0.08974358974358972,0.10256410256410253,11.5,3.0,0.576923076923077,0.5641025641025641
P00187,male,2000-2499,2014.8,rapid,43,1858.0232558139535,0.23300536672629693,3.778824792778281,59.25089445438282,17.74955277280859,0.07804114490161,0.050089445438282636,20.72222222222222,2.4959749552772807,0.5225849731663685,0.5232558139534884
P00192,male,2000-2499,2391.2,blitz,38,2355.0,0.24344515133988817,2.816097133860292,57.719442837863895,17.149624060150376,0.09340177366493153,0.058063427800269886,19.5,2.6835550414497784,0.5679535376903798,0.578807595912859
P00192,male,2000-2499,2391.2,bullet,51,2425.0,0.2597239361945244,2.722993128875482,56.6192524795466,17.018150966680377,0.07568901686548743,0.03685040449746331,21.065217391304348,2.9905331596508065,0.5624400109694228,0.5786941816353581
P00192,male,2000-2499,2391.2,rapid,11,2359.7272727272725,0.2797202797202797,2.924170274170274,59.65034965034965,17.895104895104893,0.0769230769230769,0.034965034965034954,22.8,3.3006993006993004,0.5314685314685315,0.5454545454545454
P00193,male,2000-2499,2007.8,blitz,8,2222.375,0.3482905982905983,2.7592261904761903,57.97008547008547,17.46688034188034,0.11431623931623928,0.019230769230769225,17.5,2.894230769230769,0.7072649572649573,0.5405982905982906
P00193,male,2000-2499,2007.8,bullet,92,1989.1847826086957,0.2694571732615211,3.1076451326451324,59.656849973697796,17.822877364181714,0.085518648018648,0.0294035674470457,16.238095238095237,3.0647269397269397,0.6009760770630336,0.5516403885969103
P00195,male,2500+,2662.5,blitz,98,2674.9897959183672,0.25703681239395526,2.9344255234561354,58.46417966953681,17.452192053977768,0.06842621664050233,0.03317515817515816,12.420454545454545,3.1113882149596432,0.579571817071817,0.5554491143776858
P00195,male,2500+,2662.5,rapid,2,2051.0,0.2307692307692307,2.8499999999999996,48.34615384615384,14.423076923076923,0.11538461538461535,0.1538461538461538,,1.6923076923076923,0.6923076923076924,0.6923076923076923
P00196,male,2000-2499,2008.0,blitz,61,2008.049180327869,0.2546146476474345,3.2670830990503124,57.69452432813088,17.614383567252418,0.08368680499828038,0.048725045446356904,19.019607843137255,2.822919703247572,0.5228525572787868,0.5429079117603708
P00198,male,2000-2499,2413.4,blitz,9,2326.4444444444443,0.2649572649572649,3.57310405643739,58.0,17.555555555555557,0.03418803418803418,0.025641025641025633,14.333333333333334,2.94017094017094,0.6239316239316239,0.5470085470085471
P00198,male,2000-2499,2413.4,bullet,90,2421.133333333333,0.2804273504273504,2.8387919941351316,56.56666666666667,17.14045584045584,0.06438746438746437,0.025712250712250705,15.666666666666666,2.748262108262108,0.5860826210826211,0.5682905982905982
P00198,male,2000-2499,2413.4,rapid,1,2496.0,0.2307692307692307,2.5555555555555554,63.0,17.846153846153847,0.0769230769230769,0.0,10.0,2.6923076923076925,0.4615384615384615,0.3846153846153846
P00199,male,2500+,2536.6,blitz,1,2628.0,0.2307692307692307,2.636363636363636,47.15384615384615,16.46153846153846,0.0769230769230769,0.0,26.0,2.6923076923076925,0.4615384615384615,0.7692307692307693
P00199,male,2500+,2536.6,bullet,56,2560.8035714285716,0.2649692569335426,3.14577664399093,58.276131606488754,17.850412979877266,0.07527145473574044,0.020604395604395597,16.536585365853657,2.702268267446839,0.5592710860568003,0.5178892536035393
P00199,male,2500+,2536.6,rapid,43,2502.8837209302324,0.2651162790697674,3.1214021443672606,59.596779964221824,17.833273703041144,0.0805008944543828,0.037567084078711975,20.37837837837838,2.815026833631485,0.5330948121645797,0.5778175313059034
P00201,male,2000-2499,2424.3,blitz,100,2424.32,0.24786752136752135,3.1073388833388833,59.040002136752136,17.910467948717947,0.06153846153846152,0.023846153846153836,23.3855421686747,2.8499166666666667,0.521147435897436,0.5267777777777778
P00203,male,1500-1999,1857.4,blitz,13,1760.5384615384614,0.2961269499731038,3.1986513486513486,56.93343195266272,16.60590371167294,0.053254437869822466,0.02736686390532544,18.363636363636363,2.8739913932221626,0.5682490586336739,0.6096691769768693
P00203,male,1500-1999,1857.4,rapid,4,2172.0,0.13461538461538458,5.083333333333334,56.9375,17.50721153846154,0.09615384615384612,0.057692307692307675,19.25,3.1009615384615388,0.5985576923076923,0.39663461538461536
P00204,male,2000-2499,2391.5,blitz,99,2389.080808080808,0.2681162832677984,3.148694193012375,57.98337591140622,17.503607363455846,0.08528858907646784,0.03621883167337712,17.802325581395348,3.0017688540415817,0.5677746776231625,0.5688754287239136
P00204,male,2000-2499,2391.5,bullet,1,2632.0,0.2307692307692307,2.5,62.46153846153846,20.46153846153846,0.0769230769230769,0.0,11.0,2.5384615384615383,0.5384615384615384,0.4615384615384615
P00207,male,2000-2499,2411.9,blitz,100,2411.86,0.24326648351648347,3.063641663891664,56.534049450549446,17.04112912087912,0.08775549450549448,0.0566153846153846,19.21875,2.7470741758241757,0.5434093406593407,0.5495906593406593
P00208,male,2000-2499,2381.1,blitz,8,2347.125,0.2788461538461538,3.0448232323232323,59.23076923076923,17.26923076923077,0.057692307692307675,0.04807692307692306,18.0,2.5673076923076925,0.5096153846153846,0.5961538461538461
P00208,male,2000-2499,2381.1,bullet,92,2384.0,0.28250418060200666,2.8487448240165634,59.37789158305463,17.708089464882942,0.08434364548494981,0.03846153846153845,20.609756097560975,2.918199554069119,0.6102633779264214,0.571523132664437
P00209,male,2500+,2613.9,blitz,100,2613.88,0.27730902430902427,3.1722429514929513,58.24158707958708,17.898900460650463,0.09604564879564878,0.035587412587412576,14.11340206185567,3.0201765734265735,0.5638569208569209,0.5415950715950716
P00212,male,2000-2499,2467.6,blitz,100,2467.56,0.2813578088578088,2.9822299922299926,58.17692987567988,17.29003108003108,0.08438131313131311,0.0409090909090909,20.119565217391305,2.958352758352758,0.5728457653457654,0.5262121212121211
P00213,male,2000-2499,2216.9,blitz,100,2216.88,0.26588306138306134,2.923916305916306,58.1008480963481,17.363090714840713,0.06789724164724163,0.03218162393162392,23.34567901234568,2.7293473193473194,0.5498850038850038,0.5746742424242425
P00221,male,2000-2499,2405.2,blitz,18,2324.722222222222,0.22762237762237758,3.271515857055073,56.41177156177156,16.797319347319345,0.05982905982905981,0.047008547008546994,16.666666666666668,3.0489510489510487,0.547047397047397,0.5193473193473194
P00221,male,2000-2499,2405.2,bullet,14,2508.6428571428573,0.2582417582417582,2.906547619047619,59.19230769230769,17.97252747252747,0.0769230769230769,0.060439560439560426,17.642857142857142,2.8021978021978025,0.5604395604395604,0.5494505494505495
P00231,male,2000-2499,2427.3,blitz,2,2514.5,0.26923076923076916,3.241071428571429,56.84615384615385,17.076923076923077,0.03846153846153845,0.0,18.0,3.3461538461538467,0.4615384615384615,0.5769230769230769
P00231,male,2000-2499,2427.3,rapid,1,2253.0,0.3076923076923077,1.75,62.15384615384615,18.23076923076923,0.0,0.0,,3.1538461538461537,0.6923076923076923,0.8461538461538461
P00239,male,2000-2499,2436.0,blitz,7,2290.0,0.2747252747252747,2.96530612244898,62.087912087912095,17.857142857142858,0.07692307692307691,0.0,22.857142857142858,2.9010989010989015,0.5274725274725275,0.4725274725274725
P00239,male,2000-2499,2436.0,bullet,87,2470.6206896551726,0.2607721780135573,2.8760356501735815,59.1928529325081,17.74867374005305,0.08187444739168874,0.05269672855879751,19.105263157894736,3.0478632478632477,0.520218096080165,0.5211022693781314
P00239,male,2000-2499,2436.0,rapid,6,2104.8333333333335,0.23076923076923073,3.435185185185185,59.35897435897436,17.628205128205128,0.051282051282051266,0.025641025641025633,21.5,3.141025641025641,0.48717948717948717,0.4743589743589744
P00253,male,2000-2499,2408.6,blitz,95,2432.4947368421053,0.2546374677953625,2.9432879985511566,57.684284136915714,17.157103422892895,0.08057907005275425,0.034008097165991895,18.337209302325583,3.1006379585326953,0.5177646914489019,0.5499938657833394
P00253,male,2000-2499,2408.6,bullet,5,1955.0,0.29230769230769227,3.071111111111111,55.969230769230776,17.10769230769231,0.01538461538461538,0.03076923076923076,16.2,3.0307692307692307,0.5846153846153845,0.5538461538461539
P00255,male,2000-2499,2347.8,blitz,100,2347.85,0.24853021978021975,3.145680375180375,57.77173534798535,17.295283882783885,0.06634615384615383,0.029999999999999992,18.032608695652176,3.0049450549450554,0.5516300366300366,0.5554120879120878
P00258,male,2000-2499,2295.6,blitz,100,2295.55,0.26868589743589744,3.031757832037244,59.150010683760684,17.915096153846154,0.08737179487179486,0.04572649572649572,21.03448275862069,2.7700641025641026,0.5536858974358975,0.5585363247863248
P00261,male,2000-2499,2051.9,blitz,100,2051.95,0.2488224553224553,3.2426778221778223,59.19904778554778,17.86719425019425,0.07948601398601396,0.03694755244755244,18.735632183908045,3.0010470085470087,0.5434972804972805,0.5255497280497281
P00262,male,2000-2499,2378.2,blitz,100,2378.24,0.24587928737928735,3.2989151012386304,58.36492241092241,17.666886113886115,0.07657892107892106,0.032326007326007315,13.67741935483871,3.32209324009324,0.5528471528471528,0.549384115884116
P00263,male,2000-2499,2089.7,blitz,6,2324.0,0.24358974358974353,2.439212639212639,56.269230769230774,17.21794871794872,0.025641025641025633,0.012820512820512817,17.5,3.2692307692307696,0.5512820512820512,0.576923076923077
P00263,male,2000-2499,2089.7,bullet,94,2074.755319148936,0.24752162730886132,3.2538868932485956,57.46111176057985,17.390954524199206,0.051554828150572815,0.02479541734860883,15.816091954022989,2.8815057283142393,0.5511807341594576,0.5269669160626607
P00264,male,2000-2499,2098.7,bullet,80,2098.7125,0.27884615384615385,3.18401920995671,59.37596153846154,17.5838141025641,0.09218749999999998,0.03557692307692307,14.788732394366198,3.160456730769231,0.5645432692307693,0.500761217948718
P00264,male,2000-2499,2098.7,rapid,1,2098.0,0.3076923076923077,2.4285714285714284,52.92307692307692,14.615384615384617,0.0,0.0,7.0,3.1538461538461537,0.6923076923076923,0.7692307692307693
P00266,male,2500+,2517.9,blitz,7,2534.285714285714,0.30525030525030517,2.4709750566893427,58.34432234432234,17.47863247863248,0.026862026862026857,0.010989010989010986,15.285714285714286,3.001221001221001,0.6544566544566545,0.5836385836385836
P00266,male,2500+,2517.9,bullet,93,2516.6666666666665,0.249650140779173,2.892977528129331,58.15492079604982,17.48288405143244,0.06841366518785873,0.033373436599243037,18.19047619047619,2.650014412111186,0.5290508475992347,0.5506930345640023
P00267,male,1500-1999,1894.4,blitz,97,1912.8556701030927,0.26249008723235523,3.18767572633552,58.447396246365315,17.50740153317473,0.09681469733016122,0.05161247687020881,16.415730337078653,2.9813639968279144,0.5325138778747026,0.5375363468146973
P00267,male,1500-1999,1894.4,rapid,3,1297.0,0.2564102564102564,3.2433862433862433,55.102564102564095,16.461538461538463,0.025641025641025633,0.051282051282051266,16.666666666666668,3.435897435897436,0.6153846153846154,0.6153846153846154
P00268,male,2000-2499,2134.3,blitz,19,2134.315789473684,0.25910931174089064,3.77917389627916,59.28340080971659,18.17408906882591,0.06882591093117407,0.028340080971659912,18.333333333333332,2.7408906882591095,0.562753036437247,0.5546558704453441
P00273,male,1500-1999,1774.9,blitz,69,1813.2898550724638,0.26080706732880643,2.920920906790472,57.24224857268336,16.951391844870106,0.08864114951071471,0.0379970271274619,21.0,2.7159048680787814,0.5965879531096923,0.5543202369289325
P00273,male,1500-1999,1774.9,bullet,31,1689.5483870967741,0.32542672381382054,2.598310291858679,57.75899691706143,17.067125347770506,0.09251071509136023,0.028697646439581916,21.928571428571427,2.9551094067223103,0.6405406421535454,0.5367057673509286
P00274,male,2000-2499,2013.9,blitz,98,2011.4897959183672,0.2761643118785976,3.0085742488803717,57.978737135879996,17.3892377463806,0.07631257631257629,0.03253096110238966,19.866666666666667,2.8996467817896385,0.5614468864468865,0.5514564800279086
P00274,male,2000-2499,2013.9,rapid,2,2132.5,0.23076923076923075,2.9673202614379086,58.53846153846153,17.03846153846154,0.1923076923076923,0.0769230769230769,18.5,3.3846153846153846,0.5384615384615384,0.5
P00275,male,2000-2499,2280.3,blitz,100,2280.27,0.18878010878010876,3.9362692421957126,57.92296037296037,17.711050893550894,0.06682983682983681,0.0399048174048174,16.298850574712645,2.7479545454545455,0.45086247086247083,0.41034770784770785
P00280,male,2000-2499,2051.8,bullet,100,2051.81,0.2631080586080586,3.0519999028749027,57.56852472527473,17.153108974358975,0.0639102564102564,0.03705036630036629,24.207792207792206,2.852954212454213,0.5772289377289377,0.5702417582417582
P00282,male,2500+,2852.4,blitz,100,2852.41,0.24498368298368295,3.2200846514596515,58.17716783216783,17.855817016317015,0.08507692307692306,0.05846153846153844,15.236559139784946,3.0449790209790213,0.5355454545454545,0.522034965034965
P00292,male,2000-2499,2319.5,blitz,78,2329.730769230769,0.2414694280078895,3.3099480291787984,59.221334648257724,17.99886587771203,0.08698224852071003,0.041321499013806696,17.106666666666666,3.08974358974359,0.5439020381328074,0.5276134122287969
P00292,male,2000-2499,2319.5,rapid,4,2121.0,0.2948717948717948,4.395833333333333,62.705128205128204,19.192307692307693,0.0769230769230769,0.03846153846153845,17.0,3.3846153846153846,0.5512820512820513,0.5448717948717949
P00306,male,2500+,2748.1,blitz,11,2703.5454545454545,0.3111888111888112,2.4356257378984654,59.91899766899767,17.843822843822842,0.09207459207459205,0.05652680652680651,17.7,2.8846153846153846,0.6416083916083916,0.6054778554778555
P00306,male,2500+,2748.1,bullet,89,2753.550561797753,0.29628143392188333,2.8529127551599465,58.55551851394548,17.826812638048594,0.08909536156727166,0.0419427638528762,15.31764705882353,2.918874072244859,0.6012120837963535,0.5552345282682362
P00308,male,1500-1999,1874.5,blitz,58,1975.6724137931035,0.2939591538729469,2.8235744140916554,58.231732443801405,17.07006303083889,0.0581213326902982,0.023964780430297667,18.346153846153847,2.8519505398815745,0.5588387187525118,0.5604875010047424
P00308,male,1500-1999,1874.5,bullet,42,1734.6904761904761,0.2602564102564102,2.934362330790902,58.63113553113553,17.40915750915751,0.0738095238095238,0.031135531135531126,19.2972972972973,3.0842490842490844,0.5379120879120879,0.5415750915750915
P00310,male,2000-2499,2204.3,blitz,44,2191.4545454545455,0.24265734265734265,3.454139200446019,59.67533905488451,18.351218478491205,0.06573426573426572,0.02552447552447552,17.595238095238095,3.0834233947870313,0.5174189446916719,0.5362100021190931
P00310,male,2000-2499,2204.3,bullet,10,2280.5,0.2615384615384615,3.6883333333333335,59.0,17.284615384615385,0.04615384615384614,0.03076923076923076,17.88888888888889,2.923076923076923,0.4615384615384615,0.5230769230769231
P00310,male,2000-2499,2204.3,rapid,34,2198.6176470588234,0.23554550025138254,3.5465176163705574,59.597599296128706,17.912267471091,0.04851684263448968,0.023001508295625937,17.9375,2.9003896430367018,0.5190422322775264,0.5
P00311,male,2000-2499,2076.7,blitz,11,2206.2727272727275,0.363986013986014,2.912301587301587,59.22715617715618,18.118997668997668,0.06993006993006992,0.020979020979020973,18.444444444444443,3.1893939393939394,0.6335664335664336,0.5758741258741259
P00311,male,2000-2499,2076.7,bullet,89,2060.629213483146,0.3053730913281475,2.813106462825564,57.697680783635846,17.578133102852203,0.09144338807260154,0.025929127052722552,14.31764705882353,2.9715499855949297,0.6361279170267934,0.5541630653990204
P00312,male,2000-2499,2124.6,blitz,13,1977.3846153846155,0.23865877712031555,3.493803418803419,59.112426035502956,18.062130177514792,0.053254437869822466,0.02366863905325443,18.181818181818183,2.7090729783037473,0.5547337278106509,0.5009861932938856
P00312,male,2000-2499,2124.6,rapid,85,2147.0823529411764,0.24857485651603298,3.167456726280256,58.63415809680515,17.578238134414605,0.0843051066580478,0.024434389140271486,17.743243243243242,3.0045276292335115,0.5551375095492742,0.5374815380697733
P00313,male,2000-2499,2428.9,blitz,82,2434.4024390243903,0.25643868326795155,3.187742745059818,58.69077264199216,17.76172607879925,0.06302234351014838,0.029080675422138824,19.71232876712329,2.9505372676104384,0.5571379839672522,0.5394849053385639
P00313,male,2000-2499,2428.9,rapid,5,2338.0,0.3487179487179487,2.795952380952381,56.184615384615384,17.49102564102564,0.0,0.0,25.0,2.9794871794871796,0.764102564102564,0.6012820512820513
P00317,male,2000-2499,2494.3,blitz,98,2495.8979591836733,0.24571882199433215,3.1046831136717095,58.25606400402319,17.44927190156782,0.08456186670472382,0.0593165338063297,15.928571428571429,2.9683310736882165,0.5498634868532828,0.5544251666700646
P00317,male,2000-2499,2494.3,bullet,2,2416.0,0.2307692307692307,2.7727272727272725,62.19230769230769,19.769230769230766,0.2692307692307692,0.0769230769230769,16.0,2.884615384615385,0.4615384615384615,0.5769230769230769
P00327,male,2000-2499,2341.5,blitz,100,2341.53,0.282772644022644,3.085078643578644,59.26734043734044,17.888222471972473,0.10128205128205126,0.05205128205128204,17.625,3.0834428071928075,0.5645332445332446,0.5271818459318459
P00329,male,2000-2499,2240.2,blitz,12,2060.4166666666665,0.2802197802197802,2.955702861952862,56.66636141636142,17.264652014652015,0.10805860805860802,0.057692307692307675,22.333333333333332,2.576923076923077,0.5616605616605617,0.5604395604395604
P00329,male,2000-2499,2240.2,bullet,88,2264.7386363636365,0.29808663558663556,2.7146956105762925,58.06367521367522,17.622367909867908,0.0908216783216783,0.03959790209790209,16.525,2.8575854700854704,0.5991452991452991,0.5874028749028749
P00330,male,2000-2499,2324.7,blitz,68,2333.514705882353,0.23186017413958587,3.4334833467186407,57.86266168472051,17.194620697929523,0.0758389894419306,0.03154851684263448,18.618181818181817,2.901589994972348,0.5310688902600668,0.5639605900635312
P00330,male,2000-2499,2324.7,bullet,23,2269.695652173913,0.24447653795479882,2.7051163812033376,56.45799550690855,17.46813029965204,0.04432282693152257,0.016722408026755845,19.1,2.7363095841356713,0.5437823046518698,0.6116769703726225
P00330,male,2000-2499,2324.7,rapid,9,2398.8888888888887,0.2393162393162393,3.0965608465608465,57.239316239316246,17.666666666666668,0.06837606837606836,0.008547008547008544,18.571428571428573,2.871794871794872,0.5897435897435898,0.5470085470085471
P00335,male,2000-2499,2241.0,blitz,91,2254.021978021978,0.31814235825224835,2.9034904350838415,58.03061508088981,17.674701946405243,0.07089924727287363,0.015215553677092134,18.78481012658228,3.0061465396630234,0.5915589599655534,0.5717187574330431
P00335,male,2000-2499,2241.0,bullet,7,2094.5714285714284,0.29670329670329665,2.6755102040816325,55.472527472527474,16.13186813186813,0.05494505494505492,0.032967032967032954,19.4,3.0549450549450547,0.5384615384615384,0.6043956043956044
P00335,male,2000-2499,2241.0,rapid,2,2160.0,0.23076923076923075,3.742857142857143,61.15384615384615,19.46153846153846,0.0769230769230769,0.0769230769230769,24.5,3.0769230769230766,0.5,0.4615384615384615
P00336,male,2000-2499,2435.2,blitz,97,2436.3505154639174,0.2780234656523316,2.954105974209067,57.6542971347095,17.285797020848566,0.09012499527963443,0.04400513575771307,20.848101265822784,2.525517437888572,0.5794682980249991,0.601717984192211
P00336,male,2000-2499,2435.2,bullet,3,2398.6666666666665,0.2564102564102564,2.6666666666666665,55.769230769230774,16.71794871794872,0.0769230769230769,0.025641025641025633,16.0,2.948717948717949,0.5641025641025641,0.5641025641025641
P00337,male,2000-2499,2170.7,blitz,2,2222.5,0.41258741258741255,3.041666666666667,54.49300699300699,16.164335664335663,0.20629370629370625,0.0,10.0,2.6083916083916083,0.6573426573426573,0.5804195804195804
P00337,male,2000-2499,2170.7,bullet,14,2464.0,0.23013692656549795,3.3559214594928877,59.432506977149835,18.057605093319378,0.08829365079365079,0.03846153846153845,17.285714285714285,3.0398351648351647,0.5364447060875632,0.6120922728065585
P00337,male,2000-2499,2170.7,rapid,39,2062.6923076923076,0.30663638355946043,3.019921744921745,60.51493236108621,18.254457792919332,0.08692447153985614,0.03871057717211562,16.181818181818183,2.8693841770764847,0.6135915366684598,0.559380790150021
P00338,male,2000-2499,2223.6,bullet,100,2223.6,0.27805982905982907,2.8153503996003995,57.52870085470086,17.921094017094017,0.0689230769230769,0.04230769230769229,16.632183908045977,2.962444444444445,0.5500769230769231,0.5123846153846153
P00341,male,2500+,2536.1,blitz,94,2547.5106382978724,0.2389382780340227,3.3654618136001115,59.37849650349651,17.637756038287954,0.0693194217130387,0.04180305510092743,14.176470588235293,2.992184942716858,0.5273576600704261,0.5148712989138521
P00341,male,2500+,2536.1,bullet,6,2357.6666666666665,0.30769230769230765,2.6043650793650794,56.01282051282052,16.666666666666668,0.12820512820512817,0.025641025641025633,17.833333333333332,3.064102564102564,0.5641025641025641,0.6410256410256411
P00342,male,2000-2499,2416.0,blitz,59,2408.3389830508477,0.3126677465660516,2.620139700224446,58.00491090830074,17.297649243411954,0.08865710560625811,0.03650586701434158,19.45098039215686,2.79015842914148,0.6212213398654076,0.5648821987805038
P00342,male,2000-2499,2416.0,bullet,35,2475.1714285714284,0.29510489510489507,2.758142650999794,58.5958041958042,17.39180819180819,0.08351648351648348,0.026373626373626367,14.466666666666667,3.057742257742258,0.5590409590409591,0.573026973026973
P00342,male,2000-2499,2416.0,rapid,6,2146.1666666666665,0.37019230769230765,2.411111111111111,53.86698717948718,15.5625,0.14423076923076922,0.059294871794871785,12.75,2.0833333333333335,0.6266025641025641,0.5160256410256411
P00345,male,2500+,2930.6,blitz,9,2778.3333333333335,0.2222222222222222,2.957129290462624,60.675213675213676,18.461538461538463,0.05982905982905981,0.03418803418803418,20.375,2.8376068376068377,0.5555555555555556,0.5384615384615384
P00345,male,2500+,2930.6,bullet,91,2945.703296703297,0.24820692128384433,3.180689152117724,60.47364174287251,18.12452931683701,0.07390686236840081,0.03956727033650109,18.609756097560975,2.7394293740447586,0.525645294876064,0.5297224143377989
P00349,male,2000-2499,2197.2,bullet,100,2197.21,0.2745985680985681,2.9829867354867354,58.36027947052947,17.531253968253967,0.1088291708291708,0.06925768675768675,17.833333333333332,2.6572027972027974,0.5788718503718503,0.5805877733377733
P00354,male,1500-1999,1951.9,blitz,100,1951.89,0.241520979020979,3.5150303585303586,57.05730594405594,16.901034965034963,0.0523618881118881,0.030851398601398593,20.695652173913043,2.9241625874125874,0.49809615384615386,0.527048951048951
P00358,male,2500+,2525.6,blitz,45,2525.6222222222223,0.23664421997755328,3.0286391694725032,58.62631010964344,17.38469740136407,0.06958905292238624,0.030769230769230757,18.28205128205128,2.635832685832686,0.5270914270914271,0.5376111542778209
P00359,male,1500-1999,1829.4,bullet,100,1829.44,0.30630652680652676,2.8829813797313797,58.92546911421911,17.78935955710956,0.0720104895104895,0.02621794871794871,20.83529411764706,2.878336247086247,0.6073735431235431,0.5453752913752914
P00368,male,2500+,2628.3,blitz,62,2605.7741935483873,0.24326923076923074,3.1977868010126076,59.00905017921147,17.908943341604633,0.08912324234904878,0.047353184449958625,15.690909090909091,3.095702371105597,0.5439378274055693,0.5302074717397298
P00368,male,2500+,2628.3,bullet,38,2665.0526315789475,0.25185560053981104,2.9712770416717786,58.31983805668016,17.870951417004047,0.07101889338731442,0.040654520917678794,17.36111111111111,2.9186909581646425,0.5382928475033738,0.52361673414305
P00369,male,1500-1999,1637.0,blitz,1,1637.0,0.1538461538461538,3.75,64.84615384615384,19.53846153846154,0.2307692307692307,0.1538461538461538,15.0,3.3846153846153846,0.6153846153846154,0.3846153846153846
P00370,male,2000-2499,2398.6,blitz,99,2400.1414141414143,0.2505327164418073,3.2269990671505826,59.35361089527756,17.52980170783201,0.07663170163170162,0.05055017933805811,20.470588235294116,3.0467534709958954,0.5355615204100053,0.517117562572108
P00370,male,2000-2499,2398.6,bullet,1,2249.0,0.0,3.5,61.0,17.0,0.0,0.0,,1.6666666666666667,0.0,0.3333333333333333
P00372,male,2000-2499,2497.1,blitz,74,2467.7702702702704,0.23954656454656453,3.0837813087813086,58.96943101943102,17.617910017910017,0.06287091287091286,0.04756302256302255,20.532258064516128,2.862546312546313,0.550983925983926,0.558517496017496
P00372,male,2000-2499,2497.1,bullet,25,2591.36,0.3058119658119658,2.7478015873015873,57.43671794871795,16.822632478632478,0.06382905982905981,0.030769230769230757,18.625,2.9914529914529915,0.6467008547008547,0.6177435897435898
P00372,male,2000-2499,2497.1,rapid,1,2312.0,0.2307692307692307,4.2,56.07692307692308,16.846153846153847,0.0,0.0,28.0,3.076923076923077,0.4615384615384615,0.3846153846153846
P00379,male,1500-1999,1609.8,blitz,42,1853.8809523809523,0.27340252340252336,3.5218820861678006,57.528805453805454,17.466829466829466,0.06903744403744401,0.03199023199023198,20.151515151515152,2.690750915750916,0.5487891737891738,0.5789886039886041
P00379,male,1500-1999,1609.8,bullet,58,1432.9655172413793,0.2672306142133728,2.977798303229338,59.6609769540804,17.65077207275483,0.07716421509524955,0.04732336628888352,21.76595744680851,2.740701109235592,0.5576341761686588,0.5498359399221469
P00382,male,2000-2499,2233.0,blitz,58,2310.189655172414,0.25329354553492484,3.3132150895081933,58.52982611258473,17.854089301503095,0.08922045387562626,0.04608016504568228,17.654545454545456,3.090399351606248,0.5709770114942528,0.5111626878868258
P00382,male,2000-2499,2233.0,bullet,42,2126.3809523809523,0.28266178266178266,3.0571256785542498,56.8044363044363,16.976800976800977,0.06288156288156287,0.03459503459503459,17.736842105263158,3.021978021978022,0.6412291412291412,0.5461945461945462
P00385,male,2000-2499,2064.3,blitz,2,1899.0,0.2269230769230769,3.6666666666666665,54.18076923076923,14.48846153846154,0.0769230769230769,0.03846153846153845,18.0,2.5615384615384613,0.4923076923076923,0.4807692307692307
P00385,male,2000-2499,2064.3,bullet,81,2112.5555555555557,0.29380355584059287,2.9698884791477385,57.147125302680855,16.790821387117685,0.08768070064366358,0.03719531497309274,17.15277777777778,2.930639079713154,0.6096074707185819,0.5636092645351904
P00385,male,2000-2499,2064.3,rapid,17,1854.1176470588234,0.3120232708468002,2.8085179526356,55.655187459599226,16.526616031027796,0.09954751131221717,0.03167420814479637,16.785714285714285,2.932320620555915,0.6382837750484809,0.5778442146089205
P00389,male,2000-2499,2127.2,blitz,96,2141.6666666666665,0.28662283896658897,3.002510972823473,58.2935899459337,17.44182469729345,0.09066607582232579,0.036413817663817655,18.771084337349397,2.983022533022533,0.6015606789044289,0.5424760424760425
P00389,male,2000-2499,2127.2,rapid,4,1780.0,0.3269230769230769,2.969047619047619,53.96153846153846,18.365384615384617,0.057692307692307675,0.019230769230769225,19.0,2.7884615384615383,0.5769230769230769,0.5
P00390,male,1500-1999,1823.3,blitz,9,2045.5555555555557,0.3675213675213675,2.9010141093474426,58.35042735042735,16.136752136752136,0.09401709401709399,0.06837606837606836,9.666666666666666,3.367521367521368,0.6666666666666666,0.5982905982905984
P00390,male,1500-1999,1823.3,bullet,91,1801.3626373626373,0.33010908505414,2.5035341642484497,57.60074199304969,16.927625488065047,0.09953172590535225,0.05071851225697378,12.060240963855422,3.1651813388077126,0.6339290745884152,0.5411383488306565
P00392,male,2500+,2594.2,blitz,2,2526.0,0.1602564102564102,3.607142857142857,61.18910256410256,18.71794871794872,0.1602564102564102,0.0769230769230769,15.0,2.7243589743589745,0.5224358974358975,0.5673076923076923
P00392,male,2500+,2594.2,bullet,98,2595.561224489796,0.29200399940195854,2.799225830858484,58.414576947995315,17.42465643766664,0.09667495203209486,0.04214634571777427,16.641304347826086,2.8476894420771974,0.6280064040268122,0.5837613067204904
P00397,male,2500+,2639.4,bullet,100,2639.42,0.24216588966588964,3.1107348484848485,59.411721056721056,17.772715617715615,0.08668803418803417,0.038525641025641016,22.4625,2.793900543900544,0.5065947940947941,0.5292599067599068
P00405,male,2500+,2637.8,blitz,23,2693.608695652174,0.23411371237458192,3.476126771778946,59.54180602006689,17.779264214046822,0.06688963210702338,0.036789297658862866,23.428571428571427,2.9431438127090304,0.4983277591973244,0.48829431438127086
P00405,male,2500+,2637.8,bullet,77,2621.064935064935,0.2822367026912481,2.9642364129377117,57.43944691671964,16.99562558653468,0.07329034601761872,0.03731117367481002,20.591549295774648,2.9233720824629916,0.573702812339176,0.5590848545393999
P00409,male,2000-2499,2387.9,blitz,1,2210.0,0.3846153846153846,2.0,59.15384615384615,18.923076923076923,0.0,0.0,15.0,2.6153846153846154,0.4615384615384615,0.7692307692307693
P00409,male,2000-2499,2387.9,bullet,99,2389.7272727272725,0.26875826194008007,2.8770089338271156,59.981246026700575,17.61809377491196,0.10157519248428337,0.04315886134067951,17.53125,3.056296733569461,0.5359183745547382,0.5369090505454142
P00413,male,2500+,2694.3,blitz,32,2680.8125,0.24959935897435895,3.282826635170385,58.73150373931624,17.762620192307693,0.07264957264957263,0.03231837606837606,16.166666666666668,2.6787526709401708,0.5819310897435898,0.5793936965811965
P00413,male,2500+,2694.3,bullet,64,2726.1875,0.26472355769230765,3.3130887775419025,58.55488782051282,17.650991586538463,0.07031249999999999,0.043018830128205114,15.711864406779661,2.725811298076923,0.5484775641025641,0.5667067307692307
P00413,male,2500+,2694.3,rapid,4,2293.0,0.26923076923076916,3.35,62.44230769230769,17.96153846153846,0.19230769230769224,0.057692307692307675,14.25,3.1923076923076925,0.5192307692307692,0.3846153846153846
P00417,male,2500+,2632.4,blitz,39,2714.8205128205127,0.2422090729783037,3.0985079735079735,58.89309664694281,17.658777120315584,0.10571992110453647,0.041420118343195256,20.066666666666666,2.7964497041420118,0.5175542406311637,0.5641025641025641
P00417,male,2500+,2632.4,bullet,61,2579.754098360656,0.29875998318621266,2.839860549286779,59.451975620008405,18.08585540142917,0.09478772593526688,0.03152585119798233,18.58823529411765,2.866225304749895,0.5362547288776797,0.5716687683900799
P00420,male,2000-2499,2454.5,blitz,88,2455.590909090909,0.26377940241576603,2.9334941888919164,58.40263120717666,17.655261531397898,0.08473193473193472,0.03638659320477501,13.575,2.8101804760895672,0.5763412092957547,0.5637326057780604
P00420,male,2000-2499,2454.5,bullet,3,2415.6666666666665,0.4102564102564103,2.526515151515152,52.48717948717948,15.64102564102564,0.17948717948717943,0.051282051282051266,11.333333333333334,2.871794871794872,0.6666666666666666,0.6153846153846154
P00420,male,2000-2499,2454.5,rapid,9,2456.777777777778,0.39160839160839156,2.647222222222222,57.184926184926184,17.077700077700076,0.10023310023310021,0.04273504273504272,14.444444444444445,3.222999222999223,0.7070707070707072,0.5726495726495726
P00424,male,1500-1999,1952.7,blitz,49,2006.0204081632653,0.2611285539856968,3.3656558294313395,57.40300889586604,17.523390894819467,0.07833594976452117,0.039246467817896376,19.4390243902439,2.9485871271585555,0.5799101691958835,0.5648133612419326
P00424,male,1500-1999,1952.7,bullet,14,1785.2857142857142,0.2706043956043956,3.609013605442177,56.61813186813187,17.024725274725274,0.07738095238095236,0.0444139194139194,21.714285714285715,2.9926739926739927,0.5856227106227107,0.5027472527472527
P00424,male,1500-1999,1952.7,rapid,2,1818.0,0.2692307692307692,3.428571428571429,62.11538461538461,17.96153846153846,0.0769230769230769,0.0,18.5,2.6923076923076925,0.5769230769230769,0.6923076923076923
P00425,male,2000-2499,2170.7,blitz,100,2170.68,0.25246853146853143,3.1328546176046177,58.8303986013986,17.811533799533798,0.07179020979020978,0.034254079254079244,15.955056179775282,3.0485407925407926,0.5087179487179487,0.5362121212121211
P00426,male,2000-2499,2304.9,blitz,94,2316.840425531915,0.25115930169121653,3.2467020568084397,58.89845881069285,17.32746863066012,0.08224222585924712,0.046713038734315315,17.80722891566265,3.021481178396072,0.565671031096563,0.5192307692307693
P00426,male,2000-2499,2304.9,rapid,6,2117.1666666666665,0.254985754985755,2.8981481481481484,58.65099715099715,17.205128205128204,0.03846153846153845,0.018518518518518517,17.166666666666668,3.3133903133903133,0.5484330484330484,0.5726495726495726
P00430,male,2500+,2526.3,bullet,85,2531.2705882352943,0.2892184286301933,2.6240248966719557,57.06687919923214,17.311020156314274,0.08337583984642806,0.03030028794734676,21.850746268656717,2.6631866173042646,0.5936884683943507,0.6336884683943508
P00430,male,2500+,2526.3,rapid,1,2106.0,0.1538461538461538,3.3333333333333335,61.46153846153846,18.76923076923077,0.0,0.0769230769230769,26.0,3.230769230769231,0.3846153846153846,0.5384615384615384
P00432,male,2000-2499,2323.8,rapid,100,2323.84,0.25185314685314686,2.992994541690194,57.831536130536136,17.678738927738927,0.08352097902097899,0.040881118881118866,22.694117647058825,2.839848484848485,0.5780221445221445,0.5436398601398601
P00433,male,2000-2499,2454.8,blitz,32,2303.71875,0.2379807692307692,3.3376869658119657,58.44951923076923,18.127403846153847,0.06009615384615383,0.03846153846153845,15.482758620689655,3.074519230769231,0.5336538461538461,0.5
P00433,male,2000-2499,2454.8,bullet,68,2525.8676470588234,0.2447552447552447,3.112004498769205,58.81633072809544,17.850267379679142,0.05542986425339365,0.018099547511312212,16.220338983050848,2.7830111065405183,0.5400041135335253,0.550082270670506
P00435,male,2000-2499,2494.0,blitz,100,2494.02,0.24457264957264954,3.139613636363636,58.85120879120879,17.64800061050061,0.09438034188034186,0.053910256410256395,21.670731707317074,2.702310744810745,0.5123076923076922,0.5199374236874237
P00439,male,2000-2499,2193.8,bullet,93,2181.021505376344,0.23288300707655543,3.4213908254230834,59.536163955518795,17.722451980516496,0.07646356033452806,0.05541770057899088,17.705882352941178,2.9033177097693224,0.5060196673099898,0.5341420825291793
P00439,male,2000-2499,2193.8,rapid,7,2364.0,0.23626373626373626,4.075680272108843,62.38324175824175,18.618131868131865,0.15247252747252743,0.043956043956043946,15.285714285714286,3.2252747252747254,0.4725274725274725,0.4587912087912088
P00441,male,2000-2499,2386.8,blitz,16,2599.0625,0.28004807692307687,2.647109661172161,57.69350961538461,17.468349358974358,0.057692307692307675,0.01963141025641025,16.0,3.01963141025641,0.6033653846153846,0.5404647435897436
P00441,male,2000-2499,2386.8,bullet,7,2502.0,0.3516483516483516,2.4565149136577706,58.94505494505495,18.428571428571427,0.0769230769230769,0.043956043956043946,11.0,3.0769230769230766,0.7142857142857143,0.5604395604395604
P00441,male,2000-2499,2386.8,rapid,77,2332.181818181818,0.27689532689532687,3.2070685447308827,59.52050172050172,18.29105894105894,0.07766677766677764,0.030053280053280045,14.154929577464788,3.0488289488289486,0.5859029859029858,0.5338716838716838
P00443,male,2500+,2524.7,blitz,100,2524.65,0.26434829059829057,2.9363822843822844,59.05809829059829,17.432339743589743,0.07418803418803416,0.038034188034188024,17.522727272727273,2.9618910256410254,0.5787286324786325,0.5475854700854701
P00447,male,2500+,2741.4,blitz,3,2802.0,0.15384615384615383,3.5277777777777772,56.743589743589745,18.615384615384613,0.025641025641025633,0.025641025641025633,25.0,2.4102564102564106,0.5128205128205128,0.43589743589743585
P00447,male,2500+,2741.4,bullet,90,2770.6444444444446,0.28577635327635326,2.7827849311182646,57.89663105413105,17.802599715099714,0.07023504273504272,0.034864672364672354,22.666666666666668,2.7973646723646723,0.5819871794871795,0.5883333333333334
P00447,male,2500+,2741.4,rapid,7,2339.714285714286,0.34065934065934067,2.6890950319521747,56.31868131868132,16.813186813186814,0.0769230769230769,0.0,24.166666666666668,2.901098901098901,0.6043956043956044,0.6373626373626374
P00448,male,2000-2499,2398.2,bullet,100,2398.18,0.28272397047397047,2.7458764013764014,57.449860916860914,17.193636946386945,0.08540384615384614,0.036384615384615376,20.615384615384617,2.7177045454545454,0.5960571095571096,0.5818997668997669
P00450,male,2000-2499,2424.9,blitz,91,2417.5714285714284,0.28951253264440074,3.147042151987207,58.89545558226877,17.627373084790666,0.06775382736921197,0.02588757396449703,19.575,2.9766012375902484,0.5812824233153904,0.5793121713451383
P00450,male,2000-2499,2424.9,bullet,9,2498.5555555555557,0.26495726495726496,3.1119047619047624,58.03418803418803,18.0,0.06837606837606836,0.025641025641025633,15.666666666666666,3.0512820512820515,0.641025641025641,0.5726495726495727
P00453,male,2000-2499,2206.6,blitz,100,2206.63,0.26577244977244974,2.897466866466867,59.84643348318348,17.82557595182595,0.09941561216561214,0.03279778554778554,20.568181818181817,2.8417719780219777,0.6103603341103341,0.5352433122433122
P00454,male,2000-2499,2351.2,blitz,100,2351.16,0.2776578976578976,2.927987096237096,57.26780164280164,16.9660545010545,0.06257575757575756,0.041538461538461524,21.914634146341463,2.7264030414030413,0.5728188478188478,0.5597896547896548
P00458,male,2000-2499,2085.3,blitz,100,2085.33,0.26395604395604394,2.9518192085692085,58.053351648351644,17.217554945054943,0.07687728937728935,0.0323076923076923,19.42528735632184,3.1683882783882784,0.5721336996336996,0.5302014652014652
P00466,male,2000-2499,2011.3,blitz,41,2076.609756097561,0.22819944283358914,2.937536988756501,57.380487804878044,17.58856671783501,0.04571038717380179,0.02473136619478082,20.16216216216216,2.852532833020638,0.5327306839501961,0.5603615896298823
P00466,male,2000-2499,2011.3,bullet,54,1946.5740740740741,0.1971747388414055,2.939948537906054,55.8179012345679,16.78573124406458,0.029914529914529905,0.018518518518518514,20.931818181818183,3.05187559354226,0.49596391263057926,0.5550807217473884
P00466,male,2000-2499,2011.3,rapid,5,2174.4,0.32307692307692304,2.918095238095238,55.4,16.784615384615385,0.07692307692307691,0.04615384615384614,25.5,2.7384615384615385,0.5384615384615385,0.5230769230769231
P00467,male,2500+,2591.3,blitz,43,2539.9767441860463,0.24840714840714836,3.1292443990118404,59.40540467284654,17.929529643483132,0.06851520572450803,0.039355992844364925,17.3,2.94966661245731,0.5523066081205616,0.5759202038271806
P00467,male,2500+,2591.3,bullet,48,2703.1041666666665,0.236338141025641,3.1627438533688537,58.416306089743586,17.135817307692307,0.06558493589743587,0.04587339743589742,17.369565217391305,3.0596153846153844,0.5195913461538462,0.5340544871794871
P00467,male,2500+,2591.3,rapid,9,2240.0,0.23361823361823358,3.181746031746032,60.75498575498576,17.757834757834758,0.0769230769230769,0.04273504273504272,16.142857142857142,2.94017094017094,0.5811965811965812,0.4558404558404558
P00469,male,2500+,2576.4,blitz,100,2576.37,0.2502077089577089,3.113249805749806,58.56380244755244,17.382999084249082,0.050608974358974344,0.027692307692307683,21.125,2.7704578754578755,0.5585389610389611,0.5315813353313353
P00473,male,1500-1999,1942.7,blitz,56,2558.589285714286,0.2648389804639804,3.244153911564626,58.74681394993895,17.947584706959706,0.09814942002442,0.03846153846153845,20.391304347826086,2.738362332112332,0.551171398046398,0.5558188339438339
P00473,male,1500-1999,1942.7,bullet,2,2563.0,0.26923076923076916,2.761904761904762,56.769230769230774,15.269230769230766,0.1538461538461538,0.1538461538461538,18.5,3.6153846153846154,0.5384615384615384,0.6153846153846154
P00473,male,1500-1999,1942.7,rapid,42,1091.8809523809523,0.35580557009128433,2.4911417286417286,54.735686667829526,16.518018489447062,0.09709576138147565,0.05392755392755392,16.82051282051282,2.823947613233327,0.656123902552474,0.6223588580731438
P00474,male,2000-2499,2277.4,blitz,100,2277.37,0.246545177045177,3.2849732767232767,60.54264407814408,18.134448107448108,0.0814230769230769,0.042018315018315,18.191011235955056,3.0771153846153845,0.5462796092796093,0.5528907203907204
P00476,male,2000-2499,2332.3,bullet,100,2332.34,0.2727662337662337,3.021780081030081,61.07771162171162,18.76966661116661,0.08466433566433565,0.016068376068376064,16.67032967032967,2.9264870684870687,0.5983714341214341,0.5760401542901543
P00478,male,2000-2499,2226.7,blitz,93,2238.8064516129034,0.2658180529148271,3.036180933761579,57.95048401419369,17.744431554108974,0.07789495450785772,0.035125448028673824,18.936708860759495,2.7531880306073857,0.5900184045345336,0.5699305175111626
P00478,male,2000-2499,2226.7,bullet,7,2065.285714285714,0.30769230769230765,2.376020408163265,55.89010989010989,17.197802197802197,0.0769230769230769,0.032967032967032954,15.714285714285714,3.087912087912088,0.6703296703296704,0.5274725274725275
P00481,male,2500+,2536.5,blitz,51,2552.2549019607845,0.2590324707971767,3.1496928996929,59.395763386939855,18.398803157626688,0.10200420494538139,0.053969559851912784,15.408163265306122,2.9353822647940295,0.5663356251591546,0.5320333261509732
P00481,male,2500+,2536.5,bullet,48,2521.6458333333335,0.2753652597402597,3.0367185476560477,58.2460196053946,17.69611985236985,0.07375610500610498,0.03218482905982905,13.568181818181818,3.1569558913308913,0.5630411255411255,0.5609893578643579
P00481,male,2500+,2536.5,rapid,1,2444.0,0.4615384615384615,2.4,52.84615384615385,15.615384615384617,0.0,0.0,31.0,3.1538461538461537,0.7692307692307693,0.6153846153846154
P00482,male,2000-2499,2096.5,blitz,81,2147.41975308642,0.2780583613916947,3.1460845355725526,57.74088942607461,17.03198653198653,0.09641284641284639,0.04990071656738322,19.014492753623188,3.019796732759696,0.6000436463399427,0.5488958914884841
P00482,male,2000-2499,2096.5,bullet,19,1879.578947368421,0.30931174089068825,2.6807435254803678,54.80323886639676,16.11012145748988,0.091497975708502,0.016194331983805665,15.214285714285714,2.9129554655870447,0.6659919028340081,0.5931174089068826
P00484,male,2000-2499,2492.6,blitz,100,2492.63,0.3027394272394272,3.0286336996336995,58.39167382617383,17.40337493062493,0.10071597846597845,0.03668803418803418,18.805194805194805,2.9125286380286384,0.5937655955155955,0.6077296314796314
P00491,male,2000-2499,2219.5,blitz,19,2303.6315789473683,0.3036437246963562,3.0385236108920317,57.987854251012145,17.237516869095817,0.08097165991902833,0.04453441295546558,15.294117647058824,3.0,0.6059379217273954,0.5951417004048584
P00491,male,2000-2499,2219.5,bullet,56,2248.089285714286,0.29035547785547783,2.9729192434549576,57.318660506160505,17.243725024975024,0.08037795537795536,0.032967032967032954,14.01923076923077,3.1126269563769564,0.6264256576756576,0.5428217615717615
P00491,male,2000-2499,2219.5,rapid,25,2091.6,0.28307692307692306,3.3237546897546895,58.769230769230774,18.37538461538462,0.08307692307692305,0.030769230769230757,14.652173913043478,2.8153846153846156,0.5876923076923076,0.5076923076923077
P00492,male,2000-2499,2222.3,blitz,100,2222.32,0.24464801864801863,3.2760627705627705,60.67231468531469,17.916365384615386,0.09105652680652679,0.05239627039627038,18.819277108433734,2.9272057109557106,0.5680798368298369,0.4925804195804196
P00493,male,2000-2499,2453.5,blitz,6,2453.5,0.25641025641025633,3.216203703703704,57.88461538461539,16.94871794871795,0.10256410256410255,0.0769230769230769,14.333333333333334,2.7307692307692313,0.5512820512820512,0.6282051282051282
P00494,male,2500+,2620.0,blitz,94,2637.2021276595747,0.24073488568169416,3.2913247804205255,59.75638855825026,17.788052373158756,0.08964439815503643,0.04640926449437086,16.45054945054945,3.168421117889203,0.5902705450577791,0.5282789019491146
P00494,male,2500+,2620.0,bullet,6,2351.1666666666665,0.24358974358974353,2.7209956709956713,57.42307692307693,16.884615384615383,0.08974358974358972,0.03846153846153845,21.5,2.8461538461538463,0.576923076923077,0.5384615384615384
P00495,male,2500+,2696.5,bullet,100,2696.49,0.3060337995337995,2.8419334415584414,57.25679895104895,17.028358974358976,0.07499242424242422,0.03579254079254078,14.817204301075268,3.0110203962703963,0.6392202797202797,0.6045716783216784
P00499,male,2000-2499,2399.9,blitz,65,2486.492307692308,0.27172161172161163,2.8757054057054057,58.94440405748098,17.75343758805297,0.08604395604395602,0.03704142011834319,19.271186440677965,3.041876584953508,0.5876556776556777,0.5515525500140885
P00499,male,2000-2499,2399.9,bullet,35,2239.0,0.264625850340136,2.795191713048856,57.48443746729461,16.855457875457873,0.07001569858712714,0.03516483516483515,17.53125,3.1640816326530614,0.585075876504448,0.5745264259549974
P00500,male,2000-2499,2176.7,blitz,100,2176.71,0.2731899766899767,3.0406542624042623,57.198460761460765,17.160997668997666,0.08043473193473191,0.033986013986013974,15.866666666666667,3.1660769230769232,0.5807867132867133,0.5661491841491841
P00504,male,2500+,2572.7,blitz,100,2572.66,0.2712109557109557,3.2643872336813513,58.304898989898994,17.775848873348874,0.07553185703185701,0.035097125097125086,20.3625,2.8694498834498834,0.5290097125097125,0.5609968919968921
P00510,male,2000-2499,2287.6,blitz,8,2374.25,0.3269230769230769,2.5548611111111112,58.41346153846154,18.48076923076923,0.04807692307692306,0.04807692307692306,21.666666666666668,2.9423076923076925,0.6442307692307693,0.6153846153846154
P00510,male,2000-2499,2287.6,bullet,92,2280.021739130435,0.25479819093949524,3.11422131612349,59.228959747981484,18.034306906861254,0.07492567818654773,0.036697451099625,15.790697674418604,2.945512609371305,0.5523350140197966,0.5298870815175163
P00512,male,2500+,2541.5,blitz,67,2510.7014925373132,0.21938384998086488,3.556152305406037,59.1972828166858,17.903367776502105,0.05740528128587828,0.03788748564867967,18.305084745762713,2.891886720244929,0.505644852659778,0.493876769996173
P00512,male,2500+,2541.5,bullet,32,2620.15625,0.23597756410256407,3.286942744755245,57.346955128205124,17.557892628205128,0.06009615384615383,0.031450320512820505,19.0,3.0693108974358974,0.524639423076923,0.5174278846153846
P00512,male,2500+,2541.5,rapid,1,2084.0,0.2307692307692307,2.875,59.84615384615385,16.846153846153847,0.1538461538461538,0.1538461538461538,16.0,2.076923076923077,0.6153846153846154,0.5384615384615384
P00513,male,2000-2499,2437.4,blitz,100,2437.4,0.23596153846153844,3.31581746031746,59.48205128205128,18.132884615384615,0.07451923076923075,0.03740384615384614,18.46067415730337,3.075576923076923,0.5387179487179486,0.5102884615384615
P00514,male,1500-1999,1990.3,blitz,1,2251.0,0.3076923076923077,2.142857142857143,56.69230769230769,16.384615384615383,0.1538461538461538,0.0769230769230769,30.0,3.692307692307693,0.6923076923076923,0.5384615384615384
P00514,male,1500-1999,1990.3,bullet,99,1987.6565656565656,0.2717241512696058,3.1910170917746674,59.146297725843176,18.146746267200815,0.09172897809261445,0.03714593487320759,18.938271604938272,2.910858249494613,0.5639990480899572,0.5363172181353999
P00515,male,2000-2499,2145.1,blitz,65,2235.3076923076924,0.27173339481031783,2.802055167055167,56.40076846230692,16.773554650477728,0.06648735879505109,0.03668639053254436,18.5625,2.579251517713056,0.5555828786598018,0.5497015804708113
P00515,male,2000-2499,2145.1,bullet,35,1977.5714285714287,0.24835164835164833,2.887468218056453,58.53333333333333,17.798534798534796,0.10989010989010986,0.04615384615384614,22.741935483870968,2.4505494505494507,0.5428571428571428,0.5765567765567765
P00516,male,2000-2499,2159.8,blitz,32,2159.8125,0.28894230769230766,3.185603805916306,58.75528846153846,17.775,0.0817307692307692,0.05528846153846152,17.103448275862068,2.9317307692307693,0.5716346153846154,0.6091346153846153
P00520,male,1500-1999,1886.0,blitz,92,1836.6304347826087,0.3155522014217666,2.894345238095238,58.33459550714985,17.66202245821811,0.08861926117360898,0.028254957602783678,21.4,2.8094103963669177,0.6402258671280411,0.6003299236994889
P00520,male,1500-1999,1886.0,rapid,8,2454.125,0.2688422688422688,2.8011904761904765,61.17705905205905,18.448135198135198,0.08653846153846152,0.019230769230769225,19.142857142857142,2.488830613830614,0.6165501165501166,0.5446775446775447
P00525,male,2000-2499,2284.4,blitz,96,2296.5729166666665,0.2909987292799792,2.92397295991046,57.36068254662005,17.378424064361564,0.0723211684149184,0.0308214355089355,17.790697674418606,2.8446415274540278,0.5656624336311836,0.5676241582491582
P00525,male,2000-2499,2284.4,bullet,4,1993.0,0.2724358974358974,2.333333333333333,54.94551282051282,16.0625,0.057692307692307675,0.04006410256410255,14.0,2.8653846153846154,0.6826923076923077,0.6057692307692308
P00526,male,2000-2499,2377.4,blitz,20,2422.85,0.2615384615384615,2.906548035298035,61.84230769230769,19.057692307692307,0.08846153846153844,0.03846153846153845,20.61111111111111,2.7,0.5423076923076924,0.5384615384615384
P00526,male,2000-2499,2377.4,bullet,1,2355.0,0.3076923076923077,2.4444444444444446,55.15384615384615,17.615384615384617,0.1538461538461538,0.0769230769230769,16.0,2.1538461538461537,0.6153846153846154,0.6153846153846154
P00526,male,2000-2499,2377.4,rapid,41,2355.756097560976,0.26266416510318946,2.703732446415373,60.048780487804876,18.50281425891182,0.08255159474671668,0.06191369606003751,18.916666666666668,2.7748592870544093,0.5515947467166978,0.5478424015009381
P00527,male,1500-1999,1783.8,blitz,52,1948.4807692307693,0.3064067342913496,2.8355210949809364,57.88127364088902,17.471738731354115,0.07742364473133702,0.03752017213555674,18.477272727272727,2.582728169266631,0.6592819573588804,0.6346329952099183
P00527,male,1500-1999,1783.8,bullet,48,1605.4583333333333,0.2850503663003663,2.5807073713323714,57.10149191086691,17.07558188339438,0.10925480769230766,0.038942307692307686,19.0,2.7792544261294263,0.619644764957265,0.5822973901098901
P00528,male,2500+,2562.1,blitz,65,2631.153846153846,0.26363764440687515,3.341188941777177,59.593505212735984,17.848498168498168,0.04615384615384614,0.03195266272189348,13.523809523809524,3.1169258946182024,0.5067934629473091,0.5448830656522965
P00528,male,2500+,2562.1,bullet,1,2709.0,0.3846153846153846,3.625,60.61538461538461,19.46153846153846,0.1538461538461538,0.0769230769230769,7.0,3.4615384615384617,0.5384615384615384,0.4615384615384615
P00528,male,2500+,2562.1,rapid,34,2425.6176470588234,0.23186274509803917,3.5435406913348086,61.57524509803922,18.305165912518852,0.04660633484162895,0.015837104072398186,14.848484848484848,3.1730769230769234,0.5177413273001509,0.5081070889894419
P00529,male,2500+,2625.4,blitz,56,2610.535714285714,0.2651098901098901,2.870211385836386,58.47527472527473,17.36813186813187,0.07005494505494504,0.019230769230769225,15.833333333333334,3.157967032967033,0.570054945054945,0.5521978021978022
P00529,male,2500+,2625.4,bullet,44,2644.3636363636365,0.2464081373172282,3.0635333101242193,58.73794236066964,17.745926043653316,0.0815532951896588,0.04227590591226953,19.473684210526315,2.7243960584869673,0.5655700360245816,0.5361729179910998
P00532,male,2000-2499,2040.0,blitz,100,2040.05,0.27357536907536906,2.9934801032301035,56.348090714840716,17.239126068376066,0.07616860916860915,0.0431111111111111,23.34328358208955,2.457417055167055,0.5943997668997669,0.5490248640248641
P00534,male,2000-2499,2376.8,blitz,36,2319.027777777778,0.24358087899754566,3.2295314253647587,59.56534591951259,18.013792534625868,0.08134727926394592,0.045972545972545964,17.433333333333334,2.7275278733612067,0.5496644559144559,0.5739260739260739
P00534,male,2000-2499,2376.8,bullet,43,2427.5348837209303,0.24508050089445435,3.2623426960636266,58.087981785656204,17.51154659294194,0.0933485119531631,0.055456171735241484,22.666666666666668,2.588713611969426,0.5693608716864531,0.5526101805171573
P00534,male,2000-2499,2376.8,rapid,1,2276.0,0.1538461538461538,6.333333333333333,63.30769230769231,19.23076923076923,0.0,0.0,16.0,2.5384615384615383,0.3846153846153846,0.2307692307692307
P00536,male,2000-2499,2366.4,blitz,100,2366.43,0.29746447996447994,3.197762987012987,59.281620324120325,17.345601343101343,0.0973151848151848,0.05204045954045952,20.855555555555554,2.948256743256743,0.6070912420912421,0.5391172716172716
P00540,male,2000-2499,2236.3,blitz,100,2236.29,0.26331468531468527,3.096029411764706,58.763562937062936,17.424397435897436,0.07049883449883448,0.052855477855477846,18.855670103092784,3.006377622377622,0.56602331002331,0.5243205128205128
P00542,male,1500-1999,1986.7,blitz,100,1986.74,0.25069735819735817,2.996093545343545,58.019038850038854,17.57775874125874,0.09544327894327892,0.04835780885780885,17.244444444444444,2.932246697746698,0.5801682206682206,0.5296608391608392
P00545,male,2000-2499,2483.1,bullet,100,2483.07,0.2801638361638361,2.840315129315129,58.926586663336664,17.693875707625708,0.07019230769230768,0.03923076923076922,15.731182795698924,3.0457540792540794,0.5577033799533799,0.5368283383283383
P00546,male,2000-2499,2151.5,blitz,92,2154.532608695652,0.2711634681743377,3.0946016845473365,60.8825698757764,18.18871934225195,0.07865006370441151,0.04605629877369006,22.6,2.736122723894463,0.5538269098051707,0.5595287864309604
P00546,male,2000-2499,2151.5,bullet,8,2116.625,0.3365384615384615,2.560416666666667,58.52884615384615,17.625,0.1634615384615384,0.10576923076923074,21.142857142857142,2.6730769230769234,0.6153846153846154,0.5769230769230769
P00552,male,2000-2499,2353.4,blitz,71,2386.281690140845,0.22632226928001573,3.5369064816247917,58.366456157301236,17.674276662304834,0.06271545356052396,0.03641194486264908,15.612903225806452,2.8092094916038577,0.5194557398782751,0.5455236469320977
P00552,male,2000-2499,2353.4,bullet,26,2302.5,0.17259471297932832,3.16268315018315,53.83036898998437,16.411065857219704,0.07995209918286839,0.04733727810650886,17.125,2.6650413688875223,0.5845923307461769,0.6477400804323881
P00552,male,2000-2499,2353.4,rapid,3,2017.0,0.6703296703296703,1.7428571428571427,61.3956043956044,17.90842490842491,0.051282051282051266,0.0,15.0,2.692307692307692,0.8461538461538461,0.6263736263736264
P00553,male,1000-1499,1495.0,blitz,15,1443.3333333333333,0.28407925407925405,2.8822222222222225,58.00645687645688,17.061864801864804,0.09644522144522143,0.04708624708624708,27.4,2.33,0.7149883449883451,0.6102797202797203
P00553,male,1000-1499,1495.0,bullet,4,1688.75,0.21153846153846148,3.9499999999999997,56.11538461538461,17.134615384615387,0.09615384615384612,0.057692307692307675,18.0,2.019230769230769,0.5,0.5384615384615384
P00554,male,2500+,2519.2,blitz,28,2511.285714285714,0.28498168498168497,3.0998461855604718,58.289529914529915,17.788163919413922,0.09065934065934064,0.035714285714285705,21.26086956521739,2.518605006105006,0.5784264346764347,0.5555860805860806
P00554,male,2500+,2519.2,bullet,72,2522.277777777778,0.3138759388759389,2.931550008633342,55.84683156349823,17.340390011223345,0.09287101787101786,0.024572649572649565,13.93939393939394,2.9621751705085035,0.619544807044807,0.5901364068030734
P00556,male,2000-2499,2285.8,bullet,100,2285.79,0.26705677655677657,2.874938672438672,58.4383431013431,17.68612728937729,0.07982692307692306,0.032249999999999994,18.142857142857142,2.9954737484737484,0.5933141025641026,0.5647579365079365
P00559,male,2500+,2914.4,blitz,100,2914.39,0.2472032967032967,3.327322654469713,57.717258241758245,17.417173992673995,0.07834615384615383,0.041064102564102554,20.024390243902438,2.933098901098901,0.5565109890109889,0.549514652014652
P00565,male,2000-2499,2219.4,blitz,100,2219.41,0.2633149905649905,3.1060129870129867,58.62654711954712,18.031114635364634,0.08994352869352866,0.03692307692307691,17.510416666666668,2.7196719114219117,0.5785810855810856,0.5215767010767011
P00568,male,2500+,2678.6,bullet,100,2678.61,0.31554292929292926,2.753983405483406,57.68480339105339,17.67543054168054,0.07933247308247307,0.027722277722277713,17.988235294117647,3.0230555555555556,0.6209415584415584,0.5964978077478077
P00573,male,2000-2499,2275.4,blitz,60,2256.5333333333333,0.2880994005994006,2.9436403411403416,56.23167943167943,16.852508602508603,0.07580891330891329,0.028021978021978013,20.680851063829788,2.730212842712843,0.6148865023865023,0.5574120324120323
P00573,male,2000-2499,2275.4,bullet,40,2303.7,0.2756798756798756,2.856308136308136,57.14322552447552,17.250267094017094,0.08139083139083136,0.03894230769230768,19.323529411764707,2.946289821289821,0.6157536907536907,0.6047736985236984
P00577,male,2000-2499,2050.5,bullet,100,2050.47,0.2639102564102564,3.23850086025086,58.29557051282051,17.252365384615384,0.08766025641025639,0.05243589743589742,19.27777777777778,2.9290128205128205,0.5557948717948719,0.5417435897435897
P00578,male,2000-2499,2425.2,blitz,100,2425.22,0.2616604229104229,3.0621004273504275,58.676761433011436,17.498721472971475,0.08871825396825395,0.03567948717948717,23.16883116883117,2.6802971195471197,0.6063886113886113,0.5557314074814075
P00581,male,2000-2499,2497.7,blitz,99,2500.1111111111113,0.24891808528172163,3.1442427942427944,59.939226766499495,17.838331253482767,0.07519719337901154,0.029900402627675345,23.80952380952381,2.845536954627864,0.5208495208495209,0.528940531970835
P00581,male,2000-2499,2497.7,bullet,1,2260.0,0.3846153846153846,3.5,52.53846153846154,13.23076923076923,0.0769230769230769,0.0,25.0,3.6153846153846154,0.6153846153846154,0.6923076923076923
P00582,male,2500+,2547.4,blitz,36,2685.0555555555557,0.28781288156288154,3.0932399390732725,57.84871031746032,17.35618894993895,0.07318376068376066,0.029113247863247857,15.363636363636363,3.2493894993894994,0.5652472527472527,0.5487637362637362
P00582,male,2500+,2547.4,bullet,64,2470.046875,0.27662450396825394,2.7208258755133756,57.499648008241756,17.319881333943833,0.07690495268620266,0.034835737179487174,17.163636363636364,3.0547304258241756,0.6238772512210012,0.5645652090964591
P00583,male,2500+,2531.6,blitz,100,2531.62,0.26088278388278385,3.1686159469185786,59.34666666666667,17.599274725274725,0.07221611721611719,0.033076923076923066,19.147727272727273,2.885846153846154,0.5365091575091575,0.5241575091575091
P00585,male,2000-2499,2281.0,blitz,100,2281.01,0.24365384615384614,3.049371031746032,57.83176282051282,17.287884615384613,0.049711538461538446,0.023846153846153836,18.351063829787233,2.902948717948718,0.5607051282051282,0.54625
P00588,male,2500+,2713.3,blitz,10,2601.5,0.19999999999999996,3.6397222222222227,59.62307692307693,18.392307692307693,0.0692307692307692,0.04615384615384614,17.75,2.6692307692307695,0.49230769230769234,0.5153846153846153
P00588,male,2500+,2713.3,bullet,88,2733.25,0.2688811188811189,2.9102552750280024,56.7506993006993,16.582167832167833,0.07517482517482516,0.03933566433566432,23.31578947368421,2.6993006993006996,0.561013986013986,0.5428321678321678
P00588,male,2500+,2713.3,rapid,2,2394.5,0.5,2.071428571428571,55.19230769230769,18.076923076923077,0.0769230769230769,0.0,48.0,2.0,0.7692307692307693,0.5769230769230769
P00589,male,2500+,2707.7,blitz,100,2707.65,0.24102564102564097,3.2772943445443445,59.3325641025641,17.83017094017094,0.08923076923076921,0.04999999999999998,16.946236559139784,2.85,0.5420512820512821,0.5243589743589744
P00591,male,2500+,2509.6,bullet,100,2509.63,0.24913156288156282,2.6308301143301147,54.9339362026862,16.527478632478633,0.05166666666666665,0.042261904761904744,23.57777777777778,2.7150686813186815,0.5436874236874236,0.5509355921855922
P00592,male,2000-2499,2297.8,bullet,100,2297.81,0.27695737595737596,2.818872655122655,59.036037962037966,17.599391303141303,0.08209834609834608,0.03439102564102563,18.89887640449438,2.827082445332445,0.5564587634587634,0.5727650960150961
P00593,male,2000-2499,2448.0,blitz,39,2515.153846153846,0.2694773175542406,3.0323851362312904,57.93565088757397,17.154257067718607,0.0729783037475345,0.03944773175542405,17.11764705882353,3.0980440499671267,0.5795529257067719,0.5952498356344511
P00593,male,2000-2499,2448.0,bullet,61,2405.032786885246,0.2588725482168105,2.727925034892248,57.74395577100495,17.223001042673175,0.05712484237074399,0.03145078964751095,17.43103448275862,2.9377655131753495,0.544626138888434,0.5471599438812553
P00596,male,2000-2499,2189.7,blitz,21,2138.6666666666665,0.26267066267066264,2.950510204081633,57.30809190809191,17.743056943056942,0.0476190476190476,0.029304029304029294,18.473684210526315,2.697002997002997,0.5440892440892441,0.5816516816516817
P00596,male,2000-2499,2189.7,bullet,29,2226.689655172414,0.27255311738070354,2.6418258944121016,58.121453259384296,17.204967446346757,0.08584518929346513,0.05570291777188328,20.928571428571427,2.828845484017898,0.5851217747769472,0.5598424563941805
P00598,male,2000-2499,2008.4,bullet,91,2021.8131868131868,0.2778388278388278,2.939747950462236,58.541885038038885,17.460721329952097,0.08988447449985909,0.019103972950126794,14.51685393258427,3.0872781065088755,0.5757114680191603,0.5417441532826148
P00598,male,2000-2499,2008.4,rapid,9,1872.888888888889,0.22202797202797198,3.2178130511463845,58.18499093499094,17.59952084952085,0.06993006993006991,0.03418803418803418,19.0,2.9757834757834756,0.5349650349650349,0.4814167314167314
P00602,male,2000-2499,2129.1,blitz,34,2136.176470588235,0.27149321266968324,3.045608925388337,58.43438914027149,17.70814479638009,0.06561085972850676,0.0339366515837104,20.666666666666668,2.916289592760181,0.574660633484163,0.5361990950226244
P00602,male,2000-2499,2129.1,rapid,2,2008.0,0.5,1.55,54.269230769230774,18.884615384615387,0.03846153846153845,0.0,,2.1923076923076925,0.7692307692307692,0.8076923076923077
P00605,male,2000-2499,2040.9,bullet,100,2040.91,0.24616666666666664,3.258154761904762,60.946858974358975,18.15051923076923,0.09425641025641024,0.033076923076923066,22.45054945054945,2.677852564102564,0.5400512820512821,0.5177051282051282
P00607,male,2000-2499,2312.0,blitz,100,2312.04,0.27250949050949047,2.920344128094128,57.101366411366406,17.17870757020757,0.07705866355866353,0.047468919968919956,20.10843373493976,2.9376708846708848,0.5760992895992896,0.5788716283716283
P00608,male,2000-2499,2226.4,blitz,58,2246.689655172414,0.2405582922824302,2.944888444888445,59.03564007831249,17.718673424276872,0.06518567639257293,0.02917771883289124,20.319148936170212,2.78462485790072,0.5399314765694075,0.5237495263357332
P00608,male,2000-2499,2226.4,bullet,12,2193.8333333333335,0.23426573426573424,3.3239868927368925,60.3479020979021,18.223193473193472,0.057692307692307675,0.019230769230769225,15.222222222222221,2.994755244755245,0.5926573426573426,0.5786713286713286
P00608,male,2000-2499,2226.4,rapid,5,2069.8,0.2615384615384615,3.6508297258297255,56.630769230769225,17.338461538461537,0.06153846153846152,0.0,22.6,2.9846153846153847,0.6615384615384615,0.5692307692307692
P00609,male,2500+,2809.1,blitz,100,2809.05,0.2732324342324342,3.0523783993783997,56.87263153513153,16.838205294705293,0.07723776223776221,0.031293706293706286,18.975,2.7837181152181154,0.5840807525807525,0.5853811188811189
P00611,male,2000-2499,2495.6,bullet,100,2495.56,0.23871794871794869,3.1261946386946384,59.22974358974359,18.24282051282051,0.07083333333333332,0.03846153846153845,16.945652173913043,2.9587820512820513,0.5288461538461539,0.5366666666666666
P00612,male,2000-2499,2136.6,rapid,7,2136.5714285714284,0.2637362637362637,2.6711399711399713,59.120879120879124,17.703296703296704,0.09890109890109887,0.05494505494505492,19.142857142857142,3.3956043956043955,0.5714285714285714,0.5934065934065933
P00613,male,2000-2499,2297.7,blitz,100,2297.69,0.2670705128205128,3.106855810855811,58.63944871794872,17.99373717948718,0.0741730769230769,0.04397435897435896,20.179775280898877,2.5398846153846155,0.5371538461538461,0.5307692307692308
P00617,male,2000-2499,2245.3,blitz,100,2245.28,0.2848096348096348,3.141613858363858,58.312466144966145,17.292211982461982,0.0789158064158064,0.028461538461538455,20.45977011494253,2.9254545454545458,0.6085361582861583,0.5998962981462982
P00618,male,2500+,2829.2,blitz,100,2829.19,0.2224267399267399,3.18349975024975,59.861136141636145,17.557580586080586,0.10252808302808301,0.05407814407814406,18.640449438202246,2.9025946275946275,0.517003663003663,0.5219065934065934
P00619,male,2500+,2606.0,blitz,96,2615.3645833333335,0.27759653540903534,3.142473787786288,57.85571199633699,17.417696886446887,0.058560363247863234,0.02552655677655677,19.38961038961039,2.8267322954822958,0.5652472527472527,0.5469703907203908
P00619,male,2500+,2606.0,bullet,4,2381.0,0.23076923076923075,2.1805555555555554,57.09615384615385,16.134615384615387,0.09615384615384612,0.03846153846153845,22.75,3.6923076923076925,0.6730769230769231,0.4807692307692308
P00620,male,2500+,2563.5,blitz,100,2563.49,0.2545454545454545,3.523303077357425,57.08227272727273,17.42590909090909,0.06335664335664334,0.02461538461538461,19.8,3.002307692307692,0.5544405594405594,0.5146853146853146
P00622,male,2000-2499,2193.9,blitz,100,2193.94,0.2626282051282051,3.177000555000555,58.87826923076923,17.911153846153844,0.06615384615384613,0.0339102564102564,13.791666666666666,3.1268589743589748,0.5902564102564102,0.5476923076923077
P00623,male,2000-2499,2247.8,blitz,1,2521.0,0.1538461538461538,2.4,64.6923076923077,20.23076923076923,0.0769230769230769,0.0,19.0,3.6153846153846154,0.4615384615384615,0.3076923076923077
P00623,male,2000-2499,2247.8,bullet,99,2245.090909090909,0.2966032284214102,2.558432448583964,59.20765968038696,17.76863725500089,0.11764778431445096,0.03926012259345591,25.3375,2.496604349634653,0.6135958878383121,0.5594143230506867
P00625,male,2000-2499,2472.5,blitz,3,2324.0,0.30769230769230765,3.3074074074074074,59.48717948717948,18.76923076923077,0.025641025641025633,0.025641025641025633,15.666666666666666,2.7692307692307696,0.641025641025641,0.5897435897435898
P00625,male,2000-2499,2472.5,bullet,97,2477.092783505155,0.25071812494492907,3.0675093806537106,57.5718367257027,17.177817428848357,0.0695545863071636,0.033187946074544006,21.523255813953487,2.660426028724998,0.5585888624548419,0.5489822891884747
P00630,male,2000-2499,2283.2,rapid,100,2283.17,0.25322291597291596,2.8384759962259962,57.3144357031857,17.556873792873795,0.06878552003552002,0.04483766233766232,17.761363636363637,2.7602573815073814,0.5859607614607615,0.5161199633699634
P00631,male,1500-1999,1704.8,bullet,100,1704.76,0.2814220779220779,3.0356766011766014,59.565269730269726,17.552520868020867,0.07617832167832166,0.03698601398601398,21.058823529411764,2.945138084138084,0.5621754911754911,0.5638375513375513
P00635,male,2000-2499,2454.8,blitz,11,2493.2727272727275,0.20279720279720276,3.4296143250688704,57.5044955044955,17.15884115884116,0.06993006993006991,0.027972027972027965,14.11111111111111,3.027972027972028,0.5004995004995005,0.5144855144855144
P00635,male,2000-2499,2454.8,bullet,89,2450.0112359550562,0.2821789633587386,2.879131854412753,57.43917677204195,17.129259317461564,0.10603550631640518,0.0494224876247348,16.93421052631579,2.9341098975930437,0.6127796984538558,0.5421064578367949
P00641,male,2000-2499,2390.1,blitz,76,2487.3815789473683,0.23989541160593789,3.1000488911673125,59.59310897435897,18.190907557354926,0.08685053981106611,0.049493927125506064,20.784615384615385,2.7256831983805667,0.5097081646423751,0.5262230094466936
P00641,male,2000-2499,2390.1,bullet,1,2632.0,0.4615384615384615,2.0,49.30769230769231,16.923076923076923,0.0769230769230769,0.0,15.0,3.0,0.6923076923076923,0.7692307692307693
P00641,male,2000-2499,2390.1,rapid,23,2058.0,0.23076923076923075,3.7078948066934334,59.58639910813824,18.25380899293943,0.09178743961352655,0.05685618729096988,21.85,2.7108881456707543,0.49312523225566707,0.4793756967670011
P00643,male,2500+,2695.0,blitz,91,2705.3186813186812,0.27501238078161155,3.0892943917749993,58.78115687731072,17.974347233962618,0.07529116182962335,0.03979994364609748,16.531645569620252,2.817278874971183,0.5855223835993066,0.554775352852276
P00643,male,2500+,2695.0,bullet,1,2702.0,0.1538461538461538,3.142857142857143,60.07692307692308,18.76923076923077,0.0,0.0769230769230769,11.0,3.8461538461538463,0.6153846153846154,0.6153846153846154
P00643,male,2500+,2695.0,rapid,8,2577.25,0.23076923076923073,3.484659090909091,60.17307692307692,18.278846153846153,0.10576923076923074,0.028846153846153837,20.75,2.9230769230769234,0.5576923076923077,0.5769230769230769
P00644,male,2000-2499,2476.9,blitz,20,2327.1,0.2346153846153846,2.977555916305916,57.58076923076923,17.27307692307692,0.08461538461538459,0.026923076923076918,25.625,2.519230769230769,0.5692307692307692,0.5846153846153845
P00644,male,2000-2499,2476.9,bullet,54,2532.3888888888887,0.2761482344815678,2.774779541446208,57.741658033324704,17.307120348787016,0.08715358715358713,0.038936372269705595,19.2,2.784900284900285,0.6241042907709575,0.5594621427954761
P00645,male,2500+,2681.1,blitz,94,2685.6702127659573,0.24883627011286583,3.1476591080314487,57.70394587681821,17.640894566426482,0.0639661756683033,0.036074740861974895,20.776470588235295,2.92188839529265,0.5232382865361589,0.5582352045118002
P00645,male,2500+,2681.1,bullet,6,2610.0,0.22077922077922074,2.4611111111111112,56.689477189477195,16.83016983016983,0.09207459207459207,0.03846153846153845,17.0,3.2221112221112223,0.5497835497835498,0.34082584082584083
P00650,male,1500-1999,1994.8,blitz,14,1909.642857142857,0.2593406593406593,3.0775335775335777,57.259890109890115,17.295604395604396,0.06593406593406591,0.03846153846153845,19.8,2.4994505494505495,0.5615384615384615,0.5406593406593406
P00650,male,1500-1999,1994.8,rapid,86,2008.639534883721,0.267661214754238,3.312952196382429,58.43180211261606,17.56683277962348,0.07054902461879203,0.03187239117471675,19.454545454545453,3.057660362892921,0.5784457790271743,0.5133380185705767
P00651,male,2000-2499,2377.6,blitz,30,2487.2,0.2512820512820512,3.0173587523587524,58.82307692307692,17.48717948717949,0.07179487179487178,0.03846153846153845,22.413793103448278,3.1102564102564103,0.5205128205128206,0.5282051282051282
P00651,male,2000-2499,2377.6,rapid,31,2271.5806451612902,0.23370178208887885,3.513317506865894,60.95962102413715,17.830588766072637,0.08684863523573198,0.037220843672456566,22.0,3.043537108053237,0.5129709000676742,0.5344010827881795
P00652,male,2000-2499,2163.0,blitz,1,2163.0,0.2307692307692307,3.1666666666666665,60.92307692307692,19.692307692307693,0.1538461538461538,0.0769230769230769,16.0,3.5384615384615383,0.4615384615384615,0.5384615384615384
P00656,male,2000-2499,2237.3,blitz,99,2236.6969696969695,0.24666085878207086,3.2558514437302315,60.78478143629659,18.41096835263502,0.0822196322196322,0.04545454545454545,18.875,2.608911514972121,0.5475511020965567,0.5464529017559321
P00656,male,2000-2499,2237.3,rapid,1,2301.0,0.125,7.0,55.75,16.875,0.25,0.125,,1.0,1.0,0.5
P00659,male,2000-2499,2396.1,blitz,7,2423.714285714286,0.29890109890109884,3.672902494331066,55.1010989010989,15.940659340659339,0.0769230769230769,0.010989010989010986,30.333333333333332,2.775824175824176,0.6307692307692309,0.6703296703296704
P00659,male,2000-2499,2396.1,bullet,93,2394.05376344086,0.27396868364610294,2.933351564803178,55.39065934065934,16.772504556375527,0.08966087675765094,0.037220843672456566,16.766233766233768,2.745529739078126,0.6086965006319844,0.5704718220847254
P00660,male,1500-1999,1903.7,blitz,84,1881.595238095238,0.26469978434264146,2.9556620628049197,58.98969532451675,17.484747692783408,0.0788100788100788,0.03862803862803862,18.12,2.9386560859775144,0.5761333904191047,0.5349248965320393
P00660,male,1500-1999,1903.7,bullet,2,1858.5,0.23076923076923075,2.458333333333333,60.15384615384615,18.307692307692307,0.0769230769230769,0.0,18.0,2.6923076923076925,0.4615384615384615,0.5769230769230769
P00660,male,1500-1999,1903.7,rapid,14,2042.9285714285713,0.2615079365079365,3.3823129251700683,56.43467643467643,16.34416971916972,0.07982295482295479,0.02793040293040292,23.0,2.222008547008547,0.6200549450549451,0.5655982905982906
P00667,male,2500+,2531.1,blitz,32,2568.21875,0.2638736263736263,3.114370265151515,60.46125610500611,18.57390873015873,0.1062271062271062,0.04300213675213674,17.214285714285715,2.98661858974359,0.5693795787545788,0.4954441391941392
P00667,male,2500+,2531.1,bullet,68,2513.6323529411766,0.25563456151691444,3.1836986542868893,59.291329993535875,18.189506571859514,0.07040777849601378,0.024819543201896138,15.323529411764707,2.9924746821805646,0.567916397328162,0.5182476836888601
P00670,male,2000-2499,2310.2,blitz,8,2499.75,0.21442307692307688,2.664772727272727,58.2125,17.177884615384617,0.04807692307692306,0.009615384615384612,15.5,2.646153846153846,0.5086538461538461,0.5740384615384615
P00670,male,2000-2499,2310.2,bullet,60,2378.0666666666666,0.2916666666666667,2.7545900395900396,59.216452991453,17.89230769230769,0.06688034188034186,0.02435897435897435,15.964912280701755,3.138461538461539,0.5987179487179487,0.5495726495726495
P00670,male,2000-2499,2310.2,rapid,32,2135.40625,0.3047542735042735,3.1373922084859585,59.93429487179487,17.931089743589745,0.07451923076923075,0.045673076923076907,19.066666666666666,3.061965811965812,0.5761217948717948,0.5496794871794872
P00680,male,2000-2499,2276.4,blitz,100,2276.4,0.23862004662004657,3.4617328259975317,58.86701398601399,17.870410256410256,0.07747086247086245,0.04201923076923076,18.782608695652176,2.7834026806526806,0.5154527972027972,0.5269516317016317
P00682,male,2500+,2533.1,blitz,100,2533.07,0.256826923076923,2.976646057373999,58.768108974358974,17.809615384615384,0.06339743589743589,0.030769230769230757,20.155555555555555,3.080192307692308,0.5375641025641026,0.5365384615384615
P00683,male,2000-2499,2062.2,blitz,90,2073.1444444444446,0.24410256410256406,2.988203463203463,58.75162867996201,17.672431149097815,0.09084995251661916,0.04451566951566951,19.243243243243242,2.898024691358025,0.5307977207977208,0.5769895536562204
P00683,male,2000-2499,2062.2,bullet,10,1964.2,0.29230769230769227,2.324047619047619,56.323076923076925,16.807692307692307,0.06153846153846152,0.04615384615384614,21.571428571428573,2.523076923076923,0.5846153846153846,0.5692307692307692
P00686,male,2500+,2622.1,blitz,79,2655.9240506329115,0.24488802336903598,2.895136450824326,58.349480688088285,17.59169100941253,0.06329113924050632,0.024342745861733194,21.333333333333332,2.8463161311262577,0.5123336579032781,0.5599642973060694
P00686,male,2500+,2622.1,bullet,19,2525.7368421052633,0.2640254482359745,2.9619275461380723,57.66510025062657,16.99903605166763,0.04706477732793521,0.03619625988047039,19.0,2.799932523616734,0.5492095623674571,0.586996336996337
P00686,male,2500+,2622.1,rapid,2,2203.0,0.19230769230769224,3.2333333333333334,61.57692307692308,17.807692307692307,0.03846153846153845,0.0769230769230769,18.5,3.269230769230769,0.5384615384615384,0.423076923076923
P00687,male,2000-2499,2380.0,rapid,100,2379.96,0.30598290598290595,3.100083774069068,58.32752991452991,17.458119658119656,0.08290598290598288,0.0323076923076923,20.141304347826086,3.0190085470085473,0.5772564102564103,0.5834700854700855
P00688,male,2500+,2665.5,blitz,70,2712.9142857142856,0.2691261119832548,3.1966724148867005,56.926425954997384,16.805102040816326,0.0692307692307692,0.03076923076923076,21.036363636363635,2.845002616431188,0.5728152799581371,0.5622448979591836
P00688,male,2500+,2665.5,bullet,28,2554.714285714286,0.2731227106227106,3.087641723356009,57.263965201465204,17.595467032967033,0.1046245421245421,0.05494505494505492,12.461538461538462,3.0625,0.5899725274725275,0.5453296703296703
P00688,male,2500+,2665.5,rapid,2,2558.0,0.26923076923076916,3.2348484848484844,62.84615384615385,20.0,0.03846153846153845,0.0,15.0,3.076923076923077,0.4615384615384615,0.5769230769230769
P00689,male,2500+,2648.2,blitz,100,2648.22,0.25975,3.3363732933732932,59.67454487179487,17.994320512820515,0.0832051282051282,0.045096153846153834,16.920454545454547,2.9356452991452993,0.5494123931623932,0.5227457264957265
P00691,male,2000-2499,2253.8,blitz,21,2282.809523809524,0.31457352171637887,2.9726946334089193,56.47320774463632,17.072806558520842,0.06336996336996335,0.03663003663003662,20.19047619047619,2.5236961451247164,0.6474097331240188,0.5862375719518577
P00691,male,2000-2499,2253.8,bullet,1,1644.0,0.1538461538461538,2.0,47.15384615384615,15.461538461538462,0.0,0.0,,1.8461538461538465,0.5384615384615384,0.9230769230769232
P00693,male,1500-1999,1988.9,blitz,100,1988.9,0.29056410256410253,2.946635642135642,57.61319658119658,16.967820512820513,0.08775213675213672,0.05388034188034187,19.39240506329114,2.8550897435897435,0.5874059829059829,0.5698888888888889
P00694,male,2000-2499,2231.9,blitz,38,2307.4473684210525,0.2791682002208318,3.4709528775318246,59.42289289657711,18.41369157158631,0.057048214942951765,0.04048582995951416,18.62857142857143,3.005888847994111,0.5548398969451601,0.5782112624217888
P00694,male,2000-2499,2231.9,bullet,57,2197.719298245614,0.2585231532599953,3.190150882256145,60.154214206845786,18.559542796384903,0.07666407666407665,0.04659619133303342,15.173076923076923,3.0030637004321212,0.5887927861612072,0.5409220409220409
P00694,male,2000-2499,2231.9,rapid,5,2047.8,0.2346153846153846,3.046363636363636,61.730769230769226,18.352564102564102,0.06282051282051279,0.03076923076923076,11.4,3.467948717948718,0.5307692307692309,0.5179487179487179
P00697,male,2500+,2593.0,blitz,98,2602.6938775510203,0.2317005556801475,3.244658742617926,59.46583688420423,17.84133525204954,0.066908998031447,0.043982519747825854,25.050632911392405,2.8646355062171387,0.5120885350477187,0.5250834766140888
P00697,male,2500+,2593.0,rapid,2,2118.0,0.2692307692307692,2.791666666666667,52.30769230769231,15.03846153846154,0.0,0.0,23.5,3.307692307692308,0.6153846153846154,0.6153846153846154
P00699,male,2000-2499,2193.0,blitz,100,2192.99,0.2631363636363636,3.0367181152181155,59.23512276612277,18.00247902097902,0.10789627039627037,0.03889627039627039,17.586206896551722,2.905099456099456,0.5690889665889666,0.5538745143745144
P00700,male,2000-2499,2009.9,blitz,24,2090.0833333333335,0.24679487179487178,3.6587466931216928,58.640491452991455,17.927884615384617,0.06730769230769229,0.032585470085470074,19.571428571428573,3.034722222222222,0.5170940170940171,0.563034188034188
P00700,male,2000-2499,2009.9,bullet,76,1984.6184210526317,0.2764619883040935,3.155166507469139,57.81060784975259,17.364774516419253,0.06795434098065675,0.03146086369770579,21.573529411764707,2.9310110211426004,0.5218876518218624,0.5657360548807917
P00705,male,1500-1999,1920.0,blitz,7,2062.0,0.2637362637362637,3.8972789115646256,59.81318681318681,18.87912087912088,0.032967032967032954,0.032967032967032954,22.6,2.6483516483516487,0.5384615384615384,0.5714285714285714
P00705,male,1500-1999,1920.0,bullet,74,1867.2702702702702,0.2632627882627882,3.0717805467805466,57.111994986994986,17.353717003717005,0.06729374229374227,0.05018652518652517,19.422535211267604,2.8047932547932546,0.5735366735366736,0.5272635022635023
P00705,male,1500-1999,1920.0,rapid,19,2073.1052631578946,0.22511406721933033,3.4115402141717928,58.002377739219845,17.654713707345284,0.0844418739155581,0.04453441295546558,18.25,2.82366171839856,0.5496433391170233,0.4602531970953023
P00706,male,1500-1999,1969.2,rapid,100,1969.18,0.32169230769230767,2.826930694305694,57.53038461538462,17.049,0.06961538461538459,0.020461538461538455,20.142857142857142,2.8754615384615385,0.658923076923077,0.6033846153846154
P00707,male,1500-1999,1891.0,blitz,16,2032.4375,0.2908253205128205,3.2705357142857143,58.60300480769231,17.60124198717949,0.05588942307692306,0.03185096153846153,16.714285714285715,2.7594951923076922,0.642588141025641,0.5541666666666667
P00707,male,1500-1999,1891.0,bullet,84,1864.0595238095239,0.2714614750329036,2.8944160997732427,57.91894583591012,17.22684980363552,0.06844729344729343,0.023953427524856092,22.51388888888889,2.5530752646824078,0.6082676582676583,0.5509888920603206
P00713,male,2000-2499,2296.9,blitz,95,2310.705263157895,0.2759800433484644,2.97465040807146,58.04671349118718,17.363527788001473,0.07680039258986626,0.04804195804195803,19.846153846153847,2.6385102032470455,0.592399910031489,0.5685758393653131
P00713,male,2000-2499,2296.9,bullet,5,2034.0,0.3863247863247863,2.4285714285714284,54.427350427350426,16.485470085470087,0.08205128205128204,0.0376068376068376,38.333333333333336,2.2957264957264956,0.67008547008547,0.588034188034188
P00717,male,2500+,2898.9,blitz,55,2895.836363636364,0.2536999364272091,2.988456694820331,57.61183654729109,17.517053754326483,0.07637917637917636,0.04335664335664334,19.363636363636363,2.9138708765981494,0.5529843893480257,0.5299074662711026
P00717,male,2500+,2898.9,bullet,45,2902.5555555555557,0.2423076923076923,3.140995855995856,56.761752136752136,17.240170940170938,0.08547008547008546,0.04102564102564101,16.452380952380953,3.0705128205128207,0.5202991452991452,0.5367521367521367
P00723,male,2500+,2532.7,blitz,100,2532.7,0.2269267399267399,3.487495835863483,58.42659981684982,17.282022893772893,0.05309523809523808,0.02461538461538461,18.620689655172413,2.7452271062271065,0.5162069597069597,0.512032967032967
P00726,male,2500+,2517.4,blitz,98,2521.3571428571427,0.30057867302765257,2.82024828912584,56.585700184169575,16.85985460118113,0.07622428591816345,0.030112744398458676,19.86842105263158,2.7085446866059115,0.634790549586468,0.5486858379715522
P00726,male,2500+,2517.4,bullet,1,2323.0,0.4615384615384615,2.363636363636364,59.53846153846154,16.615384615384617,0.0,0.0,35.0,2.8461538461538463,0.7692307692307693,0.6923076923076923
P00726,male,2500+,2517.4,rapid,1,2320.0,0.1538461538461538,3.7,55.53846153846154,16.076923076923077,0.0,0.0769230769230769,,1.6923076923076923,0.3076923076923077,0.6153846153846154
P00727,male,2000-2499,2424.4,blitz,100,2424.44,0.2586858974358974,2.9382270784770785,57.60097435897436,17.383820512820513,0.07423717948717946,0.0260576923076923,19.102272727272727,2.7013461538461536,0.5727435897435897,0.5563525641025641
P00728,male,2000-2499,2203.3,blitz,33,2214.3636363636365,0.2432983682983683,3.0281341554068826,58.08947163947164,17.599320124320126,0.09595959595959593,0.023504273504273497,13.133333333333333,2.816627816627817,0.5131313131313131,0.5061383061383061
P00728,male,2000-2499,2203.3,bullet,67,2197.89552238806,0.27230414693101257,2.884094429616818,57.56086119518955,16.993739925083208,0.08128587830080365,0.054535017221584374,15.064516129032258,3.1358232149276923,0.5506528297573074,0.5540651719756197
P00730,male,2000-2499,2182.4,blitz,29,2217.0,0.22137488947833772,3.585673234811166,61.48275862068966,18.7536735295356,0.05205570291777187,0.031830238726790444,14.928571428571429,3.101385204833481,0.5418929729274556,0.5076312576312576
P00730,male,2000-2499,2182.4,bullet,71,2168.2676056338028,0.23737827118108804,3.3017427799117938,59.88566918214806,17.967123017827245,0.06918433678997057,0.03791982665222101,15.970149253731343,2.944315074596765,0.5359580951130246,0.5214471756725279
P00732,male,2000-2499,2478.9,blitz,67,2497.7462686567164,0.28483953857088185,3.0207435806316405,56.42634355694057,17.005426165873928,0.08890984637253292,0.04267125908916952,18.75,2.7860696517412933,0.6123640041550489,0.604805642119075
P00732,male,2000-2499,2478.9,bullet,31,2456.935483870968,0.30248138957816373,2.591559605269283,56.38883374689826,16.846153846153847,0.07022332506203471,0.03473945409429279,20.84,2.7101736972704717,0.6248138957816377,0.577667493796526
P00732,male,2000-2499,2478.9,rapid,2,2188.0,0.2692307692307692,2.8833333333333333,51.269230769230774,16.03846153846154,0.0,0.03846153846153845,15.0,2.230769230769231,0.5769230769230769,0.6153846153846154
P00733,male,1500-1999,1872.4,blitz,29,1872.448275862069,0.25198938992042436,3.027976812459571,59.03809313292072,18.339633068081344,0.0903698791629826,0.05706601827291481,17.75,2.7662466843501323,0.539272030651341,0.516615089890952
P00737,male,2000-2499,2332.1,blitz,72,2319.1388888888887,0.25410654160654156,2.9943977908438693,58.54318459318459,17.524849070682407,0.06949786324786324,0.0335081585081585,17.723076923076924,2.8173839278005945,0.5687223270556604,0.551164730331397
P00737,male,2000-2499,2332.1,bullet,28,2365.464285714286,0.326753008895866,2.656461296639868,58.893007587650445,18.178826530612245,0.08445185766614337,0.024725274725274717,18.28,2.8434785452642592,0.6391091051805338,0.6166928309785452
P00741,male,1500-1999,1840.4,blitz,4,1603.5,0.23076923076923075,3.864583333333333,56.05769230769231,17.576923076923077,0.0769230769230769,0.03846153846153845,18.0,3.4615384615384617,0.4615384615384615,0.5192307692307693
P00741,male,1500-1999,1840.4,bullet,2,1277.0,0.19230769230769224,3.0625,59.46153846153847,17.192307692307693,0.03846153846153845,0.0769230769230769,17.5,2.846153846153846,0.5,0.5
P00741,male,1500-1999,1840.4,rapid,42,1889.8333333333333,0.306064306064306,3.3029736136878993,58.334503459503466,17.28230565730566,0.08597883597883596,0.03663003663003662,19.88888888888889,2.8625864875864875,0.5778388278388279,0.5654761904761905
P00744,male,2000-2499,2062.2,rapid,14,2062.214285714286,0.26717032967032966,2.9804962894248606,56.396291208791204,17.12912087912088,0.09134615384615383,0.02747252747252746,17.545454545454547,2.8743131868131866,0.6119505494505494,0.5679945054945055
P00746,male,2500+,2768.0,blitz,100,2767.96,0.25557983682983676,3.2435492301815834,58.33151981351982,17.57744522144522,0.041915501165501155,0.015125874125874121,19.772727272727273,3.088048951048951,0.5274096736596736,0.57972668997669
P00747,male,2500+,2610.3,blitz,4,2522.5,0.30769230769230765,3.0895833333333336,59.75,17.71153846153846,0.057692307692307675,0.03846153846153845,17.333333333333332,2.5384615384615383,0.5384615384615384,0.5192307692307692
P00747,male,2500+,2610.3,bullet,96,2614.0,0.27094259906759904,2.89203129046879,58.8295363490676,17.551788315850818,0.08062900641025639,0.0408653846153846,17.176470588235293,2.8020469114219115,0.5605313956876457,0.5555907634032634
P00748,male,2500+,2582.7,blitz,61,2559.55737704918,0.2610940971596709,3.1305880822274266,58.74030705178246,18.015712884565342,0.06269140695370201,0.04287515762925598,17.541666666666668,2.755339378290198,0.5556956704497689,0.5380411937788987
P00748,male,2500+,2582.7,bullet,39,2618.923076923077,0.26084812623274156,3.2597541347541346,58.16995397764629,17.688691650230112,0.06706114398422089,0.041420118343195256,20.033333333333335,2.8507560815253123,0.5728139381985536,0.5593359631821171
P00750,male,2500+,2810.3,bullet,100,2810.31,0.2521901709401709,3.359527694527695,60.72191239316239,18.39510683760684,0.07253205128205127,0.033333333333333326,20.626506024096386,2.8215811965811963,0.5329807692307692,0.5396153846153846
P00751,male,2000-2499,2248.8,blitz,43,2234.4418604651164,0.27610993657505284,3.0917277167277173,58.70091071718979,18.245066045066046,0.08050089445438281,0.025369978858350944,17.024390243902438,2.678408413292134,0.6136191973401276,0.5681682658426844
P00751,male,2000-2499,2248.8,bullet,6,2398.1666666666665,0.2051282051282051,3.1656746031746033,61.730769230769226,18.23076923076923,0.051282051282051266,0.012820512820512817,14.833333333333334,2.628205128205128,0.5641025641025641,0.48717948717948717
P00751,male,2000-2499,2248.8,rapid,11,2223.2727272727275,0.26573426573426573,2.7206212978940254,57.55244755244755,17.65034965034965,0.09090909090909088,0.020979020979020973,18.1,2.923076923076923,0.5944055944055944,0.5734265734265734
P00752,male,2000-2499,2189.1,blitz,37,2170.891891891892,0.26857241857241854,3.1524725274725274,59.03637098637098,18.034569184569186,0.07037422037422035,0.01039501039501039,12.486486486486486,3.2741626241626243,0.5677985677985677,0.5687341187341187
P00752,male,2000-2499,2189.1,bullet,60,2200.366666666667,0.28207348207348204,2.810459956709957,57.29712717837718,17.65478549228549,0.06929667554667553,0.021611721611721604,12.152542372881356,3.171060883560884,0.6205842768342769,0.5538551726051726
P00753,male,2000-2499,2323.0,blitz,98,2325.1632653061224,0.2667873792873792,3.1316350882677413,58.24251165501166,17.60330601937745,0.059105180533751946,0.03689167974882259,20.703703703703702,2.8110100217243073,0.5583000333000333,0.5404545850974422
P00753,male,2000-2499,2323.0,rapid,2,2219.0,0.3076923076923077,2.966666666666667,61.269230769230774,19.846153846153847,0.03846153846153845,0.0,33.5,3.076923076923077,0.7307692307692308,0.4615384615384615
P00755,male,2500+,2682.5,blitz,68,2693.264705882353,0.23076923076923073,3.207015173407907,59.868099547511314,18.276470588235295,0.08710407239819003,0.0339366515837104,18.09375,2.999547511312217,0.5533936651583711,0.539366515837104
P00755,male,2500+,2682.5,bullet,32,2659.53125,0.24567307692307688,3.1295719905094903,57.614903846153844,17.02764423076923,0.10576923076923074,0.05528846153846152,17.20689655172414,3.043269230769231,0.5985576923076923,0.5689903846153846
P00757,male,2000-2499,2056.6,blitz,13,2101.923076923077,0.26035502958579876,3.168925518925519,58.40236686390533,18.09467455621302,0.07100591715976329,0.029585798816568035,14.083333333333334,3.1420118343195265,0.6035502958579881,0.5502958579881656
P00757,male,2000-2499,2056.6,bullet,17,2022.0,0.3297511312217194,2.5218020541549953,57.79524886877828,16.960407239819006,0.07239819004524885,0.036199095022624424,15.6875,3.104072398190045,0.5995475113122172,0.6085972850678734
P00758,male,2500+,2591.7,blitz,71,2635.2676056338028,0.23382251551265634,3.0865019565723792,57.19885748054762,17.687678518664434,0.08381759085984436,0.03791982665222101,16.484375,3.0914015561902883,0.5322564759184477,0.498079385403329
P00758,male,2500+,2591.7,bullet,21,2580.2380952380954,0.27605727605727604,2.973041640898784,58.37629037629038,17.875124875124875,0.08558108558108556,0.025641025641025633,15.7,3.0083250083250084,0.5784215784215784,0.5184815184815185
P00758,male,2500+,2591.7,rapid,8,2235.0,0.24038461538461536,3.9118371212121215,57.14423076923077,17.96153846153846,0.04807692307692306,0.028846153846153837,15.333333333333334,2.701923076923077,0.5,0.41346153846153844
P00766,male,2000-2499,2476.9,bullet,100,2476.94,0.2774935897435897,2.675197163947164,54.799692612942614,16.324607142857143,0.06235897435897434,0.023019230769230764,17.444444444444443,2.883792735042735,0.5983751526251526,0.5642753357753358
P00775,male,2000-2499,2188.8,blitz,2,2388.0,0.2692307692307692,2.571428571428571,61.03846153846154,19.076923076923077,0.0769230769230769,0.0,20.0,3.5,0.6153846153846154,0.4615384615384615
P00775,male,2000-2499,2188.8,bullet,98,2184.6938775510203,0.26302631608754057,2.9468401213299176,58.29430255119031,17.425760124229512,0.06104133961276817,0.029551655827166023,16.46067415730337,2.959156914514057,0.5815871486789854,0.5657049583069992
P00776,male,2000-2499,2498.5,blitz,100,2498.52,0.24671328671328666,3.0674335525585525,58.307249750249746,17.557788877788877,0.07917582417582415,0.039249084249084236,16.933333333333334,2.971505494505495,0.574943722943723,0.5438667998667999
P00780,male,2500+,2783.1,blitz,11,2701.181818181818,0.24446386946386944,3.1866161616161617,60.287684537684534,17.696969696969695,0.11363636363636362,0.027972027972027965,22.22222222222222,2.7912781662781665,0.5453574203574203,0.5181623931623931
P00780,male,2500+,2783.1,bullet,89,2793.179775280899,0.24894842984730622,3.202512125826733,55.74929415154134,16.863007778738115,0.07026793431287812,0.04079515989628348,18.91549295774648,2.876289253817344,0.526735811005474,0.5476807836358398
P00782,male,2000-2499,2499.0,blitz,5,2575.2,0.21538461538461537,2.9944444444444445,57.83846153846154,17.30769230769231,0.09230769230769229,0.01538461538461538,7.8,3.246153846153846,0.6692307692307693,0.6307692307692307
P00782,male,2000-2499,2499.0,rapid,95,2495.0315789473684,0.2487784729889993,3.156605704237283,58.19119555882714,17.645949781212938,0.08971087392140022,0.055702776755408315,14.592592592592593,3.066510857563489,0.5613938984991617,0.5344423997055576
P00784,male,2000-2499,2347.6,blitz,100,2347.59,0.2554434454434454,3.378964146964147,59.25817221667222,17.399349428349428,0.08980852480852479,0.0323076923076923,18.178571428571427,2.9875067155067154,0.5561291486291486,0.5273575313575314
P00786,male,2000-2499,2024.5,blitz,100,2024.46,0.2508011988011988,3.2412124542124543,57.9806033966034,17.355702131202133,0.07495920745920744,0.038805361305361295,17.85542168674699,2.9600657675657676,0.5456429403929404,0.5216580086580087
P00792,male,2500+,2787.0,blitz,65,2823.3384615384616,0.2246100053792361,3.0768883680422143,59.41099413407105,17.60943287481749,0.08057199211045363,0.051102743410435705,19.135593220338983,2.902521837137222,0.5106816260662413,0.49701196239657774
P00792,male,2500+,2787.0,bullet,29,2755.4827586206898,0.30397877984084876,2.8947865353037767,58.3315649867374,17.246949602122015,0.08567639257294428,0.02387267904509283,13.928571428571429,3.360477453580902,0.6413793103448276,0.556763925729443
P00792,male,2500+,2787.0,rapid,6,2545.0,0.21794871794871792,4.101587301587302,57.38461538461539,16.58974358974359,0.0769230769230769,0.012820512820512817,21.166666666666668,2.7692307692307696,0.5512820512820512,0.5
P00794,male,2000-2499,2371.5,rapid,100,2371.47,0.2841610334110334,3.0163225271460568,55.94652272727273,16.8070675990676,0.07509712509712509,0.03153846153846153,18.511904761904763,2.853993395493396,0.6069289044289045,0.577229020979021
P00796,male,2500+,2652.5,blitz,100,2652.53,0.2605753968253968,3.171575728365202,59.27918040293041,17.757168803418804,0.09300213675213673,0.04524267399267398,20.341176470588234,2.664151404151404,0.5844688644688645,0.5375992063492063
P00797,male,2000-2499,2320.4,blitz,29,2433.7241379310344,0.3015915119363395,3.2238916256157637,57.67979664014147,17.521662245800176,0.0797966401414677,0.03205128205128204,16.037037037037038,2.434261715296198,0.6345711759504863,0.6148099027409373
P00797,male,2000-2499,2320.4,bullet,14,2085.785714285714,0.27242935635792775,3.060969387755102,57.889462323390894,17.550804552590268,0.04189560439560439,0.02541208791208791,15.5,2.3186813186813184,0.6587127158555729,0.5257064364207221
P00800,male,2000-2499,2357.2,blitz,84,2357.2023809523807,0.30132298257298257,3.0064968100682385,57.24421273171273,17.107742951492952,0.08357753357753356,0.04599358974358973,18.794520547945204,2.8496649184149185,0.6328379953379953,0.5919171106671106
P00801,male,2500+,2781.9,blitz,11,2663.181818181818,0.30753337571519385,2.5030748663101607,56.907819453273994,17.29895104895105,0.05896376350921805,0.028554778554778545,19.0,2.90172706081797,0.5922335240517058,0.6017694426785336
P00801,male,2500+,2781.9,bullet,89,2796.5280898876404,0.27648175794243207,2.8328907203907203,55.7476323302166,16.407728975144707,0.05460831303527931,0.035665645216207006,23.0,2.8375029464917105,0.5245986223514313,0.5708153269951023
P00803,male,2000-2499,2313.6,blitz,50,2249.74,0.27976923076923077,3.151324564324564,59.905923076923074,18.451615384615383,0.11076923076923074,0.05076923076923076,16.933333333333334,3.083076923076923,0.5875384615384616,0.5178846153846154
P00803,male,2000-2499,2313.6,rapid,50,2377.44,0.29959706959706955,2.669658952158952,58.41568864468864,17.949809523809524,0.07476923076923075,0.06153846153846152,15.0,2.9220842490842487,0.5868205128205128,0.569091575091575
P00804,male,2000-2499,2498.8,blitz,86,2517.313953488372,0.25010932220234544,3.143125511439465,57.56028622540251,17.160080003975352,0.08626515603259786,0.049194991055456154,17.071428571428573,3.17275641025641,0.5769106539455376,0.5156206519578612
P00804,male,2000-2499,2498.8,bullet,13,2480.076923076923,0.3372781065088757,2.4758241758241755,53.70414201183432,16.08284023668639,0.07100591715976329,0.02366863905325443,16.583333333333332,2.9881656804733727,0.6686390532544378,0.650887573964497
P00804,male,2000-2499,2498.8,rapid,1,1154.0,0.4615384615384615,2.4285714285714284,54.76923076923077,15.538461538461538,0.0,0.0,13.0,4.0,0.7692307692307693,0.5384615384615384
P00811,male,2500+,2650.7,blitz,33,2650.6969696969695,0.21662428480610296,3.3016714766714768,58.43338101292647,18.117768595041323,0.07181076499258315,0.0233100233100233,21.64,2.7598008052553507,0.5286077558804831,0.5345941936851027
P00812,male,2000-2499,2383.2,blitz,63,2396.968253968254,0.26851235184568517,2.7679120262453596,56.23010323010323,17.081282914616246,0.08441866775200106,0.05326617826617825,17.229166666666668,2.772170730504064,0.5965238465238465,0.585753752420419
P00812,male,2000-2499,2383.2,bullet,37,2359.7027027027025,0.24606474606474604,2.594908094908095,56.73705573705574,16.97020097020097,0.05665280665280663,0.04573804573804573,20.09375,2.72972972972973,0.5603158103158103,0.5425452925452926
P00813,male,2000-2499,2239.7,blitz,6,2321.0,0.2948717948717949,2.2053872053872055,60.3076923076923,18.102564102564102,0.10256410256410253,0.012820512820512817,21.4,2.6025641025641026,0.6538461538461539,0.6282051282051282
P00813,male,2000-2499,2239.7,bullet,2,2010.5,0.24038461538461536,4.083333333333333,62.49038461538461,20.057692307692307,0.16346153846153844,0.0,18.5,2.5769230769230766,0.5961538461538461,0.6826923076923077
P00813,male,2000-2499,2239.7,rapid,1,2210.0,0.25,6.0,63.0,20.25,0.0,0.0833333333333333,19.0,2.5,0.4166666666666667,0.3333333333333333
P00816,male,2000-2499,2167.7,blitz,50,2143.9,0.2876666666666666,3.204730158730159,59.622094017094014,18.306752136752138,0.09383760683760681,0.036068376068376054,17.317073170731707,2.6348205128205127,0.5952820512820512,0.541025641025641
P00816,male,2000-2499,2167.7,bullet,50,2191.44,0.2763205128205128,2.968037518037518,57.3850641025641,17.47632051282051,0.0794230769230769,0.043538461538461526,15.7,2.5969871794871797,0.6174102564102565,0.552474358974359
P00818,male,2000-2499,2272.7,blitz,82,2308.0975609756097,0.2595254339156778,3.128921451177549,58.80380676234334,17.797290920461652,0.07073840793352987,0.03214366933879128,19.605263157894736,2.825983569276252,0.5375808134954476,0.544439503585845
P00818,male,2000-2499,2272.7,bullet,17,2090.294117647059,0.2662141779788838,2.8001400560224092,57.70965309200603,17.0972850678733,0.040723981900452476,0.046003016591251875,18.23076923076923,2.957767722473605,0.5520361990950227,0.5829562594268477
P00818,male,2000-2499,2272.7,rapid,1,2467.0,0.6666666666666666,2.0,52.166666666666664,14.833333333333334,0.0,0.0,16.0,2.8333333333333335,0.6666666666666666,1.0
P00821,male,1500-1999,1758.4,blitz,29,1736.1724137931035,0.23569447793585724,3.166895556550729,58.34063981995017,16.85531307772687,0.05265251989389919,0.02866530021702435,17.0,2.992303673338156,0.5337292018326502,0.5095912707981674
P00821,male,1500-1999,1758.4,rapid,2,2081.0,0.30769230769230765,1.6041666666666665,60.769230769230774,20.115384615384613,0.0769230769230769,0.0,17.5,3.1153846153846154,0.5769230769230769,0.6153846153846154
P00822,male,2000-2499,2371.3,blitz,79,2427.278481012658,0.26529781751300735,2.8931238241364823,57.179354400873386,17.42713650625043,0.0905144433625446,0.04035486313967325,17.6,2.7029963707178895,0.5777148308793878,0.5472581216252103
P00822,male,2000-2499,2371.3,bullet,21,2160.809523809524,0.22395197395197391,3.4883190883190887,57.58048433048433,18.10002035002035,0.11273911273911272,0.03663003663003662,16.470588235294116,2.602055352055352,0.5297110297110297,0.5975783475783476
P00823,male,2500+,2656.4,blitz,11,2597.6363636363635,0.23076923076923075,3.0601539874267147,57.32167832167832,17.643356643356643,0.05594405594405593,0.013986013986013983,16.0,3.244755244755245,0.4755244755244755,0.5174825174825174
P00823,male,2500+,2656.4,bullet,89,2663.7191011235955,0.24979829783200566,2.830951632637026,58.138923654373095,17.37137475508262,0.08514597138192642,0.030894074714299422,18.532467532467532,2.8862906756165185,0.5493956106315657,0.5636932044235415
P00824,male,2000-2499,2482.7,blitz,11,2503.181818181818,0.24475524475524474,2.9612417143165803,60.12587412587413,17.65034965034965,0.11888111888111887,0.06993006993006991,21.7,2.923076923076923,0.5174825174825175,0.5384615384615384
P00824,male,2000-2499,2482.7,bullet,12,2464.75,0.2692307692307692,3.140707671957672,59.692307692307686,17.48076923076923,0.1282051282051282,0.0705128205128205,18.2,2.871794871794872,0.5512820512820512,0.49358974358974356
P00824,male,2000-2499,2482.7,rapid,77,2482.5454545454545,0.2527139527139527,3.211470005463512,60.09420579420579,17.768864468864468,0.08349983349983348,0.048551448551448544,19.140625,2.9103896103896103,0.5397602397602398,0.5342990342990344
P00825,male,2500+,2593.5,blitz,49,2572.469387755102,0.2786737072451358,3.0991869241869243,58.561842918985775,17.742079349222205,0.08505779934351361,0.05507587650444792,16.65,2.6912611198325482,0.6106155749012893,0.5924313781456638
P00825,male,2500+,2593.5,bullet,51,2613.6666666666665,0.28283894754482986,2.7293424440483265,60.26619741913859,18.02666331489861,0.09896095190212835,0.05044410926763867,17.209302325581394,2.8176135411429533,0.6341880341880343,0.58005698005698
P00826,male,2500+,2557.1,blitz,53,2573.943396226415,0.26228488492639435,3.769639898885182,58.60729836201534,18.062616628654364,0.0711175616835994,0.06945884304374868,25.394736842105264,2.693137051627618,0.5579514824797843,0.490877047480821
P00826,male,2500+,2557.1,bullet,47,2538.1702127659573,0.2490328820116054,3.478503942865645,59.31788424341616,18.573352179735156,0.07855973813420619,0.06055646481178394,20.774193548387096,2.6836408272578485,0.5398626196498537,0.5036080940336259
P00830,male,2000-2499,2495.8,blitz,19,2438.2105263157896,0.2857962213225371,2.949043062200957,57.184446693657215,17.189608636977056,0.08906882591093115,0.04048582995951416,16.9375,3.208974358974359,0.6406207827260458,0.5675101214574899
P00830,male,2000-2499,2495.8,bullet,81,2509.3333333333335,0.3205286483064261,2.663099006617525,55.0210351377018,16.91698322253878,0.08357075023741688,0.023741690408357066,12.653846153846153,3.211459322570434,0.6626622348844571,0.5973884140550808
P00831,male,2500+,2684.1,bullet,100,2684.09,0.2938461538461538,2.6333556998557,56.19307692307692,16.931538461538462,0.08769230769230767,0.029999999999999992,11.402061855670103,3.058461538461539,0.6069230769230769,0.5861538461538461
P00835,male,2000-2499,2392.6,blitz,83,2416.9277108433735,0.27186769054238935,3.155646600985853,59.34678273533696,17.830067522838608,0.07815878900216247,0.029734321902996592,17.743589743589745,2.9522816540888828,0.5632088794739397,0.5569530870735689
P00835,male,2000-2499,2392.6,bullet,17,2273.6470588235293,0.2965309200603318,3.3248832866479923,56.502262443438916,16.94469582704877,0.09522373051784815,0.03438914027149321,12.941176470588236,3.238813474107592,0.6174962292609352,0.559175465057818
P00841,male,2500+,2679.1,blitz,65,2775.492307692308,0.2733727810650887,2.9167156825075375,57.55384615384615,17.468639053254435,0.07218934911242601,0.027218934911242595,20.017543859649123,2.7775147928994084,0.557396449704142,0.5668639053254438
P00841,male,2500+,2679.1,bullet,35,2500.1428571428573,0.2602564102564102,2.8231181516895805,60.06428571428572,18.545787545787544,0.07710622710622708,0.03736263736263735,18.2,2.8915750915750915,0.5732600732600732,0.5663003663003663
P00846,male,1500-1999,1971.0,bullet,100,1971.02,0.2760299145299145,3.059644882894883,57.387632478632476,17.282735042735045,0.07292307692307691,0.03153846153846153,15.22340425531915,3.1702649572649575,0.6244358974358974,0.5069658119658119
P00847,male,2000-2499,2474.3,blitz,29,2444.310344827586,0.19363395225464186,3.6721632773356907,58.22811671087533,18.456233421750664,0.07957559681697611,0.06631299734748008,17.136363636363637,2.7400530503978784,0.4456233421750663,0.42175066312997345
P00847,male,2000-2499,2474.3,bullet,71,2486.521126760563,0.22629518368954984,3.1231642379529703,57.6885961456384,18.00157835122624,0.08843855674841589,0.04916937522571324,16.71875,2.9420970266040687,0.5442206463333225,0.4763879313175088
P00848,male,2000-2499,2476.0,blitz,87,2501.4137931034484,0.264367816091954,3.0297809470223265,57.44562334217506,17.030061892130856,0.0822281167108753,0.03448275862068965,16.46153846153846,3.0548187444739168,0.5605658709106984,0.5349248452696729
P00848,male,2000-2499,2476.0,bullet,13,2305.846153846154,0.2570677186061801,2.635489510489511,55.86127547666009,16.535831689677842,0.07100591715976329,0.029585798816568035,15.818181818181818,3.1531886916502305,0.5430637738330046,0.5627876397107167
P00851,male,2000-2499,2361.0,blitz,95,2366.8526315789472,0.2656238498343761,3.02959669673292,57.943812620128405,17.386034433402855,0.07687809266756633,0.04165542060278901,16.88157894736842,2.8568825910931173,0.5689332597227333,0.548859035701141
P00851,male,2000-2499,2361.0,bullet,5,2250.0,0.2461538461538461,3.190238095238095,59.830769230769235,17.50769230769231,0.09230769230769229,0.04615384615384614,11.0,3.0615384615384613,0.5692307692307692,0.5230769230769231
P00856,male,2500+,2545.0,blitz,59,2564.4406779661017,0.2517510737849721,3.3947686964636117,58.24955905676244,17.550228020567005,0.0900695349847892,0.03520208604954366,21.735849056603772,2.8225799624104706,0.5307418570130434,0.5492050322558797
P00856,male,2500+,2545.0,bullet,40,2524.275,0.27884615384615385,3.1163140331890333,59.119230769230775,18.107692307692307,0.08076923076923075,0.02307692307692307,17.305555555555557,2.875,0.5461538461538462,0.5692307692307692
P00856,male,2500+,2545.0,rapid,1,2227.0,0.2307692307692307,2.6666666666666665,67.15384615384616,22.46153846153846,0.3076923076923077,0.0,13.0,2.769230769230769,0.5384615384615384,0.4615384615384615
P00857,male,2500+,2781.1,blitz,44,2768.3636363636365,0.19784382284382282,3.320867894731531,59.98562548562549,18.160062160062157,0.08547008547008544,0.041958041958041946,21.058823529411764,2.6047008547008548,0.49844599844599846,0.4648407148407148
P00857,male,2500+,2781.1,bullet,56,2791.125,0.2706425518925519,2.981180624930625,58.6210699023199,17.48118894993895,0.0927197802197802,0.05555555555555554,25.5,2.665483821733822,0.5396443833943834,0.4967567155067155
P00858,male,2000-2499,2478.1,blitz,52,2400.173076923077,0.24605522682445757,3.476791840076253,61.26960059171598,18.24285009861933,0.11427514792899406,0.046104536489151866,16.958333333333332,3.2068540433925046,0.5099852071005917,0.5305719921104536
P00858,male,2000-2499,2478.1,bullet,48,2562.5625,0.26112325174825174,2.9397839429089427,59.06066797785547,18.067340472027972,0.09512310606060603,0.028846153846153837,17.52173913043478,3.149944153069153,0.5444638694638695,0.5658228923853924
P00862,male,2000-2499,2186.8,blitz,9,2186.777777777778,0.29914529914529914,2.643253968253968,56.52136752136752,17.5982905982906,0.05982905982905981,0.01709401709401709,20.142857142857142,2.5726495726495724,0.6153846153846154,0.5982905982905984
P00864,male,2000-2499,2484.3,blitz,37,2563.6486486486488,0.28477603477603475,2.964140439140439,59.134450009450006,17.814653814653813,0.08388458388458386,0.04989604989604988,18.942857142857143,2.733911358911359,0.5862707112707113,0.5906255906255906
P00864,male,2000-2499,2484.3,bullet,63,2437.746031746032,0.2682132682132682,2.8587212611022133,57.14690864690865,17.2005957005957,0.07858807858807856,0.03418803418803418,15.087719298245615,3.097458097458097,0.6267066267066267,0.5618085618085618
P00867,male,2000-2499,2474.9,blitz,100,2474.92,0.24891391941391938,3.228002816627817,58.88453907203907,17.57011843711844,0.06527472527472526,0.03880341880341879,13.811111111111112,3.344873015873016,0.5469847374847374,0.5361312576312577
P00877,male,2500+,2534.1,blitz,59,2617.491525423729,0.2114732724902216,3.2101734147098058,58.2129074315515,17.704563233376792,0.0799217731421121,0.052542372881355916,20.90909090909091,2.6590612777053457,0.4890482398956975,0.5217731421121252
P00877,male,2500+,2534.1,bullet,28,2572.4285714285716,0.246549284049284,2.9863636363636368,57.05105727605728,17.358533133533133,0.0579212454212454,0.021978021978021973,24.0,2.581880619380619,0.5317932067932067,0.5802447552447553
P00877,male,2500+,2534.1,rapid,13,2073.0,0.2969338353953738,3.444181459566075,58.10650887573964,17.383001613770844,0.11296395911780524,0.03765465303926841,20.272727272727273,2.4755244755244754,0.5718128025820334,0.5379236148466918
P00878,male,2000-2499,2361.3,blitz,75,2392.8133333333335,0.27810541310541304,2.8403992303992305,56.7858547008547,17.265957264957265,0.07019943019943019,0.02902564102564102,13.71830985915493,3.052019943019943,0.6123817663817664,0.5837806267806268
P00878,male,2000-2499,2361.3,bullet,19,2333.8947368421054,0.27065901934322983,2.8021929824561402,57.562573099415204,17.38197255960414,0.09491677912730542,0.030139451192082764,11.421052631578947,3.2811291048133158,0.5915542060278902,0.5622919478182636
P00878,male,2000-2499,2361.3,rapid,6,2053.5,0.24358974358974353,4.551851851851851,63.43589743589744,19.974358974358974,0.06410256410256408,0.0,19.666666666666668,2.8333333333333335,0.5256410256410257,0.5384615384615384
P00879,male,2000-2499,2271.3,blitz,100,2271.33,0.27178846153846153,3.0323006715506717,59.27446153846154,17.985788461538462,0.09199999999999997,0.04769230769230767,14.848484848484848,3.006192307692308,0.5768461538461538,0.5574807692307693
P00881,male,2500+,2609.1,blitz,47,2669.425531914894,0.2671849427168576,3.37251471932323,57.533142389525366,16.860133660665575,0.058919803600654644,0.045826513911620285,17.08108108108108,3.1130660120021822,0.5597381342062193,0.48138297872340424
P00881,male,2500+,2609.1,rapid,53,2555.509433962264,0.20870534078081246,3.6611175512118908,59.42545923677999,17.80635088182258,0.09469147204996259,0.05685300024922665,17.608695652173914,2.8722640043394763,0.49352743692366335,0.47347202064183197
P00882,male,2000-2499,2223.2,blitz,23,2140.2608695652175,0.2866626127495692,2.9762568349524874,59.926522752609706,18.136845039018954,0.07205837640620248,0.026755852842809357,19.4,2.8605199148677407,0.6319043275565015,0.5814077227120705
P00882,male,2000-2499,2223.2,rapid,69,2250.913043478261,0.2816332218506131,3.1979575778488822,59.33142883686362,17.93269230769231,0.07576179858788552,0.037578966926793,18.671875,3.0988480118914903,0.6259754738015608,0.5563452248234857
P00887,male,2000-2499,2068.4,blitz,7,2079.714285714286,0.23296703296703294,4.6190476190476195,57.72417582417582,17.9010989010989,0.043956043956043946,0.0,16.0,3.251648351648352,0.6054945054945055,0.5032967032967033
P00887,male,2000-2499,2068.4,bullet,93,2067.548387096774,0.2468651121876928,2.7726417847385587,57.35430731156537,17.74775657436948,0.06889991728701404,0.024234904880066164,17.802816901408452,2.708417359223811,0.5408227972744102,0.5471979334882561
P00889,male,2000-2499,2162.5,blitz,90,2162.5,0.24346153846153842,3.1485719527386196,58.10901709401709,17.583988603988605,0.06888888888888887,0.031623931623931616,16.873563218390803,2.884131054131054,0.5317236467236467,0.5160256410256411
P00890,male,2500+,2536.5,blitz,100,2536.49,0.2709120046620046,2.9822944277944274,56.77685547785548,17.222523892773893,0.08166666666666664,0.045205128205128196,15.529411764705882,2.8612791375291375,0.603544289044289,0.5368496503496503
P00897,male,1500-1999,1980.6,blitz,75,1969.24,0.28220879120879117,3.048462000962001,58.03639316239317,17.61283760683761,0.058323565323565314,0.02295726495726495,16.34722222222222,2.9265042735042734,0.6034468864468864,0.5709010989010989
P00897,male,1500-1999,1980.6,bullet,6,1626.0,0.24358974358974358,2.642857142857143,56.57692307692307,15.769230769230768,0.03846153846153845,0.0,18.333333333333332,2.692307692307692,0.6282051282051282,0.5256410256410257
P00897,male,1500-1999,1980.6,rapid,19,2137.5263157894738,0.30836707152496623,2.7558393361024938,57.06545209176789,17.032388663967613,0.0769230769230769,0.04048582995951416,18.375,2.9487179487179485,0.669365721997301,0.5978407557354926
P00902,male,2000-2499,2040.8,bullet,100,2040.77,0.2673925796425796,2.9891886724386723,59.588699494949495,17.854404817404816,0.08592715617715616,0.044333333333333315,20.373493975903614,2.718205128205128,0.5711903651903651,0.5640730380730381
P00906,male,2500+,2553.2,blitz,44,2610.25,0.24510489510489508,3.2747023809523808,59.684615384615384,17.86853146853147,0.07220279720279718,0.0402097902097902,19.675675675675677,2.7783216783216784,0.5421328671328671,0.5031468531468531
P00906,male,2500+,2553.2,bullet,56,2508.339285714286,0.25216782225710793,2.9087185631828487,59.841013649049366,18.034920634920635,0.07495257718472002,0.031511643118785966,18.326923076923077,3.1888599991278563,0.6006115907901622,0.5336549363335078
P00909,male,2000-2499,2211.7,blitz,12,2284.5,0.324290293040293,2.7319444444444443,54.63850732600733,16.967834249084248,0.051282051282051266,0.03846153846153845,24.333333333333332,2.966918498168498,0.586881868131868,0.5773809523809524
P00909,male,2000-2499,2211.7,bullet,69,2199.014492753623,0.27657849396979833,2.5462944865118775,52.80125671430019,16.154859633120505,0.07195702847876759,0.0334448160535117,23.0,2.8058173710347627,0.5479882436404175,0.5667376102158711
P00914,male,2000-2499,2390.6,blitz,9,2342.8888888888887,0.22507122507122507,3.4634920634920636,56.02421652421653,17.252136752136753,0.04273504273504272,0.01709401709401709,17.625,2.774928774928775,0.5512820512820513,0.48148148148148145
P00914,male,2000-2499,2390.6,bullet,91,2395.296703296703,0.2890852737006583,2.8994762258498525,57.9001665001665,17.956843156843156,0.09234867696406156,0.042419119342196256,16.469135802469136,2.721466994543918,0.6000217730986962,0.5577922077922077
P00917,male,2000-2499,2483.2,blitz,100,2483.2,0.246784188034188,3.2569920634920635,58.93497435897436,17.836732905982906,0.08019444444444442,0.03468589743589742,19.430232558139537,2.8659700854700856,0.5373461538461538,0.5345683760683761
P00918,male,2500+,2757.7,blitz,100,2757.67,0.24534965034965034,3.4642575202575205,59.162283216783216,18.1994965034965,0.063511655011655,0.023141025641025634,17.372093023255815,2.6662156177156175,0.5621841491841492,0.5508881118881118
P00921,male,2000-2499,2493.8,blitz,78,2573.128205128205,0.2802761341222879,2.9892357286588056,57.773948060486525,17.64761669953978,0.06944444444444442,0.023833004602235364,16.228571428571428,2.6703484549638397,0.5824786324786324,0.6032708744247206
P00921,male,2000-2499,2493.8,bullet,17,2235.8823529411766,0.2669683257918552,2.8751633986928105,58.56561085972851,17.83710407239819,0.085972850678733,0.022624434389140264,13.785714285714286,2.524886877828054,0.6153846153846154,0.6199095022624435
P00921,male,2000-2499,2493.8,rapid,5,2133.6,0.2961538461538461,2.7292929292929293,55.735897435897435,17.176923076923078,0.06153846153846152,0.03076923076923076,12.6,3.0474358974358973,0.75,0.6115384615384615
P00922,male,2000-2499,2445.3,bullet,100,2445.3,0.26047086247086243,3.0504355644355643,59.45200699300699,18.286121989121987,0.08491025641025639,0.05314102564102563,19.466666666666665,2.9554576534576533,0.5288745143745144,0.5644491064491064
P00923,male,2000-2499,2370.2,bullet,100,2370.23,0.25740548340548336,3.079743867243867,59.70536041736042,18.068147852147852,0.08243956043956041,0.033736263736263726,17.301075268817204,2.987730047730048,0.5607585747585747,0.5574021534021534
P00924,male,2500+,2635.1,bullet,100,2635.13,0.2626227106227106,2.914735236985237,58.56343956043956,17.472604395604396,0.07758241758241756,0.03692307692307691,19.0,2.9795421245421245,0.5521923076923076,0.5383296703296704
P00926,male,2000-2499,2494.3,blitz,100,2494.35,0.2527156177156177,3.028989898989899,57.86138111888112,17.599358974358974,0.09621794871794868,0.03923076923076922,20.973684210526315,2.424539627039627,0.5437354312354312,0.535506993006993
P00927,male,1500-1999,1948.7,blitz,100,1948.67,0.2698958818958819,3.1462725746475746,57.16670571095571,17.068028943278943,0.0756719114219114,0.0587136752136752,20.75,2.6734638694638693,0.557493006993007,0.49784654234654235
P00929,male,2500+,2530.5,bullet,100,2530.51,0.2935861638361638,2.7620726911976914,55.71795318570318,16.769081918081916,0.08502777777777774,0.025448717948717944,14.28048780487805,2.94169314019314,0.5954012099012099,0.5840333000333
P00933,male,2000-2499,2189.0,bullet,100,2189.04,0.2605889665889666,2.9387691197691197,58.03130924630925,17.359742035742034,0.07937062937062934,0.04726495726495725,20.13095238095238,2.9058096348096347,0.5522665112665113,0.5586138306138306
P00936,male,2000-2499,2268.4,blitz,33,2344.212121212121,0.2584822584822584,3.5285588990134444,60.77920227920228,18.55050505050505,0.08831908831908829,0.04299404299404298,18.82758620689655,2.9151126651126655,0.5824268324268324,0.5123672623672624
P00936,male,2000-2499,2268.4,bullet,7,1953.7142857142858,0.30787545787545784,2.954761904761905,59.271794871794874,17.79798534798535,0.0238095238095238,0.010989010989010986,19.142857142857142,3.282967032967033,0.5554945054945055,0.632967032967033
P00936,male,2000-2499,2268.4,rapid,2,2119.5,0.2307692307692307,3.0625,58.03846153846153,16.923076923076923,0.19230769230769224,0.11538461538461535,17.5,2.923076923076923,0.5769230769230769,0.5
P00944,male,2000-2499,2357.3,blitz,6,2393.3333333333335,0.3461538461538461,3.598412698412698,59.705128205128204,16.76923076923077,0.0769230769230769,0.051282051282051266,12.2,3.448717948717949,0.6025641025641025,0.6025641025641025
P00944,male,2000-2499,2357.3,bullet,94,2355.053191489362,0.2857482352163203,2.6686792817111966,58.845536850856,17.657654697548313,0.07609648035179947,0.045975301294450224,12.280898876404494,3.2807371411094817,0.5754905555437471,0.5777492306747626
P00945,male,2000-2499,2406.6,blitz,54,2339.722222222222,0.2561404644737978,3.2381481430092545,58.052555469222135,17.681939048605713,0.09567901234567898,0.05413105413105412,17.354166666666668,2.984723301389968,0.5435077268410602,0.576342484675818
P00945,male,2000-2499,2406.6,bullet,44,2500.0454545454545,0.25745088245088243,2.91790305653942,59.265639221889224,17.57913544788545,0.07148407148407146,0.039554195804195794,17.972972972972972,2.801560939060939,0.5659791597291597,0.5566010378510379
P00945,male,2000-2499,2406.6,rapid,2,2155.0,0.2307692307692307,2.8625,51.34615384615385,15.423076923076923,0.03846153846153845,0.0,15.5,3.076923076923077,0.4615384615384615,0.6538461538461539
P00946,male,2000-2499,2133.2,blitz,34,2215.3823529411766,0.2692307692307692,3.1004156790921495,57.705882352941174,17.359728506787327,0.08371040723981898,0.0429864253393665,21.193548387096776,2.9027149321266967,0.5678733031674208,0.5248868778280543
P00946,male,2000-2499,2133.2,bullet,48,2075.0625,0.31325549450549445,2.8681442400192396,57.87916285103785,16.90534188034188,0.07411858974358972,0.035027472527472514,16.8,3.013026556776557,0.6383966727716728,0.5601953601953602
P00947,male,2500+,2842.3,bullet,100,2842.29,0.2773885003885004,3.0044165951008055,58.408284382284386,17.4197466977467,0.05726495726495725,0.030683760683760677,22.16867469879518,2.5723247863247867,0.5735664335664336,0.5673752913752914
P00948,male,2000-2499,2391.4,blitz,25,2391.44,0.2722377622377622,3.392700410700411,60.142902097902095,18.437226107226106,0.08749417249417248,0.039405594405594394,24.94736842105263,2.601958041958042,0.5651981351981352,0.5381818181818182
P00949,male,2000-2499,2119.5,bullet,76,2131.907894736842,0.2668946550525498,2.8341217627401836,54.33360119412751,16.684039535026375,0.11180938944096837,0.019043675622622987,19.444444444444443,2.9861213348055453,0.6852840142313826,0.4532828282828283
P00949,male,2000-2499,2119.5,rapid,10,2025.5,0.4246153846153846,2.2316666666666665,54.118205128205126,16.496666666666666,0.056153846153846144,0.01538461538461538,20.375,2.5923076923076924,0.6938461538461539,0.5851282051282052
P00950,male,1500-1999,1771.5,blitz,40,1771.475,0.26395687645687643,3.0631016899766896,59.803668900543904,18.39691627816628,0.10499708624708622,0.05277777777777777,18.352941176470587,2.694667832167832,0.5767094017094017,0.5234144327894328
P00952,male,2000-2499,2132.5,bullet,100,2132.46,0.290528305028305,3.0475512265512266,60.17334815184815,17.924510323010324,0.09214652014652013,0.037692307692307685,18.44943820224719,3.1354314019314016,0.5976506826506827,0.5397952047952048
P00953,male,2000-2499,2401.2,blitz,27,2406.259259259259,0.2543259209925876,2.9784449090004643,59.34229659229659,18.21656738323405,0.07727149393816059,0.05203746870413536,15.217391304347826,3.132666716000049,0.5509058842392176,0.5488122988122988
P00953,male,2000-2499,2401.2,bullet,51,2350.7450980392155,0.2601294130705895,3.220341368870781,59.55517129928894,18.036927451633332,0.1090086384204031,0.0627885186708716,15.44,2.979912244618127,0.5902894491129785,0.562321338791927
P00953,male,2000-2499,2401.2,rapid,22,2512.0454545454545,0.28671328671328666,2.628589466089466,58.24009324009324,18.097902097902097,0.09557109557109555,0.0571095571095571,18.72222222222222,2.934731934731935,0.5710955710955711,0.5279720279720279
P00954,male,2500+,2581.9,blitz,87,2604.1494252873563,0.23951160589091622,3.3582802574181883,59.97684738633014,18.051705159463783,0.07553764881351085,0.03415119363395225,18.31645569620253,2.9320894622618763,0.5467986674883226,0.5642677884057195
P00954,male,2500+,2581.9,rapid,13,2433.076923076923,0.2622825892056661,3.0628205128205126,56.13963600502062,16.774923794154567,0.0779989241527703,0.02366863905325443,21.0,2.8097095212479832,0.5483682983682984,0.5622646584185046
P00957,male,2000-2499,2383.1,blitz,57,2392.6140350877195,0.2911725214356793,2.9735614288245866,56.725043961886065,17.060565165828322,0.06881057538952275,0.025134952766531705,19.163265306122447,2.817283837020679,0.5834355702776756,0.5486255946782262
P00957,male,2000-2499,2383.1,rapid,2,2112.0,0.34615384615384615,2.0,54.0,16.115384615384613,0.03846153846153845,0.03846153846153845,19.5,2.8846153846153846,0.5,0.5769230769230769
P00962,male,2500+,2788.1,blitz,88,2784.625,0.27300824175824173,2.989893755234664,57.194097569097565,17.001581751581753,0.09422868797868796,0.040428321678321666,20.350649350649352,2.8648747086247086,0.5723651348651349,0.5581397768897769
P00962,male,2500+,2788.1,bullet,12,2813.75,0.2243589743589743,2.6847222222222222,60.12820512820513,18.0,0.0769230769230769,0.03205128205128204,17.818181818181817,2.8333333333333335,0.5512820512820512,0.5128205128205128
P00964,male,2000-2499,2339.4,blitz,36,2293.1388888888887,0.29434300267633595,3.167989417989418,57.96890378140378,17.321149529482863,0.058080808080808066,0.02816627816627816,16.470588235294116,2.945658508158508,0.6021000604333938,0.5864035655702322
P00964,male,2000-2499,2339.4,bullet,64,2365.359375,0.2810041520979021,3.0066639523670773,58.97722719988345,17.888870677933177,0.07056745337995336,0.034509761072261065,12.94915254237288,3.0222461999805748,0.5824501019813519,0.5546905351592851
P00969,male,2000-2499,2327.0,blitz,14,2296.4285714285716,0.2681318681318681,3.291326530612245,57.11758241758242,17.453296703296704,0.08406593406593403,0.03846153846153845,16.833333333333332,2.7082417582417584,0.5961538461538461,0.5923076923076923
P00969,male,2000-2499,2327.0,bullet,86,2331.9418604651164,0.28614047451256747,2.886581667686319,57.96164352443422,17.651496629985,0.07662144057492892,0.03625024845955078,18.95945945945946,2.7416362061710897,0.5895729593404012,0.6049334386543689
P00971,male,2000-2499,2056.3,blitz,38,2040.6842105263158,0.26518218623481776,3.3260056464003833,58.046558704453446,17.402834008097166,0.05465587044534411,0.01821862348178137,19.96969696969697,2.7712550607287447,0.5728744939271255,0.611336032388664
P00971,male,2000-2499,2056.3,bullet,3,2254.0,0.282051282051282,2.7619047619047614,58.205128205128204,17.64102564102564,0.051282051282051266,0.0,18.666666666666668,2.6666666666666665,0.5128205128205129,0.641025641025641
P00972,male,2000-2499,2205.6,blitz,73,2334.780821917808,0.26640323147172457,3.372463913559804,60.03415876361082,18.223454513523006,0.10054443273621352,0.04223744292237441,18.131147540983605,2.94072708113804,0.5638479100807867,0.5483315770987004
P00972,male,2000-2499,2205.6,rapid,27,1856.2962962962963,0.3088958366736144,2.525867136978248,57.115578351689464,17.301602718269383,0.027425249647471863,0.03185703185703185,18.208333333333332,2.754406601628824,0.6448854643299088,0.6227095949318171
P00973,male,2000-2499,2087.7,blitz,100,2087.68,0.2580587745587745,2.995656981906982,58.505409756909756,17.574105061605064,0.052869463869463854,0.030051282051282043,17.64516129032258,2.956875291375291,0.5578195138195138,0.5558316683316683
P00974,male,2000-2499,2156.5,blitz,100,2156.51,0.2601510989010989,3.1890588023088027,56.95088278388278,17.54640476190476,0.0716208791208791,0.035384615384615375,15.611764705882353,2.752725274725275,0.5936172161172162,0.5351804029304029
P00977,male,1500-1999,1938.5,blitz,82,1957.2682926829268,0.2760718955840907,3.2564826772143847,57.60870034437108,17.40744682147121,0.10586182110572352,0.05141352549889134,19.11392405063291,2.826006107713425,0.6041127571615377,0.5227530599481819
P00977,male,1500-1999,1938.5,bullet,13,1755.3076923076924,0.3080509234355388,2.7306776556776557,57.19126172972327,17.102444563983024,0.0779989241527703,0.017751479289940822,20.75,2.7059350905504753,0.6016376785607555,0.5135377443069751
P00977,male,1500-1999,1938.5,rapid,5,2108.0,0.3538461538461538,2.3233333333333333,59.2025641025641,18.444871794871794,0.06282051282051279,0.03076923076923076,14.0,2.885897435897436,0.7512820512820513,0.6064102564102564
P00978,male,2000-2499,2397.5,rapid,100,2397.52,0.2900930458430458,2.943549256299256,57.247687839937846,17.083964646464647,0.07328088578088576,0.03966550116550115,16.68888888888889,3.2880440947940945,0.5871157731157731,0.5618242035742036
P00980,male,2000-2499,2324.9,blitz,100,2324.94,0.2587142857142857,3.133882765926884,57.90776123876124,18.002517482517483,0.07385714285714283,0.03484615384615384,17.322222222222223,2.7950494505494503,0.5477937062937063,0.5568121878121878
P00981,male,2000-2499,2315.6,blitz,100,2315.59,0.23660547785547784,3.2957727468609823,58.240419580419584,17.668403263403263,0.069775641025641,0.02823717948717948,18.632183908045977,2.856724941724942,0.5334994172494172,0.556590909090909
P00982,male,2500+,2598.2,blitz,96,2592.59375,0.2831475815850815,2.9775118901727358,57.98839395558145,17.358002298627298,0.08083236208236207,0.03269878269878269,19.645569620253166,3.0491452991452994,0.5812730672105672,0.5584162943537944
P00982,male,2500+,2598.2,bullet,4,2732.5,0.28846153846153844,2.6291666666666664,58.19230769230769,16.78846153846154,0.03846153846153845,0.057692307692307675,19.0,3.4423076923076925,0.576923076923077,0.5576923076923077
P00983,male,2000-2499,2250.0,blitz,99,2248.7676767676767,0.24443236337175725,3.5074861165770255,57.73100297569995,17.221831115012932,0.061304436304436286,0.04495269040723585,17.766666666666666,3.1029879211697398,0.48098402719614836,0.5089618574467059
P00983,male,2000-2499,2250.0,rapid,1,2376.0,0.2307692307692307,2.8,62.30769230769231,19.307692307692307,0.0769230769230769,0.0,9.0,3.230769230769231,0.5384615384615384,0.5384615384615384
P00984,male,2500+,2512.2,bullet,100,2512.22,0.28857420357420355,2.8344552669552674,55.55990675990676,16.622280497280496,0.08355089355089353,0.03125097125097124,23.96,2.558022533022533,0.6031390831390832,0.5897319347319347
P00986,male,1500-1999,1766.6,blitz,2,1951.5,0.37412587412587406,4.590909090909091,58.87412587412588,16.531468531468533,0.04545454545454545,0.04545454545454545,18.0,3.104895104895105,0.458041958041958,0.534965034965035
P00986,male,1500-1999,1766.6,bullet,98,1762.8469387755101,0.31498934738730655,2.874965397414377,58.37743328100471,17.824885063915676,0.08879513343799056,0.03375196232339089,14.033333333333333,2.9531425207445614,0.6383045525902669,0.5734217313298946
P00990,male,2500+,2591.9,bullet,100,2591.87,0.30026007326007326,2.7511640997891,56.27014285714286,16.73535531135531,0.07989010989010988,0.02461538461538461,21.85185185185185,2.6632747252747255,0.570565934065934,0.5915274725274725
P00993,male,2000-2499,2228.3,blitz,95,2252.315789473684,0.31777932593722064,2.8790834707088577,57.93104191130507,17.627176098755047,0.09393577183050866,0.033715757926284236,17.076923076923077,2.9290562945826104,0.5804660252028673,0.560776621039779
P00993,male,2000-2499,2228.3,rapid,5,1772.2,0.2512820512820512,2.703982683982684,55.424358974358974,17.328205128205127,0.08076923076923076,0.0,17.666666666666668,2.6564102564102567,0.55,0.6269230769230769
P00994,male,2000-2499,2433.3,blitz,99,2437.3535353535353,0.2590701105852621,3.0867451571997027,59.562303297151786,17.796928688595354,0.08840640280034218,0.04165587498920831,18.433333333333334,3.0177085540721906,0.5609121518212428,0.5534882625791717
P00994,male,2000-2499,2433.3,rapid,1,2037.0,0.1538461538461538,5.0,65.0,23.307692307692307,0.1538461538461538,0.0,18.0,2.0,0.4615384615384615,0.3846153846153846
P00995,male,2500+,2515.7,blitz,98,2516.7244897959185,0.19123277516134654,3.7066056958914104,59.69584205477062,17.590574306645735,0.07397305075876502,0.04209183673469387,20.971014492753625,2.9865144775859065,0.5162589394732252,0.47017922553636843
P00995,male,2500+,2515.7,rapid,2,2466.0,0.23076923076923075,2.492063492063492,56.23076923076923,18.153846153846153,0.11538461538461535,0.0769230769230769,21.5,3.346153846153846,0.423076923076923,0.4615384615384615
P01003,male,2000-2499,2167.5,blitz,89,2191.505617977528,0.2739861262333172,2.812819892892596,56.797852896167505,17.613964312840718,0.06031197267152322,0.03496727991110013,20.22077922077922,2.6956827816378377,0.6018835097486783,0.5638629161101072
P01003,male,2000-2499,2167.5,bullet,11,1973.3636363636363,0.28496503496503495,2.4145743145743146,56.62373737373737,17.722999222999224,0.059634809634809625,0.027972027972027965,17.818181818181817,3.0446775446775445,0.6435508935508936,0.6526806526806527
P01005,male,1500-1999,1844.1,bullet,100,1844.09,0.2743599733599733,3.1490276112776114,59.22011507936508,18.15917451992452,0.08883433233433231,0.041790459540459526,17.839080459770116,2.819258130758131,0.6013376345876346,0.5314347596847597
P01009,male,2500+,2608.9,blitz,5,2659.0,0.21538461538461537,3.25,60.66153846153846,17.892307692307693,0.0769230769230769,0.04615384615384614,21.666666666666668,3.3846153846153846,0.5692307692307692,0.5230769230769231
P01009,male,2500+,2608.9,bullet,94,2612.6702127659573,0.23618137181966964,3.127676268766694,59.54508257699747,17.64916865049844,0.0713435500669543,0.047156301145662834,15.263736263736265,3.4080307989882455,0.5285206814462133,0.53337486981104
P01009,male,2500+,2608.9,rapid,1,2004.0,0.1666666666666666,5.0,56.75,18.5,0.0833333333333333,0.0,10.0,4.0,0.75,0.25
P01010,male,2000-2499,2290.2,blitz,100,2290.15,0.26140559440559435,2.893589008214008,59.81878321678321,18.268892773892773,0.07075524475524474,0.03384615384615384,17.388235294117646,2.9307808857808855,0.5705547785547785,0.560927738927739
P01013,male,2000-2499,2236.8,blitz,100,2236.8,0.26004595404595404,3.1188858363858367,57.788194805194806,17.51739160839161,0.10025174825174822,0.04355769230769229,16.863636363636363,2.7908379120879125,0.6025669330669331,0.5210157342657342
P01016,male,2000-2499,2118.4,blitz,90,2111.233333333333,0.26113454446787776,2.9962861829528498,58.97172500339167,17.785616173949506,0.09482431149097814,0.03985150651817317,19.795180722891565,2.7641409208075873,0.5456701940035273,0.5494318027651361
P01016,male,2000-2499,2118.4,rapid,10,2182.9,0.24038461538461536,3.3566666666666665,60.79102564102565,18.486538461538462,0.09358974358974356,0.02307692307692307,18.666666666666668,2.5846153846153848,0.5044871794871795,0.4576923076923077
P01017,male,2000-2499,2172.9,blitz,100,2172.87,0.21685897435897433,3.4822599067599067,59.790128205128205,17.964551282051282,0.06641025641025639,0.0462179487179487,24.5974025974026,2.909935897435897,0.4880128205128205,0.486474358974359
P01018,male,2000-2499,2318.0,blitz,2,2318.0,0.2967032967032967,2.571428571428571,60.857142857142854,19.478021978021978,0.03846153846153845,0.0,12.5,2.912087912087912,0.8186813186813188,0.6978021978021978
P01023,male,2000-2499,2235.5,blitz,92,2235.336956521739,0.2682513139034878,3.1386018783716993,56.76037585602803,17.05248646281255,0.06800943621595794,0.0380285475394171,19.954545454545453,2.7053213091256567,0.5916666666666667,0.5207606704889314
P01023,male,2000-2499,2235.5,rapid,8,2237.25,0.2788461538461538,2.603670634920635,53.83653846153846,15.346153846153845,0.11538461538461535,0.04807692307692306,19.0,2.9711538461538463,0.5865384615384616,0.6538461538461539
P01028,male,2000-2499,2415.8,blitz,32,2388.71875,0.26312099358974356,3.2030696733821733,59.29927884615385,17.98818108974359,0.094150641025641,0.05528846153846152,19.724137931034484,2.8110977564102564,0.5627003205128205,0.5791266025641025
P01028,male,2000-2499,2415.8,bullet,67,2434.1194029850744,0.2539773659176644,2.9611607712353982,57.39266852550435,17.187010004920452,0.05979716800612322,0.02870264064293914,16.189655172413794,2.907714176370893,0.5666639330818435,0.5412142583784375
P01028,male,2000-2499,2415.8,rapid,1,2050.0,0.2307692307692307,1.9,52.0,17.53846153846154,0.0,0.0,10.0,3.0,0.4615384615384615,0.6153846153846154
P01029,male,2500+,2697.8,bullet,100,2697.85,0.2612508325008325,2.7879020146520146,57.43809898434898,17.045372127872128,0.07115384615384614,0.035929487179487164,21.705882352941178,2.470739260739261,0.5889348151848152,0.5854528804528805
P01032,male,2500+,2562.9,blitz,100,2562.93,0.2429336774336774,3.0284022366522367,57.332195415695416,17.884985458985458,0.07971250971250969,0.04425213675213674,17.352941176470587,2.506720723720724,0.5525486735486735,0.5339050394050394
P01034,male,2500+,2750.2,blitz,63,2714.1111111111113,0.25925925925925924,3.0154461059222966,60.037749287749286,18.035917785917785,0.06837606837606836,0.041615791615791604,14.172413793103448,3.1303418803418803,0.5368335368335367,0.5368335368335367
P01034,male,2500+,2750.2,bullet,35,2851.457142857143,0.22417582417582413,2.9604277468563183,60.25934065934065,18.63736263736264,0.08571428571428569,0.039560439560439545,13.454545454545455,3.010989010989011,0.4923076923076923,0.5692307692307692
P01034,male,2500+,2750.2,rapid,2,2113.0,0.1538461538461538,3.238095238095238,58.53846153846154,16.923076923076923,0.03846153846153845,0.03846153846153845,13.5,3.1153846153846154,0.3461538461538461,0.46153846153846156
P01035,male,2000-2499,2209.5,blitz,89,2214.449438202247,0.2819785707426157,3.168149515902325,59.535858336420134,18.091101096157278,0.0914097762412369,0.05180063382310572,17.038961038961038,3.008743877845001,0.5836440712845207,0.549235845303261
P01035,male,2000-2499,2209.5,rapid,11,2169.2727272727275,0.21678321678321674,3.5406204906204906,57.53846153846154,17.6013986013986,0.05594405594405593,0.04895104895104894,15.444444444444445,3.1258741258741263,0.5874125874125874,0.5454545454545454
P01037,male,1500-1999,1976.5,bullet,100,1976.53,0.32488927738927736,2.8704249639249637,58.143057498057495,17.69069153069153,0.09945609945609943,0.03416666666666666,14.545454545454545,3.2646231546231546,0.6396348096348096,0.5875291375291376
P01038,male,2000-2499,2082.2,blitz,10,2008.8,0.3069597069597069,3.2677472527472524,58.56422466422466,18.18998778998779,0.16507936507936505,0.06495726495726493,20.625,2.6831501831501834,0.5457875457875458,0.5631257631257631
P01038,male,2000-2499,2082.2,bullet,90,2090.322222222222,0.26693877110543773,2.9217075517075517,57.65886351303018,17.54720695970696,0.07170206336873002,0.04505093671760337,18.526315789473685,2.739765327265327,0.5199544282877616,0.5292018167018167
P01039,male,2000-2499,2389.9,blitz,100,2389.86,0.23172727272727267,3.1515267885709064,60.31635664335664,17.86860839160839,0.08097202797202796,0.04113986013986013,18.47872340425532,3.0535174825174822,0.49185314685314685,0.5054685314685314
P01040,male,1500-1999,1978.6,blitz,100,1978.61,0.278034188034188,2.856477209065444,56.085256410256406,16.365,0.06111111111111109,0.029999999999999992,18.855670103092784,2.95982905982906,0.6044444444444445,0.5611111111111111
P01043,male,2500+,2609.3,bullet,100,2609.33,0.30769522144522143,2.6627229714729714,57.552972027972025,17.16417540792541,0.09398601398601397,0.04096153846153845,11.727272727272727,3.2820629370629373,0.6475611888111888,0.5683857808857808
P01044,male,2000-2499,2216.4,blitz,27,2459.074074074074,0.327730294396961,2.6934156378600824,57.70835707502374,17.42684393795505,0.07207977207977206,0.04074074074074073,17.136363636363637,2.9476733143399807,0.6373852484963597,0.605318138651472
P01044,male,2000-2499,2216.4,bullet,73,2126.7123287671234,0.29074464348436946,2.7174593291031646,56.95618194590798,17.469090270460136,0.0980857042500878,0.032753775904460825,17.057971014492754,2.836582367404285,0.5986125746399719,0.5697225149279944
P01045,male,2500+,2595.5,blitz,2,2526.5,0.29720279720279713,3.333333333333333,58.34265734265735,18.751748251748253,0.0839160839160839,0.0,12.0,2.5419580419580416,0.5944055944055944,0.5104895104895104
P01045,male,2500+,2595.5,bullet,98,2596.938775510204,0.25687770279607014,2.842023905799416,57.929846570662896,17.338562344684792,0.07816593837001998,0.03772146221125812,18.67058823529412,2.9107229505188688,0.5350337870746034,0.5324118058811936
P01046,male,2500+,2841.0,bullet,100,2840.97,0.2771258741258741,2.815653915528915,58.66193706293706,17.812972027972027,0.10507692307692305,0.03869230769230768,15.46875,3.0436783216783216,0.5788391608391609,0.5462097902097902
P01049,male,2000-2499,2208.2,blitz,100,2208.21,0.27059246309246304,3.1451423853923854,59.169265734265736,17.954241452991454,0.08275835275835274,0.02509712509712509,15.955555555555556,2.7946911421911422,0.6215666278166279,0.5497426184926185
P01050,male,2000-2499,2183.4,blitz,100,2183.43,0.26957975357975356,3.1157670662670665,58.043385281385284,17.752293706293706,0.09547752247752246,0.03846153846153845,19.094117647058823,2.8405604395604396,0.5674602064602065,0.5263459873459874
P01051,male,2000-2499,2317.7,rapid,100,2317.68,0.2571151903651903,3.097965145965146,57.478359945609945,17.322994560994562,0.08294444444444443,0.04871891996891995,20.452380952380953,2.898576146076146,0.5789118104118104,0.5406938616938617
P01053,male,2000-2499,2399.0,blitz,95,2387.0315789473684,0.26588201272411793,3.1089593447488184,57.16133217659533,17.538565644881434,0.05611336032388663,0.030026990553306335,17.452380952380953,3.2026682089839986,0.5451436283015231,0.531764025448236
P01053,male,2000-2499,2399.0,bullet,5,2626.8,0.2769230769230769,3.2352380952380955,57.353846153846156,18.092307692307692,0.0769230769230769,0.01538461538461538,13.0,3.4769230769230766,0.5538461538461539,0.5692307692307692
P01056,male,2000-2499,2292.3,blitz,100,2292.27,0.2387760295260295,3.1627169913419912,59.83215132090132,17.725107226107227,0.10051048951048948,0.04469852369852369,21.65909090909091,2.9132092074592078,0.5467911810411811,0.5182808857808857
P01057,male,2000-2499,2334.8,blitz,25,2314.48,0.2656410256410256,3.113115107115107,56.819145299145305,16.876239316239317,0.03829059829059828,0.018461538461538456,16.875,2.8868376068376067,0.5682051282051281,0.5897435897435898
P01057,male,2000-2499,2334.8,bullet,58,2383.2758620689656,0.29980842911877387,2.6635803372872338,57.963085764809904,17.252136752136753,0.0663129973474801,0.022546419098143228,21.386363636363637,2.7474211612142643,0.6422045387562629,0.6125847332743884
P01057,male,2000-2499,2334.8,rapid,17,2199.470588235294,0.23604826546003016,3.3955828485240254,57.11463046757165,17.457767722473605,0.06523378582202109,0.018099547511312212,16.3125,3.1380090497737556,0.555052790346908,0.5388386123680241
P01059,male,2000-2499,2361.0,blitz,97,2371.9690721649486,0.2465423465423465,3.380712028521307,59.430166454393266,17.70080223327646,0.0635077980438805,0.038065027755749395,18.473684210526315,3.0088449923501472,0.5087933258036351,0.5394688358605885
P01059,male,2000-2499,2361.0,rapid,3,2005.3333333333333,0.29059829059829057,2.5555555555555554,59.17948717948718,18.153846153846153,0.0769230769230769,0.0,20.0,2.202279202279202,0.6324786324786325,0.6324786324786325
P01060,male,2000-2499,2261.1,blitz,61,2260.55737704918,0.24701555275325765,3.30458744352187,60.08812526271543,18.32849586661062,0.0636121619728177,0.03442622950819671,18.68,2.8298549810844893,0.5309723973658399,0.5735918453131569
P01060,male,2000-2499,2261.1,bullet,36,2282.1944444444443,0.2457264957264957,3.1410614077280745,59.42450142450142,18.139957264957264,0.07478632478632477,0.04487179487179486,15.575757575757576,3.0883190883190883,0.5498575498575499,0.5213675213675214
P01060,male,2000-2499,2261.1,rapid,3,2020.3333333333333,0.282051282051282,2.088888888888889,57.43589743589744,17.102564102564102,0.051282051282051266,0.051282051282051266,25.5,2.7179487179487176,0.5897435897435898,0.6923076923076924
P01061,male,2000-2499,2423.7,blitz,44,2481.6136363636365,0.28771985590167404,2.785937295028204,57.51674966447694,17.4978897365261,0.10771614748887473,0.0386072261072261,16.692307692307693,2.7966068022886206,0.6097425301970757,0.571982941301123
P01061,male,2000-2499,2423.7,bullet,32,2553.75,0.2986232517482517,2.7976483585858585,55.62871503496503,17.047776442307693,0.11295345279720277,0.05766499125874124,21.571428571428573,2.55935861013986,0.6312008304195804,0.571131993006993
P01061,male,2000-2499,2423.7,rapid,24,2144.0833333333335,0.2934149184149184,3.1127660533910535,58.6532634032634,17.763986013986013,0.08653846153846151,0.028846153846153837,14.761904761904763,3.187354312354312,0.6145104895104895,0.5611888111888111
P01064,male,2500+,2641.0,blitz,24,2641.0416666666665,0.25133547008547,3.5443681318681315,57.88274572649573,16.947115384615383,0.08386752136752135,0.05154914529914528,16.8,2.993589743589743,0.5248397435897436,0.5288461538461539
P01065,male,1500-1999,1876.2,blitz,50,2036.36,0.297056277056277,3.1458192918192918,58.399025974025975,17.366405261405262,0.09438228438228435,0.04361305361305359,21.38095238095238,2.763290043290043,0.5981318681318681,0.559995004995005
P01065,male,1500-1999,1876.2,bullet,50,1715.96,0.2670354645354645,2.8659805194805195,57.95254995004995,17.46148851148851,0.08748251748251747,0.035384615384615375,18.59090909090909,3.000241425241425,0.5499666999666999,0.5479337329337329
P01067,male,2000-2499,2312.1,blitz,100,2312.08,0.2618539516039516,3.208341783087913,58.83274403374403,17.667487762237762,0.08850005550005548,0.034397435897435893,22.2,2.8732833000333,0.5893624153624153,0.5803361083361084
P01072,male,1500-1999,1973.4,rapid,15,1973.4,0.28717948717948716,3.048273208273208,58.774358974358975,17.94871794871795,0.0769230769230769,0.02564102564102563,26.333333333333332,2.758974358974359,0.5230769230769231,0.5794871794871794
P01073,male,2500+,2736.6,bullet,100,2736.55,0.26871611721611716,2.8626819291819294,56.87994688644689,16.73004945054945,0.06512820512820511,0.03326923076923076,20.40449438202247,2.97582967032967,0.5872655677655678,0.5768919413919413
P01074,male,2000-2499,2459.7,bullet,100,2459.72,0.30839160839160834,2.6855478132978137,58.637062937062936,18.142797202797205,0.09398601398601397,0.023846153846153836,14.395833333333334,2.8453846153846154,0.5935664335664336,0.5826573426573427
P01082,male,2000-2499,2195.4,blitz,100,2195.36,0.2716480741480741,2.8815542235542235,60.067299783549785,18.031707320457322,0.09617410367410364,0.04636446886446885,21.105882352941176,2.878656898656899,0.5447338772338772,0.5489700577200577
P01083,male,2000-2499,2429.6,blitz,99,2432.838383838384,0.2699430199430199,3.094363956173225,58.22027972027972,17.473905723905723,0.08909608909608907,0.030432530432530424,17.928571428571427,2.7529785029785034,0.551023051023051,0.5361305361305361
P01083,male,2000-2499,2429.6,bullet,1,2110.0,0.3076923076923077,3.0,57.84615384615385,15.692307692307692,0.0,0.0,15.0,2.4615384615384617,0.5384615384615384,0.6923076923076923
P01087,male,2000-2499,2319.3,blitz,98,2325.326530612245,0.2765250622393479,3.2991519401633447,57.94009561866705,17.787468483897054,0.07347216275787702,0.04865769151483436,21.176470588235293,2.732170607170607,0.5746099138956282,0.5830360116074401
P01087,male,2000-2499,2319.3,rapid,2,2025.0,0.2692307692307692,4.466666666666667,56.96153846153847,18.73076923076923,0.03846153846153845,0.0769230769230769,10.5,1.807692307692308,0.6153846153846154,0.5
P01089,male,2500+,2622.5,blitz,100,2622.54,0.24527991452991452,2.946592352092352,58.849066239316244,17.789083333333334,0.10605341880341879,0.04211111111111109,21.604938271604937,2.7424551282051284,0.5308482905982906,0.5419252136752136
P01093,male,2000-2499,2365.7,blitz,61,2415.754098360656,0.246427070197562,2.9033537955669106,58.98934426229508,17.963650693568727,0.09732030264817149,0.048234552332912975,18.448275862068964,3.077416981925179,0.5884615384615384,0.4956704497688104
P01093,male,2000-2499,2365.7,bullet,39,2287.358974358974,0.2480425557348634,2.7385623635623633,56.07660928814774,17.155639232562308,0.1016077939154862,0.09212689020381326,12.487179487179487,3.1696551311935925,0.5653278345586038,0.4861260534337457
P01097,male,1500-1999,1824.7,blitz,64,1824.703125,0.2723557692307692,3.076365778318903,60.20576923076923,18.427584134615383,0.08529647435897433,0.02930689102564102,18.789473684210527,2.835967548076923,0.5482171474358974,0.5669070512820513
P01098,male,2500+,2705.2,blitz,4,2441.25,0.3,3.583333333333333,57.988461538461536,18.24230769230769,0.0,0.0,14.0,2.2673076923076922,0.4980769230769231,0.5923076923076923
P01098,male,2500+,2705.2,bullet,96,2716.2395833333335,0.25656929875679874,2.9378848003848006,58.7761047979798,17.307468919968922,0.07581220862470861,0.026442307692307685,18.597560975609756,2.8956063034188033,0.5563361985236985,0.5736523892773893
P01105,male,1500-1999,1955.8,blitz,100,1955.81,0.29361280386280386,2.9841809163059163,58.528600371850374,17.774668886668888,0.061450965700965685,0.02326923076923076,17.988888888888887,2.746213675213675,0.6449459984459984,0.5810341602841603
P01111,male,2000-2499,2325.2,bullet,100,2325.25,0.26427472527472523,2.7707519702519705,57.73112087912088,17.662687423687423,0.10782051282051279,0.05157264957264956,26.904109589041095,2.408716727716728,0.5326703296703297,0.5095091575091575
P01113,male,2000-2499,2043.4,blitz,65,2141.9538461538464,0.23841222879684415,3.3462584424122888,58.61272189349113,17.7594674556213,0.06982248520710058,0.034319526627218926,16.61111111111111,2.9971400394477317,0.5175542406311637,0.5207100591715976
P01113,male,2000-2499,2043.4,bullet,35,1860.4857142857143,0.26885400313971736,2.9533426097711812,58.609513343799065,17.60712715855573,0.05934065934065932,0.03076923076923076,19.344827586206897,2.7733124018838304,0.5691051805337519,0.5292307692307692
P01123,male,2500+,2825.3,blitz,100,2825.35,0.2397435897435897,3.6807223903547435,61.39948717948718,18.743247863247863,0.06769230769230768,0.031111111111111103,22.27173913043478,2.737008547008547,0.505982905982906,0.49529914529914526
P01126,male,2500+,2686.9,bullet,100,2686.92,0.24391774891774887,2.631872016872017,54.149029637029635,16.63277738927739,0.04952447552447551,0.015384615384615379,17.71578947368421,3.188815850815851,0.5437232767232767,0.5410907425907426
P01127,male,2500+,2605.0,blitz,75,2641.173333333333,0.23594094794094791,3.1320698959909485,56.446466533466534,16.89665723165723,0.0741181041181041,0.05295726495726494,17.971014492753625,3.1365758685758682,0.5223444333444334,0.5379161949161949
P01127,male,2500+,2605.0,bullet,25,2496.48,0.3173076923076923,3.1244920634920637,57.84461538461538,17.465,0.08615384615384614,0.05115384615384614,18.916666666666668,3.0515384615384615,0.6119230769230769,0.6219230769230769
P01128,male,2000-2499,2387.0,blitz,70,2417.942857142857,0.24442339406625116,3.179242582814011,58.507022382379525,17.82443132264561,0.06340944769516196,0.04197374054516911,12.76271186440678,2.8021070596070596,0.5560419738991168,0.49900579579151005
P01128,male,2000-2499,2387.0,bullet,8,2626.5,0.18269230769230765,3.4770833333333333,57.76923076923077,18.0,0.057692307692307675,0.019230769230769225,9.0,2.9711538461538463,0.41346153846153844,0.46153846153846156
P01128,male,2000-2499,2387.0,rapid,22,2201.318181818182,0.25039732994278446,3.616058941058941,60.119596312778135,18.212174189446916,0.07022144522144519,0.049242424242424226,14.157894736842104,2.932612841703751,0.5770025429116338,0.5128470014833652
P01130,male,2000-2499,2340.5,blitz,100,2340.48,0.2396860639360639,3.250264069264069,58.980540459540464,17.99530769230769,0.10554545454545453,0.05237762237762236,20.54945054945055,2.63169955044955,0.5561760739260739,0.5563648851148851
P01133,male,2000-2499,2179.6,blitz,99,2178.979797979798,0.27917206250539583,2.8892691343448917,59.002142302142296,17.701545059878395,0.0677082177082177,0.036274219607552935,22.05,2.937531295864629,0.5595712929046263,0.5482745649412316
P01133,male,2000-2499,2179.6,rapid,1,2239.0,0.1538461538461538,4.666666666666667,63.61538461538461,20.615384615384617,0.2307692307692307,0.1538461538461538,,2.0,0.3846153846153846,0.5384615384615384
P01135,male,2000-2499,2271.7,blitz,67,2318.417910447761,0.2784164840134989,3.1005303568736404,57.217833907386144,17.070635169142633,0.05791700008117917,0.042971042224773555,17.666666666666668,2.8230777928539124,0.6035721740945622,0.5463472265711071
P01135,male,2000-2499,2271.7,bullet,15,2076.266666666667,0.29230769230769227,2.714100529100529,58.36179487179488,17.52002849002849,0.11814814814814813,0.03273504273504273,21.615384615384617,2.335185185185185,0.6309686609686609,0.582934472934473
P01135,male,2000-2499,2271.7,rapid,3,2204.6666666666665,0.1652421652421652,2.7777777777777772,58.914529914529915,18.16809116809117,0.051282051282051266,0.025641025641025633,27.5,2.695156695156695,0.547008547008547,0.5071225071225071
P01137,male,2500+,2665.3,blitz,100,2665.33,0.27187179487179486,2.8696832840362254,56.990440170940175,17.20318376068376,0.07009829059829058,0.03618803418803418,17.388235294117646,2.9603846153846156,0.5797820512820513,0.5557777777777777
P01139,male,2500+,2582.8,blitz,100,2582.84,0.24983652458652453,3.124969994058229,58.358822066822064,17.744827977577977,0.07100316350316348,0.04712703962703961,17.9375,2.7727904040404043,0.5225784215784216,0.5500725385725386
P01140,male,2000-2499,2276.5,blitz,97,2280.762886597938,0.26845634319861117,2.990237062311046,60.41248242021438,18.153405586395277,0.07026936408379705,0.03934467594261407,22.916666666666668,2.835592814974258,0.5304005845242958,0.5584816100280018
P01140,male,2000-2499,2276.5,bullet,2,2199.0,0.0833333333333333,2.8333333333333335,42.51282051282051,12.455128205128204,0.03846153846153845,0.03846153846153845,19.0,2.217948717948718,0.3589743589743589,0.7564102564102564
P01140,male,2000-2499,2276.5,rapid,1,2016.0,0.3076923076923077,2.375,58.15384615384615,16.615384615384617,0.1538461538461538,0.0769230769230769,14.0,2.6153846153846154,0.7692307692307693,0.6153846153846154
P01141,male,2000-2499,2430.8,blitz,76,2455.657894736842,0.27949638081217026,3.33997113997114,58.05977151503467,17.70374347874348,0.0949715489189173,0.04008257824047296,19.463768115942027,2.866807607597081,0.6139641060693692,0.5833267609583399
P01141,male,2000-2499,2430.8,bullet,24,2351.9166666666665,0.21955128205128202,2.8745325276575273,57.32051282051282,17.752136752136753,0.09455128205128203,0.03205128205128204,16.181818181818183,2.7275641025641026,0.5427350427350427,0.5328525641025641
P01143,male,2000-2499,2237.5,blitz,98,2240.765306122449,0.29258955330383896,2.96237690880548,58.1270301127444,17.24444603016032,0.10438252223966508,0.04463512677798391,19.916666666666668,3.00233694876552,0.6015710479996194,0.5845487845487846
P01143,male,2000-2499,2237.5,bullet,2,2078.0,0.3846153846153846,2.4,52.15384615384616,17.0,0.0769230769230769,0.0,38.0,1.6923076923076923,0.5769230769230769,0.5384615384615384
P01147,male,2000-2499,2354.3,blitz,3,2354.3333333333335,0.3333333333333333,3.0909090909090913,60.743589743589745,17.846153846153847,0.1282051282051282,0.025641025641025633,11.666666666666666,3.5128205128205128,0.6153846153846154,0.5384615384615384
P01150,male,2500+,2553.6,blitz,100,2553.62,0.2630435675435675,2.8701914490738023,57.911448773448775,17.643633977133977,0.09075335775335773,0.0431123321123321,18.945205479452056,2.7030226440226444,0.5542080697080697,0.5279815184815184
P01151,male,2000-2499,2370.2,blitz,100,2370.16,0.2716480186480186,3.043466810966811,60.1436048951049,18.018984265734264,0.08310897435897434,0.032575757575757563,22.21794871794872,2.916286713286713,0.5756113053613053,0.5489189976689977
P01154,male,2000-2499,2125.6,blitz,100,2125.61,0.2680989843489843,3.2633906371406374,59.62667807192807,18.000762792762792,0.08623917748917748,0.042230769230769225,14.913978494623656,3.1182408979908978,0.5368413253413253,0.5398230103230103
P01155,male,2500+,2764.4,blitz,3,2576.6666666666665,0.20512820512820507,2.7116402116402116,63.07692307692307,18.923076923076923,0.0769230769230769,0.025641025641025633,21.0,3.1794871794871793,0.4615384615384615,0.5128205128205128
P01155,male,2500+,2764.4,bullet,97,2770.1649484536083,0.2252821634264933,3.1539318070245907,60.63475156000929,17.832233917285464,0.08279664207499256,0.050236704875880125,17.71264367816092,3.001141470213635,0.4575172822595503,0.5297543235687565
P01156,male,2000-2499,2386.1,blitz,66,2459.2272727272725,0.254079254079254,3.4700686518868338,57.621212121212125,17.138694638694638,0.061771561771561755,0.03729603729603728,15.372881355932204,3.148018648018648,0.5792540792540793,0.5734265734265734
P01156,male,2000-2499,2386.1,bullet,31,2264.9032258064517,0.285399188624995,2.6823870573870576,53.334318011737366,16.05837173579109,0.05210918114143919,0.017369727047146396,12.576923076923077,3.227263775650872,0.6094765449604159,0.6357871519161842
P01156,male,2000-2499,2386.1,rapid,3,2029.0,0.2564102564102564,3.0317460317460316,55.15384615384615,16.41025641025641,0.0769230769230769,0.0769230769230769,11.0,3.358974358974359,0.4102564102564102,0.4102564102564103
P01158,male,2000-2499,2137.1,blitz,13,2222.923076923077,0.24186390532544375,3.528052503052503,62.014792899408285,19.193786982248522,0.06508875739644969,0.029585798816568035,21.09090909090909,2.7403846153846154,0.4704142011834319,0.5532544378698225
P01158,male,2000-2499,2137.1,rapid,24,2090.5833333333335,0.23179251304251303,3.3096771284271287,59.92563108188108,17.55773393273393,0.055515086765086756,0.020922364672364666,23.285714285714285,3.0492516742516744,0.5470663595663595,0.5104259166759166
P01159,male,2000-2499,2246.8,rapid,11,2246.818181818182,0.26806526806526804,3.505591630591631,56.50757575757576,17.79895104895105,0.06993006993006991,0.027972027972027965,13.272727272727273,2.863053613053613,0.5909090909090909,0.606060606060606
P01161,male,2000-2499,2431.1,bullet,100,2431.05,0.2756666666666666,2.799095110771581,57.58202564102564,17.238773504273503,0.060764957264957245,0.03264957264957264,19.814432989690722,3.049354700854701,0.5958247863247863,0.5833675213675213
P01162,male,2000-2499,2230.2,blitz,100,2230.19,0.23769230769230767,3.400486457986458,58.11575641025641,17.736846153846155,0.06656410256410256,0.03584615384615383,19.977777777777778,2.9390128205128208,0.5178461538461538,0.5535256410256411
P01166,male,2000-2499,2375.7,blitz,100,2375.67,0.2722121212121212,3.085423937173937,58.68413014763015,17.525883838383837,0.10948912198912197,0.048943278943278934,19.032608695652176,3.009348484848485,0.5768181818181818,0.5556930846930846
P01168,male,2000-2499,2359.2,blitz,81,2354.222222222222,0.26247908470130693,3.128894175299404,58.858250802695245,17.45952983915947,0.07510288065843619,0.040779179668068544,15.417910447761194,2.8289965178854066,0.6054538054538054,0.5634754819940005
P01168,male,2000-2499,2359.2,bullet,12,2465.75,0.23426573426573424,3.206349206349206,57.23193473193473,16.99125874125874,0.06759906759906759,0.051282051282051266,16.583333333333332,3.1445221445221443,0.5798368298368298,0.511072261072261
P01168,male,2000-2499,2359.2,rapid,7,2234.285714285714,0.2307692307692307,3.2976190476190474,56.340659340659336,18.153846153846153,0.08791208791208789,0.06593406593406591,14.8,2.5714285714285716,0.4945054945054945,0.4945054945054945
P01171,male,1500-1999,1883.2,blitz,2,2051.5,0.24358974358974356,2.6714285714285717,56.733974358974365,18.278846153846153,0.1955128205128205,0.03846153846153845,20.5,2.8846153846153846,0.6474358974358975,0.47756410256410253
P01171,male,1500-1999,1883.2,bullet,98,1879.7857142857142,0.3053927365151855,2.83955296404276,59.10139817665328,17.954269370085697,0.09165706742237352,0.043301936159079006,18.678571428571427,2.8897947290804433,0.6035397425703548,0.5595450467899448
P01179,male,2000-2499,2161.3,blitz,100,2161.35,0.25283430458430456,3.2092049062049064,58.30095512820513,17.412408896658896,0.08085470085470084,0.03674358974358973,24.285714285714285,2.6474184149184152,0.5595250582750583,0.5556631701631701
P01180,male,2000-2499,2478.0,blitz,100,2477.98,0.2726712454212454,3.0445002775002776,58.889473443223444,17.89709706959707,0.08894871794871793,0.03692307692307691,19.9,2.9112756410256413,0.5589688644688645,0.5510970695970696
P01184,male,2000-2499,2381.0,blitz,88,2409.465909090909,0.28914582891855617,2.987054560116057,57.36202496997952,17.121131110051564,0.08738830613830612,0.03764811577311576,14.443037974683545,2.703178639542276,0.620384571236844,0.6066802200324928
P01184,male,2000-2499,2381.0,rapid,12,2172.5,0.30769230769230765,2.9270622895622895,57.48717948717948,18.115384615384617,0.051282051282051266,0.012820512820512817,16.272727272727273,2.743589743589743,0.6474358974358975,0.6025641025641025
P01185,male,2000-2499,2498.6,blitz,5,2498.6,0.3192307692307692,3.3333333333333335,62.26474358974359,17.03525641025641,0.06282051282051279,0.032051282051282035,21.333333333333332,2.596153846153846,0.6288461538461538,0.5705128205128205
P01189,male,2000-2499,2412.6,blitz,91,2447.2417582417584,0.258264598649214,3.637804259232831,58.98174090866399,17.801964427513877,0.0892767183975975,0.03682157281058379,17.575342465753426,2.927070030092008,0.5668722303337688,0.5399519589080028
P01189,male,2000-2499,2412.6,rapid,9,2062.1111111111113,0.2564102564102564,2.8373096039762706,58.794871794871796,18.213675213675213,0.0769230769230769,0.06837606837606836,20.0,2.9316239316239314,0.5128205128205128,0.5384615384615384
P01190,male,2000-2499,2074.6,blitz,100,2074.55,0.24568764568764564,2.962913308913309,57.28278846153846,17.56866785991786,0.05202991452991451,0.03151709401709401,15.087912087912088,3.1544067044067043,0.5206718281718282,0.5312196137196137
P01191,male,2000-2499,2391.5,blitz,100,2391.54,0.2279990842490842,3.2588272838272836,59.67482570207571,18.252097985347984,0.07198748473748472,0.026923076923076918,18.804347826086957,3.005748778998779,0.46355830280830285,0.5078400488400489
P01192,male,2000-2499,2355.8,blitz,58,2341.448275862069,0.2812407898614795,3.1111073792108273,57.48751105216623,17.42094017094017,0.07917035072207484,0.04398762157382846,19.02,2.912835249042146,0.6121426466254053,0.5461980548187445
P01192,male,2000-2499,2355.8,bullet,42,2375.5476190476193,0.2969736612593755,3.04812925170068,55.730135472992615,17.108430722716438,0.05366300366300365,0.028286528286528282,20.428571428571427,2.73684952613524,0.6055875341589627,0.6109192394906681
P01196,male,2000-2499,2367.7,bullet,100,2367.69,0.26405866355866353,2.94883189033189,58.291862859362865,17.702059052059052,0.08360139860139858,0.0387179487179487,20.68354430379747,2.833786324786325,0.5781639471639471,0.5947373737373737
P01197,male,2000-2499,2099.5,blitz,27,2108.6296296296296,0.2597599930933264,3.133486986264764,58.054485021151685,17.418622118622118,0.05227488560821893,0.03185703185703185,19.304347826086957,2.992022792022792,0.6091081757748424,0.6258309591642925
P01197,male,2000-2499,2099.5,bullet,72,2096.1944444444443,0.3038714757464757,2.8085056918390254,58.92210914085914,18.09434489121989,0.08358481795981794,0.03525641025641025,16.640625,2.878071581196581,0.6045187451437452,0.5453348734598734
P01197,male,2000-2499,2099.5,rapid,1,2092.0,0.2307692307692307,2.2,61.23076923076923,19.307692307692307,0.0,0.0769230769230769,10.0,3.0,0.6923076923076923,0.5384615384615384
P01201,male,2500+,2585.9,blitz,18,2494.1111111111113,0.24797979797979794,3.1746192079525413,61.967365967365964,18.195843045843045,0.087024087024087,0.029914529914529905,17.11764705882353,3.2684537684537687,0.4587801087801087,0.5108391608391608
P01201,male,2500+,2585.9,bullet,82,2606.0365853658536,0.27339388254022395,2.732687332992211,59.127926544999724,17.84791631133095,0.08291759053954174,0.03128375689351298,16.82716049382716,3.1974145772926263,0.5736319574734209,0.5490007959520155
P01204,male,2000-2499,2050.8,blitz,100,2050.77,0.26804822954822954,3.095914335664336,57.96126129426129,17.31954945054945,0.07183333333333332,0.040064102564102554,14.696629213483146,2.787434065934066,0.573006105006105,0.5609621489621489
P01206,male,2000-2499,2497.0,blitz,58,2605.9310344827586,0.22796934865900378,3.448758996806664,58.46669613910993,17.68685529030357,0.07957559681697611,0.04641909814323606,16.64814814814815,2.987326849395815,0.49896846448570586,0.5075154730327144
P01206,male,2000-2499,2497.0,bullet,8,2315.625,0.31346153846153846,3.6225198412698414,59.10865384615384,17.870192307692307,0.06057692307692306,0.04807692307692306,17.285714285714285,2.8211538461538463,0.525,0.55
P01206,male,2000-2499,2497.0,rapid,34,2353.823529411765,0.22669683257918546,3.1818694377517907,58.09230769230769,16.976696832579186,0.04751131221719456,0.018099547511312212,16.870967741935484,2.8929864253393665,0.4843891402714932,0.5416289592760181
P01212,male,2500+,2559.5,blitz,58,2641.5172413793102,0.25094445784100955,3.0235150386012455,58.14213420678938,17.440087211638936,0.07495378185033355,0.03337754199823164,16.88679245283019,2.9661803713527854,0.5272519625967902,0.5524877421429145
P01212,male,2500+,2559.5,bullet,42,2446.1428571428573,0.2631257631257631,3.350724209652781,57.57898351648352,17.078144078144078,0.042124542124542114,0.02495421245421245,17.325,2.975885225885226,0.6108058608058607,0.5679945054945055
P01214,male,2000-2499,2204.9,blitz,30,2237.0,0.26410256410256405,3.3416568616568614,58.09743589743589,17.02307692307692,0.07435897435897433,0.017948717948717944,14.851851851851851,2.8948717948717952,0.5692307692307692,0.5564102564102564
P01214,male,2000-2499,2204.9,rapid,5,2012.0,0.43076923076923074,2.5219047619047616,55.07692307692307,15.784615384615384,0.06153846153846152,0.04615384615384614,15.8,2.953846153846154,0.7076923076923076,0.6461538461538462
P01215,male,2000-2499,2137.9,rapid,100,2137.93,0.2951318681318681,2.941698051948052,56.609329975579975,17.21945115995116,0.06553113553113551,0.03153846153846153,19.043956043956044,3.0395216727716727,0.6235125152625153,0.5553714896214896
P01216,male,2000-2499,2347.7,blitz,100,2347.7,0.2595833333333333,3.1794190956102724,58.24923076923077,17.955416666666668,0.07256410256410255,0.02461538461538461,21.3625,2.616346153846154,0.5740384615384615,0.5751923076923077
P01223,male,1500-1999,1656.0,blitz,72,1656.013888888889,0.26410614848114844,2.8210122053872055,58.38799915362415,17.62557037869538,0.08457271894771894,0.039338786213786205,22.491525423728813,3.0778685434935436,0.593972347097347,0.5334861897361898
P01224,male,2500+,2534.8,blitz,62,2542.9032258064517,0.26781900894804117,3.092577762739053,57.29463869463869,17.513861944507106,0.09303143093465671,0.040446650124069464,18.666666666666668,2.775058275058275,0.5880141364012332,0.5744116098954809
P01224,male,2500+,2534.8,bullet,38,2521.7105263157896,0.29731584205268413,2.7671812106022635,57.697931016352065,17.12101056837899,0.08509911141490085,0.022635259477364736,16.393939393939394,2.737906830012093,0.6304090646195909,0.6241784531258215
P01226,male,2500+,2744.3,blitz,2,2635.0,0.34615384615384615,2.428571428571429,56.30769230769231,17.76923076923077,0.11538461538461535,0.0769230769230769,21.5,3.3076923076923075,0.5,0.423076923076923
P01226,male,2500+,2744.3,bullet,97,2750.536082474227,0.24734715456364936,3.231656087326191,56.802084513424724,17.308862958347493,0.08062384351044143,0.05313243457573353,13.473118279569892,3.3467769344058005,0.562478758355047,0.5507344888788188
P01226,male,2500+,2744.3,rapid,1,2354.0,0.3076923076923077,1.8333333333333333,57.23076923076923,15.923076923076923,0.0,0.0,26.0,3.230769230769231,0.6923076923076923,0.3846153846153846
P01228,male,2000-2499,2452.0,blitz,1,2452.0,0.1538461538461538,3.2857142857142856,55.92307692307692,16.692307692307693,0.1538461538461538,0.0,,3.3846153846153846,0.4615384615384615,0.5384615384615384
P01231,male,2500+,2723.8,blitz,100,2723.81,0.25666386391386387,3.3334761766011765,58.73653169053169,17.333155122655125,0.07228119103119102,0.048415750915750906,15.410526315789474,3.1827611555111552,0.5545063547563547,0.5057682595182595
P01232,male,2500+,2835.6,bullet,100,2835.64,0.2457142857142857,3.1254109224109228,59.15856532356533,17.81222222222222,0.07747252747252746,0.02923076923076922,20.505494505494507,2.9507997557997556,0.5135225885225885,0.5294627594627594
P01233,male,2000-2499,2317.6,blitz,9,2324.5555555555557,0.34848484848484845,2.8901234567901235,56.88135198135198,17.54374514374514,0.04273504273504272,0.052836052836052826,18.857142857142858,2.8333333333333335,0.6550893550893551,0.5947163947163947
P01233,male,2000-2499,2317.6,rapid,1,2255.0,0.3076923076923077,3.6,61.38461538461539,21.0,0.0,0.0,14.0,3.3846153846153846,0.6153846153846154,0.6923076923076923
P01236,male,1500-1999,1816.7,blitz,92,1820.2173913043478,0.3033394142089794,2.9477902532250355,58.671764467416644,17.59743716428499,0.08585562987736899,0.03961817168338906,18.8375,2.902256258234519,0.6110849295631905,0.560736546062633
P01236,male,1500-1999,1816.7,rapid,8,1776.0,0.2776442307692308,2.8410984848484846,61.53365384615385,18.330528846153847,0.05408653846153845,0.04807692307692306,16.375,3.25,0.6454326923076923,0.5745192307692307
P01237,male,2000-2499,2303.0,blitz,89,2303.629213483146,0.25402861807356186,3.0163419913419913,58.948770767310094,17.620147892058004,0.09043503313166232,0.04699174109286468,18.63157894736842,2.9296456352636127,0.5697685585326034,0.5462306731969653
P01237,male,2000-2499,2303.0,rapid,1,2243.0,0.0769230769230769,3.7142857142857144,58.53846153846154,20.23076923076923,0.1538461538461538,0.0769230769230769,10.0,2.1538461538461537,0.4615384615384615,0.4615384615384615
P01238,male,2000-2499,2134.0,blitz,14,1935.142857142857,0.2942176870748299,2.9095434327577183,58.115646258503396,18.024725274725274,0.06135531135531134,0.060439560439560426,17.0,2.8713369963369964,0.7123233908948194,0.6067503924646782
P01238,male,2000-2499,2134.0,rapid,86,2166.360465116279,0.2418641436083296,3.663609116301895,58.76876211643654,17.590679217423403,0.06846641730362658,0.04846316474223449,22.536231884057973,2.8449708560173677,0.5721715622878414,0.5160752038659016
P01239,male,2500+,2531.4,blitz,2,2103.0,0.24038461538461536,3.55,62.69230769230769,19.28846153846154,0.17788461538461536,0.0769230769230769,12.5,2.2548076923076925,0.46634615384615385,0.34134615384615385
P01239,male,2500+,2531.4,bullet,96,2551.4895833333335,0.23427596708846707,3.1508068465099712,59.90391431485182,18.156431415806416,0.0643429487179487,0.03970352564102563,20.214285714285715,2.884487214174714,0.527333603896104,0.5235053141303141
P01239,male,2500+,2531.4,rapid,2,1994.0,0.2692307692307692,2.895833333333333,55.65384615384615,16.923076923076923,0.1538461538461538,0.03846153846153845,22.0,2.4230769230769234,0.5384615384615384,0.6538461538461539
P01241,male,2000-2499,2394.2,blitz,100,2394.23,0.28956376956376956,2.9130010267510267,56.3014652014652,16.762211122211124,0.08376623376623375,0.05450549450549449,16.74418604651163,2.8023659673659678,0.6257958707958707,0.6107708957708958
P01246,male,2000-2499,2267.1,blitz,84,2300.1785714285716,0.26141705516705516,3.0333369672655386,58.630527805527805,17.93956945831946,0.08778721278721277,0.0397102897102897,18.955882352941178,2.8418449605949605,0.5503808691308691,0.572331141081141
P01246,male,2000-2499,2267.1,bullet,8,2238.125,0.2980769230769231,2.9419642857142856,53.79807692307692,16.182692307692307,0.0769230769230769,0.009615384615384612,21.285714285714285,3.230769230769231,0.6346153846153846,0.5480769230769231
P01246,male,2000-2499,2267.1,rapid,8,1948.25,0.20769230769230765,3.0352678571428573,59.47019230769231,17.704807692307693,0.08269230769230768,0.019230769230769225,18.5,2.7625,0.5336538461538461,0.5615384615384615
P01247,male,2000-2499,2258.0,blitz,100,2257.97,0.2765159285159285,3.0643204018204018,57.78730031080031,17.585583916083916,0.06895454545454544,0.04104895104895103,18.285714285714285,2.9449669774669776,0.5606208236208237,0.5286911421911422
P01249,male,2500+,2690.5,blitz,99,2691.5858585858587,0.25429194823134216,3.074659739811255,58.896171112837784,17.78450236632055,0.09321615533736743,0.05414478899327383,20.976470588235294,2.6860540133267405,0.5474280489432004,0.5366418654297442
P01249,male,2500+,2690.5,bullet,1,2580.0,0.3076923076923077,3.5,56.15384615384615,16.153846153846153,0.0769230769230769,0.0,25.0,2.5384615384615383,0.6923076923076923,0.6923076923076923
P01257,male,2500+,2900.7,blitz,34,2908.4117647058824,0.27828054298642535,3.0139094853627726,57.93665158371041,17.395927601809955,0.0678733031674208,0.036199095022624424,21.166666666666668,2.6447963800904977,0.5542986425339367,0.583710407239819
P01257,male,2500+,2900.7,bullet,66,2896.7272727272725,0.278030303030303,2.766545848932213,58.573698523698525,17.69864024864025,0.10256410256410255,0.041958041958041946,15.258620689655173,2.9537878787878786,0.6006798756798757,0.5775641025641025
P01259,male,2000-2499,2410.1,blitz,90,2428.8,0.2312127687127687,3.4080233346900015,58.489643227143226,18.01698523698524,0.07806850556850554,0.041175213675213665,20.77922077922078,2.7304085729085728,0.5765902615902616,0.5688545713545714
P01259,male,2000-2499,2410.1,bullet,10,2242.1,0.3333333333333333,2.7335137085137085,58.08974358974359,16.995512820512822,0.10897435897435895,0.07820512820512818,23.25,2.105128205128205,0.6743589743589744,0.6493589743589744
P01262,male,2000-2499,2078.1,bullet,100,2078.14,0.2797985347985348,3.128701243201243,58.9211568986569,17.650198412698412,0.09939102564102562,0.041591880341880334,21.94871794871795,2.6788858363858368,0.552779304029304,0.5736080586080586
P01268,male,2500+,2705.9,blitz,100,2705.9,0.25948756798756795,3.1550365745365747,56.682515151515155,16.7630574980575,0.06786713286713285,0.04603496503496502,16.75,2.8857760295260295,0.5372315462315462,0.5397457264957265
P01269,male,2000-2499,2463.1,blitz,97,2468.144329896907,0.2479910124240021,3.3425303219117652,58.49312783436495,17.800947591926974,0.08226996371326266,0.038353399178141435,18.82716049382716,2.8144566773432755,0.5503046781397297,0.5317892588511145
P01269,male,2000-2499,2463.1,bullet,3,2301.0,0.12820512820512817,2.2991452991452994,54.58974358974359,17.076923076923077,0.10256410256410253,0.10256410256410253,14.0,2.435897435897436,0.4615384615384615,0.5641025641025641
P01271,male,2500+,2590.0,blitz,61,2627.8196721311474,0.23734380373724634,3.3171793330423998,57.5469419924338,17.261320646566546,0.06431273644388397,0.04287515762925598,22.66,2.8196434712828156,0.5338702281325233,0.5177060644273759
P01271,male,2500+,2590.0,bullet,27,2569.5925925925926,0.21911421911421908,2.945421142643365,56.30911680911681,16.804390054390055,0.05698005698005696,0.025641025641025633,24.105263157894736,2.5314685314685312,0.5575628075628075,0.5023957523957524
P01271,male,2500+,2590.0,rapid,12,2443.5833333333335,0.23589743589743586,3.054861111111111,55.707692307692305,16.995512820512822,0.06410256410256408,0.03205128205128204,16.0,2.8044871794871793,0.5358974358974359,0.5641025641025641
P01272,male,2000-2499,2385.8,blitz,97,2385.979381443299,0.2749405233941316,3.2956533662416017,58.17993655828707,17.844243042181187,0.07216494845360823,0.03568596352101506,20.783132530120483,2.7351365129715646,0.5916506174238133,0.5574166383444734
P01272,male,2000-2499,2385.8,bullet,3,2380.0,0.2564102564102564,3.247619047619047,56.38461538461539,15.666666666666666,0.10256410256410253,0.1538461538461538,24.0,2.897435897435898,0.5641025641025641,0.48717948717948717
P01273,male,2000-2499,2362.1,blitz,52,2469.403846153846,0.2297538999462076,3.22262321012321,58.75788730500268,17.444479558902636,0.07127487896718664,0.03577192038730499,19.25531914893617,3.0936121570736956,0.492489241527703,0.4762439483593329
P01273,male,2000-2499,2362.1,bullet,48,2245.8125,0.22616185897435895,3.548531445406445,61.52524038461539,18.771634615384617,0.08593749999999999,0.03625801282051281,16.25,3.2263621794871793,0.4545272435897436,0.5074118589743589
P01277,male,2000-2499,2312.9,blitz,100,2312.95,0.24620246420246417,3.120878427128427,57.883774558774554,17.8543374958375,0.08833125208125205,0.0607234432234432,17.976190476190474,2.6528350815850814,0.5729045121545121,0.5568206793206794
P01283,male,2000-2499,2483.1,blitz,4,2296.0,0.24999999999999997,3.9166666666666665,55.75,16.365384615384617,0.11538461538461535,0.03846153846153845,24.75,2.6538461538461537,0.5384615384615384,0.5576923076923077
P01283,male,2000-2499,2483.1,bullet,25,2524.68,0.27738461538461534,3.2065917415917413,58.052692307692304,16.99876923076923,0.07146153846153845,0.04307692307692307,22.90909090909091,2.6427692307692308,0.5495384615384615,0.5571538461538461
P01283,male,2000-2499,2483.1,rapid,1,2193.0,0.4615384615384615,2.6666666666666665,57.69230769230769,19.23076923076923,0.1538461538461538,0.0769230769230769,9.0,4.0,0.7692307692307693,0.5384615384615384
P01287,male,2500+,2507.4,blitz,96,2517.9895833333335,0.28458358770858766,3.121114417989418,57.14149305555555,17.255034404253156,0.0659455128205128,0.029587339743589736,20.365853658536587,2.969079733923484,0.5569848265160765,0.5870236823361824
P01287,male,2500+,2507.4,bullet,2,2276.0,0.2307692307692307,2.75,60.96153846153847,18.46153846153846,0.03846153846153845,0.0,13.5,2.3846153846153846,0.5384615384615384,0.5384615384615384
P01287,male,2500+,2507.4,rapid,2,2231.5,0.1923076923076923,2.9444444444444446,56.69230769230769,16.115384615384613,0.0769230769230769,0.0769230769230769,18.0,2.5384615384615383,0.5384615384615385,0.3846153846153846
P01289,male,2000-2499,2252.0,blitz,53,2274.5471698113206,0.2480802216651273,3.1888896480877613,60.97526058846813,18.398047235783086,0.07524739411531862,0.03773584905660376,17.365384615384617,3.073927958833619,0.5320094999340282,0.5309011742974007
P01289,male,2000-2499,2252.0,bullet,45,2229.3333333333335,0.2672608872608872,2.85818582651916,59.3501628001628,17.53870166870167,0.11164835164835163,0.03418803418803418,17.642857142857142,3.1725356125356123,0.6055636955636955,0.5332275132275132
P01289,male,2000-2499,2252.0,rapid,2,2163.0,0.2692307692307692,3.1111111111111107,60.5,17.30769230769231,0.11538461538461535,0.03846153846153845,28.0,3.1538461538461537,0.423076923076923,0.3846153846153846
P01291,male,2500+,2562.6,blitz,22,2412.8636363636365,0.2974802974802975,3.032135036680491,57.874472749472744,17.297535797535797,0.09759684759684757,0.04156954156954156,18.0,2.926060051060051,0.5955294705294706,0.5962925962925962
P01291,male,2500+,2562.6,bullet,70,2646.0,0.2704333365047651,3.003655749012892,58.61839240124955,17.48796191903335,0.1161186036186036,0.055525030525030515,16.318181818181817,3.221164946164946,0.6080372801801374,0.5160585446299732
P01291,male,2500+,2562.6,rapid,8,2244.875,0.23076923076923073,3.647222222222222,57.50961538461539,17.326923076923077,0.04807692307692306,0.019230769230769225,17.5,3.105769230769231,0.5961538461538461,0.5
P01292,male,2000-2499,2204.2,blitz,25,2279.48,0.3048351648351648,3.0766307026307027,57.552142857142854,17.86346153846154,0.05950549450549449,0.030769230769230757,13.083333333333334,3.0510439560439564,0.5792857142857143,0.5523076923076923
P01292,male,2000-2499,2204.2,rapid,10,2016.1,0.30839160839160834,2.8771520146520144,57.07202797202797,18.194405594405595,0.13356643356643355,0.04615384615384614,10.714285714285714,2.7377622377622375,0.6111888111888112,0.5174825174825175
P01293,male,2000-2499,2003.6,blitz,41,2029.878048780488,0.28392745465916197,2.9510659394805736,55.73233270794247,16.401500938086304,0.08630393996247653,0.05315822388993119,15.212121212121213,2.983114446529081,0.6091307066916823,0.565978736710444
P01293,male,2000-2499,2003.6,bullet,14,1926.642857142857,0.31318681318681313,2.7755952380952382,57.26373626373627,17.467032967032967,0.0769230769230769,0.06593406593406591,15.818181818181818,3.1153846153846154,0.5879120879120878,0.5439560439560439
P01295,male,2500+,2626.2,blitz,100,2626.15,0.27173293373293367,3.0197366522366518,58.97956870906871,18.139776695526695,0.10589607614607612,0.04658430458430457,16.555555555555557,2.9640155122655125,0.5838451548451549,0.5341100011100011
P01299,male,2500+,2574.1,bullet,100,2574.05,0.2303129093129093,3.0765183982683983,59.94069352869353,18.349449716949717,0.08451287601287599,0.03869230769230768,17.67391304347826,2.948898323898324,0.5312397602397602,0.5251627261627262
P01301,male,2500+,2525.4,blitz,48,2526.2708333333335,0.2596153846153846,3.0568662240537243,58.58173076923077,17.915064102564102,0.10096153846153844,0.036858974358974346,20.348837209302324,2.58974358974359,0.5881410256410257,0.5865384615384616
P01301,male,2500+,2525.4,bullet,52,2524.576923076923,0.23607001972386585,2.9890151515151517,58.105276134122285,17.676775147928996,0.08456607495069031,0.048076923076923066,20.863636363636363,2.652120315581854,0.5372287968441815,0.5821005917159764
P01303,male,2500+,2551.7,blitz,100,2551.7,0.26237595737595737,2.952577200577201,58.52159154734155,17.44866661116661,0.09288986013986011,0.03882051282051281,17.021978021978022,2.872832112332112,0.5754760794760795,0.5485783938283938
P01308,male,2000-2499,2321.9,blitz,95,2331.073684210526,0.29129554655870443,3.1597537258063575,59.20856950067476,17.806164887743837,0.088913425755531,0.04946018893387313,14.270588235294118,3.082546108861899,0.5858013331697542,0.5341226025436552
P01308,male,2000-2499,2321.9,rapid,5,2148.2,0.2615384615384615,3.177777777777778,57.61538461538462,18.153846153846153,0.06153846153846152,0.03076923076923076,13.0,3.153846153846154,0.5076923076923077,0.5538461538461539
P01309,male,2000-2499,2352.4,blitz,100,2352.37,0.2767016317016317,2.881733266733267,59.350129370629375,18.136979020979023,0.07875641025641024,0.035216783216783204,16.821052631578947,3.076300699300699,0.5636235431235431,0.5490454545454546
P01315,male,2000-2499,2412.6,blitz,11,2339.4545454545455,0.18624708624708622,3.248179850452578,60.364879564879566,17.68966588966589,0.07303807303807303,0.061149961149961136,22.0,3.177078477078477,0.4818181818181818,0.4794871794871795
P01315,male,2000-2499,2412.6,bullet,89,2421.5842696629215,0.2155021008953593,3.1776399006736082,59.05956618288079,17.560196638567426,0.07284513239569418,0.04221995233231187,23.2972972972973,2.842615062839782,0.48915775235999953,0.5205367666041824
P01319,male,2000-2499,2439.2,blitz,93,2440.05376344086,0.2442247119666474,3.349159741095225,58.92769715350361,17.64577925061796,0.08067022583151615,0.04999540483411449,18.209876543209877,2.8518160453644326,0.525338759209727,0.5675939950133498
P01319,male,2000-2499,2439.2,rapid,7,2428.1428571428573,0.20879120879120874,3.1422030350601777,57.714285714285715,17.494505494505496,0.021978021978021973,0.010989010989010986,24.0,3.0,0.4835164835164835,0.5384615384615384
P01326,male,2500+,2751.2,blitz,37,2712.810810810811,0.2848232848232848,3.0723706473706476,58.04573804573804,17.692307692307693,0.058212058212058194,0.029106029106029097,17.2,2.9667359667359667,0.5841995841995843,0.5301455301455301
P01326,male,2500+,2751.2,bullet,63,2773.8253968253966,0.2812742812742813,3.035351524707267,58.22862322862323,17.837606837606838,0.0476190476190476,0.01953601953601953,21.379310344827587,3.0838050838050837,0.5666555666555667,0.5238835238835239
P01330,male,2000-2499,2101.3,blitz,67,2139.313432835821,0.26398079532407887,3.0396877583444746,58.04317920885085,17.310698256966916,0.06209163970357998,0.029047072330654414,19.982758620689655,2.81439306961695,0.5563197996033817,0.569022022753366
P01330,male,2000-2499,2101.3,bullet,26,2027.7307692307693,0.28070348454963834,2.7924297924297927,57.25042735042735,17.399605522682446,0.07781065088757394,0.026627218934911233,16.48,3.095726495726496,0.5777120315581854,0.6200197238658778
P01330,male,2000-2499,2101.3,rapid,7,2010.142857142857,0.20879120879120874,3.151190476190476,62.18681318681319,19.65934065934066,0.0769230769230769,0.05494505494505492,13.5,3.0,0.5824175824175823,0.5054945054945055
P01331,male,2000-2499,2426.0,blitz,13,2473.0,0.28343195266272186,3.5096153846153846,60.03491124260355,17.946153846153848,0.0769230769230769,0.0769230769230769,18.923076923076923,2.8502958579881654,0.6023668639053255,0.5585798816568047
P01331,male,2000-2499,2426.0,bullet,80,2446.7125,0.28818691724941725,2.826981049995756,57.24285693473193,16.920590034965038,0.07332094988344987,0.034003496503496496,21.239436619718308,2.9615566724941726,0.5951048951048951,0.5700932400932401
P01331,male,2000-2499,2426.0,rapid,7,2102.5714285714284,0.29356357927786497,3.1904761904761902,59.259026687598116,17.194662480376767,0.07535321821036103,0.021978021978021973,15.166666666666666,2.9937205651491365,0.6530612244897959,0.5243328100470958
P01332,male,1500-1999,1818.8,blitz,63,1822.1746031746031,0.28535441630679725,2.750755857898715,57.08596077643696,17.186675141437046,0.06088047754714419,0.03261244927911594,15.649122807017545,3.0923149161244403,0.5836327693470551,0.5399210137305375
P01332,male,1500-1999,1818.8,bullet,35,1812.9142857142858,0.3279365079365079,2.431217512646084,57.66620268620269,17.451501831501833,0.09523809523809522,0.04835164835164834,16.545454545454547,2.94015873015873,0.6007081807081808,0.5199023199023198
P01332,male,1500-1999,1818.8,rapid,2,1816.0,0.4615384615384615,2.488095238095238,57.03846153846153,17.769230769230766,0.0769230769230769,0.0,24.5,2.6153846153846154,0.6923076923076923,0.6538461538461539
P01333,male,2000-2499,2161.8,blitz,42,2181.5238095238096,0.24864579864579858,3.6766457748600603,58.33246753246753,16.989230214230215,0.08906371406371404,0.07725607725607724,15.64102564102564,3.0583028083028085,0.5611499611499612,0.49027916527916526
P01333,male,2000-2499,2161.8,bullet,58,2147.5,0.23408488063660474,3.3653387321490773,58.81012378426172,16.84455128205128,0.10289566755083994,0.07880194518125551,14.446428571428571,3.170424403183024,0.5815097259062776,0.4923740053050398
P01337,male,2500+,2522.0,blitz,100,2522.0,0.2709819347319347,3.042795621045621,58.83063811188811,17.55237762237762,0.08349650349650348,0.037127039627039615,20.404761904761905,2.9419463869463867,0.5560868298368298,0.5813956876456876
P01340,male,2500+,2573.6,blitz,100,2573.58,0.26087373737373737,3.0898841885238943,59.66126146076146,18.210965034965035,0.08148717948717947,0.03153846153846153,15.388235294117647,3.0012393162393165,0.5718073038073038,0.5365660450660451
P01342,male,2500+,2789.9,blitz,100,2789.93,0.2829408924408924,2.7602756687756687,56.859202297702296,17.236156177156175,0.082510989010989,0.035254079254079244,22.0,2.559276556776557,0.5992067932067932,0.5620521145521146
P01344,male,2500+,2662.5,blitz,1,2611.0,0.4615384615384615,2.2,58.61538461538461,16.23076923076923,0.0769230769230769,0.0,22.0,2.6153846153846154,0.6923076923076923,0.6153846153846154
P01344,male,2500+,2662.5,bullet,99,2663.030303030303,0.28809540627722446,2.8227086886177797,58.25569043750862,17.18582012824437,0.0552035506580961,0.03442113442113441,20.16883116883117,2.5338692172025508,0.6161692964723268,0.5843905813602783
P01347,male,1500-1999,1999.3,blitz,100,1999.31,0.27800602175602174,2.834865467865468,58.09739024864025,17.58698523698524,0.06815268065268064,0.031666666666666655,20.927710843373493,2.6170969308469307,0.6020901320901321,0.5740666278166278
P01348,male,1500-1999,1943.2,blitz,2,2110.0,0.3076923076923077,3.208333333333333,54.5,13.692307692307692,0.03846153846153845,0.03846153846153845,24.0,2.769230769230769,0.5384615384615384,0.5384615384615384
P01348,male,1500-1999,1943.2,bullet,4,1859.75,0.32692307692307687,2.65,54.5,16.23076923076923,0.0769230769230769,0.057692307692307675,18.0,2.9423076923076925,0.5961538461538461,0.6346153846153846
P01350,male,2000-2499,2349.9,bullet,100,2349.87,0.30738702963702963,3.0662882117882115,59.33481468531468,18.136779553779554,0.09408882783882781,0.05385256410256409,13.365591397849462,3.039044622044622,0.5654998334998335,0.5609048451548451
P01352,male,2500+,2521.9,bullet,100,2521.86,0.250801282051282,2.93593006993007,57.688108974358975,17.587070512820514,0.04817948717948717,0.03253846153846153,13.615384615384615,2.900153846153846,0.5508846153846154,0.5115833333333333
P01353,male,2500+,2695.9,blitz,100,2695.86,0.23384265734265733,3.3289617604617603,58.386146853146855,17.45277097902098,0.08324242424242423,0.05854487179487178,16.75,2.992966783216783,0.5493595571095571,0.5276456876456876
P01358,male,2000-2499,2437.1,blitz,100,2437.05,0.24116666666666664,3.075217893217893,58.619326923076926,17.46275,0.08139102564102563,0.045910256410256395,24.475,2.7543974358974364,0.5161538461538462,0.5336346153846153
P01359,male,2000-2499,2470.5,blitz,100,2470.53,0.27249999999999996,3.5124397269397267,57.43397435897435,17.68320512820513,0.07307692307692305,0.030833333333333327,14.536842105263158,2.6984615384615385,0.5401282051282051,0.5558333333333334
P01364,male,2000-2499,2146.3,blitz,27,1997.111111111111,0.28306508306508305,2.9748356581689914,59.72894512894513,18.24243164243164,0.09087209087209086,0.04232804232804232,16.4,2.834683834683835,0.577962777962778,0.627039627039627
P01364,male,2000-2499,2146.3,bullet,68,2202.029411764706,0.2914467068878833,2.885274488583312,57.65452398908281,17.65886931695755,0.07805429864253392,0.03176847662141779,17.806451612903224,2.786917331034978,0.5906683186094951,0.565166451195863
P01364,male,2000-2499,2146.3,rapid,5,2193.4,0.29230769230769227,2.4055555555555554,57.353846153846156,16.861538461538462,0.10769230769230767,0.04615384615384614,9.5,2.3846153846153846,0.6,0.49230769230769234
P01371,male,2000-2499,2358.5,blitz,29,2348.655172413793,0.2854111405835543,2.9083428066186685,57.03810786914235,17.344429708222812,0.08368700265251987,0.04080459770114942,19.88888888888889,2.7583554376657826,0.570291777188329,0.5882847038019452
P01371,male,2000-2499,2358.5,rapid,71,2362.5352112676055,0.26937714085601405,3.240841709151568,56.80223278286658,17.053701970955494,0.07719666874596451,0.03614695163990938,19.873015873015873,2.7253931514494893,0.5629781017104961,0.5480153649167734
P01372,male,2000-2499,2294.3,blitz,33,2307.6666666666665,0.261248852157943,3.4097304210940576,58.64823055732146,17.700307268489087,0.08686515504697322,0.034965034965034954,19.15625,3.0800310800310804,0.5660627251536342,0.5040439358621177
P01372,male,2000-2499,2294.3,bullet,67,2287.716417910448,0.268787928489421,2.7853556890870323,60.47546334262752,18.335427259307856,0.13336066918156467,0.04822043628013776,13.257575757575758,3.1978760045924224,0.5878054781039855,0.5102099393144169
P01373,male,1500-1999,1770.3,blitz,100,1770.27,0.261544289044289,3.32090386002886,60.064796037296034,18.064912587412586,0.06808857808857807,0.03796037296037295,19.78021978021978,3.0449708624708625,0.5517249417249417,0.5506643356643357
P01374,male,1500-1999,1898.5,blitz,98,1896.8979591836735,0.2914800618882251,3.0160678040780087,60.58594084486941,18.678661474579844,0.10083269904698473,0.036097830740687877,21.564102564102566,2.813184406296651,0.589375335548805,0.5526324582447031
P01374,male,1500-1999,1898.5,rapid,2,1977.5,0.23076923076923073,5.4,59.96153846153847,17.884615384615387,0.0769230769230769,0.03846153846153845,26.5,3.0,0.5,0.5384615384615384
P01375,male,2500+,2666.0,blitz,76,2613.8684210526317,0.27002923976608184,2.988622123490545,56.660267656320286,17.076942355889724,0.08142150247413403,0.04453441295546558,20.26865671641791,2.7557772636720004,0.6003534477218688,0.5705047876100507
P01375,male,2500+,2666.0,bullet,23,2851.391304347826,0.28390932738758823,3.0066064370412198,58.09847640282423,17.58602749907098,0.06020066889632105,0.0434782608695652,21.25,2.641397250092902,0.5525826830174656,0.5845410628019324
P01375,male,2500+,2666.0,rapid,1,2366.0,0.3846153846153846,2.6875,56.38461538461539,16.53846153846154,0.0769230769230769,0.0769230769230769,,2.769230769230769,0.6923076923076923,0.6153846153846154
P01379,male,2000-2499,2454.8,blitz,80,2443.4625,0.23862179487179486,3.5496303349428353,58.96608173076923,17.924935897435898,0.07067307692307691,0.04166666666666665,21.057142857142857,2.6140064102564105,0.5460496794871795,0.5210496794871795
P01379,male,2000-2499,2454.8,rapid,20,2499.9,0.22559440559440555,3.5951433288933288,59.38944055944056,17.797272727272727,0.07293706293706292,0.03076923076923076,18.3,2.9107692307692306,0.5444055944055944,0.5520979020979021
P01381,male,2500+,2722.1,blitz,13,2597.4615384615386,0.23076923076923073,4.009188034188035,60.94082840236687,18.43702451394759,0.11158072696534233,0.05917159763313607,15.615384615384615,2.978021978021978,0.5418427726120034,0.5765004226542688
P01381,male,2500+,2722.1,bullet,87,2740.7011494252874,0.2684765426144736,2.8059441037889314,58.303066473756125,17.72810331431021,0.0888111888111888,0.0375612892854272,16.0609756097561,3.1334230903196416,0.5577311577311577,0.5465878948637569
P01384,male,2000-2499,2159.2,blitz,92,2165.978260869565,0.25036041856694025,3.474337075967511,58.558633154285324,17.683197780480388,0.053655281916151466,0.0338172696868349,19.03529411764706,2.880146996723084,0.5597243336373772,0.5365333941420898
P01384,male,2000-2499,2159.2,rapid,8,2080.625,0.2568910256410256,3.4614583333333333,57.68076923076923,18.695032051282052,0.04807692307692306,0.0125,20.714285714285715,2.929647435897436,0.6125,0.41217948717948716
P01385,male,2000-2499,2383.1,blitz,10,2436.4,0.33076923076923076,2.9788059163059164,58.69615384615385,17.371153846153845,0.053846153846153835,0.0,22.25,3.153846153846154,0.6903846153846154,0.6365384615384616
P01385,male,2000-2499,2383.1,bullet,54,2397.759259259259,0.3307454890788224,2.9987333654000317,56.36239316239316,17.31244064577398,0.09399335232668564,0.04121557454890787,17.770833333333332,3.089862298195632,0.6394112060778728,0.5512108262108262
P01385,male,2000-2499,2383.1,rapid,8,2217.875,0.28717948717948716,3.4375,62.372275641025645,19.879166666666666,0.07923534798534797,0.0125,20.0,2.854945054945055,0.7027014652014653,0.5669413919413919
P01386,male,2000-2499,2394.8,blitz,22,2424.8636363636365,0.2718531468531468,2.8385576544667455,57.36888111888111,16.670454545454547,0.04895104895104894,0.027972027972027965,21.733333333333334,2.4431818181818183,0.6040209790209791,0.6188811188811189
P01386,male,2000-2499,2394.8,bullet,78,2386.3333333333335,0.2410443189289343,2.883837458837459,58.24572948419102,17.069484041599424,0.07095361903054209,0.046135915366684585,20.114754098360656,2.661575817345048,0.5527561114099575,0.5418781005319467
P01387,male,2000-2499,2276.2,blitz,13,2425.076923076923,0.24201183431952658,3.313736263736264,59.562130177514796,17.62130177514793,0.07100591715976329,0.029585798816568035,16.181818181818183,3.1485207100591714,0.5473372781065089,0.5254437869822485
P01387,male,2000-2499,2276.2,bullet,87,2253.9540229885056,0.24381888864647483,2.8708403665300217,59.442697787525375,17.579433465640363,0.07999184723322653,0.05335851887576024,14.04054054054054,3.0773393273393275,0.5475562751424821,0.5349612073750004
P01388,male,2000-2499,2231.9,blitz,26,2233.153846153846,0.25739644970414194,2.9517551892551896,56.65384615384615,17.340236686390533,0.05029585798816567,0.026627218934911233,17.153846153846153,2.9940828402366866,0.5532544378698225,0.5266272189349113
P01388,male,2000-2499,2231.9,bullet,31,2230.8387096774195,0.30180840664711633,2.7541726194952,57.424458605910225,17.21400105271073,0.08161327919392435,0.02481389578163771,14.586206896551724,3.149654109331529,0.5810775246259117,0.588314910895556
P01393,male,2000-2499,2135.5,blitz,1,2401.0,0.1538461538461538,3.8333333333333335,62.38461538461539,19.076923076923077,0.0769230769230769,0.1538461538461538,18.0,2.6923076923076925,0.5384615384615384,0.3846153846153846
P01393,male,2000-2499,2135.5,rapid,1,1870.0,0.0,3.0,68.23076923076923,20.307692307692307,0.0769230769230769,0.0,19.0,2.5384615384615383,0.1538461538461538,0.4615384615384615
P01396,male,2500+,2779.4,blitz,63,2823.2380952380954,0.2254840838174171,3.199712897331945,57.94052860719527,17.2072467655801,0.07867317867317865,0.020858770858770852,19.77358490566038,2.878242128242128,0.550698067364734,0.5446390029723364
P01396,male,2500+,2779.4,bullet,25,2765.48,0.24957264957264955,3.226142857142857,58.51111111111111,17.58854700854701,0.04307692307692307,0.02461538461538461,18.136363636363637,2.8777777777777778,0.6052991452991453,0.5487179487179487
P01396,male,2500+,2779.4,rapid,12,2578.5833333333335,0.17948717948717943,3.5790885040885043,59.0,17.826923076923077,0.057692307692307675,0.03205128205128204,18.0,2.5705128205128207,0.4807692307692308,0.4679487179487179
P01397,male,2500+,2582.3,blitz,15,2443.866666666667,0.22051282051282048,3.1716450216450216,58.78974358974359,17.74358974358974,0.08205128205128202,0.05128205128205126,20.133333333333333,3.0564102564102567,0.49743589743589745,0.48717948717948717
P01397,male,2500+,2582.3,bullet,85,2606.7764705882355,0.24668174962292605,2.996765554706731,59.382875457875464,17.572635207929324,0.08139409609997843,0.03425985778926954,16.531645569620252,3.085951303598362,0.5441284205990089,0.5485186382245205
P01398,male,2000-2499,2376.2,blitz,100,2376.17,0.22200466200466196,3.3122447274947273,59.19409090909091,17.571177156177157,0.06720279720279718,0.056293706293706273,16.649484536082475,2.8172843822843823,0.49142191142191144,0.4798135198135198
P01401,male,2000-2499,2480.4,blitz,99,2479.8282828282827,0.27278554778554776,3.0155512557027713,57.58999179832514,17.593026418026415,0.07764180264180262,0.04087024087024086,18.46153846153846,2.7785547785547786,0.5847880514547181,0.5735107485107485
P01401,male,2000-2499,2480.4,bullet,1,2541.0,0.4615384615384615,2.0,56.15384615384615,17.46153846153846,0.0769230769230769,0.0,19.0,3.0,0.6923076923076923,0.4615384615384615
P01402,male,2000-2499,2449.0,blitz,2,2171.0,0.3846153846153846,2.6,59.38461538461539,18.115384615384617,0.2307692307692307,0.0,15.0,2.6538461538461537,0.6153846153846154,0.6538461538461539
P01402,male,2000-2499,2449.0,rapid,98,2454.673469387755,0.25205706991421273,3.0355387809469443,58.40199820021249,17.50035916464488,0.07824437467294608,0.02433281004709575,18.40963855421687,2.7836033014604444,0.5639963211391783,0.5554895501324073
P01403,male,2000-2499,2482.2,blitz,100,2482.18,0.2389393939393939,3.249121101121101,59.01894522144522,17.765273892773894,0.07174242424242422,0.04174242424242423,19.63953488372093,2.8532051282051283,0.5128321678321678,0.552534965034965
P01404,male,2000-2499,2090.1,blitz,15,2156.8,0.20683760683760682,2.8325396825396827,60.27407407407407,18.492877492877493,0.10997150997150995,0.03076923076923076,18.866666666666667,2.6256410256410256,0.47806267806267805,0.4985754985754986
P01404,male,2000-2499,2090.1,rapid,12,2006.6666666666667,0.24358974358974358,3.398115079365079,59.07692307692307,17.346153846153847,0.09615384615384613,0.012820512820512817,19.25,3.1025641025641026,0.6089743589743589,0.6410256410256411
P01405,male,1500-1999,1934.1,blitz,94,1929.6808510638298,0.24258046917621381,3.240469282490559,59.62706628477905,17.669735406437535,0.09336470267321328,0.04337152209492634,18.511111111111113,3.0760615566466627,0.5344335333697036,0.5014889070740135
P01405,male,1500-1999,1934.1,rapid,6,2003.8333333333333,0.2564102564102564,3.173941798941799,58.37179487179487,17.371794871794872,0.051282051282051266,0.012820512820512817,22.166666666666668,2.948717948717949,0.5641025641025641,0.5128205128205128
P01406,male,2500+,2653.5,blitz,100,2653.48,0.3024632867132867,2.881904761904762,59.03249100899101,17.928945304695304,0.08955769230769228,0.03883241758241757,17.125,2.989795704295704,0.6102832167832168,0.5800754245754246
P01408,male,2000-2499,2201.2,blitz,38,1678.0,0.3139507422402159,2.9285505430242273,58.12925663517768,17.63728070175439,0.08164642375168689,0.038630229419703094,14.6875,2.8477226720647777,0.6163798920377868,0.5406545209176788
P01408,male,2000-2499,2201.2,bullet,62,2521.9032258064517,0.2521128065482904,2.9076249914959593,58.16622691824304,18.034205713641196,0.067772952853598,0.03473945409429279,17.264150943396228,2.813523170378009,0.5592089362250653,0.519246882150108
P01410,male,2000-2499,2054.3,blitz,25,1984.6,0.2735198135198135,2.915849816849817,57.298228438228435,17.243869463869466,0.07076923076923075,0.030769230769230757,19.736842105263158,2.4305361305361304,0.5717016317016317,0.552027972027972
P01410,male,2000-2499,2054.3,bullet,32,2108.78125,0.310014985014985,2.603422619047619,59.15585178710179,17.4375444000444,0.09258449883449882,0.0360576923076923,23.555555555555557,2.8189206626706627,0.6303182928182928,0.5419462481962481
P01411,male,2000-2499,2429.9,blitz,97,2429.041237113402,0.2868983250426549,2.9363072494515796,57.971683127868694,17.40666338243658,0.09584745151755458,0.04541249128877994,18.475609756097562,2.8691294387170676,0.5944768862294635,0.5821650285567811
P01411,male,2000-2499,2429.9,bullet,2,2541.0,0.3846153846153846,1.9285714285714286,57.0,17.307692307692307,0.23076923076923075,0.03846153846153845,43.0,1.807692307692308,0.8076923076923077,0.6153846153846154
P01411,male,2000-2499,2429.9,rapid,1,2294.0,0.1538461538461538,2.75,63.07692307692308,19.307692307692307,0.2307692307692307,0.2307692307692307,,2.1538461538461537,0.3846153846153846,0.4615384615384615
P01412,male,1500-1999,1915.7,blitz,12,1949.6666666666667,0.2602564102564102,3.3747354497354496,60.00064102564102,17.230128205128207,0.09166666666666666,0.04038461538461537,18.916666666666668,2.8480769230769227,0.6121794871794872,0.5352564102564102
P01412,male,1500-1999,1915.7,bullet,27,1900.6296296296296,0.2529547612880946,3.476195820640265,59.225476992143655,17.693894068894068,0.09586462919796251,0.03988603988603988,14.851851851851851,3.0495337995337994,0.5751402918069585,0.525990675990676
P01414,male,2500+,2728.0,blitz,17,2636.470588235294,0.253393665158371,3.108054690407631,58.92307692307693,17.547511312217196,0.0678733031674208,0.04977375565610859,15.705882352941176,3.262443438914027,0.579185520361991,0.5520361990950227
P01414,male,2500+,2728.0,bullet,83,2746.6987951807228,0.2861291319122644,3.2865732995251067,58.28146431881372,18.16146122953352,0.09105653382761814,0.027803521779425387,14.634146341463415,3.3533209762125424,0.5983781278962003,0.5493975903614458
P01415,male,2000-2499,2074.5,rapid,100,2074.47,0.23680486180486177,3.2606289405039406,59.19045038295039,17.854251498501498,0.06540934065934065,0.03344755244755244,22.785714285714285,2.6698640803640803,0.5282366522366523,0.5505201742701743
P01416,male,2000-2499,2365.8,rapid,100,2365.76,0.2825503663003663,3.2315134865134865,58.83358211233212,17.539180402930402,0.0533089133089133,0.028722527472527463,18.482758620689655,3.0467750305250303,0.5768253968253968,0.55881105006105
P01417,male,2000-2499,2395.4,blitz,1,2451.0,0.2307692307692307,2.3,61.69230769230769,17.23076923076923,0.0769230769230769,0.0,,2.3846153846153846,0.4615384615384615,0.6923076923076923
P01417,male,2000-2499,2395.4,rapid,99,2394.868686868687,0.27327274296971266,3.1187348285833134,59.86745759851821,18.101750802508377,0.08606853303822998,0.02958195003649548,17.47826086956522,2.886401897765534,0.5890529223862557,0.5386047734532583
P01423,male,2000-2499,2158.9,blitz,100,2158.87,0.28369269619269616,3.0369184704184704,57.36466477966478,17.53165750915751,0.09203074703074701,0.03592074592074591,19.415584415584416,2.5879195804195803,0.6005483405483405,0.5717143967143967
P01424,male,2000-2499,2039.1,blitz,58,1935.5172413793102,0.2822062994476787,2.9853890362511053,57.905341497582874,17.45329842571222,0.08425769632666182,0.045092838196286456,17.822222222222223,2.7263256858084444,0.5701608736091495,0.5638444888444889
P01424,male,2000-2499,2039.1,rapid,42,2182.190476190476,0.26434676434676435,3.397594997594998,60.318162393162396,18.28052503052503,0.08101343101343099,0.031440781440781426,17.605263157894736,2.9934676434676435,0.5714896214896215,0.5227716727716727
P01428,male,1500-1999,1969.0,blitz,1,1806.0,0.2307692307692307,4.4,52.53846153846154,17.076923076923077,0.1538461538461538,0.1538461538461538,18.0,2.6923076923076925,0.4615384615384615,0.3846153846153846
P01428,male,1500-1999,1969.0,rapid,3,2023.3333333333333,0.2564102564102564,3.0416666666666665,63.97435897435898,20.307692307692307,0.0769230769230769,0.025641025641025633,26.0,2.58974358974359,0.48717948717948717,0.5897435897435898
P01429,male,2500+,2540.0,bullet,100,2539.98,0.2523443223443223,3.1175680430680432,59.26419108669109,17.7003021978022,0.06200549450549449,0.036346153846153834,19.53684210526316,3.0693772893772895,0.5389224664224664,0.5496275946275947
P01433,male,1500-1999,1794.2,blitz,54,1794.1666666666667,0.2587844254510921,3.1243608757497645,58.28584995251662,17.51661918328585,0.0826210826210826,0.04131054131054129,18.88372093023256,2.7231718898385564,0.51994301994302,0.550332383665717
P01437,male,2500+,2671.3,bullet,100,2671.31,0.2653867521367521,2.662301500786795,57.36549572649573,16.88276923076923,0.07201495726495724,0.021602564102564097,17.365591397849464,3.0396282051282055,0.6160341880341881,0.5623482905982906
P01441,male,2500+,2524.8,blitz,99,2525.242424242424,0.30087589178498264,3.2099371447856293,57.25484448211721,17.249967624967624,0.08480492571401661,0.039833062560335274,16.626373626373628,3.142091073909256,0.5939552871371053,0.5440741918014645
P01441,male,2500+,2524.8,rapid,1,2480.0,0.0769230769230769,4.0,54.15384615384615,17.846153846153847,0.0769230769230769,0.0769230769230769,36.0,1.9230769230769231,0.6153846153846154,0.5384615384615384
P01443,male,2000-2499,2353.9,blitz,55,2452.9636363636364,0.25746980292434835,3.1407644880372154,58.38461538461539,17.19160839160839,0.07069294342021613,0.03521932612841703,16.26530612244898,2.876923076923077,0.5499046408137317,0.5828353464717101
P01443,male,2000-2499,2353.9,bullet,41,2264.5853658536585,0.27219122341073554,2.6188822018090314,57.32311590848175,16.806997880168613,0.07129455909943712,0.024390243902439015,18.333333333333332,2.745644599303136,0.5333934358324602,0.5959893764771814
P01443,male,2000-2499,2353.9,rapid,4,1907.0,0.34615384615384615,2.341666666666667,52.5,16.884615384615383,0.03846153846153845,0.019230769230769225,32.0,2.8461538461538467,0.7884615384615385,0.7307692307692307
P01444,male,2500+,2883.0,blitz,100,2883.0,0.24706615606615603,2.918279193029193,58.34246098346099,17.766881007881008,0.07880108780108779,0.057692307692307675,15.944444444444445,2.913197802197802,0.5260845820845821,0.5374484404484404
P01449,male,2500+,2514.2,blitz,100,2514.18,0.24442407592407592,3.235539072039072,59.625337662337664,18.024434565434564,0.10549650349650347,0.0641258741258741,18.63736263736264,2.856048951048951,0.5333261738261738,0.5213476523476523
P01451,male,2000-2499,2216.7,bullet,100,2216.67,0.27708408258408257,2.9649473304473304,58.134769730269724,18.50211505161505,0.08365151515151513,0.030064102564102555,18.96938775510204,2.4724438894438894,0.5668488178488178,0.5186556776556777
P01452,male,2000-2499,2012.7,blitz,99,2015.010101010101,0.23928030443181958,3.278215695639938,60.08027040299768,18.05027329572784,0.051840863962076066,0.027229560562893888,18.524390243902438,2.969324951143133,0.5356207204692054,0.5278439293590809
P01452,male,2000-2499,2012.7,bullet,1,1779.0,0.3846153846153846,1.5,65.38461538461539,19.615384615384617,0.2307692307692307,0.0769230769230769,19.0,2.769230769230769,0.6153846153846154,0.4615384615384615
P01453,male,2000-2499,2435.4,blitz,100,2435.36,0.2640683760683761,2.7911763514263517,57.49470085470086,17.186444444444444,0.0794188034188034,0.03034188034188033,17.057471264367816,2.9310427350427353,0.5453675213675213,0.5572136752136752
P01456,male,2000-2499,2323.2,blitz,96,2326.8020833333335,0.26787168271543266,2.8758124687812185,59.63917014698265,17.794364952177453,0.08088609885484883,0.027930402930402925,15.738095238095237,2.9786822552447556,0.5802388583638584,0.5684272324897325
P01456,male,2000-2499,2323.2,rapid,4,2236.25,0.36195054945054944,2.5143939393939396,60.39938186813187,17.34375,0.24519230769230768,0.0,19.666666666666668,2.3894230769230766,0.685782967032967,0.5442994505494505
P01458,male,2000-2499,2280.2,blitz,100,2280.24,0.24879437229437226,3.3914877344877343,59.76877489177489,18.29487246087246,0.0949726107226107,0.036346153846153834,17.42391304347826,2.7969292096792095,0.5551207403707403,0.5328540348540348
P01459,male,2500+,2619.4,blitz,100,2619.44,0.2916068376068376,2.908164113664114,56.83458974358974,17.4625641025641,0.07580341880341879,0.03388888888888888,18.82758620689655,2.915897435897436,0.5697692307692308,0.5739401709401709
P01462,male,2000-2499,2126.0,blitz,91,2119.934065934066,0.32705603309998915,2.817857142857143,58.53483836066253,17.56379688687381,0.09307920406821504,0.020447074293228135,20.256410256410255,2.86767591382976,0.6078849416761505,0.5866974295545724
P01462,male,2000-2499,2126.0,rapid,9,2187.5555555555557,0.19658119658119655,3.235493827160494,60.21367521367521,18.564102564102562,0.11111111111111108,0.03418803418803418,22.333333333333332,3.1196581196581197,0.4700854700854701,0.5128205128205128
P01467,male,2000-2499,2199.5,blitz,100,2199.48,0.27023717948717946,3.142258297258297,58.22154914529914,17.302920940170942,0.07159829059829058,0.04035897435897435,17.4625,2.590910256410256,0.5487884615384615,0.590948717948718
P01468,male,2000-2499,2209.4,blitz,79,2274.4430379746836,0.28390547567762753,2.7213874732862076,59.07859180200953,17.919184823615204,0.0755003786649356,0.026636373471816504,15.191176470588236,2.946086192288724,0.6004657086935569,0.5709578045021082
P01468,male,2000-2499,2209.4,rapid,21,1964.5238095238096,0.2857142857142857,3.708692365835223,59.285714285714285,17.846153846153847,0.10622710622710618,0.051282051282051266,17.157894736842106,3.0805860805860807,0.5787545787545787,0.5384615384615385
P01469,male,2000-2499,2280.4,blitz,82,2233.1951219512193,0.2693392312294751,3.1710652491140294,57.503080253080256,17.457388986352402,0.09835692762522028,0.04979674796747966,18.136986301369863,3.0297683346463833,0.5263237778481681,0.5462208861599106
P01469,male,2000-2499,2280.4,bullet,18,2495.5555555555557,0.2649572649572649,3.238872855539522,60.50854700854701,18.205128205128204,0.10256410256410253,0.04273504273504272,17.72222222222222,3.431623931623932,0.5811965811965812,0.5085470085470085
P01471,male,2500+,2677.2,blitz,98,2673.5714285714284,0.2675845979417408,3.252496766272276,58.56143162393162,17.883721437292866,0.10000218035932319,0.038167189952904225,16.3125,2.676554596197453,0.5427241409384267,0.5755821559392988
P01471,male,2500+,2677.2,bullet,2,2852.5,0.3846153846153846,4.1,54.07692307692308,16.0,0.03846153846153845,0.03846153846153845,17.0,2.4615384615384617,0.653846153846154,0.5384615384615385
P01473,male,2500+,2512.9,blitz,11,2361.181818181818,0.3118881118881119,2.994805194805195,55.34685314685314,15.822377622377623,0.0979020979020979,0.06993006993006991,20.6,2.77972027972028,0.6139860139860139,0.5650349650349651
P01473,male,2500+,2512.9,bullet,89,2531.6404494382023,0.27213750668806846,2.704766457013648,56.54057359619158,17.342288828524783,0.08257123650382076,0.04747191011235954,13.914634146341463,3.0257857623026165,0.5967015818139414,0.5917537830459179
P01476,male,2500+,2606.3,blitz,22,2611.5,0.324582362082362,3.456162145934873,57.19261849261849,17.090345765345766,0.08625679875679873,0.05050505050505049,19.8,2.760120435120435,0.634469696969697,0.5573912198912199
P01476,male,2500+,2606.3,bullet,2,2549.0,0.1923076923076923,3.8194444444444446,54.80769230769231,15.96153846153846,0.03846153846153845,0.03846153846153845,,3.692307692307692,0.2692307692307692,0.30769230769230765
P01480,male,1500-1999,1933.6,blitz,73,1905.3561643835617,0.22572465586164214,3.2237523891633484,58.25949955675983,17.437951394115778,0.06670346396373791,0.03208055262849782,17.53846153846154,2.835680833626039,0.5356390185157308,0.4810711358656564
P01480,male,1500-1999,1933.6,rapid,27,2009.9259259259259,0.41198307864974526,2.6437389770723105,56.10170076836744,16.56035785202452,0.06034706034706033,0.02849002849002848,17.347826086956523,2.7825045325045323,0.6758719675386343,0.5969308469308469
P01481,male,2000-2499,2073.1,blitz,88,2098.9772727272725,0.23569763569763566,3.0544914681278317,59.26198066453748,18.315085325028505,0.11351848908667089,0.043968531468531455,22.442857142857143,2.6292906588361133,0.5495000580227853,0.5068939267802904
P01481,male,2000-2499,2073.1,bullet,12,1883.25,0.2948717948717948,3.000198412698413,58.60897435897436,18.724358974358974,0.09615384615384613,0.025641025641025633,17.545454545454547,2.58974358974359,0.5448717948717948,0.5641025641025641
P01482,male,2500+,2573.8,bullet,89,2581.6629213483147,0.22059925093632954,3.207298070219419,58.16567751848651,17.60433112455584,0.06377604916930758,0.03754921732449821,17.48235294117647,2.8895131086142323,0.4917987131470277,0.5044463651205224
P01482,male,2500+,2573.8,rapid,11,2510.181818181818,0.1868131868131868,3.376723276723277,60.5974025974026,18.301698301698302,0.06293706293706292,0.027972027972027965,20.636363636363637,2.927072927072927,0.4095904095904096,0.4665334665334665
P01486,male,2000-2499,2393.7,blitz,88,2411.7272727272725,0.2303321678321678,3.1215685792223224,59.59255536130536,17.816739510489512,0.0922202797202797,0.03758741258741258,14.909090909090908,3.0509032634032636,0.5306089743589744,0.5016171328671328
P01486,male,2000-2499,2393.7,bullet,11,2276.909090909091,0.2657342657342657,2.8515151515151516,57.16083916083915,17.062937062937063,0.09090909090909088,0.04895104895104894,19.3,2.8181818181818183,0.5874125874125874,0.5034965034965034
P01486,male,2000-2499,2393.7,rapid,1,2089.0,0.1111111111111111,3.5,49.111111111111114,14.444444444444445,0.0,0.0,,1.7777777777777777,0.4444444444444444,0.6666666666666666
P01487,male,2000-2499,2355.6,blitz,83,2367.3012048192772,0.2660089241414543,3.0374499997993976,58.72274111430738,17.897599388563243,0.08728620776813546,0.05282669138090823,22.88888888888889,2.697917042796561,0.5293993155438939,0.5622553483999266
P01487,male,2000-2499,2355.6,bullet,1,2156.0,0.1538461538461538,2.0,56.61538461538461,16.384615384615383,0.0,0.0,11.0,2.923076923076923,0.4615384615384615,0.6153846153846154
P01487,male,2000-2499,2355.6,rapid,16,2307.4375,0.17307692307692304,3.899491567460317,61.81810897435898,18.37900641025641,0.08253205128205127,0.04807692307692306,21.5,2.628205128205128,0.4895833333333333,0.44310897435897434
P01488,male,2000-2499,2181.6,blitz,2,2002.0,0.1602564102564102,4.0,66.9198717948718,20.14423076923077,0.11858974358974356,0.03846153846153845,14.5,2.3653846153846154,0.28525641025641024,0.5608974358974359
P01488,male,2000-2499,2181.6,rapid,98,2185.214285714286,0.2822142143570715,3.171005270239964,59.63287882752169,18.138556879628307,0.0929126429126429,0.03550061050061049,18.976190476190474,2.6838922981780122,0.5543232561089704,0.5098637473637473
P01491,male,2500+,2762.1,blitz,9,2738.4444444444443,0.2222222222222222,3.4359748276414943,58.504273504273506,18.025641025641026,0.07692307692307691,0.04273504273504272,22.0,2.6324786324786325,0.5128205128205128,0.6068376068376069
P01491,male,2500+,2762.1,bullet,75,2807.733333333333,0.23657997557997557,3.302385503385503,58.599873015873015,17.458778998779,0.07834188034188032,0.05113553113553112,21.15686274509804,2.793885225885226,0.5462429792429793,0.5352857142857143
P01491,male,2500+,2762.1,rapid,16,2561.375,0.2596153846153846,3.291003787878788,58.50961538461539,17.66826923076923,0.0721153846153846,0.028846153846153837,23.333333333333332,2.793269230769231,0.5288461538461539,0.5240384615384616
P01492,male,2500+,2534.8,bullet,100,2534.75,0.2327472527472527,2.8007156732156733,54.83,16.434065934065934,0.05538461538461537,0.03153846153846153,14.444444444444445,2.9893406593406593,0.5278021978021978,0.46637362637362634
P01494,male,2500+,2582.4,bullet,100,2582.36,0.24330352980352976,3.0652065157065156,59.46047211122211,17.61471078921079,0.08067216117216114,0.03783216783216782,18.893617021276597,3.115796536796537,0.5514561272061271,0.5484625374625375
P01496,male,1000-1499,1478.4,blitz,46,1354.3695652173913,0.3147296544035674,2.92237279628584,56.83851263470829,16.916341508732813,0.06440449646971384,0.027801003344481597,18.175,2.874837421033073,0.6016350798959494,0.5952945001858045
P01496,male,1000-1499,1478.4,bullet,1,1217.0,0.2307692307692307,3.8333333333333335,69.07692307692308,19.384615384615383,0.2307692307692307,0.0,17.0,3.692307692307693,0.6153846153846154,0.3846153846153846
P01496,male,1000-1499,1478.4,rapid,53,1590.9433962264152,0.2809556795405852,2.8934261755016473,54.81579018465811,16.40474195615705,0.04537757839644631,0.017416545718432506,18.214285714285715,2.8630490578603784,0.6053760704704101,0.6178518022857645
P01497,male,2000-2499,2352.7,blitz,47,2340.936170212766,0.2523458810692853,3.349755917841024,58.069476268412444,17.954473540643754,0.09192580469176212,0.05171849427168575,17.65,2.935379159847245,0.5253955264593563,0.5279323513366067
P01497,male,2000-2499,2352.7,bullet,53,2363.0943396226417,0.24847605224963712,3.104968145062485,59.79375907111756,18.284857281083696,0.0730527334300919,0.04063860667634252,14.84,2.854668601838413,0.5174165457184325,0.5441702951136913
P01499,male,2000-2499,2354.8,blitz,19,2282.7368421052633,0.2325686009896536,3.3068086883876355,59.83625730994152,17.312190733243366,0.07287449392712549,0.05038236617183984,20.352941176470587,2.8992352676563202,0.5474583895636528,0.48448043184885287
P01499,male,2000-2499,2354.8,bullet,74,2383.7972972972975,0.2433422433422433,3.188708213708214,57.22586872586872,17.08773883773884,0.06774081774081772,0.028066528066528058,22.109375,2.766186516186516,0.5998168498168498,0.5593381843381844
P01499,male,2000-2499,2354.8,rapid,7,2243.5714285714284,0.2857142857142857,3.1002164502164504,56.582417582417584,17.857142857142858,0.0769230769230769,0.021978021978021973,21.75,2.3736263736263736,0.6263736263736265,0.5494505494505495
P01500,male,2000-2499,2194.2,blitz,81,2142.5925925925926,0.2796535768757991,2.767382822938379,56.44579813190925,16.802766335173743,0.1115242096723578,0.05639066009436378,17.472727272727273,2.6002201502201503,0.6192897637342082,0.5676029388992352
P01500,male,2000-2499,2194.2,bullet,13,2478.6923076923076,0.3137691368460599,2.8593406593406594,58.08478444632291,16.891687799380108,0.1326101249178172,0.0883629191321499,17.916666666666668,3.19512538743308,0.613590682821452,0.6196393350239504
P01500,male,2000-2499,2194.2,rapid,6,2274.5,0.2564102564102564,3.3638468013468015,58.64102564102564,17.461538461538463,0.15384615384615383,0.012820512820512817,22.4,2.756410256410257,0.576923076923077,0.576923076923077
P01501,male,2500+,2620.5,blitz,17,2697.470588235294,0.24333836098541978,2.8356909430438844,61.200100553041736,17.86827551533434,0.07239819004524885,0.040723981900452476,16.46153846153846,3.0688788335847157,0.5208647561588738,0.5575666163901458
P01501,male,2500+,2620.5,bullet,80,2615.65,0.26471153846153844,2.8656672147297146,57.91194711538461,17.015697115384615,0.10562499999999997,0.044831730769230756,16.63768115942029,3.1108173076923076,0.5798798076923076,0.5716346153846155
P01501,male,2500+,2620.5,rapid,3,2314.6666666666665,0.28205128205128205,1.9611111111111112,61.692307692307686,17.17948717948718,0.1538461538461538,0.025641025641025633,15.0,3.4615384615384617,0.5897435897435898,0.5897435897435898
P01503,male,2000-2499,2326.2,blitz,13,2326.230769230769,0.2832616101846871,3.3194444444444446,59.041106329567874,17.780168549399317,0.11022951407566789,0.060247444862829465,25.90909090909091,2.525282409897794,0.6311188811188811,0.5703783396091088
P01505,male,2500+,2661.7,blitz,9,2585.1111111111113,0.32834757834757833,2.647089947089947,58.64814814814815,17.33831908831909,0.06980056980056977,0.04273504273504272,19.0,2.8547008547008548,0.5868945868945868,0.6381766381766382
P01505,male,2500+,2661.7,bullet,91,2669.2417582417584,0.30893008090810287,2.5493780334439675,57.061761864509116,17.336915831421326,0.08576258905929234,0.033431952662721885,16.58823529411765,2.9855250976130097,0.576814394396812,0.5818681318681319
P01506,male,2000-2499,2204.2,blitz,12,2196.25,0.3188034188034188,3.3760281385281385,58.07279202279202,16.809757834757836,0.09195156695156693,0.04679487179487179,23.6,2.8512820512820514,0.6273504273504273,0.6154558404558405
P01506,male,2000-2499,2204.2,bullet,83,2211.156626506024,0.2603134816990238,2.961776342800439,58.61961686238794,17.708094014419316,0.05457564523829582,0.030468025949953653,17.83076923076923,2.910287202757082,0.585046044985804,0.580731651213579
P01506,male,2000-2499,2204.2,rapid,5,2107.6,0.2769230769230769,2.5771428571428574,60.30769230769231,17.615384615384617,0.12307692307692304,0.06153846153846152,20.0,2.9692307692307693,0.5846153846153845,0.5692307692307692
P01509,male,2000-2499,2312.8,rapid,100,2312.82,0.28163558663558663,2.8882709096459096,55.0322533022533,16.57108236208236,0.08504895104895102,0.038293706293706285,22.706666666666667,2.387979020979021,0.6184630924630925,0.6155516705516706
P01515,male,2000-2499,2240.1,bullet,100,2240.08,0.2888885003885004,2.8005523088023083,58.945440559440556,17.33846581196581,0.05953302253302252,0.02461538461538461,15.917525773195877,3.274363247863248,0.6053947163947164,0.5408484848484849
P01517,male,1500-1999,1889.7,blitz,62,1988.016129032258,0.23866080156402733,3.2704132337196854,58.293431836980226,17.787356192194903,0.062034739454094275,0.03349875930521091,16.54237288135593,3.043221294834198,0.5686780960974509,0.5285698172794946
P01517,male,1500-1999,1889.7,bullet,38,1729.342105263158,0.27165991902834,3.00424538911381,58.19736842105263,17.571457489878544,0.05870445344129554,0.03036437246963562,14.2,2.9593117408906884,0.5967611336032389,0.5406882591093117
P01519,male,2500+,2603.4,blitz,72,2644.8333333333335,0.27341524216524216,2.9390113744280413,55.608808167141504,16.485122863247867,0.09527243589743588,0.03378739316239315,18.416666666666668,2.8306801994301996,0.5814013532763532,0.5880787037037037
P01519,male,2500+,2603.4,bullet,28,2496.9285714285716,0.28069945927088785,2.8217933851862425,56.241927219605785,15.99284842141985,0.11771214896214895,0.04517704517704517,17.823529411764707,2.8591760422117565,0.6118905895691611,0.6363542211756498
P01521,male,2000-2499,2003.8,blitz,26,2003.8461538461538,0.2717666948436179,3.644337606837607,60.201183431952664,18.299239222316146,0.10355029585798814,0.041420118343195256,20.36,3.0414201183431953,0.5228233305156382,0.5900253592561285
P01523,male,2000-2499,2013.9,blitz,31,2123.6129032258063,0.27997217835927507,3.750964716287297,59.645024061959546,18.145499661628694,0.05679938341228662,0.0422870140612076,16.107142857142858,3.1158395368072784,0.6164467253176931,0.5300436123016767
P01523,male,2000-2499,2013.9,bullet,69,1964.5942028985507,0.2908846387107257,3.183839831665918,60.471159275507105,18.271762456545066,0.07247728117293332,0.03853594070985374,17.0,2.997107884064406,0.5868133476829129,0.55178018438888
P01526,male,2000-2499,2400.9,blitz,79,2478.4303797468356,0.28386592310642944,3.1315779860083657,57.456027411407156,16.980993479094746,0.07409120415449527,0.03663583252190846,20.555555555555557,2.9372148948098316,0.5856776135257148,0.559445723053318
P01526,male,2000-2499,2400.9,bullet,21,2109.3333333333335,0.2677322677322677,2.9352796674225248,57.85248085248085,16.916416916416917,0.06959706959706957,0.03663003663003662,17.22222222222222,2.815184815184815,0.5794205794205795,0.55011655011655
P01532,male,2000-2499,2163.6,blitz,100,2163.61,0.24472127872127872,3.1921318542568544,59.331694305694306,17.957615884115885,0.10906293706293704,0.0533076923076923,18.6,2.638076923076923,0.5558466533466533,0.5616543456543457
P01536,male,2500+,2629.6,blitz,96,2627.9791666666665,0.26280108780108774,3.2384867736430234,59.09660426379176,17.775886266511268,0.09007502913752911,0.03589075854700854,18.01123595505618,3.0556192939005435,0.5688246649184149,0.5424090666278166
P01536,male,2500+,2629.6,bullet,4,2668.0,0.2115384615384615,3.392424242424242,58.19230769230769,16.326923076923077,0.09615384615384612,0.03846153846153845,21.0,2.6153846153846154,0.4615384615384615,0.4230769230769231
P01538,male,2000-2499,2210.4,blitz,86,2276.3488372093025,0.25319802936082003,2.9911922379945635,59.207538262770825,17.83847999545674,0.05840929096743048,0.02938921543572705,17.61904761904762,2.91693997217253,0.5769905159440043,0.5623385012919896
P01538,male,2000-2499,2210.4,rapid,14,1805.5714285714287,0.20329670329670327,3.3128915202444618,59.05494505494505,17.928571428571427,0.06593406593406591,0.02747252747252746,16.384615384615383,2.6758241758241756,0.5604395604395604,0.5054945054945055
P01541,male,2500+,2531.7,blitz,69,2570.913043478261,0.26350195698021783,3.1186895632547804,58.69385566124697,17.496660103181842,0.0916344525040177,0.03793066836545096,16.4375,2.9255261646565995,0.6033493076971338,0.5489597359162577
P01541,male,2500+,2531.7,rapid,31,2444.516129032258,0.2729666390956713,2.9001306041628623,58.80853322304935,17.57219465122691,0.0740143369175627,0.01811414392059553,16.0,3.0381306865177833,0.6247036118003859,0.5805900192996967
P01543,male,1500-1999,1858.8,blitz,52,2040.0961538461538,0.31246637977407205,2.933527690258459,56.4343284920208,17.110767437690516,0.06922404518558363,0.025540164963241876,15.979166666666666,2.8992962166039087,0.6243163887394657,0.5680025103102027
P01543,male,1500-1999,1858.8,bullet,48,1662.375,0.3293269230769231,2.7033835377585373,56.47255608974359,16.87920673076923,0.06991185897435896,0.02243589743589743,16.954545454545453,2.939503205128205,0.6266025641025641,0.5775240384615384
P01544,male,2000-2499,2292.1,blitz,99,2293.090909090909,0.2751627160718069,2.7859781071902283,58.34232678096314,17.50122781259145,0.07547797320524591,0.04214489214489213,17.977777777777778,2.9971409903228086,0.5866816684998503,0.549379156197338
P01544,male,2000-2499,2292.1,rapid,1,2197.0,0.2307692307692307,3.6666666666666665,70.07692307692308,21.307692307692307,0.0769230769230769,0.0,24.0,3.076923076923077,0.3076923076923077,0.5384615384615384
P01545,male,2500+,2646.8,blitz,4,2689.25,0.25,3.1543560606060606,58.21153846153847,17.48076923076923,0.03846153846153845,0.03846153846153845,23.0,2.980769230769231,0.4807692307692308,0.46153846153846156
P01545,male,2500+,2646.8,bullet,96,2645.0729166666665,0.26893315018315017,3.0982350982350986,57.81087454212454,17.34199481074481,0.08343826312576309,0.03205128205128204,18.80722891566265,2.8097813644688645,0.5660752442002442,0.5680574633699634
P01549,male,2000-2499,2149.6,blitz,100,2149.63,0.26452664002664,3.0967478354978355,57.764063603063605,17.5125680985681,0.06706959706959706,0.03315934065934065,17.347826086956523,2.858877788877789,0.5929905094905095,0.5690426240426241
P01552,male,2000-2499,2192.8,blitz,33,2353.0,0.21546231546231542,3.0575036075036075,58.04343434343434,17.834265734265735,0.05897435897435896,0.035664335664335654,23.73913043478261,2.4971250971250973,0.49479409479409475,0.49479409479409475
P01552,male,2000-2499,2192.8,rapid,67,2113.955223880597,0.2502200535782625,3.197169911349016,58.54181800786279,17.78055787496086,0.08032564450474897,0.05484117872177572,24.29268292682927,2.417653863549386,0.5326392512959677,0.529421946212991
P01557,male,2000-2499,2253.6,blitz,87,2278.1724137931033,0.2770276339241856,3.3108138030551824,58.52311204121549,17.636799471282227,0.10294357621943827,0.060608644229333875,15.542857142857143,2.8720845246707314,0.5910345082758875,0.5683166450407829
P01557,male,2000-2499,2253.6,bullet,13,2089.230769230769,0.2943786982248521,2.5956349206349207,56.48422090729783,16.96844181459566,0.06607495069033528,0.03007889546351084,16.166666666666668,3.153353057199211,0.6109467455621302,0.5276134122287968
P01560,male,2500+,2542.4,blitz,5,2610.4,0.26153846153846155,2.5255555555555556,58.030769230769224,17.96923076923077,0.04615384615384614,0.03076923076923076,14.0,2.923076923076923,0.676923076923077,0.5384615384615385
P01560,male,2500+,2542.4,bullet,95,2538.7894736842104,0.26951601030548394,3.123658008658009,59.028159121580174,17.87278984173721,0.08704330756962333,0.049769353453563966,16.988888888888887,3.078384860753282,0.5579106858054226,0.5235449638081217
P01561,male,2000-2499,2084.7,blitz,89,2069.85393258427,0.26193700182464225,3.0043843173056657,59.05586766541823,17.929405550753867,0.05478248343416881,0.031499087678862954,14.833333333333334,2.9420964179391147,0.5257850763468741,0.5423941227312014
P01561,male,2000-2499,2084.7,bullet,10,2224.1,0.25384615384615383,2.895894660894661,60.253846153846155,18.89230769230769,0.0692307692307692,0.02307692307692307,15.3,2.953846153846154,0.5230769230769231,0.6153846153846154
P01561,male,2000-2499,2084.7,rapid,1,2011.0,0.3846153846153846,3.0,66.92307692307692,21.384615384615383,0.0769230769230769,0.0,14.0,3.4615384615384617,0.4615384615384615,0.4615384615384615
P01565,male,2500+,2501.4,blitz,88,2514.193181818182,0.26209396663942114,3.1245658215076664,57.97921302182665,17.51742859413314,0.07646047134683497,0.041435836890382334,16.890243902439025,2.9291030938758214,0.5546830063875517,0.5796504631731905
P01565,male,2500+,2501.4,bullet,7,2636.0,0.28846153846153844,2.387662337662338,55.824175824175825,16.873626373626372,0.05494505494505492,0.021978021978021973,12.25,2.5741758241758244,0.6483516483516484,0.7005494505494506
P01565,male,2500+,2501.4,rapid,5,2087.8,0.33146853146853145,2.685,58.82797202797203,18.095104895104896,0.04615384615384614,0.03076923076923076,18.5,2.6167832167832166,0.6377622377622377,0.5888111888111889
P01567,male,2000-2499,2160.0,blitz,92,2162.3478260869565,0.2731884057971014,2.851662000439174,58.23354236343367,17.696214232627277,0.07990988480118913,0.03954849498327758,21.734177215189874,2.77821441843181,0.5664390561129692,0.5555183946488294
P01567,male,2000-2499,2160.0,rapid,3,2088.0,0.43589743589743585,1.9523809523809523,50.07692307692307,15.12820512820513,0.0,0.025641025641025633,17.5,2.358974358974359,0.6153846153846154,0.6923076923076924
P01568,male,2000-2499,2465.0,blitz,63,2500.2380952380954,0.2607695214838072,2.932310987072892,59.239651530127716,17.80646694575266,0.08391718510766127,0.05349681183014515,15.5,2.9797890381223713,0.5438591390972344,0.5186197840959745
P01568,male,2000-2499,2465.0,bullet,37,2405.0810810810813,0.24809424809424807,2.7824519324519326,59.114114114114116,17.875490875490875,0.09563409563409561,0.04158004158004156,17.09090909090909,2.974820974820975,0.5513975513975513,0.5698775698775699
P01569,male,2000-2499,2494.7,blitz,51,2475.3333333333335,0.2370142928966458,3.263643978090345,60.09730661495367,18.136561804208863,0.07519931049342812,0.018099547511312212,22.854166666666668,2.708999497234791,0.49480356245062124,0.5136572577749048
P01569,male,2000-2499,2494.7,bullet,49,2514.8979591836733,0.24170217537564473,2.959807596032086,57.84122000448531,17.776547432159674,0.03431262614936083,0.021978021978021973,20.390243902439025,2.81921394931599,0.5214453913433506,0.5328268670105405
P01572,male,2500+,2604.6,blitz,73,2692.3561643835615,0.29610115911485774,2.804396364670337,57.33403582718651,17.105374077976816,0.06849315068493149,0.02845100105374077,20.09090909090909,3.0558482613277134,0.5763962065331928,0.5669125395152793
P01572,male,2500+,2604.6,bullet,4,2800.25,0.23076923076923073,2.5891330891330893,55.73076923076923,16.75,0.057692307692307675,0.019230769230769225,23.25,2.480769230769231,0.5,0.40384615384615385
P01572,male,2500+,2604.6,rapid,23,2292.1304347826085,0.3134640721597243,3.0138779095300836,54.87749569271308,16.86069220634438,0.06576467011249618,0.007692307692307692,18.526315789473685,2.8404124860646602,0.5302219519610825,0.5710955710955711
P01574,male,2500+,2534.1,blitz,100,2534.08,0.25655566655566653,3.1624519614372555,58.169970584970585,17.64805305805306,0.07431623931623929,0.03615384615384614,18.22222222222222,2.7725302475302476,0.5591930291930293,0.5526090576090575
P01576,male,2000-2499,2328.5,blitz,100,2328.46,0.255025641025641,3.3030875513375513,56.907141025641025,17.270858974358976,0.08796153846153844,0.037596153846153835,21.142857142857142,2.6076923076923078,0.60925,0.5742948717948718
P01579,male,2500+,2551.0,blitz,98,2557.7244897959185,0.26522168307882593,3.0985678437209048,58.65883085168799,17.998758979116122,0.07571357214214355,0.026602365888080164,16.6,3.0574318538604253,0.5800209710923996,0.550292366363795
P01579,male,2500+,2551.0,bullet,1,2327.0,0.0769230769230769,5.4,60.61538461538461,18.846153846153847,0.0769230769230769,0.0769230769230769,8.0,2.8461538461538463,0.2307692307692307,0.4615384615384615
P01579,male,2500+,2551.0,rapid,1,2117.0,0.3076923076923077,3.2,55.07692307692308,17.23076923076923,0.0769230769230769,0.0,16.0,3.769230769230769,0.5384615384615384,0.6153846153846154
P01581,male,2000-2499,2047.9,blitz,39,2121.769230769231,0.2904167769552385,3.035977910977911,57.567035528573996,17.391905316905316,0.05042436196282349,0.022879684418145953,17.941176470588236,2.855153251307098,0.6106104009950164,0.5810621714467868
P01581,male,2000-2499,2047.9,bullet,55,1982.090909090909,0.30586035176944265,2.8620641479732387,56.885400155400156,17.174819523910433,0.06195027195027194,0.02781662781662781,18.354166666666668,2.985271597089779,0.6523846860210496,0.5627749523204069
P01581,male,2000-2499,2047.9,rapid,6,2170.6666666666665,0.23076923076923073,3.5699817726133514,62.93589743589744,20.128205128205128,0.06410256410256408,0.0,15.166666666666666,3.0384615384615383,0.6538461538461539,0.5256410256410257
P01582,male,2000-2499,2465.2,blitz,100,2465.15,0.24716783216783214,3.1761595626595622,58.656809440559435,17.74276223776224,0.07844405594405593,0.05383741258741257,18.457831325301203,2.784012237762238,0.5531905594405595,0.5170367132867133
P01583,male,2500+,2709.2,blitz,30,2653.766666666667,0.27948717948717944,2.926685340802988,57.766666666666666,17.82051282051282,0.09487179487179484,0.04102564102564101,13.892857142857142,3.1769230769230767,0.5564102564102564,0.5384615384615384
P01583,male,2500+,2709.2,bullet,70,2733.0,0.3045486656200942,2.805228501657073,57.316978021978024,17.307738095238097,0.0609419152276295,0.03145604395604395,12.338235294117647,3.231433804290947,0.574665096807954,0.576734693877551
P01585,male,2500+,2554.3,blitz,10,2418.6,0.2476923076923077,2.5365750915750915,56.727692307692315,16.766923076923078,0.0692307692307692,0.06153846153846152,19.11111111111111,2.7407692307692306,0.573076923076923,0.6153846153846153
P01585,male,2500+,2554.3,bullet,90,2569.4,0.268998963998964,2.7170192461859126,56.00848873348873,16.665524475524474,0.07139342139342138,0.03440170940170939,19.439393939393938,2.9418686868686867,0.5560437710437711,0.545958300958301
P01590,male,1500-1999,1952.6,blitz,94,1953.404255319149,0.26203090644580007,3.2527117681373,60.33095996792805,18.3436744697383,0.09403403924680519,0.030273686124749948,18.962025316455698,2.850225454214816,0.5706791730727901,0.5598941543090479
P01590,male,1500-1999,1952.6,bullet,4,1934.75,0.19230769230769224,3.43125,57.94230769230769,18.23076923076923,0.0769230769230769,0.0,21.5,2.673076923076923,0.5576923076923077,0.5192307692307692
P01591,male,2000-2499,2207.4,blitz,70,2187.942857142857,0.2797601208315494,2.914757781900639,57.293448694162976,17.329551757766044,0.0883300033300033,0.02826625755197183,19.063492063492063,2.9063251034679607,0.5804380143665858,0.5485195756624327
P01591,male,2000-2499,2207.4,bullet,30,2252.766666666667,0.3121289821289821,2.5659415584415584,56.67462703962704,17.08667443667444,0.08794871794871793,0.04102564102564101,11.133333333333333,2.9732167832167833,0.636087801087801,0.5662121212121212
P01592,male,2000-2499,2471.2,blitz,39,2384.923076923077,0.2878877532723686,3.2816259239336163,59.97954097184867,17.98963152232383,0.08319885242962163,0.0536130536130536,16.0,3.0605881298188993,0.5674018289402905,0.5416711493634571
P01592,male,2000-2499,2471.2,bullet,3,2312.6666666666665,0.33333333333333326,2.865079365079365,61.61538461538461,18.307692307692307,0.10256410256410253,0.051282051282051266,30.666666666666668,2.58974358974359,0.6153846153846154,0.5128205128205128
P01592,male,2000-2499,2471.2,rapid,58,2537.4827586206898,0.2681155051844707,3.279483016983017,58.573727996141784,17.809752029579617,0.05470822281167108,0.041686761514347706,21.069767441860463,2.934028615063098,0.5473936982557672,0.5098464753637167
P01593,male,2500+,2547.0,blitz,14,2525.4285714285716,0.2104395604395604,3.489141414141414,58.082417582417584,17.90989010989011,0.045604395604395595,0.016483516483516477,17.53846153846154,2.9214285714285713,0.5230769230769231,0.45164835164835165
P01593,male,2500+,2547.0,bullet,8,2584.625,0.278021978021978,2.926041666666667,55.75824175824176,16.965384615384615,0.0784340659340659,0.028846153846153837,20.571428571428573,2.9065934065934065,0.543543956043956,0.6262362637362637
P01595,male,2000-2499,2328.3,blitz,100,2328.33,0.234051282051282,2.99898137973138,55.32538461538462,16.717871794871794,0.05253846153846152,0.03407692307692307,23.670886075949365,2.7816153846153844,0.5145128205128205,0.4786153846153846
P01597,male,1500-1999,1957.4,blitz,100,1957.38,0.22034096459096456,3.4158889166389166,59.504118742368746,18.291942612942613,0.0742246642246642,0.04029304029304028,16.032258064516128,2.934738095238095,0.5610644078144078,0.5033827838827839
P01598,male,2500+,2666.7,blitz,80,2711.8375,0.25282738095238094,3.244816572316572,59.46649496336996,18.110926053113552,0.09115155677655676,0.052690018315018294,18.12,2.784581043956044,0.5482429029304029,0.532554945054945
P01598,male,2500+,2666.7,bullet,2,2851.0,0.2692307692307692,4.111111111111111,57.46153846153846,15.53846153846154,0.03846153846153845,0.0,19.0,2.769230769230769,0.5384615384615384,0.4615384615384615
P01598,male,2500+,2666.7,rapid,18,2445.8333333333335,0.27777777777777773,2.850980192646859,58.37179487179487,17.363247863247864,0.07264957264957263,0.047008547008546994,17.944444444444443,3.0213675213675213,0.576923076923077,0.5170940170940171
P01600,male,2000-2499,2416.1,blitz,74,2416.7972972972975,0.28006363006363005,2.861858974358974,58.525751275751276,17.74762647262647,0.09620424620424618,0.036017136017136006,19.075757575757574,2.9634883134883134,0.5673155673155673,0.5536193536193537
P01600,male,2000-2499,2416.1,bullet,26,2414.0384615384614,0.2704635108481262,2.9808288933288933,59.75764299802761,17.837524654832347,0.09467455621301774,0.05350098619329387,19.083333333333332,3.1018244575936884,0.5904832347140039,0.507396449704142
P01603,male,2000-2499,2044.2,blitz,100,2044.23,0.24863247863247862,3.2994199134199134,57.99764957264957,17.84,0.08666666666666664,0.04380341880341879,18.070588235294117,2.878792735042735,0.5578739316239316,0.4955982905982906
P01604,male,2000-2499,2307.6,blitz,10,2409.9,0.24538461538461537,3.5159307359307355,58.61,17.264615384615386,0.09692307692307692,0.053846153846153835,20.333333333333332,2.8830769230769233,0.4753846153846154,0.5269230769230769
P01604,male,2000-2499,2307.6,bullet,90,2296.277777777778,0.25726495726495724,3.0693324576657908,57.887179487179495,17.03076923076923,0.0786324786324786,0.051282051282051266,19.6,3.0017094017094013,0.5615384615384615,0.5666666666666667
P01605,male,2000-2499,2102.0,blitz,23,2102.0,0.2541806020066889,3.2101449275362315,60.54515050167224,17.665551839464882,0.05685618729096989,0.03344481605351169,18.636363636363637,2.993311036789298,0.5451505016722408,0.5250836120401338
P01607,male,2500+,2603.4,bullet,100,2603.4,0.2799358974358974,2.861984917129654,55.8182094017094,17.154594017094016,0.0669102564102564,0.03923076923076922,17.153846153846153,2.987444444444445,0.5789529914529915,0.5745982905982906
P01609,male,2000-2499,2267.6,blitz,97,2274.1546391752577,0.27618787283735735,2.8334964005067103,57.55837361378599,17.540409905100628,0.06220812406379415,0.02616970658207771,17.870588235294118,2.809312251322561,0.5714935122151616,0.5928976521760027
P01609,male,2000-2499,2267.6,bullet,3,2054.3333333333335,0.1692307692307692,3.0,51.174358974358974,14.661538461538461,0.058974358974358966,0.0,16.0,3.08974358974359,0.5487179487179487,0.5564102564102564
P01612,male,2500+,2615.8,blitz,89,2615.752808988764,0.2727115581048165,3.0316355616917416,57.502629580157674,17.4652117545376,0.08346166941672557,0.051253241140881575,19.308823529411764,2.9639886330897567,0.5828632042115188,0.5660957020507582
P01614,male,2000-2499,2171.1,blitz,98,2169.214285714286,0.28253492539206826,3.1470484730688812,58.88655094905095,17.75799101691959,0.08777531991817704,0.027387295244438094,17.837209302325583,3.129015825444397,0.5872589711875427,0.541404032475461
P01614,male,2000-2499,2171.1,rapid,2,2262.5,0.3846153846153846,3.583333333333333,62.5,19.076923076923077,0.3076923076923077,0.0769230769230769,14.0,3.076923076923077,0.5,0.46153846153846156
P01618,male,2000-2499,2266.5,blitz,20,2259.2,0.2799184149184149,3.2880158730158735,59.369801864801865,18.850384615384616,0.062237762237762215,0.02307692307692307,16.444444444444443,3.0742307692307693,0.5528438228438228,0.52990675990676
P01618,male,2000-2499,2266.5,bullet,79,2271.1518987341774,0.2622177400658413,3.087940786358508,57.301239548074996,17.314898533252965,0.0807019984235174,0.0315914746294493,17.561643835616437,3.1009451167679014,0.5581946183212005,0.56352297491538
P01618,male,2000-2499,2266.5,rapid,1,2046.0,0.6666666666666666,1.0,50.5,16.666666666666668,0.0,0.0,,1.5833333333333333,1.0,0.6666666666666666
P01619,male,2000-2499,2304.3,blitz,100,2304.35,0.28607634032634033,3.077939060939061,58.34287121212121,17.408265151515153,0.11737490287490285,0.03739316239316238,17.375,2.9147591297591298,0.6146629759129759,0.5438813131313132
P01620,male,2000-2499,2384.8,blitz,100,2384.78,0.27061285936285934,3.2970786435786437,60.98224883449883,18.452731934731936,0.08404584304584302,0.035384615384615375,15.717391304347826,3.081067210567211,0.5645291375291375,0.5252847707847708
P01625,male,2000-2499,2136.3,bullet,100,2136.27,0.27312889887889885,2.874553751803752,58.366024475524476,17.322476606726607,0.08045426795426794,0.04892429792429791,19.458823529411763,2.855915306915307,0.5356915584415585,0.5948202630702631
P01626,male,2500+,2540.9,blitz,3,2416.0,0.2703962703962704,2.3190476190476192,58.731934731934736,17.846153846153843,0.08158508158508156,0.051282051282051266,16.333333333333332,2.8344988344988344,0.5454545454545454,0.5454545454545454
P01626,male,2500+,2540.9,bullet,97,2544.7525773195875,0.2552471583399418,3.243301572425284,59.32630187681734,17.99064234734338,0.08353158868622784,0.0367168913560666,16.247311827956988,3.2039386730108377,0.5444091990483743,0.5319587628865979
P01627,male,1500-1999,1876.5,bullet,100,1876.54,0.2829001831501831,3.181194444444445,59.543217948717945,17.876195776445776,0.08424553224553222,0.028884615384615377,19.453488372093023,2.656507936507937,0.5764699744699745,0.5477215284715284
P01632,male,2500+,2546.8,blitz,100,2546.84,0.2509981684981685,3.185650210900211,59.693882783882785,17.853365384615387,0.09198717948717947,0.03692307692307691,19.22680412371134,3.0560439560439563,0.540352564102564,0.5467261904761904
P01633,male,2000-2499,2131.8,blitz,100,2131.82,0.22220279720279718,3.348312928901164,58.05064102564103,17.261282051282052,0.06361111111111109,0.05355866355866354,15.4,2.8554584304584307,0.5207634032634032,0.5117016317016317
P01634,male,2000-2499,2389.2,blitz,72,2372.1666666666665,0.2704289152205819,2.936032779152297,58.40910385910385,17.515002050418715,0.1159689847189847,0.036977682811016134,17.28125,3.0618638306138304,0.5955640809807476,0.559769166019166
P01634,male,2000-2499,2389.2,bullet,12,2491.4166666666665,0.3461538461538461,2.7858796296296298,55.480769230769226,16.55769230769231,0.057692307692307675,0.019230769230769225,17.5,3.294871794871795,0.6987179487179488,0.5897435897435898
P01635,male,2500+,2597.9,blitz,100,2597.93,0.26380314130314125,3.2567935222672064,59.98866994116994,18.015783105783104,0.05991341991341989,0.035365190365190355,17.64516129032258,3.0088339438339435,0.5609482184482184,0.5132412032412033
P01640,male,2000-2499,2208.7,blitz,82,2243.231707317073,0.26227431105479887,3.0943475223963026,58.67237640408372,17.54558855778368,0.056151165907263455,0.031760922004824436,17.666666666666668,3.0139616481079896,0.602909285836115,0.5780195414341756
P01640,male,2000-2499,2208.7,bullet,18,2051.4444444444443,0.3162393162393162,2.479565496232163,56.23931623931624,16.55982905982906,0.08119658119658117,0.03418803418803418,11.941176470588236,3.0726495726495724,0.6923076923076923,0.5811965811965812
P01642,male,2000-2499,2287.2,rapid,100,2287.18,0.2762912087912088,3.1227512765012766,57.857912254412255,17.437031135531136,0.0686258741258741,0.03344755244755244,19.289156626506024,2.8260710955710953,0.5752031302031302,0.5545592740592741
P01646,male,2000-2499,2067.9,blitz,92,2081.163043478261,0.278406979493936,3.0469059925581665,59.300076433228604,17.687605570757743,0.07817936894023848,0.028732137427789593,17.294117647058822,2.9095997601432386,0.5955436471740819,0.5507879801358062
P01646,male,2000-2499,2067.9,bullet,8,1915.75,0.28846153846153844,2.9721320346320343,56.56730769230769,17.153846153846153,0.09615384615384615,0.06730769230769229,19.0,2.9423076923076925,0.625,0.5961538461538461
P01647,male,2000-2499,2056.2,bullet,100,2056.25,0.29214704739704733,2.7799429181929183,58.741851398601405,18.002682595182595,0.09381701631701629,0.04418026418026416,18.227272727272727,2.7578515928515928,0.6208861693861694,0.5562078477078477
P01649,male,2000-2499,2334.7,blitz,74,2365.1216216216217,0.2692445317445317,3.1612445362445363,56.79036012786013,16.589711414711417,0.08553368553368552,0.04497416997416996,18.914893617021278,2.849315924315924,0.5662607287607287,0.5632866007866008
P01649,male,2000-2499,2334.7,bullet,26,2248.1153846153848,0.3297157970234893,2.2861263736263737,52.40332914948299,16.448865130595898,0.02366863905325443,0.011834319526627215,18.923076923076923,2.3354947403024324,0.6429913035682266,0.6361126053433745
P01650,male,2000-2499,2375.2,blitz,99,2378.3030303030305,0.2611478028144695,3.0063961571537328,58.61745877579211,17.35990891824225,0.07248122248122246,0.0383061383061383,17.988888888888887,3.1076793576793578,0.5525425192091858,0.5380708797375464
P01650,male,2000-2499,2375.2,rapid,1,2072.0,0.2307692307692307,1.7692307692307692,55.69230769230769,19.0,0.0769230769230769,0.0,21.0,1.4615384615384617,0.6153846153846154,0.6153846153846154
P01653,male,1500-1999,1947.0,blitz,72,1943.388888888889,0.22815116981783648,3.329124579124579,59.79436026936027,18.021959444876114,0.06350902184235516,0.028446861780195103,19.71875,3.0224596391263057,0.5059615924199258,0.5040039821289821
P01653,male,1500-1999,1947.0,bullet,1,2209.0,0.2307692307692307,5.0,66.84615384615384,19.53846153846154,0.1538461538461538,0.0,23.0,3.076923076923077,0.4615384615384615,0.5384615384615384
P01661,male,2500+,2501.3,blitz,97,2500.360824742268,0.2326811504646556,3.2241743651537464,59.20688143471649,17.652829558757393,0.0809731505607794,0.02929458857293908,23.03529411764706,2.9190465033248536,0.501609043877085,0.5280119365170911
P01661,male,2500+,2501.3,bullet,3,2532.3333333333335,0.1538461538461538,3.7460317460317456,61.02564102564103,18.51282051282051,0.025641025641025633,0.0,23.333333333333332,3.1794871794871793,0.4358974358974359,0.4102564102564102
P01665,male,2000-2499,2473.2,blitz,56,2476.9821428571427,0.2584915084915084,2.9471617813792186,54.74737762237762,16.232267732267733,0.06618381618381616,0.035964035964035954,19.886363636363637,2.7614885114885115,0.5940309690309691,0.5427072927072927
P01665,male,2000-2499,2473.2,bullet,44,2468.5,0.2605663276117821,2.714420301920302,53.96912216571308,16.394649290103835,0.058362470862470844,0.04895104895104894,20.379310344827587,2.597544500953592,0.5695327399872855,0.577579995761814
P01666,male,2500+,2792.5,blitz,99,2798.787878787879,0.2626262626262626,3.024671058858131,58.54458041958042,17.676961926961926,0.10198135198135196,0.044289044289044274,16.75824175824176,2.8333333333333335,0.5828477078477079,0.5344794094794095
P01666,male,2500+,2792.5,rapid,1,2174.0,0.3846153846153846,3.0,58.53846153846154,18.384615384615383,0.0769230769230769,0.0,16.0,4.0,0.7692307692307693,0.5384615384615384
P01671,male,2000-2499,2358.3,blitz,91,2374.6923076923076,0.29041044425659807,2.6499824961363423,56.91579787733634,17.320442378134686,0.06321029397952473,0.018596787827557054,19.73611111111111,2.8154879308725467,0.5927021696252466,0.592890015966939
P01671,male,2000-2499,2358.3,bullet,9,2192.8888888888887,0.3631257631257631,2.5997354497354497,45.71037851037851,14.263736263736263,0.039316239316239315,0.03076923076923077,20.25,3.057387057387057,0.567032967032967,0.5853479853479854
P01672,male,2500+,2572.5,blitz,100,2572.52,0.250292735042735,3.321566627816628,59.11284829059829,17.894286324786325,0.09040598290598288,0.03869230769230768,17.24705882352941,2.983698717948718,0.544508547008547,0.5044017094017094
P01675,male,2000-2499,2212.2,blitz,32,2212.25,0.2683275058275058,3.1834801483238984,59.06352345571096,17.676456876456875,0.0769230769230769,0.0408653846153846,18.88888888888889,2.5138039044289044,0.5747668997668998,0.5740930944055944
P01682,male,2000-2499,2499.9,blitz,75,2484.306666666667,0.2736130536130536,2.85703034003034,59.096559440559446,17.75776223776224,0.08030769230769229,0.03999999999999999,19.272727272727273,2.87190675990676,0.5681491841491841,0.5654731934731935
P01682,male,2000-2499,2499.9,bullet,23,2580.608695652174,0.24167137210615466,2.737608526738961,58.57520740129435,17.94561959779351,0.0586804499847978,0.030100334448160525,19.105263157894736,2.7188029361942405,0.5446292837597185,0.5110541632280763
P01682,male,2000-2499,2499.9,rapid,2,2156.0,0.4615384615384615,2.053571428571429,60.07692307692308,19.769230769230766,0.15384615384615385,0.0,22.5,2.6923076923076925,0.6538461538461539,0.5
P01685,male,2500+,2671.6,blitz,100,2671.55,0.27867016317016313,3.1017366522366525,56.3577296037296,17.13982400932401,0.060064102564102544,0.03557692307692307,16.473684210526315,2.927348484848485,0.574548951048951,0.543472027972028
P01688,male,2000-2499,2325.9,blitz,100,2325.93,0.24664749139749137,3.299829143079143,59.12765728715729,18.187664474414472,0.06894993894993892,0.03062062937062936,19.88095238095238,2.8570430125430124,0.5387181152181152,0.5392018537018537
P01692,male,2000-2499,2407.2,blitz,49,2336.285714285714,0.23947481090338232,3.622164909920012,59.06450692164978,17.53175396032539,0.07849293563579277,0.0505209076637648,16.130434782608695,3.1230198373055518,0.5286142428999572,0.5234765234765235
P01692,male,2000-2499,2407.2,bullet,44,2527.4772727272725,0.22469197469197466,3.135906643861189,58.96856893106894,17.664102564102564,0.0797202797202797,0.041958041958041946,17.71794871794872,3.079129204129204,0.5181318681318682,0.49768981018981023
P01692,male,2000-2499,2407.2,rapid,7,2147.285714285714,0.1978021978021978,3.3503710575139145,60.989010989010985,19.12087912087912,0.0769230769230769,0.021978021978021973,15.333333333333334,2.9450549450549453,0.5604395604395604,0.4615384615384615
P01693,male,2500+,2573.7,blitz,5,2470.0,0.27692307692307694,2.958730158730159,57.03076923076924,17.73846153846154,0.09230769230769229,0.04615384615384614,16.5,2.5076923076923077,0.6,0.5538461538461539
P01693,male,2500+,2573.7,bullet,95,2579.2,0.2522414427677585,3.004939242044505,60.063069562016935,18.034335664335664,0.07554655870445341,0.03511225616488773,17.344444444444445,2.9490246595509753,0.5569506808980493,0.5121218255428782
P01696,male,2000-2499,2012.7,blitz,7,2580.8571428571427,0.2637362637362637,3.066048237476809,59.417582417582416,17.208791208791208,0.0769230769230769,0.043956043956043946,17.0,3.087912087912088,0.5604395604395604,0.5384615384615384
P01696,male,2000-2499,2012.7,bullet,1,2661.0,0.0,3.0,54.0,15.666666666666666,0.0,0.0,,4.0,1.0,0.6666666666666666
P01696,male,2000-2499,2012.7,rapid,9,1498.7777777777778,0.4478669478669478,1.9179894179894177,57.110435860435864,16.5981610981611,0.10826210826210825,0.0356125356125356,21.0,3.263024013024013,0.7131387131387131,0.6109446109446109
P01697,male,2500+,2646.7,blitz,100,2646.7,0.2798333333333333,3.04890207015207,57.2073717948718,16.81075641025641,0.0678205128205128,0.03012820512820512,16.703296703296704,3.100833333333333,0.5535128205128205,0.5398205128205128
P01701,male,2500+,2721.8,blitz,1,2645.0,0.2307692307692307,1.3333333333333333,62.23076923076923,19.384615384615383,0.0,0.0,,2.230769230769231,0.3846153846153846,0.7692307692307693
P01701,male,2500+,2721.8,bullet,99,2722.59595959596,0.2682489227943773,3.0968789908183845,59.68876350921805,18.062813449177085,0.07742459560641377,0.03649078194532739,19.05952380952381,2.78748322384686,0.5775252525252524,0.5486526100162463
P01706,male,2000-2499,2330.3,blitz,100,2330.27,0.2174188034188034,3.3593619713619716,59.96526923076922,18.2093547008547,0.08256410256410254,0.045615384615384606,16.597826086956523,2.7628333333333335,0.509517094017094,0.4799529914529914
P01708,male,1500-1999,1963.7,blitz,95,1951.1684210526316,0.2803416466574361,3.1478271436166176,56.58226142278774,17.03782092176829,0.0721985032511348,0.03238866396761132,19.397590361445783,2.7976815874184293,0.6061828230249282,0.5620986907829013
P01708,male,1500-1999,1963.7,bullet,5,2201.4,0.2641025641025641,4.180050505050505,55.91025641025641,16.328205128205127,0.09487179487179484,0.06410256410256407,20.0,2.4153846153846152,0.6256410256410256,0.6538461538461539
P01709,male,2000-2499,2282.8,blitz,64,2268.890625,0.25950611888111885,3.041075575772267,58.45822770979021,17.375710227272727,0.07858391608391606,0.039401223776223765,19.732142857142858,3.0262456293706292,0.5727381993006992,0.55625
P01709,male,2000-2499,2282.8,bullet,35,2315.0,0.3001657073085644,2.7085747585747586,57.264268271411126,17.286778301064015,0.07051282051282048,0.03485086342229198,13.142857142857142,3.4700593057735913,0.5834903192046049,0.5462410605267748
P01709,male,2000-2499,2282.8,rapid,1,2046.0,0.2307692307692307,3.4,59.53846153846154,18.307692307692307,0.0769230769230769,0.0,28.0,3.923076923076923,0.5384615384615384,0.4615384615384615
P01710,male,2000-2499,2480.1,blitz,83,2516.385542168675,0.2481335598805478,3.1879198229127357,58.37234836783029,17.50625579240037,0.06746215631757799,0.04599165894346616,20.61842105263158,2.7494207599629283,0.536080218309134,0.5329394501081248
P01710,male,2000-2499,2480.1,bullet,17,2302.9411764705883,0.27126696832579184,2.7921568627450983,57.81983408748115,17.17976598564834,0.053311394487865066,0.029329494035376383,20.916666666666668,2.66584624525801,0.611520179167238,0.5705402440696558
P01712,male,2000-2499,2233.8,blitz,100,2233.76,0.2498717948717948,3.346692918192918,58.0177564102564,17.567628205128205,0.07711538461538459,0.04544871794871794,16.797752808988765,2.859230769230769,0.5377564102564102,0.5272435897435898
P01713,male,2000-2499,2224.5,blitz,100,2224.51,0.24850621600621597,3.1364280441780443,57.99870573870574,17.29994005994006,0.08217032967032965,0.039423076923076915,17.927710843373493,2.9641702741702742,0.5345210345210345,0.542078477078477
P01714,male,2000-2499,2217.2,blitz,55,2263.7636363636366,0.22265734265734263,3.2312796799160433,58.06335664335665,17.693566433566435,0.0899300699300699,0.05174825174825173,19.0,2.776083916083916,0.48965034965034965,0.4846153846153846
P01714,male,2000-2499,2217.2,bullet,45,2160.3555555555554,0.22051282051282048,3.1510798460798464,58.90649572649572,17.974188034188032,0.10045584045584044,0.0376068376068376,19.38235294117647,2.897492877492877,0.4877492877492878,0.4719658119658119
P01724,male,2000-2499,2182.8,blitz,71,2200.2535211267605,0.2560792103045624,3.17134448102758,59.19962080173348,17.72965571205008,0.10119477549055012,0.032863849765258205,18.640625,3.0629288551823763,0.5489496809919345,0.5525610930540508
P01724,male,2000-2499,2182.8,bullet,29,2139.9655172413795,0.2315649867374005,3.069239189928845,58.9183023872679,17.74244031830239,0.07851458885941642,0.03448275862068964,19.0,2.96684350132626,0.5018567639257294,0.5328912466843502
P01725,male,2500+,2938.4,blitz,99,2939.060606060606,0.2701278519460338,3.0035950264219804,59.31245320336229,17.9549198276471,0.07770007770007767,0.032634032634032625,18.03529411764706,3.031094158366886,0.5697110969838243,0.5837394928304018
P01725,male,2500+,2938.4,bullet,1,2876.0,0.3636363636363636,1.0,40.81818181818182,11.454545454545457,0.0,0.0,,2.090909090909091,0.8181818181818182,0.8181818181818182
P01727,male,2000-2499,2275.1,blitz,22,2309.590909090909,0.27339327339327335,3.0217698151521684,58.90848040848041,17.44832944832945,0.09845709845709844,0.03302253302253302,19.65,3.0369075369075373,0.5378510378510378,0.5517260517260517
P01727,male,2000-2499,2275.1,bullet,78,2265.3846153846152,0.27502839041300575,2.972990897990898,59.161379574841106,17.907013926244694,0.11389287350825808,0.033530571992110444,16.014084507042252,2.848883310421772,0.6170506843583766,0.5669714900484132
P01729,male,2000-2499,2259.5,blitz,53,2310.735849056604,0.2747079964061096,2.7863571962628564,57.32153224134356,17.82097933513028,0.06700532172230284,0.0336236090953072,16.14,2.4531584767433823,0.5486557467689542,0.5525433685811044
P01729,male,2000-2499,2259.5,bullet,47,2201.68085106383,0.24613276794127856,2.8367351324798133,57.540473887814315,17.64954991816694,0.08123295144571738,0.043316966721222025,19.125,2.456976888359867,0.5381738828547339,0.5682388533452363
P01730,male,2500+,2530.5,blitz,96,2535.8541666666665,0.26107804232804227,3.0077879585692084,57.780868437118436,17.36170253357753,0.06801358363858362,0.027618793243793235,17.482758620689655,2.606853505291005,0.5641375407000407,0.5429671601546602
P01730,male,2500+,2530.5,bullet,4,2402.5,0.30769230769230765,2.2787004662004664,56.40384615384615,16.46153846153846,0.019230769230769225,0.0,16.5,2.576923076923077,0.5961538461538461,0.5384615384615384
P01733,male,2500+,2544.5,bullet,91,2592.7252747252746,0.27483822648657813,3.3549806115740184,57.913854094623325,18.62401694764332,0.09589086127547664,0.03831260314776797,25.23611111111111,3.1326204930600534,0.5449278438289428,0.5632885429588727
P01733,male,2500+,2544.5,rapid,9,2057.3333333333335,0.2393162393162393,3.1495310245310244,61.0,19.136752136752136,0.09401709401709399,0.025641025641025633,18.77777777777778,2.641025641025641,0.5555555555555556,0.45299145299145294
P01737,male,2500+,2622.7,blitz,12,2712.8333333333335,0.23846153846153842,3.229788961038961,58.69935897435897,17.076923076923077,0.04487179487179486,0.0,20.416666666666668,3.0878205128205125,0.5352564102564102,0.5993589743589743
P01737,male,2500+,2622.7,bullet,87,2614.344827586207,0.30002947244326555,2.7276556776556777,58.0568818155025,17.61792661361627,0.08893309755378719,0.037098437960506915,18.125,3.0920645446507513,0.5887857353374595,0.5979958738579427
P01737,male,2500+,2622.7,rapid,1,2270.0,0.3846153846153846,3.4,58.0,18.53846153846154,0.0,0.0,14.0,3.3076923076923075,0.6153846153846154,0.6153846153846154
P01738,male,2500+,2602.9,bullet,100,2602.89,0.2551626984126984,2.712758741258741,53.75943192918193,16.01846642246642,0.09261111111111109,0.03300122100122099,16.661538461538463,2.737362637362638,0.54279884004884,0.582971916971917
P01739,male,2500+,2857.1,blitz,91,2859.076923076923,0.22187336473050753,3.5043648049142555,60.79554602906251,18.345328664009983,0.08441009539910636,0.040574809805579024,19.425,2.8128849172805217,0.49042989977055906,0.49705148331521953
P01739,male,2500+,2857.1,bullet,9,2837.5555555555557,0.282051282051282,2.6036876703543372,59.324786324786324,17.726495726495727,0.051282051282051266,0.025641025641025633,15.222222222222221,3.111111111111111,0.5384615384615384,0.5213675213675214
P01743,male,2000-2499,2483.5,bullet,100,2483.52,0.27270804195804194,2.8307000499500496,57.98131002331002,16.89974825174825,0.06879370629370628,0.04298717948717948,14.670212765957446,3.2557948717948717,0.6103636363636364,0.5752931235431236
P01746,male,2500+,2793.0,blitz,22,2842.9545454545455,0.2148407148407148,3.138698044379862,60.38772338772339,18.40831390831391,0.09751359751359749,0.04506604506604506,14.3,2.8286713286713288,0.5155400155400155,0.4906759906759906
P01746,male,2500+,2793.0,bullet,78,2778.9615384615386,0.23388395792241945,3.2592220635489864,59.68773833004602,18.09746055226824,0.08089250493096645,0.05327087442472056,16.857142857142858,3.032897764628534,0.4773093359631821,0.4984467455621302
P01749,male,2000-2499,2219.6,blitz,100,2219.55,0.2947576312576312,2.791188602247426,57.51176434676435,17.333383394383397,0.09461111111111109,0.05123931623931623,20.436781609195403,2.8195299145299146,0.5982368742368742,0.587600122100122
P01752,male,2000-2499,2269.2,blitz,48,2176.0416666666665,0.26026693214193214,2.9899568602693605,59.673125485625484,17.979830354830355,0.08521108521108518,0.033653846153846145,19.365853658536587,2.9057603276353277,0.5607517482517482,0.5537425537425538
P01752,male,2000-2499,2269.2,rapid,52,2355.2884615384614,0.25610030994646377,2.8396760290991057,59.46108410819949,18.00965412792336,0.09618906734291348,0.03985277542969849,18.375,2.9053817976894902,0.5684594251901944,0.5342843054381515
P01761,male,2500+,2620.4,blitz,91,2647.252747252747,0.25204603089218475,3.2932314022973364,58.16109632126116,17.564285714285713,0.0769230769230769,0.038038884192730334,17.686046511627907,2.9011430876815494,0.5286238486787938,0.5275430613342701
P01761,male,2500+,2620.4,rapid,9,2348.777777777778,0.2222222222222222,3.388351771685105,59.02564102564103,17.880341880341877,0.10256410256410253,0.04273504273504272,14.0,3.230769230769231,0.5128205128205128,0.49572649572649574
P01763,male,2000-2499,2458.3,bullet,100,2458.27,0.2169615384615384,2.994496475746476,59.34984615384616,17.657089743589744,0.08042307692307689,0.04407692307692306,21.846153846153847,2.6716410256410255,0.5257307692307692,0.5302692307692307
P01764,male,2000-2499,2260.3,blitz,100,2260.31,0.25398076923076923,3.195307303807304,58.923249999999996,17.722615384615384,0.07307692307692305,0.03692307692307691,18.011627906976745,2.902211538461539,0.5494807692307693,0.5427884615384615
P01765,male,2000-2499,2008.0,rapid,1,2008.0,0.2307692307692307,3.0,63.76923076923077,20.076923076923077,0.2307692307692307,0.1538461538461538,,3.230769230769231,0.3846153846153846,0.5384615384615384
P01766,male,1500-1999,1940.6,blitz,21,2017.3809523809523,0.28266178266178266,3.0034202569916855,59.32234432234432,17.771672771672772,0.04761904761904761,0.04029304029304028,15.4375,3.0320512820512824,0.586080586080586,0.6245421245421245
P01766,male,1500-1999,1940.6,bullet,75,1908.3333333333333,0.2809401709401709,2.485312169312169,54.9508547008547,17.018974358974358,0.10367521367521365,0.055384615384615365,12.014492753623188,2.9311111111111114,0.5792307692307692,0.5315384615384615
P01766,male,1500-1999,1940.6,rapid,4,2142.0,0.30769230769230765,2.5520833333333335,53.88461538461539,15.711538461538463,0.17307692307692304,0.057692307692307675,16.0,2.5961538461538463,0.5961538461538461,0.5192307692307692
P01768,male,2000-2499,2214.1,blitz,1,2435.0,0.3846153846153846,3.8333333333333335,62.30769230769231,19.384615384615383,0.0,0.0,26.0,2.769230769230769,0.5384615384615384,0.6923076923076923
P01768,male,2000-2499,2214.1,bullet,99,2211.818181818182,0.2528960938051847,2.859051246172458,60.088566315839046,18.25588048315321,0.08553483553483551,0.042929292929292914,22.267441860465116,2.88897718443173,0.5195074285983377,0.5396446987356078
P01769,male,2000-2499,2042.9,blitz,28,2272.75,0.21868131868131863,3.168520021645022,57.575824175824174,17.27032967032967,0.09340659340659338,0.03846153846153845,18.77777777777778,2.551098901098901,0.5917582417582418,0.5434065934065934
P01769,male,2000-2499,2042.9,bullet,69,1937.8115942028985,0.23452368887151492,3.166156910722128,57.1955042541999,17.163030206508466,0.06985912638086549,0.039111854329245625,21.893617021276597,2.5314190640277596,0.5379719314501923,0.523987123987124
P01769,male,2000-2499,2042.9,rapid,3,2314.6666666666665,0.25641025641025633,4.265873015873016,58.87179487179487,18.64102564102564,0.025641025641025633,0.025641025641025633,20.666666666666668,2.7179487179487176,0.4615384615384615,0.5897435897435898
P01771,male,2500+,2900.2,blitz,32,2825.125,0.29166666666666663,3.618928293928294,58.7510016025641,17.16786858974359,0.07471955128205127,0.03124999999999999,21.333333333333332,2.828525641025641,0.5779246794871795,0.5302483974358975
P01771,male,2500+,2900.2,bullet,68,2935.5882352941176,0.2749760043877691,2.4622341710577005,52.804072398190044,15.751552858905802,0.07929864253393663,0.020361990950226238,24.08695652173913,3.0352564102564106,0.5856951871657754,0.5752399561223092
P01772,male,1500-1999,1969.8,blitz,9,2273.6666666666665,0.3162393162393162,2.6261022927689597,56.017094017094024,16.102564102564102,0.06837606837606836,0.025641025641025633,21.0,2.700854700854701,0.6324786324786325,0.5811965811965812
P01772,male,1500-1999,1969.8,bullet,91,1939.8021978021977,0.245795230410615,3.5646746111031824,58.88978969748201,17.709011501319193,0.09707984323368936,0.0620149081687543,26.046153846153846,2.6035989651374267,0.5611311765157919,0.5509003816696124
P01774,male,2500+,2563.6,blitz,69,2597.623188405797,0.24804905239687844,3.2089129871738566,58.41415830546265,17.59721293199554,0.09509476031215158,0.04827201783723521,17.942307692307693,2.8651059085841695,0.5793756967670012,0.524860646599777
P01774,male,2500+,2563.6,bullet,26,2551.3846153846152,0.23471400394477315,3.2951007326007327,57.981262327416175,18.42258382642998,0.0744575936883629,0.020710059171597628,16.52173913043478,2.975838264299803,0.5285996055226824,0.5256410256410257
P01774,male,2500+,2563.6,rapid,5,2158.0,0.2307692307692307,3.489285714285714,60.184615384615384,18.96923076923077,0.06153846153846152,0.01538461538461538,27.25,2.723076923076923,0.5538461538461539,0.49230769230769234
P01776,male,1500-1999,1950.4,blitz,12,2034.1666666666667,0.2522079772079772,2.7395262145262147,59.24159544159544,17.949074074074073,0.08076923076923075,0.04323361823361823,20.818181818181817,3.0633190883190884,0.5957264957264957,0.5121082621082621
P01776,male,1500-1999,1950.4,bullet,11,1859.090909090909,0.22377622377622375,2.7953463203463205,59.9020979020979,18.426573426573427,0.05594405594405594,0.041958041958041946,21.555555555555557,2.944055944055944,0.5734265734265734,0.5874125874125874
P01780,male,2000-2499,2237.1,bullet,95,2245.2,0.2033166833166833,3.5161171869066608,57.71429926798348,18.136705633547738,0.0371312897628687,0.04132709395867289,24.226190476190474,3.054288869025711,0.43547855653118805,0.45733144048933516
P01780,male,2000-2499,2237.1,rapid,5,2083.8,0.3384615384615384,2.5428571428571427,56.761538461538464,16.230769230769234,0.09038461538461537,0.03076923076923076,20.5,2.7865384615384614,0.4865384615384615,0.6076923076923076
P01781,male,2000-2499,2407.2,blitz,92,2421.3260869565215,0.2595300834431269,3.3726275837688884,59.25156995781996,17.882732726210985,0.06584194790716529,0.03769509476031214,22.62686567164179,2.795465283508762,0.5249235064452455,0.55359181880921
P01781,male,2000-2499,2407.2,rapid,8,2244.875,0.2115384615384615,3.459758644133644,58.30769230769231,17.798076923076923,0.08653846153846152,0.06730769230769229,29.285714285714285,3.0,0.4326923076923077,0.5096153846153846
P01782,male,2000-2499,2138.4,blitz,94,2130.276595744681,0.2618988576435385,3.2677900409283387,58.99943378134867,18.148077543024353,0.07617294053464264,0.03355155482815056,15.298850574712644,2.9623381937211724,0.5836050769561407,0.5060796177817455
P01782,male,2000-2499,2138.4,rapid,6,2265.0,0.24358974358974358,3.3223443223443225,56.666666666666664,17.461538461538463,0.0769230769230769,0.03846153846153845,16.166666666666668,3.3846153846153846,0.5512820512820512,0.576923076923077
P01783,male,1500-1999,1994.4,blitz,85,1986.0941176470587,0.2816207322089675,2.8258768355827177,57.94575826134649,17.053972987796516,0.07329288358700121,0.06514808720691072,14.025641025641026,2.845117235705471,0.6080968051556287,0.5734889620183738
P01783,male,1500-1999,1994.4,rapid,15,2041.4666666666667,0.3057692307692308,3.718174603174603,59.89769230769231,17.759487179487177,0.06243589743589742,0.039401709401709395,15.916666666666666,3.1586324786324784,0.6180341880341881,0.573974358974359
P01785,male,2000-2499,2360.2,blitz,100,2360.18,0.2594939227439227,3.00120734167793,58.854060939060936,17.476447996447995,0.07864638139638137,0.022742424242424234,17.536585365853657,2.819160422910423,0.548394438894439,0.562275086025086
P01787,male,2000-2499,2448.3,blitz,27,2598.1111111111113,0.23361823361823358,3.017984073539629,56.033238366571695,16.70940170940171,0.05413105413105412,0.04273504273504272,22.176470588235293,2.8974358974358974,0.5365622032288699,0.547008547008547
P01787,male,2000-2499,2448.3,bullet,73,2392.958904109589,0.26144814090019564,2.93367838402085,57.32832053790958,17.190581564554165,0.07181243414120124,0.03631893220934315,19.46268656716418,2.931567063073912,0.5403632896783581,0.5389231772793417
P01791,male,2500+,2500.1,blitz,100,2500.07,0.25565567765567765,3.149263875013875,58.57452503052503,17.664725885225884,0.07760073260073258,0.03533882783882783,20.823529411764707,2.6221684981684983,0.5542148962148962,0.5286526251526251
P01794,male,2000-2499,2178.3,bullet,100,2178.3,0.28875874125874124,2.8257860195360194,56.43083333333333,16.931043123543123,0.06756993006993006,0.034242424242424234,20.80246913580247,2.5614452214452217,0.6204040404040404,0.6083605283605283
P01796,male,2000-2499,2373.4,blitz,30,2419.5333333333333,0.24751359751359747,3.2956846856846855,57.651554001554004,16.980011655011655,0.10477855477855474,0.06567599067599067,17.956521739130434,3.004059829059829,0.5525835275835276,0.5027972027972027
P01796,male,2000-2499,2373.4,bullet,58,2405.2758620689656,0.30099311607932294,3.0402765338110163,57.45071418045556,17.816451938865733,0.09234295398088499,0.0539587806829186,19.871794871794872,3.0103353543008717,0.5993116079322977,0.5461270051787293
P01796,male,2000-2499,2373.4,rapid,12,2104.0833333333335,0.2724358974358974,3.02228835978836,59.61923076923077,17.899358974358975,0.09551282051282049,0.04038461538461537,14.333333333333334,3.155128205128205,0.5538461538461538,0.5756410256410257
P01797,male,2500+,2779.0,bullet,100,2778.99,0.2936340048840049,2.5017408424908423,57.25225732600733,17.201524725274727,0.09866910866910863,0.026410256410256402,23.666666666666668,2.679554334554335,0.6087774725274726,0.5926129426129426
P01800,male,2000-2499,2365.9,blitz,1,2498.0,0.0769230769230769,5.625,61.46153846153846,18.53846153846154,0.0769230769230769,0.0,25.0,3.1538461538461537,0.6153846153846154,0.6923076923076923
P01800,male,2000-2499,2365.9,rapid,99,2364.5353535353534,0.27863758015273166,2.9064287366426402,57.65326732750975,17.212919600040813,0.0857732335005062,0.03621686955020287,19.189873417721518,3.0113481355905596,0.6076787690424054,0.5610461648340436
P01805,male,1500-1999,1909.7,blitz,45,2132.777777777778,0.21709401709401707,3.4099462882796217,58.20683760683761,17.716239316239317,0.08376068376068374,0.046153846153846136,18.324324324324323,2.873504273504274,0.5111111111111111,0.5008547008547009
P01805,male,1500-1999,1909.7,bullet,41,1865.9756097560976,0.22307692307692303,3.195000087987893,59.89061913696061,18.064727954971858,0.09061913696060035,0.03939962476547841,16.025641025641026,3.2615384615384615,0.5024390243902439,0.44990619136960597
P01805,male,1500-1999,1909.7,rapid,14,1320.7142857142858,0.17442874585731727,4.8353785103785105,60.60334903192046,18.084249084249084,0.07308564451421593,0.04317111459968602,15.642857142857142,2.8921158206872493,0.5513692656549799,0.5136926565497993
P01806,male,2000-2499,2105.7,bullet,100,2105.74,0.2424230769230769,3.2823974358974355,58.57153846153846,17.828615384615386,0.07538461538461537,0.04384615384615383,21.079545454545453,2.7847692307692307,0.5239423076923077,0.5232884615384615
P01821,male,2500+,2745.7,bullet,100,2745.74,0.25567016317016317,2.8064156121656123,56.19496503496504,16.89058857808858,0.08738344988344986,0.048665501165501154,15.425287356321839,3.085198135198135,0.5478904428904429,0.5563752913752914
P01822,male,2000-2499,2381.4,blitz,98,2381.081632653061,0.2812119569772631,3.0789308830425277,57.18900776094654,17.328862039321223,0.07968975468975467,0.03883973169687454,18.952380952380953,2.7910819339390764,0.5727784970131908,0.5479178984281026
P01822,male,2000-2499,2381.4,rapid,2,2395.0,0.2692307692307692,2.75,59.15384615384615,17.115384615384613,0.11538461538461535,0.11538461538461535,18.5,2.9615384615384617,0.6538461538461539,0.5384615384615384
P01825,male,1500-1999,1756.7,blitz,100,1756.68,0.22863372738372736,3.4476984126984127,59.912093156843156,17.80203524253524,0.09159698634698632,0.04522533022533021,20.152941176470588,2.9664911477411477,0.527017316017316,0.5426673326673327
P01826,male,1500-1999,1947.5,blitz,100,1947.48,0.27579595404595403,3.0914574037074036,58.47850041625042,17.82599458874459,0.07971250971250969,0.03869871794871794,18.929411764705883,2.8382200299700298,0.5794469696969697,0.556799173049173
P01827,male,1500-1999,1869.1,blitz,100,1869.09,0.26895737595737595,3.078443722943723,57.838776834276835,17.360754134754135,0.09921384171384169,0.03819114219114218,22.428571428571427,2.7063645798645797,0.5727920967920967,0.5663165168165168
P01828,male,2500+,2619.6,blitz,100,2619.64,0.2621410256410256,3.0557083333333335,59.03157264957265,17.7133547008547,0.06674358974358972,0.0323076923076923,17.09090909090909,2.7469401709401713,0.5500598290598291,0.5399786324786324
P01829,male,2000-2499,2146.4,blitz,100,2146.43,0.26194930069930067,3.2292983960483963,57.70999300699301,17.040968531468533,0.0550681818181818,0.03292832167832167,16.666666666666668,2.8425576923076927,0.5190017482517483,0.5360751748251747
P01830,male,2500+,2514.7,blitz,100,2514.71,0.24358313908313906,3.1387409534909536,58.457152292152294,18.219085664335665,0.07110236985236983,0.03110139860139859,18.183908045977013,2.7616633644133644,0.5371340326340327,0.5276641414141414
P01832,male,2500+,2558.2,blitz,95,2566.3368421052633,0.27458839406207824,3.1812054319949055,59.08202878992353,17.927613585245165,0.08612235717498874,0.036054880791722886,16.819277108433734,2.9219568151147097,0.5875978407557355,0.5521839856050382
P01832,male,2500+,2558.2,bullet,5,2404.6,0.21538461538461534,3.5976190476190473,61.246153846153845,20.4,0.10769230769230767,0.06153846153846152,23.25,3.076923076923077,0.5384615384615385,0.4769230769230769
P01833,male,2500+,2730.3,blitz,77,2708.246753246753,0.2660732125017839,3.2551617574344847,58.533989819704104,17.649760953332382,0.08656224727653297,0.033591408591408585,19.560606060606062,2.804445554445554,0.5956127206127206,0.5768398268398268
P01833,male,2500+,2730.3,bullet,23,2804.1304347826085,0.3026755852842809,2.5332433267215877,55.57424749163879,16.79030100334448,0.120066889632107,0.051170568561872895,15.238095238095237,2.9869565217391307,0.611371237458194,0.6591973244147157
P01837,male,2000-2499,2140.0,blitz,1,2140.0,0.1538461538461538,4.2,61.46153846153846,18.384615384615383,0.0769230769230769,0.0,21.0,2.923076923076923,0.3846153846153846,0.4615384615384615
P01844,male,2000-2499,2099.9,bullet,100,2099.89,0.24288461538461537,3.28202442002442,59.30634615384615,17.729230769230767,0.08019230769230766,0.03923076923076922,17.26595744680851,2.789230769230769,0.5352884615384615,0.52
P01847,male,2000-2499,2179.1,blitz,98,2186.2244897959185,0.2968986229190311,2.990850759218106,56.82603094184727,16.74114071869174,0.08205569940263815,0.04282978925836067,19.457831325301203,2.6293027267517064,0.6067505057300976,0.5508552671817978
P01847,male,2000-2499,2179.1,bullet,2,1830.0,0.23076923076923075,2.6527777777777777,62.23076923076923,18.230769230769234,0.11538461538461535,0.03846153846153845,12.5,3.5,0.5769230769230769,0.3846153846153846
P01848,male,2000-2499,2223.3,blitz,4,2354.0,0.1923076923076923,3.0811688311688314,58.82692307692308,16.711538461538463,0.0769230769230769,0.057692307692307675,19.0,3.2115384615384617,0.423076923076923,0.5
P01848,male,2000-2499,2223.3,bullet,96,2217.8333333333335,0.2786044973544973,2.9197811447811444,59.99935261497762,17.51915890822141,0.1049946581196581,0.0522346866096866,21.333333333333332,2.6094087047212047,0.5574500152625153,0.539833892958893
P01852,male,2000-2499,2252.7,blitz,100,2252.71,0.23903513153513148,3.5964613442113444,58.89770701520702,17.91244893994894,0.0774679487179487,0.032499999999999994,18.585106382978722,2.8506023143523147,0.5321926684426684,0.5186824286824286
P01854,male,2000-2499,2219.1,blitz,100,2219.11,0.22545543345543342,3.387861888111888,59.754475579975576,18.16611233211233,0.06625213675213673,0.03679059829059828,20.213483146067414,2.8236294261294264,0.5052765567765567,0.5263211233211232
P01857,male,2500+,2577.9,blitz,93,2614.451612903226,0.2727548437225856,2.926246125439674,59.51552372358824,17.877643682482393,0.06875955585633003,0.03753791011855527,16.761363636363637,2.8748026167381004,0.5600959971927714,0.5581798130185227
P01857,male,2500+,2577.9,rapid,7,2091.714285714286,0.2747252747252747,3.1933621933621934,56.69230769230769,16.98901098901099,0.05494505494505492,0.032967032967032954,16.142857142857142,2.8131868131868134,0.5384615384615384,0.46153846153846156
P01858,male,2000-2499,2440.5,blitz,32,2436.65625,0.22175480769230765,3.3517372384559883,60.71594551282051,18.27844551282051,0.07251602564102562,0.05068108974358973,16.892857142857142,3.0020032051282053,0.4815705128205128,0.476963141025641
P01858,male,2000-2499,2440.5,bullet,68,2442.3529411764707,0.2858788270552976,2.7511777438248024,56.79581301051889,17.119348298760062,0.068552036199095,0.04705882352941176,19.58,2.694731738849386,0.5571281659516953,0.5569019216078039
P01860,male,2500+,2592.7,blitz,100,2592.71,0.2591637529137529,3.1342026029526027,58.73136363636364,17.824530885780888,0.07388986013986011,0.04257575757575756,16.151162790697676,2.8738898601398604,0.5040384615384615,0.5393735431235431
P01861,male,2000-2499,2132.3,blitz,100,2132.3,0.2241062548562548,3.2330891053391055,58.492111499611504,17.544245726495728,0.0652051282051282,0.04726495726495725,16.764705882352942,2.6676517094017096,0.5244098679098679,0.5304273504273503
P01862,male,2500+,2774.2,bullet,100,2774.15,0.25477799977799975,3.0588009327274035,58.251036463536465,17.79690254190254,0.07866550116550114,0.040064102564102554,21.193548387096776,2.6284637584637585,0.5556432456432456,0.5654478854478855
P01864,male,2000-2499,2007.9,blitz,44,2007.8636363636363,0.287181253090344,3.181367243867244,60.37214805396624,17.994421487603304,0.07985625485625483,0.027272727272727268,19.025641025641026,2.866850321395776,0.5823921028466482,0.5418980009889101
P01867,male,2500+,2940.5,blitz,68,2918.9117647058824,0.27186343068696006,3.0261318338524217,58.91539489921843,17.672398190045246,0.0759975318798848,0.03733031674208144,11.6875,3.2179452900041134,0.5907856849033319,0.5522521596051009
P01867,male,2500+,2940.5,bullet,32,2986.375,0.28908591408591405,2.899385597041847,59.57533091908092,17.944274475524477,0.057692307692307675,0.033653846153846145,10.1875,3.1475087412587412,0.6392357642357642,0.5666833166833167
P01870,male,2000-2499,2228.6,blitz,70,2345.057142857143,0.2547286047286047,3.554111840540412,59.72607808857809,18.419681707181706,0.06865495615495615,0.03731823731823731,20.442307692307693,2.6593378843378845,0.5421509046509047,0.5595571095571096
P01870,male,2000-2499,2228.6,bullet,30,1956.8,0.2637179487179487,3.465595238095238,58.989102564102566,18.14534188034188,0.08290598290598288,0.0361111111111111,19.95,2.83974358974359,0.5789316239316239,0.5545299145299144
P01877,male,2000-2499,2340.0,blitz,1,2280.0,0.0769230769230769,3.5,67.6923076923077,22.615384615384617,0.2307692307692307,0.0769230769230769,14.0,3.692307692307693,0.3846153846153846,0.3846153846153846
P01877,male,2000-2499,2340.0,bullet,99,2340.5656565656564,0.2611416361416361,2.720691934328298,58.91654487487821,17.572977947977947,0.07355607355607353,0.03389665889665889,17.367816091954023,3.0198967698967696,0.5574672241338907,0.5479350896017563
P01879,male,2000-2499,2440.2,blitz,96,2440.78125,0.2270299145299145,3.2674572823010326,58.5863603988604,18.12633547008547,0.08012820512820511,0.030448717948717938,17.413793103448278,2.8661858974358974,0.5437143874643874,0.5402421652421653
P01879,male,2000-2499,2440.2,bullet,4,2427.0,0.3226495726495726,2.2897727272727275,53.97008547008547,16.863247863247864,0.0769230769230769,0.019230769230769225,23.5,2.536324786324786,0.6858974358974359,0.5512820512820512
P01882,male,2000-2499,2167.3,blitz,100,2167.33,0.2935804195804195,2.8432313519813524,57.32496503496503,17.07513986013986,0.07729370629370627,0.03153846153846153,20.402298850574713,2.9698531468531466,0.6097412587412587,0.5582377622377622
P01885,male,2000-2499,2421.1,blitz,1,2404.0,0.3076923076923077,2.5555555555555554,56.46153846153846,18.846153846153847,0.0769230769230769,0.0,7.0,3.076923076923077,0.5384615384615384,0.5384615384615384
P01885,male,2000-2499,2421.1,bullet,99,2421.252525252525,0.29247957429775606,2.7263908930575598,57.07814037814038,17.38027477572932,0.062442607897153335,0.023310023310023305,20.49462365591398,2.910735560735561,0.5884474111746839,0.5671493489675308
P01886,male,2000-2499,2422.8,blitz,95,2422.0947368421052,0.27089518668466034,2.960438917807339,57.88468286099865,17.314799820062976,0.0811515969410706,0.046063877642825,19.14457831325301,3.015811965811966,0.5604363472784525,0.5442420152946469
P01886,male,2000-2499,2422.8,bullet,5,2435.4,0.3546153846153846,2.0154761904761904,55.99923076923077,17.9,0.10153846153846154,0.03076923076923076,21.0,3.5115384615384615,0.533076923076923,0.5869230769230769
P01888,male,2000-2499,2378.6,blitz,100,2378.61,0.2648978521478521,3.1044923687423687,58.34438053613054,17.58274875124875,0.06732575757575755,0.041217948717948705,17.558139534883722,2.875956793206793,0.5851562604062603,0.5614712787212787
P01889,male,2500+,2660.8,blitz,74,2685.527027027027,0.2926830676830677,2.8581442978501803,58.22071494571494,17.28075768075768,0.09747054747054745,0.04509702009702008,12.130434782608695,3.4202182952182953,0.6305555555555555,0.6024717024717025
P01889,male,2500+,2660.8,bullet,23,2616.782608695652,0.26755852842809363,2.9520265965918138,57.86622073578595,17.501672240802677,0.10367892976588626,0.03344481605351169,11.521739130434783,3.525083612040134,0.6053511705685619,0.588628762541806
P01889,male,2500+,2660.8,rapid,3,2389.3333333333335,0.282051282051282,4.347222222222222,62.46153846153846,18.974358974358974,0.10256410256410253,0.025641025641025633,12.666666666666666,3.3846153846153846,0.7948717948717948,0.6153846153846154
P01890,male,2000-2499,2414.9,bullet,100,2414.92,0.26032722832722827,3.025376762126762,58.33889896214896,17.470752442002443,0.09977136752136749,0.03564102564102563,19.75294117647059,2.859086385836386,0.5689920634920635,0.5469258241758241
P01891,male,2000-2499,2221.0,blitz,45,2189.8,0.22716820216820213,4.050626102292768,59.498593998593996,17.864365634365637,0.07375402375402373,0.04728882228882227,22.526315789473685,2.663884448884449,0.5168598068598068,0.5275235875235875
P01891,male,2000-2499,2221.0,rapid,55,2246.5636363636363,0.27429434202161473,3.5905634264725177,59.36546408137317,17.835495514586423,0.05625485625485624,0.03076923076923076,20.51923076923077,2.9597319347319346,0.565295966659603,0.5285809140354595
P01893,male,2000-2499,2261.2,blitz,20,2240.05,0.2658216783216783,2.8988003663003665,60.91500582750583,18.132255244755246,0.11698717948717945,0.027622377622377615,19.235294117647058,3.0757575757575757,0.5285547785547785,0.5243881118881119
P01893,male,2000-2499,2261.2,bullet,53,2331.264150943396,0.25768571051589917,2.820372185466525,57.29651543425128,16.65814311474689,0.08076703171042793,0.028820236367406167,21.25,3.01349342481418,0.5442482046255631,0.5579106428163032
P01893,male,2000-2499,2261.2,rapid,16,2055.625,0.31421703296703296,2.7682017543859647,57.87740384615385,17.405391483516482,0.1129807692307692,0.02403846153846153,22.214285714285715,3.09478021978022,0.6071428571428571,0.6153846153846154
P01906,male,2000-2499,2142.9,bullet,100,2142.86,0.26344871794871794,3.060203102453103,59.11773076923077,18.024051282051282,0.08035897435897434,0.03467948717948717,21.54255319148936,2.7802307692307693,0.5479615384615384,0.5376666666666666
P01910,male,2000-2499,2458.6,blitz,41,2333.243902439024,0.275193302632327,3.565724316334072,59.05122282866185,18.097172475221257,0.08995679117630336,0.028640059127863996,19.16216216216216,2.5671916159721038,0.5548638353516402,0.5087246764076032
P01910,male,2000-2499,2458.6,bullet,59,2545.728813559322,0.24919783606224283,2.8865581217276133,59.5367873651772,17.794548671667318,0.08246414602346804,0.04023095548519276,18.392857142857142,2.7413603345806736,0.5368656766961851,0.5616713794679896
P01915,male,2000-2499,2477.8,blitz,100,2477.75,0.2430311355311355,3.092406315906316,58.87404151404151,17.450583028083027,0.07078754578754577,0.03957264957264956,19.384615384615383,2.8986752136752134,0.5382387057387057,0.5637942612942612
P01916,male,2500+,2522.1,blitz,100,2522.07,0.2794032634032634,3.228456737706738,58.616676184926185,17.90329351204351,0.07435023310023309,0.037756410256410244,18.349397590361445,2.9076272338772338,0.5786876456876456,0.5453228438228438
P01917,male,2500+,2529.7,blitz,100,2529.65,0.2779807692307692,2.7929569319569323,57.80001165501166,17.184254079254078,0.08348484848484845,0.03923076923076922,17.93103448275862,2.8000437062937062,0.5702331002331003,0.5467482517482517
P01918,male,2500+,2713.1,blitz,47,2750.4893617021276,0.24916927044586615,3.1959004057408316,59.74731356114335,18.29080287324968,0.06993006993006991,0.035987948221990765,20.08695652173913,3.050155813453686,0.5421584916265767,0.5601638314404271
P01918,male,2500+,2713.1,bullet,53,2679.8867924528304,0.2608102065649235,3.1360233058346263,57.629489745055785,17.50557278151618,0.055152394775036265,0.023222060957910007,17.395833333333332,3.057347788479864,0.5509338669716028,0.532930905572415
P01919,male,2000-2499,2465.7,blitz,100,2465.73,0.2518477078477078,3.0629698357198354,58.867230963480964,17.934215034965035,0.05458430458430457,0.02669968919968919,19.516483516483518,2.5572622377622376,0.5743737373737374,0.5417082362082362
P01922,male,2500+,2525.7,blitz,71,2504.521126760563,0.2685265438786565,3.2567052274798756,58.65933550018057,17.646641386782232,0.07538822679667748,0.03791982665222101,18.258064516129032,3.034669555796316,0.5737450343084146,0.5463524738172626
P01922,male,2500+,2525.7,bullet,29,2577.6206896551726,0.26011976529217906,2.5750676526538596,56.68370307853067,16.91368392144254,0.05636939688663825,0.021220159151193626,20.565217391304348,3.011941028320339,0.5775996034616724,0.5912969214693352
P01923,male,1500-1999,1965.8,rapid,100,1965.81,0.3029319291819291,2.551021867021867,55.84282356532357,17.101254578754578,0.06990384615384614,0.026634615384615378,19.333333333333332,2.2900320512820516,0.6198137973137974,0.5707814407814408
P01926,male,1500-1999,1629.0,bullet,100,1628.97,0.2900891608391608,3.04075,56.914453379953386,17.24198951048951,0.05794871794871793,0.018461538461538456,16.021505376344088,3.0696357808857813,0.584004662004662,0.5563123543123543
P01928,male,2000-2499,2338.4,bullet,72,2355.847222222222,0.29929368471035134,3.0238154206904206,58.76035731244065,17.95815527065527,0.09342355175688506,0.03205128205128204,14.940298507462687,3.2131410256410255,0.61036918328585,0.5415776353276354
P01928,male,2000-2499,2338.4,rapid,28,2293.6428571428573,0.30929487179487175,3.2430806296877726,59.423534798534796,18.225274725274726,0.08516483516483513,0.03846153846153845,13.52,3.1145070207570207,0.6182844932844933,0.524763431013431
P01931,male,2000-2499,2484.0,blitz,60,2496.2833333333333,0.2561247086247086,3.0519246031746032,57.62234006734006,17.323760683760682,0.07202797202797201,0.041876456876456865,18.0,3.0627279202279203,0.5457090132090132,0.5212580937580937
P01931,male,2000-2499,2484.0,rapid,40,2465.675,0.27362179487179483,3.0574420024420026,58.12631410256411,17.45625,0.05842948717948716,0.01538461538461538,18.97142857142857,3.0984294871794873,0.550801282051282,0.553301282051282
P01933,male,2000-2499,2185.1,bullet,100,2185.06,0.2575384615384615,3.147167970917971,56.28603846153847,16.957903846153847,0.07374999999999998,0.04644871794871794,18.303370786516854,2.8926217948717947,0.5254807692307693,0.5310897435897436
P01934,male,2000-2499,2321.4,blitz,96,2318.2083333333335,0.2319647077459577,3.4412401545214046,59.5882406944907,17.921741568616568,0.0673367431179931,0.03527548840048839,16.488636363636363,2.9217232998482996,0.5128225651663151,0.5305839704277204
P01934,male,2000-2499,2321.4,rapid,4,2397.25,0.30769230769230765,3.260416666666667,59.05769230769231,19.01923076923077,0.057692307692307675,0.019230769230769225,15.5,3.0384615384615383,0.5576923076923077,0.5576923076923077
P01936,male,1500-1999,1850.3,blitz,82,1850.341463414634,0.25713148639977906,2.935751545202765,56.86228121472024,17.188258455636504,0.0667652131066765,0.027241051631295525,20.353846153846153,2.627858557431728,0.601023569926009,0.5643573228939083
P01942,male,2000-2499,2352.2,blitz,100,2352.21,0.28965034965034964,3.3981569264069265,57.40668223443224,17.39474741924742,0.06468931068931068,0.02686538461538461,19.24418604651163,2.847044705294705,0.6028101898101899,0.5745766733266734
P01943,male,2000-2499,2086.3,blitz,87,2100.1724137931033,0.22133804892425582,3.596570383639349,57.35458296492779,17.532021809608015,0.10017683465959325,0.05888594164456232,23.46153846153846,2.501429413498379,0.5232390215148836,0.5216033009136457
P01943,male,2000-2499,2086.3,rapid,13,1993.3076923076924,0.21132713440405745,2.982167832167832,58.51141166525782,17.6720202874049,0.14032121724429414,0.10481825866441248,20.0,2.455621301775148,0.5156382079459003,0.4767540152155537
P01944,male,1500-1999,1994.1,bullet,12,1994.0833333333333,0.20512820512820507,2.705167748917749,61.21794871794872,18.11965811965812,0.06410256410256408,0.019230769230769225,21.454545454545453,2.9038461538461537,0.5213675213675214,0.4764957264957265
P01949,male,2000-2499,2168.6,blitz,20,2170.7,0.28846153846153844,2.995222555222555,58.480769230769226,17.52307692307692,0.06153846153846152,0.026923076923076918,18.9375,2.926923076923077,0.5615384615384615,0.5769230769230769
P01949,male,2000-2499,2168.6,bullet,1,2126.0,0.3846153846153846,2.4444444444444446,50.92307692307692,16.846153846153847,0.0,0.0,,2.0,0.6153846153846154,0.5384615384615384
P01950,male,2000-2499,2326.2,blitz,5,2249.4,0.23076923076923075,2.8727272727272726,59.323076923076925,19.953846153846154,0.03076923076923076,0.0,17.4,2.9384615384615387,0.6,0.5384615384615385
P01950,male,2000-2499,2326.2,bullet,12,2358.25,0.24999999999999997,3.014484126984127,61.03205128205128,18.756410256410255,0.10897435897435896,0.04487179487179486,14.363636363636363,3.3333333333333335,0.6217948717948718,0.5256410256410257
P01951,male,1500-1999,1861.2,rapid,12,1861.25,0.3648018648018648,2.7272817460317462,56.10547785547786,16.16899766899767,0.09848484848484847,0.012820512820512817,17.416666666666668,3.1474358974358974,0.7307692307692308,0.5454545454545454
P01952,male,2000-2499,2319.9,blitz,86,2315.6744186046512,0.2488826419058977,3.2994139904023627,59.502356816310304,18.007470113865462,0.055456171735241484,0.02415026833631484,19.10810810810811,3.064420592327569,0.5465961041542436,0.5397641763920834
P01952,male,2000-2499,2319.9,rapid,14,2345.9285714285716,0.3412670662670662,2.7367630385487525,58.78118548118548,17.873018648018647,0.11006493506493505,0.03946053946053945,17.333333333333332,2.8950632700632704,0.6643356643356644,0.48055278055278056
P01955,male,2000-2499,2450.3,blitz,65,2444.892307692308,0.25778063816525354,3.276870351870352,59.0197055508594,17.828920438535825,0.09150678381447609,0.05073964497041419,18.12727272727273,2.866824756440141,0.5326878676878677,0.5264474414474414
P01955,male,2000-2499,2450.3,bullet,24,2597.125,0.24091880341880337,3.0700502044252045,57.73076923076923,17.12606837606838,0.06410256410256408,0.03846153846153845,17.045454545454547,3.159722222222222,0.5363247863247863,0.5603632478632479
P01955,male,2000-2499,2450.3,rapid,11,2162.090909090909,0.23776223776223773,3.6861471861471866,59.22377622377622,17.853146853146853,0.0769230769230769,0.041958041958041946,18.454545454545453,3.132867132867133,0.5034965034965034,0.5174825174825175
P01956,male,2000-2499,2143.6,rapid,16,2143.5625,0.39839743589743587,2.645014880952381,54.63886217948718,16.99639423076923,0.09318910256410254,0.028846153846153837,21.214285714285715,2.612980769230769,0.7208333333333333,0.5770833333333333
P01957,male,2000-2499,2159.4,blitz,6,2423.8333333333335,0.2279202279202279,3.5416666666666665,60.75925925925926,18.256410256410255,0.0883190883190883,0.012820512820512817,15.833333333333334,3.1794871794871793,0.4772079772079772,0.5484330484330484
P01957,male,2000-2499,2159.4,bullet,94,2142.521276595745,0.29203119575459996,3.022551679998488,58.36995900081006,18.050436442989636,0.06859883615202762,0.027368612474995446,16.91111111111111,2.8785973482781992,0.580001322554514,0.5542243217775132
P01958,male,2000-2499,2361.9,blitz,61,2336.622950819672,0.2549530615104385,3.0837463765742457,59.798479753397785,18.096749334454252,0.08207229928541401,0.04209751996637241,17.80701754385965,2.9761874737284573,0.5497968334033908,0.542959226565784
P01958,male,2000-2499,2361.9,bullet,3,2567.3333333333335,0.23076923076923073,3.0019240019240017,59.12820512820513,16.846153846153847,0.10256410256410253,0.025641025641025633,17.0,3.6666666666666665,0.4871794871794872,0.6153846153846154
P01958,male,2000-2499,2361.9,rapid,36,2387.6111111111113,0.27021011396011396,3.065511957178624,57.31000712250712,17.1607905982906,0.09570868945868943,0.023504273504273497,17.741935483870968,2.8524750712250713,0.5535968660968661,0.5202991452991452
P01959,male,2000-2499,2326.3,blitz,100,2326.3,0.2543290598290598,3.328735902985903,58.82902447552448,18.135222999223,0.05997086247086245,0.025161227661227654,19.7,2.6165569153069153,0.5686132478632479,0.5971285936285936
P01961,male,2000-2499,2439.8,blitz,100,2439.79,0.2717560217560217,3.136981795981796,59.85431235431235,18.007323232323234,0.09885878010878008,0.04494852369852369,16.88235294117647,2.799040404040404,0.5753807303807303,0.5505196192696192
P01965,male,2000-2499,2272.5,blitz,75,2251.4666666666667,0.2342478632478632,2.991109853109853,59.47819943019943,18.047401709401708,0.08206837606837605,0.044358974358974346,16.89855072463768,2.90791452991453,0.5182136752136752,0.4918518518518518
P01965,male,2000-2499,2272.5,bullet,24,2342.0,0.21532634032634027,2.6530181623931623,57.82255244755245,16.95425407925408,0.0705128205128205,0.06468531468531467,14.85,2.8927738927738926,0.4836829836829837,0.4752331002331002
P01965,male,2000-2499,2272.5,rapid,1,2178.0,0.5384615384615384,1.6,50.38461538461539,12.923076923076923,0.0769230769230769,0.0,26.0,3.769230769230769,0.6923076923076923,0.6153846153846154
P01966,male,2000-2499,2464.3,blitz,86,2485.093023255814,0.24490161001788904,3.217747590986305,58.16276833631485,17.904405187835422,0.06764311270125221,0.03962432915921287,17.67142857142857,2.8114266547406084,0.5327146690518784,0.5452146690518784
P01966,male,2000-2499,2464.3,bullet,14,2336.3571428571427,0.22069597069597066,2.8619331065759637,59.38507326007326,18.521520146520146,0.05036630036630035,0.03342490842490841,18.25,2.804029304029304,0.5201465201465202,0.5970695970695971
P01967,male,2000-2499,2062.7,blitz,100,2062.68,0.276583916083916,3.160163614163614,58.20747979797979,17.575472416472415,0.06843045843045842,0.03034188034188033,17.091954022988507,2.768750971250971,0.6366045066045066,0.5523896658896659
P01968,male,1500-1999,1905.0,rapid,3,1905.0,0.43589743589743585,2.4407407407407407,53.333333333333336,16.102564102564102,0.0769230769230769,0.0769230769230769,17.0,2.9230769230769234,0.7692307692307693,0.6153846153846154
P01970,male,1000-1499,1476.2,blitz,8,1692.5,0.38846153846153847,2.7109848484848484,56.034615384615385,16.775,0.10192307692307692,0.019230769230769225,20.857142857142858,3.0173076923076922,0.6961538461538461,0.6230769230769231
P01970,male,1000-1499,1476.2,bullet,5,1130.0,0.3846153846153846,2.249242424242424,53.87692307692307,15.461538461538462,0.06153846153846152,0.04615384615384614,21.75,2.8,0.6461538461538462,0.676923076923077
P01972,male,2000-2499,2335.9,bullet,100,2335.92,0.27284790209790205,2.8201638084138083,58.83260722610723,17.867235431235432,0.09159382284382282,0.03642191142191141,17.0,2.8768356643356645,0.5930745920745921,0.5662960372960373
P01973,male,2000-2499,2191.7,blitz,70,2244.157142857143,0.25022762951334376,3.445504595777705,59.52251439037153,18.14436420722135,0.09984301412872838,0.06163003663003661,18.85483870967742,2.8800235478806906,0.5131371009942438,0.5332967032967032
P01973,male,2000-2499,2191.7,bullet,13,2092.3076923076924,0.26035502958579876,3.0708725035648112,58.44970414201183,17.100591715976332,0.09467455621301772,0.035502958579881644,18.583333333333332,3.1420118343195265,0.6982248520710059,0.6094674556213018
P01973,male,2000-2499,2191.7,rapid,17,2051.764705882353,0.24557795146030437,3.5443380362178316,58.99259563965446,17.825174825174823,0.09214315096668035,0.036199095022624424,17.0,2.6865487453722747,0.5623200329082683,0.4849856026326615
P01983,male,2000-2499,2162.2,blitz,100,2162.23,0.23295765345765343,3.4048914141414137,59.602437257187255,17.735429681429682,0.10652972027972027,0.0419582362082362,22.0625,2.9286641414141417,0.5312558275058276,0.5057909867909868
P01984,male,2500+,2812.2,blitz,100,2812.23,0.2773290598290598,2.9917478322331266,57.007414529914534,17.341410256410256,0.0669230769230769,0.04264957264957264,17.404761904761905,2.9205769230769234,0.5924358974358974,0.5535042735042736
P01991,male,2500+,2615.6,blitz,73,2614.3972602739727,0.2952815829528158,2.704612701845939,57.34717831635639,17.179311556023887,0.08866057838660577,0.021074815595363533,16.583333333333332,3.018616087109238,0.5904753541739842,0.5473305233579207
P01991,male,2500+,2615.6,bullet,27,2618.8518518518517,0.2798806132139465,2.682958913514469,58.16632749966083,17.645909645909644,0.062271062271062244,0.022792022792022786,17.076923076923077,3.2431149097815766,0.5677655677655677,0.5216388549721883
P01993,male,2000-2499,2224.0,blitz,55,2162.7454545454543,0.24825951825951822,3.3345461104552014,58.68373182373182,17.34086913086913,0.07944055944055942,0.03860139860139859,19.54,3.0051792651792653,0.5721056721056721,0.5051404151404152
P01993,male,2000-2499,2224.0,rapid,45,2298.8,0.2591642924976258,3.3804425204425206,58.41889838556505,17.168537511870845,0.06441595441595441,0.02079772079772079,19.121951219512194,3.0030674264007597,0.5596486229819563,0.5381196581196581
P01995,male,2000-2499,2490.0,blitz,9,2048.1111111111113,0.2585470085470085,3.1606701940035276,59.420227920227916,17.269230769230766,0.044159544159544144,0.026353276353276348,19.0,2.8547008547008548,0.5527065527065527,0.5698005698005697
P01995,male,2000-2499,2490.0,bullet,91,2533.7252747252746,0.286320090166244,2.7726717116827007,57.46680755142294,17.13543721236029,0.08152061613600073,0.030426411195641954,19.584415584415584,2.7187681976143514,0.6183338029491876,0.5592537804076265
P01997,male,2000-2499,2295.3,blitz,100,2295.29,0.24426573426573422,3.5166108613608613,58.736193667443665,17.397799145299146,0.09634615384615382,0.04341006216006215,24.716216216216218,2.5814287101787103,0.5513412975912976,0.5401330613830614
P02001,male,2500+,2743.8,blitz,14,2681.214285714286,0.2756410256410256,2.7878581735724595,59.26373626373627,17.045787545787544,0.11080586080586079,0.03846153846153845,19.416666666666668,2.897435897435898,0.6126373626373626,0.597985347985348
P02001,male,2500+,2743.8,bullet,86,2753.9883720930234,0.2807940767243093,2.733769783188388,58.26473862055257,17.506385410455177,0.05950606241303914,0.03227489564698866,16.31081081081081,2.8360614192009543,0.573380043728881,0.5593718942556152
P02005,male,2500+,2509.8,blitz,28,2509.8214285714284,0.2581376956376956,2.764091662305948,59.43248418248418,17.6003996003996,0.10410422910422908,0.05415417915417914,19.38095238095238,3.0059731934731935,0.5760281385281385,0.5429778554778555
P02006,male,2500+,2588.4,blitz,100,2588.37,0.23808080808080803,3.003217641835289,58.296829836829836,17.442723387723387,0.07059829059829058,0.03692307692307691,16.23404255319149,3.1630846930846928,0.5512665112665113,0.53498445998446
P02010,male,2000-2499,2243.0,blitz,99,2242.989898989899,0.2725590907409089,3.0675217599460027,58.492398342398346,17.299936427209154,0.08044985317712589,0.04390491663218935,18.92222222222222,2.948223325496053,0.5523886887523252,0.572757881848791
P02013,male,2500+,2778.6,blitz,4,2658.5,0.2115384615384615,2.600559163059163,59.92307692307692,18.596153846153847,0.03846153846153845,0.09615384615384612,18.0,2.923076923076923,0.5384615384615384,0.5192307692307693
P02013,male,2500+,2778.6,bullet,96,2783.59375,0.29227207977207975,2.37917794011544,56.28971688034188,16.684935897435896,0.07511574074074072,0.02483974358974358,15.987951807228916,3.0468883547008545,0.5954950142450143,0.6065660612535613
P02015,male,2000-2499,2402.9,blitz,100,2402.95,0.25249999999999995,2.9354093945270416,59.98757692307692,17.848820512820513,0.06667948717948717,0.034205128205128194,18.877777777777776,3.063474358974359,0.5361025641025641,0.5194102564102564
P02018,male,2000-2499,2300.8,blitz,51,2161.5882352941176,0.2678994208405973,3.57531265031265,60.907417473593945,17.9894086305851,0.1002594899653723,0.039341377576671686,17.958333333333332,2.9885008782067604,0.5989197621550563,0.5480598377657201
P02018,male,2000-2499,2300.8,bullet,49,2445.714285714286,0.2620879120879121,2.7924709077770307,58.15358451072737,17.908686551543695,0.07103610675039244,0.04735740450026163,15.791666666666666,2.850130821559393,0.5621140763997906,0.5656200941915227
P02020,male,2000-2499,2494.6,blitz,14,2137.714285714286,0.22222222222222218,3.0868944547515977,57.144078144078144,17.275946275946275,0.07142857142857141,0.049450549450549434,12.083333333333334,3.0470085470085473,0.5286935286935287,0.572039072039072
P02020,male,2000-2499,2494.6,bullet,86,2552.6511627906975,0.2622465712581991,2.811380141176653,57.596116577221224,17.18138044126416,0.09922480620155037,0.04293381037567083,19.14457831325301,2.8990235539654146,0.6037865235539654,0.5025193798449613
P02026,male,2000-2499,2325.4,blitz,100,2325.37,0.2968888333888334,2.883791847041847,57.79255602730603,17.72543561993562,0.08423179598179596,0.035409090909090904,16.41111111111111,2.9377775002775,0.6079195526695527,0.581254884004884
P02028,male,2000-2499,2242.1,blitz,27,2451.777777777778,0.27376327376327375,3.2791864514086737,57.79176379176379,17.978243978243977,0.08598808598808597,0.040404040404040394,17.695652173913043,2.983164983164983,0.638953638953639,0.5498575498575499
P02028,male,2000-2499,2242.1,bullet,66,2169.530303030303,0.26509059122695483,2.8647209272209273,57.72845412163594,17.82827488168397,0.09063978950342584,0.06852617079889806,16.358490566037737,2.6366973935155755,0.5831576252030798,0.5400791128063855
P02028,male,2000-2499,2242.1,rapid,7,2116.8571428571427,0.21978021978021975,3.1885126777983923,53.142857142857146,16.054945054945055,0.032967032967032954,0.021978021978021973,29.0,2.10989010989011,0.4835164835164835,0.5164835164835164
P02034,male,2000-2499,2223.5,blitz,61,2296.6065573770493,0.24808879644945214,3.1638414301866566,58.54625374625375,18.085280293477016,0.0751117734724292,0.02820130688983147,19.40740740740741,2.783057106827598,0.501451008008385,0.5180483450975254
P02034,male,2000-2499,2223.5,rapid,39,2109.25641025641,0.2853440718825334,3.2768056018056018,58.01515998246767,17.771931843085692,0.07498356344510189,0.04127218934911241,18.636363636363637,2.9120206004821387,0.5519669077361384,0.5467291255752794
P02047,male,2000-2499,2207.9,blitz,2,2252.5,0.0769230769230769,2.5347222222222223,64.11538461538461,19.23076923076923,0.0769230769230769,0.0769230769230769,22.5,3.346153846153846,0.2307692307692307,0.2692307692307692
P02047,male,2000-2499,2207.9,rapid,26,2204.4615384615386,0.267258382642998,3.1230794846179464,59.52613412228797,17.80818540433925,0.10404339250493094,0.032544378698224845,20.47826086956522,3.0249013806706113,0.5428994082840236,0.525887573964497
P02049,male,2500+,2632.0,blitz,8,2660.375,0.16346153846153844,4.478472222222222,60.31730769230769,17.942307692307693,0.0769230769230769,0.028846153846153837,16.75,3.2788461538461537,0.423076923076923,0.4230769230769231
P02049,male,2500+,2632.0,bullet,92,2629.5108695652175,0.25994793250228027,2.804904938057112,55.71449402047228,16.13613180297963,0.08423786358568966,0.030741360089186168,20.468354430379748,3.0726195905543734,0.5876995287321375,0.5981307641633729
P02050,male,2000-2499,2255.1,blitz,19,2226.0526315789475,0.24974236290025761,3.357828282828283,60.51584468163415,18.017556128082443,0.07867132867132864,0.024291497975708495,21.666666666666668,2.6022267206477734,0.5544718439455282,0.5710158262789842
P02050,male,2000-2499,2255.1,bullet,9,2316.5555555555557,0.2897435897435897,2.854761904761905,61.581196581196586,18.615384615384617,0.08205128205128204,0.036752136752136746,20.166666666666668,2.8384615384615386,0.5700854700854701,0.5538461538461539
P02051,male,2000-2499,2487.8,blitz,7,2614.8571428571427,0.29670329670329665,2.835544217687075,59.087912087912095,17.89010989010989,0.05494505494505492,0.05494505494505492,13.0,3.2637362637362637,0.6373626373626374,0.5714285714285714
P02051,male,2000-2499,2487.8,bullet,93,2478.2795698924733,0.2818858560794044,2.7706182618421704,58.6494623655914,17.709181141439206,0.08287841191066996,0.030603804797353175,17.738636363636363,3.139454094292804,0.5619520264681556,0.5291976840363937
P02057,male,2000-2499,2491.6,blitz,85,2488.9882352941177,0.2315126050420168,3.0406891378517678,58.09154815772463,17.10801551389787,0.0941176470588235,0.04705882352941175,19.154929577464788,2.72737556561086,0.5317226890756303,0.5291047188106012
P02057,male,2000-2499,2491.6,bullet,15,2506.4,0.21538461538461537,2.721056166056166,59.2,17.364102564102563,0.09230769230769229,0.0564102564102564,22.90909090909091,2.6,0.5384615384615384,0.441025641025641
P02059,male,2000-2499,2178.7,blitz,100,2178.66,0.2958461538461538,3.1443412698412696,58.48075641025641,17.806726495726494,0.08821367521367518,0.031064102564102556,19.488636363636363,2.8379529914529917,0.609431623931624,0.5933675213675214
P02063,male,2500+,2511.1,bullet,100,2511.09,0.26556887556887554,3.270656204906205,59.6568414918415,18.131158508158506,0.08007148407148405,0.03455866355866355,17.688172043010752,2.78478243978244,0.5392639582639582,0.5480815850815851
P02064,male,2500+,2609.2,blitz,100,2609.23,0.25257692307692303,3.006546814296814,57.92253846153846,17.292615384615384,0.07476923076923075,0.05401923076923075,21.649350649350648,2.6955769230769233,0.5405769230769231,0.5680192307692308
P02068,male,1500-1999,1979.0,blitz,23,1754.5217391304348,0.30922772879294613,2.847826086956522,60.819916556873075,18.38856119725685,0.07808857808857807,0.02341137123745819,17.571428571428573,2.7816610925306575,0.634370460457417,0.5479358805445762
P02068,male,1500-1999,1979.0,rapid,77,2046.051948051948,0.297826812437202,3.1365233972376827,59.41302254743814,17.852625008469165,0.09244222588378431,0.03993077629441265,20.17142857142857,2.8347609100855853,0.6210033473020486,0.5846615145316444
P02069,male,2000-2499,2425.2,blitz,95,2443.8105263157895,0.21935958778064038,3.335934533302954,59.47304011777696,18.07948104527052,0.07478836952521162,0.04239970555760028,17.04705882352941,3.0055207949944793,0.5217887375782112,0.5330143540669856
P02069,male,2000-2499,2425.2,bullet,5,2072.2,0.2769230769230769,2.9144444444444444,58.78461538461538,17.6,0.04615384615384614,0.0,19.2,3.4769230769230766,0.5846153846153845,0.5846153846153846
P02074,male,1500-1999,1982.4,blitz,100,1982.41,0.26973595848595844,3.2039089105339102,57.09112698412699,16.815747252747254,0.06927472527472527,0.03456959706959706,18.989247311827956,2.842603174603175,0.5924502442002442,0.6084679487179487
P02075,male,2000-2499,2393.0,blitz,100,2393.02,0.286539627039627,3.12451418026418,59.13420687645687,17.923667832167833,0.08988636363636361,0.04502331002331001,18.622222222222224,3.064412587412588,0.5698513986013986,0.5584586247086247
P02081,male,2500+,2524.8,blitz,54,2518.796296296296,0.2917508417508417,2.9764633514633516,59.62647845981179,18.34219114219114,0.07561728395061726,0.02136752136752136,18.340425531914892,2.940218423551757,0.6100966934300267,0.5495596995596995
P02081,male,2500+,2524.8,bullet,46,2531.8478260869565,0.2632385730211817,3.1127532172289203,58.64994425863991,17.83549331103679,0.07295150501672239,0.03720735785953176,19.157894736842106,2.831382385730212,0.5840301003344481,0.5565774804905239
P02090,male,2000-2499,2375.7,blitz,100,2375.65,0.2900036907536907,3.310215007215007,58.496049145299146,17.34044386169386,0.07416250416250414,0.028093156843156834,17.839080459770116,3.1394686424686427,0.5847793595293596,0.573644438894439
P02092,male,1500-1999,1658.9,bullet,100,1658.87,0.318551282051282,2.73840873015873,58.2351923076923,17.834064102564103,0.053397435897435876,0.027692307692307683,17.559139784946236,3.0313717948717946,0.6322820512820513,0.5463974358974358
P02094,male,2500+,2580.8,blitz,17,2498.8823529411766,0.19079939668174958,2.9563937696290634,59.340120663650076,17.431372549019606,0.08220211161387629,0.040723981900452476,16.125,2.8182503770739062,0.4864253393665158,0.5414781297134238
P02094,male,2500+,2580.8,bullet,83,2597.5662650602408,0.23148585016054893,3.401564516474155,57.30037492627854,17.99695518671422,0.044562866852023465,0.028884769848625265,14.666666666666666,3.238905271435392,0.5041621029572837,0.50450566836109
P02095,male,2000-2499,2387.8,blitz,93,2392.1720430107525,0.2755645787903852,3.0927702849192413,57.953093590996815,17.114092538286087,0.07619432538787375,0.043988269794721396,19.443037974683545,2.9766129032258064,0.560260796551119,0.5613304258465549
P02095,male,2000-2499,2387.8,bullet,7,2330.285714285714,0.2527472527472527,3.190816326530612,56.51648351648352,17.47252747252747,0.010989010989010986,0.05494505494505492,11.0,3.3626373626373622,0.49450549450549447,0.5054945054945055
P02096,male,2000-2499,2289.7,blitz,100,2289.69,0.23015750915750913,3.2208632756132753,59.96468864468865,18.441669413919414,0.08955799755799754,0.035957264957264944,19.2183908045977,2.783693223443224,0.48576923076923073,0.5520088522588522
P02098,male,2000-2499,2134.0,blitz,34,2303.794117647059,0.2262443438914027,3.423232323232323,60.970588235294116,18.846153846153843,0.06108597285067871,0.04751131221719456,19.575757575757574,2.8552036199095023,0.5180995475113123,0.5113122171945701
P02098,male,2000-2499,2134.0,bullet,64,2042.640625,0.27431032509157505,2.7124859081890333,59.05639880952381,17.826759958791207,0.07842548076923075,0.03782051282051281,14.303571428571429,2.761217948717949,0.5979739010989011,0.5562671703296703
P02098,male,2000-2499,2134.0,rapid,2,2171.0,0.2692307692307692,2.055555555555556,60.0,18.03846153846154,0.0769230769230769,0.0,12.0,2.3076923076923075,0.5,0.423076923076923
P02101,male,1500-1999,1800.6,blitz,84,1798.8095238095239,0.24682539682539678,3.2413686842258267,57.84826007326007,17.526831501831502,0.07045177045177044,0.04029304029304028,17.125,3.0934065934065935,0.5613553113553114,0.5458485958485958
P02101,male,1500-1999,1800.6,rapid,16,1809.875,0.2548076923076923,3.537425595238095,59.24519230769231,17.346153846153847,0.09615384615384612,0.04807692307692306,14.933333333333334,3.230769230769231,0.5865384615384616,0.5432692307692307
P02105,male,2500+,2623.6,blitz,100,2623.56,0.22749999999999995,3.26562116478293,58.06320512820513,17.130096153846154,0.0723076923076923,0.05006410256410255,19.83529411764706,2.8436858974358974,0.5104487179487179,0.5276282051282051
P02107,male,2500+,2545.4,bullet,100,2545.4,0.28146153846153843,2.876652097902098,59.883538461538464,18.04530769230769,0.0856153846153846,0.030999999999999993,19.0989010989011,2.9663076923076925,0.5576153846153846,0.5805384615384616
P02113,male,2000-2499,2208.8,blitz,19,2270.0,0.25101214574898784,3.4934210526315788,60.63157894736842,18.987854251012145,0.08097165991902831,0.052631578947368404,19.705882352941178,2.8259109311740893,0.5465587044534413,0.5101214574898785
P02113,male,2000-2499,2208.8,rapid,4,1918.25,0.2288461538461538,3.5595238095238093,62.503846153846155,17.301923076923075,0.057692307692307675,0.019230769230769225,16.5,3.4615384615384617,0.5211538461538461,0.38269230769230766
P02117,male,2000-2499,2491.4,blitz,100,2491.39,0.2694463869463869,2.7418203185703187,57.526730769230774,17.29402972027972,0.07339743589743587,0.030064102564102555,18.06451612903226,2.915879953379953,0.5861480186480186,0.5919172494172494
P02118,male,2000-2499,2280.0,blitz,97,2288.8865979381444,0.2706413861053036,3.125889288260422,58.719332900776195,17.643688270492394,0.09312474467113639,0.05120154759330016,16.10112359550562,3.09745512219739,0.5665272871458439,0.5049900271549755
P02118,male,2000-2499,2280.0,bullet,3,1993.3333333333333,0.23076923076923073,2.342857142857143,58.43589743589744,17.871794871794872,0.0769230769230769,0.0,12.666666666666666,2.948717948717949,0.5384615384615384,0.48717948717948717
P02122,male,2000-2499,2310.0,blitz,83,2328.0843373493976,0.24119906198219448,3.2611105565038945,59.25869070688348,17.95264273878732,0.08742662959530427,0.05368396663577385,17.95774647887324,2.8712029937933554,0.5333452691886427,0.5026897800994187
P02122,male,2000-2499,2310.0,bullet,17,2221.529411764706,0.19999999999999996,4.128066378066378,58.515837104072396,18.331221719457016,0.08144796380090495,0.05429864253393663,18.416666666666668,2.9199095022624437,0.48190045248868774,0.45475113122171945
P02123,male,2000-2499,2488.0,bullet,100,2487.98,0.2514158064158064,3.1242549672549673,57.96065412365412,17.421666555666558,0.058515928515928496,0.046635586635586625,20.91860465116279,2.6662177822177826,0.5364812964812965,0.5296967476967477
P02125,male,2000-2499,2499.3,blitz,60,2499.266666666667,0.21768971768971765,3.3859701872201873,58.35951825951826,17.525006475006474,0.0769230769230769,0.03997668997668997,18.654545454545456,2.9437192437192437,0.5302253302253302,0.5115773115773116
P02126,male,2000-2499,2106.4,blitz,8,1924.375,0.3311965811965812,3.6322916666666667,59.06303418803419,18.33440170940171,0.057692307692307675,0.03846153846153845,14.5,3.2115384615384617,0.608974358974359,0.6228632478632479
P02126,male,2000-2499,2106.4,bullet,36,2146.8055555555557,0.3173076923076923,3.0321759259259258,58.30106837606838,19.006196581196583,0.091025641025641,0.04123931623931623,14.911764705882353,3.3474358974358975,0.5818376068376068,0.6079059829059829
P02132,male,2000-2499,2337.4,blitz,9,2408.1111111111113,0.2564102564102564,2.8360670194003528,59.19658119658119,16.965811965811966,0.11111111111111108,0.04273504273504272,16.75,2.735042735042735,0.5897435897435898,0.5641025641025641
P02132,male,2000-2499,2337.4,bullet,19,2336.2105263157896,0.24918064391748598,2.8443646996278575,58.32938114517062,18.252072488914592,0.04858299595141699,0.024291497975708495,12.333333333333334,3.109504530557162,0.501542317331791,0.49590321958743006
P02132,male,2000-2499,2337.4,rapid,53,2325.867924528302,0.2795102172460663,3.048653207379622,58.52493952588292,17.297348353952128,0.09220287050475727,0.05712212315985899,14.886363636363637,2.9478713110788584,0.624469555601631,0.5472481397009699
P02135,male,2500+,2733.7,blitz,70,2790.5285714285715,0.22717282717282714,3.1988639535068106,58.99140859140859,18.245254745254744,0.076023976023976,0.04615384615384614,17.53125,3.1694305694305696,0.5165834165834166,0.507992007992008
P02135,male,2500+,2733.7,bullet,11,2845.818181818182,0.2587412587412587,2.9050800209891117,58.37062937062937,17.874125874125873,0.06993006993006991,0.034965034965034954,11.9,3.048951048951049,0.5594405594405594,0.4825174825174825
P02135,male,2500+,2733.7,rapid,19,2459.6315789473683,0.24876293297345925,3.288114590088274,58.050832208726945,17.750787224471434,0.07287449392712549,0.03238866396761133,17.933333333333334,3.0287899235267655,0.5555555555555556,0.5294646873594242
P02137,male,2000-2499,2105.1,blitz,84,2117.75,0.2639175639175639,3.0038200886415174,58.84691142191142,17.723867336367338,0.07625013875013874,0.0388125763125763,20.356164383561644,2.681197506197506,0.5427785177785177,0.5479192104192104
P02137,male,2000-2499,2105.1,bullet,9,2090.4444444444443,0.2051282051282051,3.872883597883598,61.46153846153847,18.068376068376068,0.0769230769230769,0.051282051282051266,18.75,3.076923076923077,0.4871794871794872,0.5555555555555556
P02137,male,2000-2499,2105.1,rapid,7,1971.4285714285713,0.2153846153846153,2.9420634920634923,60.1010989010989,18.701098901098902,0.043956043956043946,0.021978021978021973,23.857142857142858,2.575824175824176,0.4901098901098901,0.5076923076923077
P02139,male,2500+,2629.2,blitz,61,2588.4262295081967,0.2792524870393723,2.7654273322306113,57.013430012610335,17.28529494185232,0.07313997477931901,0.02900378310214375,15.754716981132075,2.885193358554014,0.5494395404231469,0.5650448367661483
P02139,male,2500+,2629.2,bullet,39,2693.051282051282,0.31844181459566073,2.497478393066628,58.45552268244575,17.76084812623274,0.0853057199211045,0.02958579881656804,15.078947368421053,3.0650887573964494,0.5932938856015779,0.5846153846153846
P02141,male,2000-2499,2272.4,blitz,33,2122.939393939394,0.23047785547785543,3.416148918421646,61.550407925407924,18.689685314685313,0.0769230769230769,0.034965034965034954,14.75,2.808857808857809,0.5425407925407926,0.5064102564102564
P02141,male,2000-2499,2272.4,bullet,66,2350.621212121212,0.2622648395375668,2.6744806960716048,59.92605542605543,17.986261213533943,0.08570436297709022,0.04105625014715923,16.274193548387096,2.9505121141484776,0.6050658096112641,0.551944856490311
P02141,male,2000-2499,2272.4,rapid,1,2044.0,0.3076923076923077,2.75,64.07692307692308,17.307692307692307,0.3076923076923077,0.1538461538461538,17.0,2.230769230769231,0.6923076923076923,0.4615384615384615
P02147,male,2000-2499,2013.1,blitz,99,2013.121212121212,0.25785695785695784,3.2859660821782035,59.33023609387246,18.28517366471912,0.06544373135282223,0.023507216689034865,15.773809523809524,2.9378977083522537,0.5576561485652395,0.545986420986421
P02147,male,2000-2499,2013.1,rapid,1,2008.0,0.3076923076923077,2.625,61.76923076923077,17.23076923076923,0.0,0.0,25.0,2.1538461538461537,0.5384615384615384,0.3846153846153846
P02148,male,2000-2499,2069.5,blitz,29,2024.2068965517242,0.34410761652140964,2.7994887296611437,60.09416445623342,18.370167763271212,0.10062351441661785,0.015915119363395222,19.037037037037038,2.7333218505632297,0.6226394295359812,0.5747218298942436
P02148,male,2000-2499,2069.5,bullet,2,2060.5,0.37412587412587406,2.1,49.26223776223776,13.849650349650346,0.12237762237762234,0.0769230769230769,27.0,1.5804195804195804,0.5874125874125874,0.7412587412587412
P02148,male,2000-2499,2069.5,rapid,3,2513.3333333333335,0.358974358974359,2.392857142857143,63.87179487179487,20.461538461538463,0.20512820512820507,0.025641025641025633,24.333333333333332,2.871794871794872,0.6666666666666666,0.5384615384615384
P02159,male,2000-2499,2221.0,blitz,100,2220.99,0.29792998667998666,2.9442857142857144,58.27277306027306,17.7279174991675,0.07865675990675988,0.034819347319347306,15.722222222222221,2.9571449383949386,0.6063653013653013,0.5453829503829504
P02160,male,2500+,2526.1,bullet,100,2526.11,0.28969308469308463,2.9958783993783995,57.56386655011656,17.45706585081585,0.08529914529914528,0.036976495726495716,19.473684210526315,2.92236790986791,0.5846629759129759,0.5700184537684537
P02163,male,2000-2499,2409.1,blitz,100,2409.12,0.2856582861582861,2.759697160682455,56.4708936063936,17.26543129093129,0.06527777777777775,0.029829059829059822,21.232558139534884,2.8048247863247866,0.5975846375846375,0.5546237096237097
P02164,male,2500+,2744.0,blitz,100,2743.98,0.22495920745920742,3.063051918669566,57.30176398601398,17.16861188811189,0.05869230769230768,0.03937062937062936,17.57471264367816,3.1803012820512824,0.5353916083916084,0.5005541958041958
P02167,male,1500-1999,1941.1,bullet,100,1941.12,0.3013585858585858,2.804194444444444,59.290357808857806,18.184465034965037,0.0897179487179487,0.037115384615384606,13.901098901098901,2.960140637140637,0.6137276612276612,0.5347610722610723
P02168,male,1500-1999,1894.2,bullet,100,1894.25,0.2769645077145077,2.7392496392496395,58.853262959262956,17.65703957153957,0.08505494505494504,0.0346153846153846,20.790697674418606,2.6233384115884117,0.5980980685980686,0.5856243756243756
P02172,male,2500+,2583.3,blitz,93,2621.9247311827958,0.2324709340838373,3.5553361513038935,59.5998633982505,17.77396886267854,0.07101500649887744,0.03556658395368072,20.6046511627907,3.084560600689633,0.529556465040336,0.5194286000737613
P02172,male,2500+,2583.3,rapid,7,2069.5714285714284,0.29670329670329665,3.2976356976356977,59.692307692307686,18.516483516483515,0.043956043956043946,0.021978021978021973,20.714285714285715,2.9340659340659343,0.5604395604395604,0.5054945054945055
P02181,male,2500+,2606.1,blitz,100,2606.11,0.26475757575757575,2.9609390054390055,56.81535372960373,17.23202797202797,0.06429895104895103,0.03615384615384614,21.80263157894737,2.7407179487179487,0.558088578088578,0.5786177156177156
P02185,male,2000-2499,2336.9,blitz,1,2168.0,0.1538461538461538,2.1,58.69230769230769,18.0,0.0,0.0,22.0,2.4615384615384617,0.4615384615384615,0.5384615384615384
P02185,male,2000-2499,2336.9,rapid,24,2343.9583333333335,0.2692307692307692,3.2464917027417024,56.767628205128204,16.781517094017094,0.060897435897435875,0.04220085470085469,17.0625,2.77991452991453,0.5491452991452991,0.5106837606837606
P02190,male,2000-2499,2410.4,blitz,98,2410.6938775510203,0.23298130440987583,3.1687065768698424,58.03446553446553,17.563793349507634,0.09433423719138001,0.04738119023833308,18.023529411764706,2.8091194519765947,0.548166119594691,0.5398886827458256
P02190,male,2000-2499,2410.4,rapid,2,2394.0,0.1538461538461538,4.228571428571429,59.46153846153847,19.615384615384613,0.0769230769230769,0.0,19.5,2.5769230769230766,0.3846153846153846,0.5769230769230769
P02192,male,2500+,2822.0,bullet,100,2822.02,0.2743978243978244,2.9573326673326674,57.65076534576535,17.452099844599847,0.09392385392385391,0.037692307692307685,21.53409090909091,2.5441608391608392,0.5643706293706293,0.5538908313908314
P02194,male,2000-2499,2257.7,blitz,1,2245.0,0.2307692307692307,2.6666666666666665,59.76923076923077,18.153846153846153,0.1538461538461538,0.0769230769230769,16.0,4.0,0.4615384615384615,0.3076923076923077
P02194,male,2000-2499,2257.7,bullet,99,2257.8282828282827,0.2757783742632227,2.9727054090690452,58.607614215189976,17.44134782165085,0.05696161302221907,0.025226625226625218,18.182795698924732,2.871270200058079,0.5687998869817051,0.6068415310839553
P02200,male,2000-2499,2296.6,blitz,100,2296.6,0.2551423576423576,3.2722424242424246,58.882446303696305,17.823244671994672,0.0671153846153846,0.04076923076923076,18.64367816091954,2.8153638028638026,0.5166312853812854,0.5356314518814519
P02201,male,2000-2499,2023.8,bullet,100,2023.81,0.2894040959040959,2.9174899822399825,58.790211399711396,18.091685397935397,0.09485378510378509,0.044444444444444425,11.096774193548388,3.054651320901321,0.6025664613164613,0.5188093295593296
P02202,male,2000-2499,2331.8,blitz,21,2271.0476190476193,0.30616605616605613,3.2220452827595687,60.01831501831502,18.280873888016746,0.10600907029478454,0.025641025641025633,19.071428571428573,2.8288854003139714,0.565279958137101,0.5910518053375197
P02202,male,2000-2499,2331.8,rapid,24,2385.0416666666665,0.28659257409257405,2.7229815323565325,59.14617465867466,17.95335705960706,0.10685564435564432,0.05448717948717947,20.238095238095237,3.08608682983683,0.5927718115218116,0.5151619214119214
P02204,male,2000-2499,2390.9,blitz,100,2390.86,0.25566317016317014,3.0474603174603176,58.8245337995338,17.67975874125874,0.09641025641025638,0.05472960372960371,23.415730337078653,2.742384615384615,0.550004662004662,0.5188379953379954
P02206,male,2500+,2591.2,blitz,100,2591.25,0.2647954822954823,2.8457847985347984,57.25169413919414,17.12514194139194,0.0751221001221001,0.035726495726495715,17.704545454545453,3.049126984126984,0.5574435286935286,0.5299542124542124
P02207,male,2000-2499,2000.7,blitz,11,2093.6363636363635,0.3710531892350074,2.973809523809524,60.155647382920115,18.204439499894047,0.1568658614113159,0.027972027972027965,19.363636363636363,2.9965034965034962,0.6721763085399449,0.6002860775588048
P02207,male,2000-2499,2000.7,bullet,11,1901.3636363636363,0.28671328671328666,3.015151515151515,60.51748251748252,17.825174825174827,0.1328671328671328,0.04895104895104894,14.875,3.230769230769231,0.6223776223776224,0.5314685314685315
P02207,male,2000-2499,2000.7,rapid,4,2018.25,0.34546703296703296,3.432142857142857,60.88736263736264,19.08653846153846,0.03846153846153845,0.0,11.5,3.4038461538461537,0.7046703296703296,0.5831043956043955
P02211,male,2500+,2526.1,blitz,100,2526.14,0.25196542346542344,3.4650634088134087,58.984551476301476,17.616112665112663,0.05810256410256409,0.017865384615384613,17.193548387096776,3.0004904817404814,0.5944147241647242,0.5665252525252525
P02213,male,2000-2499,2265.8,blitz,100,2265.85,0.2956914474414474,3.007403318903319,58.75874922299922,18.340148296148296,0.11031635031635029,0.03894327894327893,18.04494382022472,2.7526682206682205,0.6122057387057387,0.5409538794538794
P02220,male,2500+,2775.8,blitz,91,2818.6263736263736,0.21434609346697256,3.1429924186014073,58.946624803767655,18.055186571670088,0.06677937447168214,0.041420118343195256,19.692307692307693,2.7548605240912933,0.5225214346093466,0.5347180292235237
P02220,male,2500+,2775.8,rapid,9,2343.1111111111113,0.277065527065527,2.886063011063011,60.076210826210826,18.346153846153847,0.12179487179487175,0.04273504273504272,19.88888888888889,2.742165242165242,0.6146723646723646,0.5612535612535612
P02221,male,2500+,2691.1,blitz,31,2724.1290322580644,0.2748479119446861,3.376193430225688,59.076920391436516,17.980108601076346,0.07083239341303856,0.048070209360531926,17.2,2.91774444193799,0.5565724597982663,0.511101801424382
P02221,male,2500+,2691.1,bullet,69,2676.304347826087,0.2587851761764805,3.080403242679458,59.09432564215172,17.460398015832798,0.10388162562075604,0.04511334076551467,18.147540983606557,2.9735991464252334,0.5487359661272705,0.5630502347893652
P02224,male,2500+,2760.8,bullet,100,2760.84,0.23465900765900763,2.9225001942501945,60.39920779220779,18.435565212565212,0.07334265734265732,0.02808857808857808,20.920454545454547,2.9154082584082586,0.5189284049284049,0.5157581307581307
P02226,male,1500-1999,1761.7,rapid,3,1761.6666666666667,0.3333333333333333,3.1111111111111107,58.87179487179487,17.564102564102566,0.10256410256410253,0.025641025641025633,14.666666666666666,2.7179487179487176,0.5897435897435898,0.4871794871794872
P02239,male,1500-1999,1858.7,blitz,1,2200.0,0.4615384615384615,1.7142857142857142,62.0,17.923076923076923,0.0,0.0769230769230769,10.0,3.076923076923077,0.8461538461538461,0.6923076923076923
P02239,male,1500-1999,1858.7,rapid,32,1848.03125,0.33112980769230765,3.0765050054112555,59.6676282051282,17.660777243589745,0.09074519230769229,0.03846153846153845,14.838709677419354,3.371554487179487,0.6206330128205129,0.5560496794871794
P02248,male,2000-2499,2039.9,blitz,9,2072.5555555555557,0.3162393162393162,3.2063492063492065,55.92307692307693,17.31623931623932,0.051282051282051266,0.025641025641025633,16.0,2.6495726495726495,0.5982905982905984,0.6153846153846154
P02248,male,2000-2499,2039.9,bullet,52,2032.826923076923,0.28420447074293226,2.8592570356993434,57.34276791584484,17.220841551610782,0.07720249835634449,0.04444444444444443,17.097560975609756,2.7601084812623276,0.591715976331361,0.6000328731097961
P02248,male,2000-2499,2039.9,rapid,1,2111.0,0.0769230769230769,3.8333333333333335,58.30769230769231,18.692307692307693,0.0,0.0769230769230769,27.0,3.0,0.5384615384615384,0.4615384615384615
P02252,male,2000-2499,2009.7,blitz,55,2043.6,0.24624708624708622,3.2561034420125328,59.71195804195804,18.150512820512823,0.0934265734265734,0.04615384615384614,16.34,2.9503030303030306,0.5496037296037296,0.5583916083916084
P02252,male,2000-2499,2009.7,bullet,44,1967.2045454545455,0.25367132867132863,2.908444018103109,58.39772727272727,17.113986013986015,0.10646853146853145,0.04545454545454544,18.609756097560975,2.8685314685314687,0.5494755244755245,0.558041958041958
P02252,male,2000-2499,2009.7,rapid,1,2016.0,0.1538461538461538,3.1666666666666665,49.61538461538461,12.538461538461538,0.0,0.0769230769230769,18.0,3.0,0.3076923076923077,0.4615384615384615
P02254,male,2000-2499,2384.8,blitz,2,2302.0,0.26923076923076916,3.2142857142857144,58.5,18.269230769230766,0.03846153846153845,0.0769230769230769,11.5,2.3846153846153846,0.6153846153846154,0.4615384615384615
P02254,male,2000-2499,2384.8,rapid,98,2386.4897959183672,0.2549427613203123,3.1918890066849253,59.13901812473241,18.08347766179399,0.09762499405356546,0.04972289615146756,19.904761904761905,2.6041961439920627,0.5371524733769631,0.5567876001549471
P02257,male,2000-2499,2486.9,blitz,4,2277.0,0.24999999999999997,3.0813492063492065,59.17307692307692,17.5,0.09615384615384612,0.03846153846153845,14.0,2.8653846153846154,0.5,0.5576923076923077
P02257,male,2000-2499,2486.9,bullet,96,2495.6666666666665,0.28305956196581195,2.9063810899748397,55.87755965099715,16.315738514957264,0.07362891737891736,0.05392628205128203,19.8875,2.8569355413105413,0.57224448005698,0.5735309829059829
P02259,male,2000-2499,2253.2,blitz,100,2253.23,0.2670337995337995,3.1833694361194365,60.68191822066822,17.987668026418024,0.10121794871794869,0.043205128205128195,17.40449438202247,3.0295493395493396,0.5645784770784771,0.5238859751359751
P02260,male,2500+,2616.9,blitz,49,2671.6530612244896,0.2474097331240188,3.3405717864901536,59.21632653061224,18.062480376766093,0.08006279434850862,0.023547880690737828,17.790697674418606,2.7167974882260597,0.5610675039246468,0.5265306122448979
P02260,male,2500+,2616.9,bullet,51,2564.294117647059,0.2339991163520575,3.059973414385179,58.01537242713714,17.42972713560949,0.08390084860673093,0.03921568627450979,19.644444444444446,2.9483065953654193,0.5305544129073541,0.4827307768484239
P02262,male,2500+,2637.4,blitz,38,2848.1052631578946,0.27656079300816144,2.9617372178904686,57.781946051025,17.396075123706705,0.06816319645267012,0.038782854572328246,16.689655172413794,3.107909196067091,0.5731291369449264,0.5406561274982328
P02262,male,2500+,2637.4,bullet,24,2620.8333333333335,0.23717948717948714,2.9956574675324674,57.71474358974359,17.596153846153847,0.05128205128205127,0.06410256410256408,16.65,3.0929487179487176,0.5224358974358975,0.5224358974358975
P02262,male,2500+,2637.4,rapid,38,2437.0526315789475,0.244712305238621,3.2787092164801144,60.36916124810862,18.6131026867869,0.056530896004580194,0.03238866396761133,18.0,3.1587514824356933,0.5211323763955342,0.4716537848116796
P02263,male,2000-2499,2326.5,blitz,100,2326.47,0.2788583638583638,2.9136465756465757,57.98280092130092,17.43303613053613,0.09254279054279052,0.022769230769230764,20.50588235294118,2.82703885003885,0.5594874569874569,0.5496699411699412
P02274,male,2000-2499,2497.6,blitz,91,2562.967032967033,0.26802556417941026,2.682197915027585,56.72827236865698,16.98518660826353,0.055169189784574385,0.033274417889802496,14.428571428571429,3.0956370552524395,0.5957965111811265,0.5507383641999026
P02274,male,2000-2499,2497.6,bullet,9,1836.3333333333333,0.2564102564102564,2.9384159050825716,53.401709401709404,16.068376068376068,0.094017094017094,0.03418803418803418,11.222222222222221,3.213675213675214,0.547008547008547,0.6239316239316239
P02275,male,2000-2499,2146.6,blitz,100,2146.55,0.25295890220890216,3.498939821616292,59.71068892218892,17.90543759018759,0.04703521478521477,0.025554445554445547,17.010526315789473,3.116194388944389,0.5196880341880342,0.503260767010767
P02276,male,2500+,2739.3,bullet,100,2739.28,0.29627622377622376,2.777498057498058,58.33775932400932,17.70100815850816,0.07640151515151512,0.021538461538461534,17.23404255319149,3.110745920745921,0.5846328671328671,0.5598135198135198
P02278,male,2000-2499,2370.8,blitz,99,2371.787878787879,0.24152687940566728,3.1723511881265893,59.224549188185556,17.907300723967392,0.07336927942988547,0.04544041816769088,19.818181818181817,2.6743961425779603,0.5677816571755966,0.571827779403537
P02278,male,2000-2499,2370.8,rapid,1,2277.0,0.3846153846153846,3.3333333333333335,59.0,18.615384615384617,0.0769230769230769,0.0769230769230769,7.0,1.3076923076923077,0.7692307692307693,0.6153846153846154
P02279,male,2000-2499,2413.9,blitz,82,2435.939024390244,0.24138300723666573,3.178685822785536,57.59618958277495,17.535100062539087,0.08966541588492806,0.048311444652908056,16.05263157894737,2.912371571517913,0.5808965424819083,0.5199767711962834
P02279,male,2000-2499,2413.9,bullet,18,2313.4444444444443,0.27670940170940167,3.2386022927689595,58.84419515669515,18.658653846153847,0.07371794871794869,0.024750712250712244,19.294117647058822,2.770477207977208,0.5641025641025641,0.48967236467236464
P02282,male,2000-2499,2316.5,blitz,57,2302.5789473684213,0.2840755735492577,2.9083297793824108,59.50269905533064,18.07051282051282,0.08108412055780474,0.04318488529014843,19.044444444444444,2.786999550157445,0.5919928025191183,0.5391363022941971
P02282,male,2000-2499,2316.5,rapid,43,2334.953488372093,0.2836911150864639,3.017085304876003,57.83206618962433,17.78436195587358,0.09950805008944542,0.041144901610017874,19.64864864864865,2.9474508050089443,0.5881782945736435,0.5887745974955277
P02285,male,2000-2499,2170.5,blitz,28,2172.464285714286,0.27106227106227104,3.4025729231086372,57.7687728937729,17.061813186813186,0.07738095238095236,0.03846153846153845,15.65,2.8887362637362637,0.5789835164835164,0.5744047619047619
P02285,male,2000-2499,2170.5,bullet,4,2214.5,0.18006993006993002,5.508333333333334,61.777972027972034,18.54895104895105,0.10664335664335661,0.04545454545454545,13.666666666666666,2.8846153846153846,0.47027972027972026,0.3444055944055944
P02285,male,2000-2499,2170.5,rapid,2,2055.5,0.11538461538461535,3.45,57.11538461538461,18.115384615384617,0.03846153846153845,0.0,21.5,2.6923076923076925,0.2692307692307692,0.3461538461538461
P02291,male,2000-2499,2278.4,blitz,38,2283.9736842105262,0.2510121457489878,3.1048980259506576,59.8421052631579,17.82591093117409,0.08097165991902831,0.03036437246963562,19.647058823529413,3.080971659919028,0.5080971659919028,0.5060728744939271
P02291,male,2000-2499,2278.4,bullet,2,2173.0,0.2692307692307692,2.9166666666666665,57.65384615384615,18.346153846153847,0.0769230769230769,0.0,11.5,3.0384615384615383,0.5384615384615384,0.6923076923076923
P02293,male,2500+,2591.7,blitz,100,2591.73,0.25190986790986786,3.0522777777777774,58.36349397824398,17.511625874125876,0.06954467754467752,0.049711538461538446,18.74418604651163,2.7347657342657343,0.5233838383838383,0.5377599067599068
P02298,male,2000-2499,2342.6,blitz,34,2243.823529411765,0.2775748761042878,3.3132146040234276,60.54637649931767,18.813662644544998,0.06319758672699848,0.030417295123177465,20.346153846153847,2.7556776556776557,0.6187333907922143,0.5182557638439991
P02298,male,2000-2499,2342.6,bullet,66,2393.5454545454545,0.2789980221798403,3.0106021924203743,56.4710002119093,17.142982270255,0.06794871794871793,0.02365967365967365,21.836363636363636,2.549996468178286,0.5665607120152575,0.5650508582326764
P02302,male,2000-2499,2454.3,blitz,71,2473.0,0.20969523434312162,3.4974954622841947,60.02950746436662,17.880541993218053,0.07258938244853735,0.03683640303358612,18.523076923076925,3.1219132979696362,0.5226252620618818,0.4665158784877094
P02302,male,2000-2499,2454.3,bullet,18,2392.0555555555557,0.3034188034188034,3.1903679653679653,56.99145299145299,17.324786324786327,0.07692307692307691,0.025641025641025633,21.785714285714285,3.047008547008547,0.5683760683760684,0.5555555555555556
P02302,male,2000-2499,2454.3,rapid,11,2435.4545454545455,0.26019813519813517,3.0431235431235426,59.37907925407926,18.145396270396272,0.06526806526806526,0.027972027972027965,16.0,3.1920163170163174,0.5337995337995337,0.4446386946386946
P02327,male,2500+,2827.2,blitz,2,2697.5,0.2692307692307692,4.007142857142857,58.69230769230769,17.076923076923077,0.11538461538461535,0.0,35.5,3.0769230769230766,0.6153846153846154,0.6538461538461539
P02327,male,2500+,2827.2,bullet,98,2829.8469387755104,0.23533926391069243,3.227584625258695,58.82710622710623,17.55259026687598,0.0703296703296703,0.03343799058084771,20.0561797752809,2.876251526251526,0.5345979417407989,0.5239141810570382
P02328,male,2500+,2945.5,blitz,90,2994.5666666666666,0.2606338106338106,2.972947592530926,58.19776766443432,17.238260504927172,0.08807303807303805,0.038603988603988594,19.428571428571427,2.8982671649338316,0.5368455618455619,0.5153429903429904
P02328,male,2500+,2945.5,rapid,10,2504.3,0.1923076923076923,3.5801515151515155,62.19230769230769,18.753846153846155,0.13076923076923075,0.0692307692307692,20.9,2.8,0.49230769230769234,0.4769230769230769
P02338,male,2000-2499,2455.0,blitz,100,2455.01,0.2916346153846154,3.0202499722499723,57.237211538461544,17.412403846153847,0.0896153846153846,0.03782051282051281,18.269662921348313,2.9434615384615386,0.5727884615384615,0.5655769230769231
P02343,male,2000-2499,2373.8,blitz,29,2452.655172413793,0.29079655976207697,3.261576450369554,58.35599630254803,18.214239209066793,0.09424483562414594,0.042882404951370454,20.96,2.642396109637489,0.5961297323366289,0.5349409211478177
P02343,male,2000-2499,2373.8,bullet,64,2334.625,0.3207440996503496,2.931162630772006,56.90719332750583,17.45842165646853,0.06727582313519812,0.02719350961538461,18.43859649122807,2.741746794871795,0.6225579108391609,0.5982508377039627
P02343,male,2000-2499,2373.8,rapid,7,2405.5714285714284,0.2857142857142857,2.609297052154195,58.439560439560445,18.153846153846153,0.12087912087912085,0.043956043956043946,21.0,2.6153846153846154,0.5274725274725275,0.5384615384615384
P02344,male,1500-1999,1954.9,blitz,34,1975.0,0.21985024779142423,3.811274509803922,58.878501400560225,17.88881167851756,0.09253393665158369,0.04751131221719456,19.21875,2.810137901314372,0.5411118293471234,0.5183204050851109
P02344,male,1500-1999,1954.9,bullet,30,1932.1666666666667,0.22198912198912196,3.297096052096052,59.77763532763533,17.885029785029783,0.11089743589743588,0.08896011396011394,18.88888888888889,2.600097125097125,0.47164594664594667,0.4885586635586635
P02347,male,2000-2499,2255.4,blitz,100,2255.36,0.277048951048951,3.2512204184704183,58.86461188811189,17.714216783216784,0.09079370629370627,0.03321678321678321,21.258823529411764,2.7333916083916083,0.55856993006993,0.5551853146853146
P02348,male,2000-2499,2384.7,blitz,50,2386.74,0.26647435897435895,2.742206349206349,56.92044871794872,17.278525641025638,0.10641025641025639,0.04628205128205127,22.96153846153846,2.3892307692307693,0.5916025641025641,0.6036538461538461
P02348,male,2000-2499,2384.7,bullet,45,2418.688888888889,0.3033618233618233,2.67006734006734,57.89005698005698,17.15754985754986,0.11578347578347575,0.03247863247863247,22.333333333333332,2.737920227920228,0.6393162393162394,0.5875213675213675
P02348,male,2000-2499,2384.7,rapid,5,2057.6,0.26794871794871794,2.6714285714285717,61.28846153846153,18.503846153846155,0.12307692307692304,0.06153846153846152,19.25,2.307692307692308,0.6256410256410256,0.47179487179487173
P02351,male,2000-2499,2035.8,blitz,6,1902.8333333333333,0.2692307692307692,3.0446969696969695,59.93589743589744,17.512820512820515,0.06410256410256408,0.025641025641025633,18.25,3.0384615384615383,0.5512820512820512,0.6153846153846153
P02351,male,2000-2499,2035.8,rapid,94,2044.3085106382978,0.25096274883508923,3.263775733722542,58.82694837668242,17.413277856894876,0.08190125477359517,0.039981295300444225,19.736842105263158,2.808145666390347,0.5518875037492059,0.5589228147738786
P02355,male,2000-2499,2368.2,blitz,99,2370.949494949495,0.2758605872242236,3.2676480646177617,58.5797644274917,17.991529514256786,0.07101139601139599,0.03698523698523697,14.945054945054945,2.850097125097125,0.5583810129264675,0.5723281768736315
P02355,male,2000-2499,2368.2,rapid,1,2094.0,0.2307692307692307,2.2222222222222223,63.30769230769231,19.846153846153847,0.0769230769230769,0.0769230769230769,17.0,1.5384615384615383,0.6923076923076923,0.5384615384615384
P02356,male,2000-2499,2380.2,blitz,96,2378.4375,0.26781103734228734,3.0902661285473787,59.29721681674807,17.786261192511194,0.08092948717948716,0.05368589743589742,19.301204819277107,2.9167111823361824,0.5610818579568579,0.5464727691290191
P02356,male,2000-2499,2380.2,rapid,4,2423.75,0.23076923076923075,2.9732142857142856,54.46153846153847,16.557692307692307,0.057692307692307675,0.03846153846153845,23.75,2.6346153846153846,0.5192307692307692,0.6538461538461539
P02357,male,2000-2499,2185.8,blitz,96,2184.8541666666665,0.277516147047397,2.9246868004680504,59.11399694055944,17.836075296231545,0.08308566433566432,0.031781759906759896,17.75862068965517,3.074752735690236,0.5785242246179746,0.5748777842527842
P02357,male,2000-2499,2185.8,rapid,4,2207.25,0.2286324786324786,2.8852813852813854,60.3525641025641,17.11965811965812,0.0769230769230769,0.03846153846153845,17.25,3.141025641025641,0.561965811965812,0.48717948717948717
P02361,male,2000-2499,2097.0,blitz,100,2097.02,0.27287695637695636,3.022792664851488,57.71592357642358,17.229688311688314,0.09155322455322454,0.04448290598290597,19.511627906976745,2.9282216117216113,0.6076054501054501,0.5477030192030192
P02362,male,2000-2499,2250.1,blitz,61,2329.8196721311474,0.2755072796056402,3.3718406820865834,59.58548887360363,18.128309259046965,0.05685161832702814,0.02269861286254728,20.934782608695652,2.7538579362349855,0.5909052695937942,0.5399792375202211
P02362,male,2000-2499,2250.1,bullet,26,2063.0,0.288214990138067,2.9406565656565657,59.04642152719076,17.877430262045646,0.09196252465483233,0.026627218934911233,24.47826086956522,2.666103127641589,0.5787897999436461,0.5653705269089884
P02363,male,2500+,2768.4,bullet,100,2768.41,0.24780186480186475,2.9880606338106337,58.37284498834499,17.78480303030303,0.055163170163170155,0.0339102564102564,21.44705882352941,2.865107226107226,0.5545034965034965,0.5654405594405594
P02367,male,2000-2499,2242.6,blitz,69,2435.31884057971,0.272761055369751,3.1500187540233306,58.10144927536232,17.152917131178,0.0669825343738387,0.026755852842809357,17.691176470588236,2.91462281679673,0.5734856930509104,0.4893162393162393
P02367,male,2000-2499,2242.6,rapid,31,1813.483870967742,0.3124671027896834,2.7033642880417075,55.61263064892097,16.843616061358,0.054590570719602965,0.02481389578163771,17.79310344827586,3.0094367997593805,0.6402549063839386,0.5616775697420858
P02368,male,2000-2499,2023.5,blitz,3,1913.0,0.2564102564102564,2.3095238095238098,61.28205128205128,19.923076923076923,0.10256410256410253,0.0,18.0,3.41025641025641,0.5897435897435898,0.5384615384615384
P02368,male,2000-2499,2023.5,rapid,97,2026.8659793814434,0.2998178797147869,2.8812837220053713,57.09225482421358,17.245330271103466,0.08275058275058272,0.038858049167327505,16.65909090909091,3.06858090363245,0.5927345850026262,0.5451035219076457
P02376,male,2500+,2508.4,blitz,91,2502.714285714286,0.248213325136402,3.238235409817504,59.244330669330665,17.673459233074617,0.08844040574809804,0.036348267117497876,19.963414634146343,3.1914143548758935,0.5329996926150772,0.5259836317528624
P02376,male,2500+,2508.4,bullet,9,2566.4444444444443,0.24786324786324782,2.4396011396011392,56.1008547008547,16.711111111111112,0.04273504273504273,0.025641025641025633,18.0,3.1316239316239316,0.4666666666666667,0.5675213675213675
P02377,male,2000-2499,2315.0,blitz,23,2453.6521739130435,0.2809364548494983,2.8855482113794135,59.30100334448161,17.183946488294314,0.09030100334448157,0.06020066889632105,14.363636363636363,3.2107023411371234,0.5551839464882943,0.5384615384615384
P02377,male,2000-2499,2315.0,bullet,68,2265.6617647058824,0.32872862431685956,2.7507687165775403,56.41432905329964,17.198557325027913,0.06720265029088557,0.022830111065405178,11.8,3.0955706058647237,0.6366817006522889,0.5951908385731914
P02377,male,2000-2499,2315.0,rapid,9,2333.6666666666665,0.24786324786324782,3.165343915343916,60.53846153846153,18.213675213675216,0.08547008547008544,0.03418803418803418,16.77777777777778,2.948717948717949,0.4444444444444444,0.4444444444444444
P02379,male,2000-2499,2486.2,blitz,35,2474.5714285714284,0.244055944055944,3.298793508079222,58.566699966699964,17.226207126207125,0.0861138861138861,0.028571428571428564,13.064516129032258,3.3094905094905096,0.5584748584748584,0.5288045288045288
P02379,male,2000-2499,2486.2,bullet,65,2492.476923076923,0.24999999999999994,2.841541364618288,57.28027613412229,17.431065088757396,0.05798816568047336,0.03323471400394477,13.17741935483871,3.143688362919132,0.5321499013806706,0.5630177514792899
P02380,male,2000-2499,2185.8,blitz,53,2224.811320754717,0.25658068346747587,3.2259910425004765,57.657436117341774,17.349540396710207,0.053821964199322676,0.03440977261731978,16.604166666666668,2.9389706205743944,0.527229845626072,0.5397809737432379
P02380,male,2000-2499,2185.8,bullet,4,1917.0,0.2727272727272727,2.9107142857142856,59.96503496503497,18.947552447552447,0.019230769230769225,0.0,15.0,2.5734265734265733,0.472027972027972,0.5629370629370629
P02380,male,2000-2499,2185.8,rapid,43,2162.8372093023254,0.28500569198243614,3.2461835967649924,57.54852821597008,17.520361034314522,0.06314847942754918,0.02737030411449015,15.775,2.8772158074483656,0.5617010896080664,0.5376809237274354
P02381,male,2000-2499,2288.2,blitz,66,2361.8636363636365,0.26149607967789784,3.0719155844155845,59.30144098325916,17.6635939817758,0.08645899554990462,0.03846153846153845,18.508196721311474,2.820089001907184,0.5374019919474464,0.5459843187115914
P02381,male,2000-2499,2288.2,bullet,30,2122.633333333333,0.24679487179487178,2.7563835238835237,56.2,16.206410256410255,0.0769230769230769,0.054487179487179474,23.115384615384617,2.7025641025641027,0.5134615384615384,0.5576923076923077
P02381,male,2000-2499,2288.2,rapid,4,2315.0,0.30769230769230765,3.299873737373737,56.90384615384615,17.78846153846154,0.03846153846153845,0.03846153846153845,15.333333333333334,3.25,0.5769230769230769,0.5769230769230769
P02382,male,1500-1999,1880.8,blitz,11,2452.181818181818,0.2587412587412587,3.3547881411517775,60.21678321678321,18.643356643356643,0.0769230769230769,0.034965034965034954,19.4,2.692307692307692,0.5454545454545454,0.5384615384615384
P02382,male,1500-1999,1880.8,rapid,36,1706.25,0.2600246975246975,3.1051763822597156,59.423888611388605,18.040279165279163,0.1050130425130425,0.036324786324786314,16.470588235294116,2.7128253690753694,0.561119436119436,0.5815434565434565
P02390,male,2000-2499,2300.4,blitz,100,2300.43,0.2463510378510378,3.3404769119769124,59.650660256410255,18.059939255189256,0.08285714285714285,0.03946153846153845,16.094736842105263,2.7928901098901098,0.5412185592185592,0.5410689865689866
P02391,male,2000-2499,2388.3,bullet,22,2388.318181818182,0.3141025641025641,2.307208321981049,57.702505827505824,17.737762237762237,0.05623543123543122,0.013986013986013983,24.88235294117647,2.837121212121212,0.5984848484848485,0.5457459207459207
P02393,male,2000-2499,2112.2,blitz,100,2112.16,0.2667049339549339,3.0628369963369964,59.02725,17.599116355866357,0.08656915306915305,0.045364219114219104,20.810526315789474,2.84575,0.5479257964257964,0.5701664724164724
P02395,male,2000-2499,2224.2,blitz,90,2249.233333333333,0.2893508960175627,2.7307390140723475,55.76536300119634,16.552958307124975,0.06296749546749546,0.032705257705257694,16.58108108108108,2.9058597575264242,0.5908601275267942,0.5735751594084927
P02395,male,2000-2499,2224.2,bullet,10,1998.6,0.2846153846153846,2.7280555555555557,56.77692307692307,16.89230769230769,0.053846153846153835,0.03846153846153845,21.375,2.453846153846154,0.5153846153846153,0.6307692307692309
P02418,male,2000-2499,2347.0,blitz,99,2348.909090909091,0.26199171199171195,3.0375696413575204,59.096762496762494,17.702661227661228,0.08236208236208234,0.04164724164724164,19.646341463414632,2.6605154105154103,0.5365708365708366,0.5420616420616421
P02418,male,2000-2499,2347.0,rapid,1,2160.0,0.3333333333333333,5.0,59.0,17.333333333333332,0.0,0.0,13.0,4.0,1.0,0.6666666666666666
P02419,male,2000-2499,2107.7,blitz,100,2107.65,0.2716322843822844,3.1357135642135643,58.34813286713286,17.384453768453767,0.0743150738150738,0.02167832167832167,16.559139784946236,2.808788073038073,0.6327408702408702,0.5826491841491841
P02422,male,2000-2499,2404.2,blitz,66,2500.712121212121,0.24820701184337546,3.2171839944567218,58.18157330884603,17.392513715240987,0.07079772079772077,0.027972027972027965,18.109375,2.868949400767583,0.5279249370158461,0.5501094864731229
P02422,male,2000-2499,2404.2,bullet,12,2444.4166666666665,0.2564102564102564,3.1810185185185187,58.006410256410255,17.416666666666668,0.06410256410256408,0.03205128205128204,15.3,2.9038461538461537,0.5192307692307693,0.5448717948717948
P02422,male,2000-2499,2404.2,rapid,22,2092.5454545454545,0.28088578088578087,3.335606060606061,58.271173271173275,18.034965034965037,0.04545454545454544,0.02447552447552447,19.166666666666668,2.4965034965034962,0.5963480963480964,0.5777000777000777
P02429,male,2000-2499,2455.9,blitz,28,2455.8571428571427,0.2146520146520146,3.8621212121212123,59.3521978021978,17.82967032967033,0.10766614338042906,0.04212454212454212,17.03846153846154,3.037715855572998,0.5369243851386708,0.49428963893249606
P02432,male,2500+,2592.4,blitz,5,2700.6,0.17179487179487174,3.033333333333333,60.12307692307693,17.315384615384616,0.09230769230769229,0.04615384615384614,21.75,2.9128205128205127,0.48461538461538456,0.5
P02432,male,2500+,2592.4,bullet,71,2584.830985915493,0.28819068255687974,2.4687432286023836,55.95882990249187,16.887323943661972,0.07150595882990247,0.026002166847237263,12.0,3.047670639219935,0.6088840736728061,0.5763813651137595
P02433,male,2000-2499,2239.4,blitz,100,2239.42,0.2557044622044622,3.0604969474969477,57.494199272949274,17.270130092130092,0.09064108114108112,0.05158003108003107,16.42528735632184,3.046677794427794,0.6097632367632367,0.53796558996559
P02436,male,1500-1999,1953.8,blitz,26,2074.653846153846,0.31522323830016136,2.7660242535242534,56.5461269499731,16.640039447731755,0.0769230769230769,0.026627218934911233,18.714285714285715,3.2071005917159763,0.6036175363098439,0.614712210866057
P02436,male,1500-1999,1953.8,bullet,22,1810.909090909091,0.24825174825174823,3.203499278499278,59.85314685314685,17.793706293706293,0.0804195804195804,0.020979020979020973,18.045454545454547,3.3496503496503496,0.5244755244755245,0.5804195804195804
P02442,male,2000-2499,2296.9,blitz,11,2227.909090909091,0.2587412587412587,3.166017316017316,59.34965034965035,17.433566433566433,0.04895104895104894,0.027972027972027965,14.909090909090908,2.8111888111888113,0.5594405594405594,0.5314685314685315
P02442,male,2000-2499,2296.9,bullet,34,2319.176470588235,0.2743521184697655,2.8151882431294197,54.84942410530646,16.786960098724805,0.09214315096668037,0.06828465651995062,13.466666666666667,3.102632661456191,0.5624845742492801,0.5756478815302345
P02445,male,2500+,2544.2,blitz,73,2577.5753424657532,0.2409932533220204,3.0992809701713813,57.030019523855145,17.436795168302016,0.10584506817383527,0.05245713190918669,13.0,2.8678734507501633,0.5345649784005948,0.5298673928810914
P02445,male,2500+,2544.2,bullet,27,2453.925925925926,0.2442372442372442,2.6765218320773876,56.93803418803419,17.185767935767934,0.046102046102046094,0.026159026159026152,19.307692307692307,2.970991970991971,0.5743330743330743,0.5753690753690753
P02453,male,2000-2499,2402.4,blitz,96,2417.75,0.2777309496059496,2.999561564014689,58.384127157564656,17.17993089086839,0.11150163493913491,0.052985787360787344,19.157894736842106,2.869169025419026,0.5914762321012321,0.5708501567876568
P02453,male,2000-2499,2402.4,bullet,3,2040.3333333333333,0.2564102564102564,2.1805555555555554,55.51282051282052,14.82051282051282,0.1282051282051282,0.051282051282051266,16.5,2.8974358974358974,0.5384615384615384,0.43589743589743585
P02453,male,2000-2499,2402.4,rapid,1,2011.0,0.3076923076923077,2.7142857142857144,46.92307692307692,12.615384615384617,0.0,0.0769230769230769,26.0,3.076923076923077,0.5384615384615384,0.6153846153846154
P02458,male,1500-1999,1987.7,blitz,1,2336.0,0.4615384615384615,2.1818181818181817,61.76923076923077,16.923076923076923,0.1538461538461538,0.0,11.0,3.3846153846153846,0.6153846153846154,0.6923076923076923
P02458,male,1500-1999,1987.7,bullet,3,2275.3333333333335,0.1538461538461538,3.657407407407407,62.0,17.615384615384617,0.025641025641025633,0.025641025641025633,15.0,3.4871794871794872,0.4871794871794872,0.5897435897435898
P02458,male,1500-1999,1987.7,rapid,47,1961.9574468085107,0.29891178561391324,2.930010651287247,58.67844265663414,17.9777180266542,0.1010923473689431,0.03626373626373625,17.57894736842105,2.6772094926350247,0.6054534118363906,0.5635907236971066
P02459,male,2000-2499,2286.9,blitz,100,2286.91,0.24831257631257628,3.248488816738817,58.295560273060275,18.13501631701632,0.11463564213564212,0.05593240093240092,15.579545454545455,2.7483910533910536,0.5592349872349872,0.5439004884004884
P02472,male,2000-2499,2193.9,blitz,99,2195.6363636363635,0.20602371814493023,3.4698113895083593,60.084791190851796,17.957863012408467,0.0640593973927307,0.031566637627243675,22.149425287356323,2.8297999419211544,0.47463131705555944,0.5057372481614906
P02472,male,2000-2499,2193.9,rapid,1,2025.0,0.3846153846153846,3.125,57.07692307692308,15.692307692307692,0.0,0.0,22.0,3.3076923076923075,0.6153846153846154,0.6153846153846154
P02474,male,2500+,2849.8,bullet,100,2849.79,0.2709895104895105,3.0800793503881736,58.066462703962706,17.375593240093238,0.07558857808857807,0.0323076923076923,11.440860215053764,3.2143997668997666,0.5443834498834499,0.5507902097902098
P02476,male,2000-2499,2418.5,blitz,28,2350.5714285714284,0.23576423576423575,4.1781713326356185,60.225774225774224,18.346903096903098,0.05594405594405593,0.024725274725274717,18.444444444444443,3.0631868131868134,0.4942557442557442,0.5272227772227772
P02476,male,2000-2499,2418.5,bullet,71,2448.1830985915494,0.2800237321364082,2.722154645041969,54.95127861184199,16.312161430119176,0.05799024918743227,0.02925243770314192,17.0,2.8030671206727544,0.5928786393575126,0.6029222342602625
P02476,male,2000-2499,2418.5,rapid,1,2217.0,0.3076923076923077,2.0,39.23076923076923,11.692307692307692,0.0769230769230769,0.0769230769230769,30.0,1.0,0.6923076923076923,0.6153846153846154
P02482,male,1500-1999,1859.8,blitz,11,2091.7272727272725,0.2727272727272727,3.453025762116671,57.83916083916085,17.237762237762237,0.08391608391608389,0.027972027972027965,16.0,2.4895104895104896,0.5664335664335665,0.5524475524475524
P02482,male,1500-1999,1859.8,bullet,89,1831.1348314606741,0.29239892442139626,2.740412957828688,57.39462690867185,16.971285892634207,0.09680207433016419,0.03370786516853932,14.616279069767442,3.193220013444732,0.6293815423028907,0.5511860174781523
P02485,male,2000-2499,2329.7,blitz,39,2324.4358974358975,0.2525202717510409,3.221738802508033,59.15332566294104,17.639546351084814,0.07256738987508217,0.03903681788297172,20.083333333333332,3.0128753013368397,0.5757725180802103,0.5636368617137847
P02485,male,2000-2499,2329.7,bullet,3,1926.6666666666667,0.2051282051282051,2.6527777777777777,56.46153846153846,16.41025641025641,0.051282051282051266,0.051282051282051266,16.0,2.5384615384615388,0.6410256410256411,0.5128205128205128
P02485,male,2000-2499,2329.7,rapid,58,2354.0344827586205,0.2588754157719675,3.151231718473098,57.68836470043367,17.28721211738453,0.07255589238347858,0.02928824049513704,18.31111111111111,2.850911540566713,0.5927729358763841,0.5468527640941434
P02488,male,2500+,2535.1,blitz,100,2535.11,0.2704282384282384,3.0907420357420357,59.38455239205239,17.93190270840271,0.08991147741147738,0.04922771672771671,17.747252747252748,2.5992307692307692,0.5696614219114219,0.5541694971694971
P02489,male,2000-2499,2392.3,blitz,100,2392.35,0.2424358974358974,3.270123321123321,58.69365384615385,17.762948717948717,0.0669230769230769,0.03083333333333332,18.309278350515463,3.0228846153846156,0.5178205128205129,0.5218589743589743
P02493,male,1500-1999,1883.8,blitz,19,2430.684210526316,0.2439665597560334,4.467167919799499,57.533203638466794,17.536463536463536,0.08575634891424362,0.024291497975708495,23.266666666666666,2.895367790104632,0.5602818234397182,0.49140333350859666
P02493,male,1500-1999,1883.8,bullet,81,1755.5061728395062,0.24420894606079788,3.6452964388149574,58.473589887478774,17.882423475016065,0.06978594108223736,0.044470824100453714,21.147058823529413,2.8016317016317016,0.5533176014657496,0.49043689506652466
P02496,male,2000-2499,2293.0,blitz,38,2339.2368421052633,0.28517206477732787,2.9953909394698868,59.02834008097165,18.39068825910931,0.08502024291497974,0.052631578947368404,15.647058823529411,2.9797570850202426,0.5493421052631579,0.5743927125506073
P02496,male,2000-2499,2293.0,bullet,3,2391.3333333333335,0.30769230769230765,3.5833333333333335,60.41025641025641,19.0,0.0769230769230769,0.0,9.666666666666666,2.205128205128205,0.6410256410256411,0.4615384615384615
P02496,male,2000-2499,2293.0,rapid,7,2000.0,0.3579277864992151,2.261904761904762,57.985740450026164,17.620225013082155,0.06527995813710097,0.03388278388278387,21.333333333333332,2.383699633699634,0.6691958834815978,0.546877725449154
P02498,male,1500-1999,1934.3,rapid,100,1934.33,0.22306743256743253,3.3749719030969034,59.511422993672994,17.727116300366298,0.06724816849816848,0.03663461538461538,21.714285714285715,2.733417832167832,0.5285698468198468,0.4791742424242424
P02499,male,2000-2499,2387.1,blitz,100,2387.1,0.30410073260073256,2.964850371850372,57.53717765567765,17.83982783882784,0.06749572649572648,0.03057264957264956,18.367816091954023,2.7787912087912088,0.6020268620268621,0.5856978021978022
P02500,male,1500-1999,1819.0,blitz,13,2059.0,0.28520710059171595,3.5526251526251524,62.174852071005915,19.26775147928994,0.09171597633136093,0.041420118343195256,15.090909090909092,2.7337278106508878,0.5313609467455621,0.5284023668639053
P02500,male,1500-1999,1819.0,bullet,54,1943.7962962962963,0.21212552879219543,3.715728253228253,60.53874088874089,18.39184889184889,0.07148407148407146,0.05464905464905464,15.673076923076923,2.9720865554198888,0.4864228364228364,0.4681460514793848
P02500,male,1500-1999,1819.0,rapid,33,1520.121212121212,0.35825563325563325,2.4913660413660415,60.934421134421136,18.438539238539242,0.0839160839160839,0.05147630147630146,15.074074074074074,2.7910062160062163,0.697066822066822,0.5503690753690753
P02501,male,2500+,2577.8,bullet,100,2577.83,0.2835299145299145,2.8731946419593477,55.11847435897436,16.109511266511266,0.08139898989898989,0.03669852369852369,27.775,2.9628616938616936,0.6338306138306138,0.5646087801087801
P02502,male,1500-1999,1610.5,blitz,99,1613.888888888889,0.28508522902462297,2.9074525362404153,57.79044866469109,17.632589968953603,0.10347452771695194,0.05696161302221907,20.467391304347824,2.67166453075544,0.5994190994190994,0.5696394514576333
P02502,male,1500-1999,1610.5,bullet,1,1277.0,0.1,1.3333333333333333,53.8,16.3,0.0,0.0,19.0,2.9,0.4,0.4
P02506,male,2000-2499,2203.2,blitz,99,2207.242424242424,0.2705128205128205,3.010400990704021,58.116459466459474,17.837658637658638,0.08355348355348352,0.049546749546749536,19.264367816091955,2.6552123802123804,0.5827117327117327,0.5642903392903393
P02506,male,2000-2499,2203.2,bullet,1,1802.0,0.1538461538461538,4.8,57.30769230769231,19.23076923076923,0.0,0.0,15.0,3.1538461538461537,0.6153846153846154,0.3076923076923077
P02529,male,2000-2499,2199.2,blitz,100,2199.17,0.24788406038406033,3.224822910276858,59.222362637362636,17.657583527583526,0.08190559440559438,0.04227661227661226,17.869565217391305,2.927969807969808,0.530423742923743,0.5203402153402154
